timestamp,open,high,low,close,volume,return_1,return_3,return_5,return_10,return_20,log_return,momentum_5,momentum_10,acceleration_5,gap,sma_7,close_to_sma_7,sma_14,close_to_sma_14,sma_21,close_to_sma_21,sma_50,close_to_sma_50,ema_9,close_to_ema_9,ema_21,close_to_ema_21,ema_50,close_to_ema_50,wma_14,vwap_20,close_to_vwap,trend_slope_10,rsi_14,macd,macd_signal,macd_hist,stoch_k,stoch_d,cci_20,roc_12,williams_r_14,atr_14,atr_pct,hist_vol_20,parkinson_vol_20,garman_klass_vol_20,vol_change_1,vol_ma_20,rel_volume_20,obv,obv_ema_20,mfi_14,target_return_1,target_price_1,target_direction,target_volatility
2026-08-19 13:00:00+00:00,64882.15,65217.86,64793.29,65012.12,1619.46727,0.0020031703634975084,0.008616791021446746,0.00928634247705662,0.010592297209217838,0.005289931872604958,0.0020011666930941615,598.1700000000055,681.4100000000035,12.020000000004075,0.0,64571.94571428571,0.006816803812323396,64461.909999999996,0.008535428131124224,64528.495714285724,0.007494739810077481,64378.6008,0.009840524524105417,64616.400907663934,0.006124127725738553,64515.660899375136,0.007695171896311881,64336.02163971378,0.010508861801751014,64535.775333333324,64588.98122462232,0.006551253284304262,81.88868685876082,60.59403452698347,91.13672494059574,48.17693854462186,42.95978639597388,80.4403627858458,74.83541019151552,198.25138600527964,0.9497444739542158,-19.55963721405912,189.75500000000102,0.0029187634551834044,0.030390590103806916,0.029989614549867958,0.030028372704403547,1.0627567743059405,397.60362699999996,4.07306966039303,8278.020350000003,5915.749214846582,62.21258879492072,0.014014156129657113,65923.21,2,0.01789823261621052
2026-08-19 14:00:00+00:00,65012.12,65970.0,65012.11,65923.21,2365.56793,0.014014156129657174,0.02181765875959063,0.02322238512823671,0.024985765643565472,0.017773266226147166,0.013916865751677313,1496.1500000000087,1606.9900000000052,897.9800000000032,0.0,64804.404285714285,0.017264346869898438,64564.424999999996,0.021045413166770863,64588.17142857143,0.02067001653553518,64425.9712,0.023239677603804337,64877.76272613115,0.016114107976904084,64643.61990852284,0.019794530276737138,64398.26432050932,0.023679918947831093,64730.615333333335,64830.543350889275,0.016854195455323556,155.93589223699124,85.40598680613401,191.75113338261144,76.89177751221979,114.85935587039165,97.40631929041199,88.32318437412691,336.51166954649307,2.4417460867510994,-2.5936807095325753,240.44214285714406,0.003647306356246008,0.05749129120858969,0.042915325766544166,0.035741619912379057,0.46070746462199264,504.91254349999997,4.68510430261338,10643.588280000004,6366.01960200405,74.13892265516972,0.039906885602202825,68554.0,2,0.018220481359944734
2026-08-19 15:00:00+00:00,65923.21,69500.0,65892.0,68554.0,9262.86965,0.0399068856022029,0.05659260674931388,0.06356653946501467,0.06722070689010717,0.06049725833752806,0.039131176070151395,4097.290000000001,4317.989999999998,2601.139999999992,0.0,65395.840000000004,0.04829298010393242,64861.104999999996,0.05693543148856233,64768.26666666667,0.0584504345749555,64523.60400000001,0.062463900807523565,65613.01018090492,0.04482327225936261,64999.10900774803,0.05469138033612371,64561.234347156016,0.06184463003563697,65262.55866666668,66354.15599586438,0.03315307038601618,361.84047133661227,95.44272941682678,478.2584775080395,157.16511751138376,321.09335999665575,82.26471691037077,86.70379966220952,483.9776119295826,6.5649671828586,-17.73528308961047,486.57071428571516,0.007097626896836188,0.14908074956514336,0.12137221702280031,0.10822334532879326,2.915706470538768,958.8010989999999,9.660887601871993,19906.457930000004,7655.585157051284,89.15046011082019,-0.0012943081366513394,68465.27,1,0.004923981207719108
2026-08-19 16:00:00+00:00,68554.0,68997.0,68416.36,68465.27,2013.58518,-0.0012943081366513232,0.05311548062115179,0.061219893535876535,0.06412003145797773,0.060122891085325314,-0.0012951464768860925,3949.6400000000067,4125.470000000001,-147.64999999999418,0.0,65972.72714285714,0.03778141309431519,65154.91714285714,0.05080741411863987,64950.26714285715,0.054118374130957846,64614.856799999994,0.059590214862163884,66183.46214472395,0.034477009532779844,65314.21455249821,0.04824455854045357,64714.33378452245,0.05796144371920576,65743.114,66588.05304182753,0.02819149791019216,511.90087535882753,94.61152528814861,690.2016277201692,263.7724195531408,426.4292081670284,80.60123734531679,86.75742451536651,327.528504625885,6.451016555388265,-19.398762654664452,523.4271428571436,0.007645148304492715,0.14920906534566275,0.1226685309887366,0.110213466366948,-0.7826175627981551,1049.8843175,1.9179114750402797,17892.872750000002,8630.564927808304,92.75649297517882,-0.003914101266233383,68197.29,0,0.005743504457427317
2026-08-19 17:00:00+00:00,68465.26,68546.22,67825.03,68197.29,1708.46485,-0.003914101266233372,0.03449589302462641,0.05109479263557071,0.06067702500933181,0.05561076319976066,-0.00392178140771261,3315.139999999992,3901.2899999999936,-634.5000000000146,-1.4605945480552519e-07,66507.09571428571,0.025413743715036515,65431.10142857143,0.042276356519051796,65122.40523809524,0.04721700236136183,64694.802599999995,0.05413862102115672,66586.22771577915,0.024195127723672452,65576.31232045291,0.0399683603240613,64850.920302776474,0.05160095927089255,66148.76371428571,66726.04026609185,0.022049108984154242,586.9137373025966,89.80420012327407,827.0110858325788,376.4201528090284,450.5909330235504,75.57724034494258,79.48106486687671,205.49268033773663,6.166759112217477,-24.422759655038657,565.2264285714294,0.008288106881833885,0.15095617866446848,0.1246938770020999,0.11299227173878394,-0.15153087787426,1125.9239475,1.5173892106939868,16184.407900000002,9349.978544207514,86.08170854562044,0.0029136055113042126,68395.99,2,0.006625172530389679
2026-08-19 18:00:00+00:00,68197.3,68453.43,68042.0,68395.99,626.01288,0.0029136055113041515,-0.0023048983283250335,0.052049833169569126,0.06181952822331205,0.058204505368691484,0.002909369189418775,3383.8700000000026,3982.040000000008,68.73000000001048,1.466333927537748e-07,67061.43285714285,0.01990051637727556,65722.51357142857,0.040678243775107654,65302.94857142858,0.047364498789640455,64780.407199999994,0.055812906344311394,66948.18017262332,0.021625827970880418,65832.64665495719,0.03893726707476608,64989.94264384407,0.05240883770003614,66544.08219047618,66787.31821603312,0.02408648568225756,630.1634342670512,90.46419411187648,940.6240677060414,489.2609357884311,451.3631319176103,79.30239970002272,78.4936257967607,163.33977198366804,6.304324850248119,-20.697600299958523,587.5878571428574,0.008590969399563464,0.15071222480511626,0.1253224494250902,0.11377578110567248,-0.6335816449486802,1147.2198805,0.5456782005264895,16810.42078,10060.496852378226,88.09074265717258,0.0004890637594396556,68429.44,1,0.006688338023699841
2026-08-19 19:00:00+00:00,68396.0,68483.52,68103.71,68429.44,730.52396,0.0004890637594396896,-0.0005233310260808199,0.03801741450393559,0.06212265467336242,0.057226666122830894,0.0004889442067369656,2506.229999999996,4002.3800000000047,-877.6400000000067,1.4620740184857566e-07,67568.18857142857,0.012746403992478762,66022.04428571429,0.036463513669275784,65483.68380952381,0.04498458270986459,64862.476200000005,0.054992717037218856,67244.43213809867,0.01762239376886535,66068.71877723381,0.035731300174381836,65124.824893105084,0.05074278683004543,66905.00571428571,66854.54640639419,0.02355701561465025,622.7813467258584,91.98089879740742,1021.586101165798,595.7259688639044,425.8601323018936,79.92950881138363,78.26971628544963,134.30905588053605,6.428766952843004,-20.070491188597618,602.2935714285715,0.008801673248072213,0.15086684492485475,0.12578643244103718,0.11452076994387693,0.1669471720773541,1173.0531385,0.62275436297243,17540.94474,10772.920460723159,89.52177332829714,0.009040261033847351,69048.06,2,0.006633824264980889
2026-08-19 20:00:00+00:00,68429.44,69579.99,68390.0,69048.06,1419.23549,0.009040261033847363,0.012475129143694863,0.0072068734136592205,0.07123152888194251,0.0707117603275027,0.008999642492009588,494.0599999999977,4591.3499999999985,-2012.1699999999983,0.0,68144.75142857143,0.013255732136251088,66358.34857142858,0.04053312788030213,65689.52380952382,0.051127424826745385,64954.86,0.06301606992917749,67605.15771047893,0.021343080001385625,66339.56797930347,0.0408277006196586,65278.677250238215,0.05774294009224841,67308.47447619047,67001.48150812501,0.03054527222098475,601.1835689506981,92.73026602363666,1122.7244909001893,701.1256732711614,421.59881762902785,90.01068546605894,83.0808646591551,135.71761777577194,7.19426459641107,-9.989314533922263,674.5785714285719,0.009769696229388083,0.15035213376570833,0.13079550110818475,0.12069893553567662,0.9427637801229682,1231.624654,1.1523279315573427,18960.180229999998,11552.659486368573,92.24168618325547,0.009578835379299705,69709.46,2,0.005830733125099419
2026-08-19 21:00:00+00:00,69048.06,70000.0,68984.78,69709.46,2102.52662,0.0095788353792996,0.019203903620665486,0.01817257129052452,0.08050498770607994,0.08243696320275884,0.009533249212751027,1244.1900000000023,5193.830000000009,750.1300000000047,0.0,68685.64428571428,0.014905818019656385,66745.02428571429,0.04441433269386291,65938.16476190476,0.05719442225474292,65062.85,0.07141725270257815,68026.01816838315,0.024747028812561862,66645.92179936678,0.04596737681648036,65452.43343650339,0.0650400044732695,67755.28933333333,67235.8480173795,0.036790076358984576,562.1987204705752,94.17795027790343,1241.930642505191,809.2866671179673,432.6439753872236,94.9427328111237,88.2943090295221,131.3758191576444,8.199039347752212,-5.057267188858886,738.2371428571433,0.010590200280666822,0.15071225303199662,0.1343452317787502,0.12425620822857548,0.48145014327396796,1321.0369150000001,1.5915729501006475,21062.70685,12458.3782829049,92.75187478600928,-0.006463398224573999,69258.9,0,0.00482237259160571
2026-08-19 22:00:00+00:00,69709.47,69833.99,68980.0,69258.9,1240.65644,-0.00646339822457398,0.012121391027019923,0.015566747593636077,0.06745691996951386,0.07625260481819485,-0.00648437642537863,1061.6100000000006,4376.749999999993,-182.58000000000175,1.434525528495152e-07,68786.3442857143,0.00686990592671799,67091.09214285715,0.03231141106671658,66169.51809523809,0.046688898358233394,65160.1734,0.06290232800393272,68272.59453470653,0.014446579509909515,66883.46527215162,0.03551602355204829,65601.70663507188,0.05574844851632036,68090.47276190476,67390.80849502287,0.027720271453859587,453.10626257134004,87.5025737324113,1285.230611511899,904.4754559967537,380.75515551514536,86.85829801569567,90.60390543095944,106.5704058217306,7.450256148661513,-13.141701984286595,780.9542857142868,0.011275869032200563,0.15442295129516195,0.13686515099896696,0.1272208440555337,-0.4099211737923204,1355.67282,0.915159190105386,19822.05041,13159.68039024729,87.86266196416555,0.001095743651718399,69334.79,1,0.003879226624967061
2026-08-19 23:00:00+00:00,69258.9,69453.88,69160.0,69334.79,830.81844,0.0010957436517184949,0.0041526148598525214,0.013725950892734984,0.06649021751636441,0.07778679887102125,0.0010951437628196649,938.7999999999884,4322.669999999991,-122.81000000001222,0.0,68910.56142857143,0.00615621992672766,67441.64428571428,0.028070871259683907,66406.79857142858,0.044091741983645905,65259.22880000001,0.06245187500591363,68485.03362776522,0.012407913484476243,67106.31297468329,0.033208157720681156,65748.1020611475,0.05455196159908505,68389.63247619048,67477.08788735888,0.027530857818615286,299.29447807819906,87.62286749839731,1310.5624890925246,985.692862615908,324.86962647661665,88.17774349713,89.9929247746498,92.66292299545768,7.469755778560826,-11.822256502852225,794.0914285714296,0.011453001135092759,0.15400901964343325,0.13708930672236577,0.12753415910506108,-0.33033963858681137,1384.2785195,0.6001815590546696,20652.86885,13873.317386414215,84.80232247479127,0.0012289645645426547,69420.0,1,0.0043712798694246335
2026-08-20 00:00:00+00:00,69334.78,69793.21,69314.01,69420.0,1392.50902,0.0012289645645426894,-0.004152377596957524,0.014475640893743869,0.05304338183774715,0.07935447698885278,0.0012282100057463146,990.5599999999977,3496.7899999999936,51.76000000000931,-1.4422773898588525e-07,69085.2342857143,0.00484569123557167,67796.165,0.023951723523004325,66649.14571428571,0.041573740458616816,65361.80380000001,0.06208819163586071,68672.02690221218,0.010891961858835345,67316.64815880299,0.031245641289730914,65892.09805874956,0.053540592046483364,68653.41323809524,67619.8333729219,0.026621873158873263,159.917306377922,87.72741162340323,1322.2715955834137,1053.0086092094093,269.2629863740044,89.54014510341919,88.19206220541496,88.51964752003313,6.993988331151062,-10.459854896562767,822.3578571428588,0.011846122978145303,0.1535913201214167,0.137835307762939,0.12861642607323565,0.6760689856618973,1433.8005045,0.9712013739907488,22045.37787,14651.608861041434,85.4797472853937,0.004349178910976638,69721.92,2,0.004401458621766145
2026-08-20 01:00:00+00:00,69420.0,69894.5,69283.25,69721.92,864.23959,0.0043491789109766366,0.006685350186041106,0.0097592893992966,0.017036496776263954,0.08540240902260265,0.004339748565330081,673.8600000000006,1167.9199999999983,-316.6999999999971,0.0,69274.65285714286,0.006456432828028383,68168.04285714285,0.02279480351392113,66906.55999999998,0.04207898298761696,65465.60020000001,0.0650161273553851,68882.00552176975,0.012193525317214874,67535.30923527545,0.03237729699447938,66042.28715448487,0.05571631456233094,68910.18057142856,67708.59719949935,0.02973511317282926,186.61683499421423,88.16463685486434,1340.4615611180488,1110.4991995911373,229.96236152691154,94.9670053609329,90.89496465382736,84.06316676563895,7.2444953341006615,-5.032994639048991,860.0142857142871,0.012334919716988212,0.15239889213450195,0.1389819195753208,0.12999272699288528,-0.3793651763921787,1464.0966250000001,0.5902886293446716,22909.61746,15438.085870466059,85.8102675934619,-0.006033253243743061,69301.27,0,0.004975914342606947
2026-08-20 02:00:00+00:00,69721.92,69824.0,69268.0,69301.27,929.59108,-0.006033253243743042,-0.00048345138133376597,-0.005855589757832069,0.012210570410370103,0.07711354402718062,-0.006051526852707801,-408.1900000000023,836.0,-1082.050000000003,0.0,69399.2,-0.001411111367277888,68483.69428571429,0.01193825366480343,67147.76285714285,0.032071167395981856,65563.9514,0.05700264429150836,68965.8584174158,0.00486344388775847,67695.85112297768,0.023715173831050082,66170.0904033286,0.04732016501089502,69061.27752380953,67824.9175888994,0.021767109545920087,165.52026934020634,82.13924153723792,1305.8809180341632,1149.5755432797425,156.30537475442065,86.58020131712996,90.36245059382736,72.66321250331353,5.124234696702339,-13.419798682850818,863.0757142857157,0.012453966778468896,0.1564499112253503,0.13989840940104906,0.13071677127899117,0.07561732968053447,1484.006425,0.6264063715218575,21980.026380000003,16061.127823755005,82.41948222810817,-0.0015242144913073692,69195.64,0,0.0036250825387554647
2026-08-20 03:00:00+00:00,69301.27,69340.0,68902.22,69195.64,941.77624,-0.0015242144913073519,-0.0032319216364160575,-0.0009133844170207128,0.014639144751939615,0.07620442951350004,-0.0015253772879329547,-63.25999999999476,998.3500000000058,344.93000000000757,0.0,69420.28285714285,-0.003235983028261857,68782.51714285715,0.006006218939106483,67378.99333333333,0.026961617809863,65663.863,0.053785702495144826,69011.81473393264,0.002663678194466785,67832.19556634335,0.020100255082015055,66288.73940711965,0.04385210246686479,69156.20361904762,67940.07776376295,0.01848043566571698,106.91225587929644,80.5338786852681,1255.4796629908524,1170.7563672219646,84.72329576888774,83.87374220360032,88.47364962722105,57.872701700920885,0.9359628905680049,-16.12625779637962,864.0192857142871,0.012486614557135024,0.15679616544989128,0.14048835700440362,0.13155652084870925,0.013108086192049173,1499.5620439999998,0.6280341942286265,21038.250140000004,16535.139472921193,78.42465432585583,0.004283073326585249,69492.01,2,0.010857494841190656
2026-08-20 04:00:00+00:00,69195.64,69599.01,69166.0,69492.01,712.36152,0.004283073326585285,-0.003297528237891423,0.0022675485135239537,0.016024623665802373,0.0788347865640906,0.004273927074769449,157.22000000000116,1096.0199999999895,220.47999999999593,0.0,69389.21857142857,0.0014813746384188986,69037.43142857144,0.006584523236483324,67626.42238095238,0.0275866673611444,65771.6388,0.056564976453041295,69107.85378714612,0.005558792406389641,67983.08778758487,0.022195552769385476,66414.3578617424,0.0463401625393175,69250.80266666667,68019.41443449624,0.0216496360303405,67.53878787060103,78.61495533906864,1225.3260909427772,1181.6703119661272,43.655778976650026,87.63412852967669,86.02935735013564,63.88537692040072,1.499650844873577,-12.365871470298966,826.5278571428581,0.01189385451856762,0.1566455902742752,0.14086220664226434,0.13183463649695126,-0.24359790601640152,1516.1185380000002,0.4698587228801038,21750.611660000002,17031.851109785843,77.08255062444621,-0.0012299255698604943,69406.54,1,0.010968990989907399
2026-08-20 05:00:00+00:00,69492.0,69668.0,69349.16,69406.54,1261.47615,-0.0012299255698604572,0.0015190197813113038,-0.0001938922500721585,0.01427894192908763,0.07728864238101196,-0.0012306825490631984,-13.460000000006403,977.0999999999913,-170.68000000000757,-1.4390143549972387e-07,69410.31000000001,-5.4314697629481434e-05,69098.32714285715,0.004460496655810917,67864.16476190476,0.022727388504765304,65876.06940000001,0.05359261158347028,69167.5910297169,0.003454637738943749,68112.49253416805,0.018998680237443617,66531.6983377525,0.043210104868406124,69300.01714285713,68104.15605527892,0.019123413608766206,10.701885520587904,61.550217038822524,1180.9195477034664,1181.5201591135951,-0.6006114101287494,72.7141064014339,81.4073257115703,63.83695549162704,1.7731643002236341,-27.28589359852013,591.5878571428578,0.008523517483263816,0.157169518156609,0.14115431334017922,0.1322399492645679,0.7708370182600541,1567.7825905,0.8046244151728227,20489.135510000004,17361.11629075862,66.363573756535,0.0064179830892018485,69851.99,2,0.010376939308303804
2026-08-20 06:00:00+00:00,69406.53,69927.97,69336.97,69851.99,1346.47743,0.00641798308920194,0.00948542422615084,0.0018655539032774726,0.011643049783006232,0.08370393090184103,0.006397475533729385,130.07000000000698,803.9300000000076,143.5300000000134,-1.440786415049816e-07,69484.19571428571,0.005293207785359298,69197.37857142856,0.009460061090258137,68122.49476190477,0.025388019686301444,65988.9028,0.05854146736926728,69304.47082377353,0.00790019993975121,68270.6286674255,0.02316312832386461,66661.90585391907,0.04785467959874324,69400.50552380952,68200.40992530982,0.024216571080714854,13.526060604421051,67.1314209470658,1168.204796758684,1178.857086642613,-10.652289883928916,93.19484866453668,84.51436119854908,72.58877605675502,2.1287797720304633,-6.805151335417345,592.327857142858,0.008479756369759107,0.1569255871358925,0.1422824003052634,0.13316333085824036,0.06738239165282667,1621.9640265000003,0.8301524620769198,21835.612940000003,17787.258828781607,65.02588605088799,-0.0005087900860091194,69816.45,1,0.011052751452580722
2026-08-20 07:00:00+00:00,69851.99,70022.0,69506.91,69816.45,2107.14536,-0.0005087900860091255,0.004668738175799048,0.007433918599182965,0.0015347988637408605,0.0821633455334776,-0.0005089195636047433,515.179999999993,106.98999999999069,385.10999999998603,0.0,69540.83142857142,0.003963406329297035,69313.03285714287,0.0072629507338783615,68377.72047619049,0.021040910895976168,66100.3766,0.05621864187684427,69406.86665901882,0.0059011933645321405,68411.15787947772,0.020541855511318954,66785.61346749087,0.045381578084693334,69483.04838095237,68328.53650699154,0.021775872411026773,52.36154881520237,71.22174863533712,1142.0951224086748,1171.5046937958255,-29.409571387150663,89.61868686864146,85.17588064487067,74.58892229278784,2.0269199923307486,-10.381313131308035,577.606428571429,0.008273213957046235,0.15738606684624848,0.1431233619249479,0.13441728767127675,0.5649318087715738,1713.0201805000002,1.230076203412695,19728.467580000004,17972.135852707168,76.13174728467584,0.02543311783970696,71592.1,2,0.010934277946444653
2026-08-20 08:00:00+00:00,69816.45,71826.26,69772.36,71592.1,4173.84476,0.02543311783970692,0.031489251589259526,0.03463310694142008,0.03368808918420618,0.10341750388974469,0.02511507732953356,2396.4600000000064,2333.2000000000116,1881.2800000000134,0.0,69808.0,0.025557242722896806,69541.32642857142,0.02948999791562762,68714.69523809524,0.04187466381004184,66245.858,0.08070303806767712,69843.91332721506,0.025029907253259896,68700.33443588883,0.042092452501955896,66974.10313543241,0.0689519776805252,69786.924,68705.70993025995,0.04201091980084122,163.9964309565532,79.6385629313503,1250.2707892579929,1187.257912888259,63.01287636973393,93.7096882513082,92.17440792816211,153.71342440388156,3.6844481944894194,-6.290311748664941,694.9257142857148,0.009706737395406825,0.17483158642040336,0.15499628303433652,0.1416366523384326,0.9808053299180082,1882.4574929999999,2.2172318766922525,23902.312340000004,18536.914565782674,80.46265716861723,0.002763852436232424,71789.97,2,0.002719219538709546
2026-08-20 09:00:00+00:00,71592.11,72067.46,71500.0,71789.97,3166.23325,0.002763852436232339,0.027744091471123333,0.033067974289418434,0.035410506038887624,0.10425517580414234,0.002760040019111063,2297.9600000000064,2455.1800000000076,-98.5,1.3968021604005426e-07,70163.52857142857,0.023180724540038503,69781.36428571428,0.028784271199709006,69043.63904761906,0.03977674106208065,66397.678,0.0812120568433119,70233.12466177206,0.022166824354253885,68981.21039626257,0.04071774890006236,67162.9606595331,0.0688922777529474,70086.74314285714,69107.30864770726,0.03881877915356639,261.8213467696112,80.2410987304117,1336.560205857808,1217.1183714821689,119.44183437563902,92.45430269803263,91.92755927266076,215.77779393190792,2.9845447088529515,-7.545697301940178,708.3292857142868,0.009866688699191222,0.17468005034769743,0.15528677412837882,0.1420151809062604,-0.2414108736521383,1959.7957920000001,1.6155934526051807,27068.545590000005,19349.450853803373,82.66090097274532,0.002869760218593267,71995.99,2,0.0025405734851474005
2026-08-20 10:00:00+00:00,71789.97,72490.0,71686.58,71995.99,2350.9646,0.002869760218593198,0.031218144147976634,0.03730844384405296,0.037107317775857185,0.09211899723936368,0.002865650317812736,2589.4500000000116,2575.9900000000052,291.49000000000524,0.0,70563.57857142857,0.02029958595596793,69991.93071428571,0.028632719018640007,69376.20428571428,0.03776202144897605,66551.6774,0.0818057908184283,70585.69772941765,0.019979858752527113,69255.2812693296,0.03957400331697326,67352.49122190436,0.06894323719662825,70382.02657142858,69493.96184972218,0.03600353302188066,345.37777773591444,78.65612417668024,1405.3690626712487,1254.7685097199849,150.6005529512638,86.23076108343162,90.79825067759081,237.6533996848524,3.9519686278586166,-13.769238916540512,680.7171428571435,0.009454931349053383,0.17152646367975938,0.15396829712315505,0.1431984015565433,-0.2574884999391629,1959.0656255,1.2000438216043825,29419.510190000005,20308.504123917337,83.41291123158804,-0.0009572755371514198,71927.07,1,0.004723630934327328
2026-08-20 11:00:00+00:00,71995.99,72322.0,71820.0,71927.07,1357.58479,-0.0009572755371514141,0.004678868199144981,0.029706812934033877,0.03162778649813447,0.04920310995711419,-0.0009577340179967799,2075.0800000000017,2205.1500000000087,-514.3700000000099,0.0,70911.44428571429,0.014322451397176143,70150.33142857143,0.025327586274309557,69662.10238095238,0.03251362708896517,66706.77979999999,0.07825726583791622,70853.97218353412,0.015145203344227637,69498.171153936,0.03494910449778671,67531.8864681042,0.06508308536548309,70640.04514285714,70051.53012942901,0.026773717392120817,412.42821543822504,74.36318293155752,1437.7656420815329,1291.3679361922946,146.3977058892383,84.30979602983359,87.6649532704326,187.79274702134776,3.7387868341419597,-15.690203970138533,644.0585714285719,0.008954327924501343,0.10976892636092624,0.10493625905083989,0.10176395184123778,-0.42254137301769656,1563.8013825,0.8681312123083073,28061.925400000004,21046.925197829973,76.79660294893233,0.0003471571968660285,71952.04,1,0.00476261480264976
2026-08-20 12:00:00+00:00,71927.07,72015.42,71501.0,71952.04,1576.86402,0.00034715719686606583,0.002257557706180746,0.030588636345732167,0.03824994837756934,0.05092757247579671,0.0003470969517490119,2135.5899999999965,2650.7699999999895,60.50999999999476,0.0,71275.08714285716,0.00949774857217652,70342.69857142857,0.0228785852868186,69823.9138095238,0.030478471835331162,66861.7646,0.07613133500816882,71073.5857468273,0.012359785199269935,69721.25013994181,0.03199583850806741,67705.2258222962,0.06272505742540782,70880.27295238094,70235.16223403241,0.024444704210217466,420.13373732281264,82.63969012663557,1448.7546927069052,1322.8452874952168,125.90940521168841,85.00576958451029,85.1821088992585,138.39766051941476,3.647421492365251,-14.994230415461834,619.8035714285714,0.008614120898150529,0.10918396134815034,0.10450167862137315,0.10117955682215633,0.1615215724389487,1541.9653245,1.022632607195816,29638.789420000005,21865.197980893783,75.51211911100364,-0.003614213023007942,71691.99,0,0.005014017066280726
2026-08-20 13:00:00+00:00,71952.04,72108.8,71132.0,71691.99,2151.9086,-0.003614213023007906,-0.004222457389640777,0.001395265678755031,0.03607669500563926,0.05124397171793804,-0.003620760070605889,99.88999999999942,2496.350000000006,-2035.699999999997,0.0,71537.94428571429,0.0021533427585013693,70511.07,0.01674800850419631,69977.56714285714,0.02449960647592821,67008.5806,0.0698926817739508,71197.26659746184,0.006948629156442811,69900.40830903802,0.02563048963950494,67861.56951553948,0.05644461971342042,71060.17847619047,70443.81319873544,0.017718756901237014,368.55360264893034,77.34748429107174,1420.109593422414,1342.2981486806564,77.81144474175767,77.75755481103154,82.35770680845847,105.36355647955904,2.8256106544397785,-22.24244518894059,668.5835714285713,0.009325777836946107,0.1089549236713519,0.1061015968432482,0.1035154932324563,0.3646760739711723,1564.137512,1.3757796763323353,27486.880820000006,22400.596346522947,71.27968866868326,0.001881102756388832,71826.85,2,0.005189884627198038
2026-08-20 14:00:00+00:00,71692.0,71990.09,71364.01,71826.85,1441.04171,0.0018811027563887528,-0.0013933557977545696,0.0005137207885725914,0.0335986827838195,0.050161712696899396,0.0018793356982636153,36.88000000000466,2334.840000000011,-63.00999999999476,1.3948559657447323e-07,71825.1442857143,2.3748149797279514e-05,70682.98785714286,0.01618299080917447,70150.40333333334,0.023897890632227484,67160.5172,0.06948029876100975,71323.18327796948,0.007061753260052421,70075.53937185273,0.02499175381089819,68017.07071100852,0.05601210474321145,71235.6158095238,70543.28882755006,0.018195369024936146,313.4792592212624,77.60547969062362,1392.2413293855934,1352.2867848216438,39.95454456394964,81.51642519884693,81.42658319812959,94.92786739549055,3.644348797648247,-18.483574801125197,679.0749999999991,0.009454333581383418,0.10896759342258847,0.10695381387737744,0.10483879326411694,-0.3303425108296887,1604.8889535,0.8979074264648815,28927.922530000007,23022.246459235048,71.38876909267447,0.00896572799726002,72470.83,2,0.005230371541359137
2026-08-20 15:00:00+00:00,71826.85,72830.0,71789.01,72470.83,2926.7352,0.00896572799725992,0.007210219473972046,0.006595367325318957,0.04414987406085946,0.059059229477838704,0.008925774488617666,474.8399999999965,3064.290000000008,437.95999999999185,0.0,71950.67714285714,0.007229297593823896,70879.33857142857,0.022453531038069536,70344.44333333333,0.0302282108707659,67325.534,0.07642413946542073,71552.71262237559,0.012831342711908432,70293.29306532067,0.03097787626275815,68191.7279380278,0.06275104314501245,71473.99476190476,70745.56911999527,0.024386840073028476,259.6572390257655,79.23482855192805,1405.9128452611913,1363.0119969095533,42.90084835163793,90.85564873794085,83.37654291593977,115.80360616847645,4.733231746971275,-9.144351262033691,709.7707142857138,0.009793881404224348,0.11105558657657948,0.11063658422031722,0.10823791616574234,1.0309857651517942,1714.6995155,1.7068501936007536,31854.657730000006,23863.428485022185,73.69441361880041,0.0050547233969859655,72837.15,2,0.003757167592936536
2026-08-20 16:00:00+00:00,72470.84,72905.0,72205.88,72837.15,1324.40386,0.005054723396985983,0.015973332585690336,0.012652816248458265,0.04273550402787363,0.05487612541177844,0.005041991169909077,910.0799999999872,2985.159999999989,435.2399999999907,1.3798655258620844e-07,72100.27428571429,0.010220151332096923,71131.90142857142,0.02397304918301543,70554.33428571429,0.03235542844244364,67487.99380000001,0.0792608566177278,71809.60009790047,0.014309366723928433,70524.55278665516,0.03279137721497754,68373.90135222279,0.0652770802822127,71735.03628571428,70891.48500470714,0.02744567976201427,219.76282825619006,88.0439413825326,1429.8244563288463,1376.374488793412,53.449967535434325,98.30492807496319,90.22566733725033,115.62496589507097,4.813704481997213,-1.6950719250118391,719.9935714285706,0.009884977259936183,0.10901342276998119,0.10634878560848796,0.10342216887602579,-0.5474808038663697,1709.957934,0.7745242345822674,33179.061590000005,24750.631637877214,77.50508511865634,-0.0013681205264071176,72737.5,1,0.002875555796843398
2026-08-20 17:00:00+00:00,72837.15,72966.0,72534.71,72737.5,1268.41951,-0.0013681205264071128,0.012678406473345172,0.010916438227463798,0.041838993532326674,0.0434380068358009,-0.0013690572577662462,785.4600000000064,2921.050000000003,-124.61999999998079,0.0,72206.20428571428,0.007358034112739352,71384.89142857143,0.018948107146481968,70730.0219047619,0.028382263163174774,67645.64259999999,0.07527251134428477,71995.18007832038,0.01031068914435762,70725.72980605013,0.02844467210825081,68545.0228678219,0.06116384467859264,71949.11609523809,71045.59519553659,0.02381435189341169,130.9922558763773,88.1573844241835,1424.3150409963273,1385.9625992339952,38.35244176233209,93.98684210523842,94.38247297271414,106.96157738034515,4.799201919588498,-6.01315789473526,719.5299999999988,0.00989214641690997,0.10674955355323072,0.10246872543461685,0.10003083188499459,-0.042271358224522215,1668.2525785000003,0.7603282178887635,31910.642080000005,25432.53739426986,81.1763708351364,-0.004208833132840686,72431.36,0,0.00283788245806183
2026-08-20 18:00:00+00:00,72737.51,72810.0,72394.0,72431.36,968.00662,-0.004208833132840706,-0.000544632923343058,0.010313146559329578,0.011722801817518835,0.04580580979484239,-0.004217715201869118,739.3699999999953,839.2599999999948,-46.09000000001106,1.3748066670921014e-07,72278.24571428572,0.0021184006916761546,71594.845,0.0116840116072601,70859.6361904762,0.022180805519504236,67797.4698,0.06834901381526078,72082.41606265631,0.004840902350448032,70880.78709640921,0.02187578562695328,68697.42824555439,0.05435329749315896,72088.64523809524,71152.74168960794,0.017970049783461693,115.85663298258922,81.5998658318856,1379.3456125620578,1384.6392018996078,-5.2935893375499745,85.26768861098276,92.51981959706147,87.40110564686601,3.6926220713253235,-14.732311388989682,718.3149999999993,0.009917182281265867,0.10461554953415937,0.09980496918919021,0.09683643817322479,-0.2368403258004128,1654.6200875000002,0.5850325566045775,30942.635460000005,25957.308638625113,77.79457342809856,0.003581321681658251,72690.76,2,0.0024644679417867377
2026-08-20 19:00:00+00:00,72431.35,72774.0,72330.0,72690.76,818.65084,0.003581321681658256,-0.002009826029711448,0.012027674887594042,0.01254757454279476,0.04840239654580336,0.0035749240193390605,863.9099999999889,900.7899999999936,124.5399999999936,-1.380617455582937e-07,72383.77714285714,0.004241045013953662,71829.43214285714,0.011991294257064411,71023.0580952381,0.023481133444374837,67957.8846,0.06964424257549534,72204.08485012504,0.006740271701873128,71045.33008764475,0.023160282460864746,68854.02949082677,0.055722672115861106,72234.76723809523,71234.63901309337,0.020441192755099914,119.79609426157256,84.03463756136485,1349.0869935601513,1377.5287602317167,-28.441766671565347,92.41560416968365,90.55671162863494,83.27866637744488,4.116952380133846,-7.584395830288796,727.2549999999994,0.010004779149371796,0.10461999430076306,0.10024729667500965,0.0971781620213332,-0.15429210597753973,1654.0117075000003,0.49494863687323987,31761.286300000003,26510.06841589891,77.4704839326022,-0.0002615187955112144,72671.75,1,0.0042827542885112225
2026-08-20 20:00:00+00:00,72690.76,73110.7,72594.0,72671.75,871.61952,-0.0002615187955111731,-0.0009039353840866182,0.0027724258160144455,0.009386078307972445,0.0468416882742726,-0.0002615529975144837,200.91999999999825,675.7599999999948,-662.9899999999907,0.0,72523.74285714286,0.0020408094925365512,72030.84357142857,0.008897666566071381,71181.96095238096,0.02092930607258276,68115.8796,0.0668841161085136,72297.61788010004,0.005174888618328043,71193.1864433134,0.02076832953479139,69003.74402059827,0.053156622607415924,72347.0762857143,71350.13343697977,0.018522972548993672,125.71232321708467,82.0545291672962,1308.4894203414442,1363.7208922536622,-55.23147191221801,87.8197675225006,88.50102010105566,86.58095018813992,1.5080574532664623,-12.180232477471664,721.9478571428564,0.009934367304252978,0.10497191424455415,0.10031154212882244,0.09730605661803007,0.06470240719474485,1627.9672325,0.5354036018654722,30889.666780000003,26927.173022003775,77.11032722402051,0.0009640610003198997,72741.81,1,0.008056332580174273
2026-08-20 21:00:00+00:00,72671.76,72848.0,72557.0,72741.81,501.87504,0.0009640610003198713,0.004286126893102704,-0.0013089474258670686,0.01132730695133266,0.04331335109532275,0.0009635965919683887,-95.33999999999651,814.7399999999907,-296.25999999999476,1.37605052785452e-07,72654.45142857142,0.0012023842959499344,72239.79785714285,0.006949246229202998,71340.14238095238,0.01964767061387076,68277.85059999999,0.06537931936597814,72386.45630408003,0.004909118557029512,71333.97040301218,0.019735892857694493,69150.3348433199,0.051937205579952336,72441.87180952381,71417.50363555606,0.018543162348573027,121.6682828135348,82.99600712825458,1267.3594764197478,1344.4486090868795,-77.08913266713171,88.94989725429737,89.72842298216055,77.11426189948364,1.325867666472048,-11.050102745672678,705.9414285714281,0.009704754783685179,0.10478817885055042,0.09891704999144521,0.0957625948466351,-0.42420399212720705,1609.849005,0.31175286529415114,31391.541820000002,27352.35100276532,73.66129773394967,-0.0009016822649862096,72676.22,1,0.010703079737782976
2026-08-20 22:00:00+00:00,72741.81,72878.0,72498.0,72676.22,520.26326,-0.0009016822649862144,-0.00020002542276342794,-0.000842481526035388,0.010064759803891654,0.048699684724392345,-0.0009020890249702671,-61.279999999998836,724.1800000000076,34.05999999999767,0.0,72683.79285714285,-0.00010418907496657651,72317.235,0.004964031050136189,71480.82333333332,0.016723319778959814,68439.72720000001,0.061901076660047384,72444.40904326402,0.003199846058479646,71455.99309364743,0.017076620917623745,69288.60484946423,0.048891374821236795,72500.06142857143,71495.34882165713,0.01651675525478591,104.52579123312077,69.90789029066059,1215.460067633001,1318.650900796104,-103.19083316310298,78.04214888559271,84.93727122079689,71.90439807519382,0.944816509919492,-21.95785111435675,586.3771428571428,0.008068349493921597,0.10099218900863516,0.09807302920109194,0.09546868008721823,0.03663904066637769,1589.382614,0.3273367000601106,30871.278560000002,27687.486960597194,66.74798769806809,0.004801157792741464,73025.15,2,0.010491600909410394
2026-08-20 23:00:00+00:00,72676.23,73400.0,72664.56,73025.15,930.8009,0.004801157792741373,0.004862962567985463,0.008197968393800714,0.018595661802664365,0.05534322682758619,0.004789668993017653,593.7899999999936,1333.159999999989,655.0699999999924,1.375965892937356e-07,72710.65,0.004325363615921405,72405.46214285714,0.008558578853073137,71658.15095238097,0.019076672080576323,68608.1386,0.06438028330358934,72560.55723461122,0.006402827970113236,71598.64372149766,0.019923649448599833,69435.13603183819,0.05170313148829457,72594.45009523809,71609.92875639065,0.01976291930723394,79.51434342470468,71.4896134169596,1188.78161268463,1292.6770431738094,-103.89543048917926,83.47222222218517,83.48808945402509,93.03724874412526,1.5266574879248824,-16.527777777770748,598.3757142857139,0.00819410455556347,0.10022584302085807,0.09948301357176115,0.09695407896473944,0.7890959665304831,1588.833847,0.5858390427400141,31802.07946,28079.35291292127,62.89142244241232,0.009351161894224249,73708.02,2,0.010522002174543042
2026-08-21 00:00:00+00:00,73027.02,73990.0,73027.02,73708.02,1919.94005,0.009351161894224358,0.013282732447817969,0.013994350863851368,0.02619034525389874,0.060668989139902596,0.009307710450785227,1017.2600000000093,1881.1699999999983,423.4700000000157,2.560761600640149e-05,72849.29571428572,0.011787681367328268,72527.75,0.01627335743904902,71873.02619047619,0.025531049780215666,68789.619,0.07149917489730429,72790.04978768899,0.012611204621902352,71790.40520136151,0.02671129649233537,69602.70010902101,0.058982192997522165,72768.12447619047,71771.62933428602,0.02697989001608089,87.92356901291177,75.54696709660338,1208.8062806004746,1275.9028906591425,-67.09661005866792,90.133659901998,83.88267700325862,128.16814848323466,2.440486746449421,-9.866340097967013,609.9064285714287,0.008274627761964307,0.10285708604780566,0.10246852110782068,0.09952629035015531,1.0626753261626627,1649.2127735,1.1641554569846628,33722.01951,28616.74973169067,62.11518338613874,0.01928161955781734,75129.23,2,0.010315993075291451
2026-08-21 01:00:00+00:00,73707.82,75785.82,73668.0,75129.23,3173.32947,0.019281619557817375,0.033752580968025025,0.03381616652963482,0.03668234515873481,0.08245174013860956,0.019098084613100735,2457.479999999996,2658.399999999994,1440.2199999999866,-2.7134089342935394e-06,73234.70571428571,0.025869214155177542,72756.47571428571,0.032612276260219696,72141.46523809523,0.04141536011285497,68997.6952,0.08886579156342464,73257.8858301512,0.025544610640109083,72093.93472851046,0.042101950502767445,69819.42677141234,0.07605051307527612,73114.98847619048,72135.60497732347,0.04149996418020698,204.83333330850525,84.04351228116815,1324.0924303282663,1285.5407985929673,38.551631735299,85.89137525729681,86.49908579382667,213.93421890570693,4.7944547222080764,-14.10862474268169,725.3221428571435,0.009654326855967163,0.11660213417466998,0.11855294938449033,0.1143037326564236,0.6528273734380405,1744.8054395,1.8187296979699619,36895.348979999995,29405.18775533918,72.26370183117459,-0.009177386750802461,74439.74,0,0.00640394622349734
2026-08-21 02:00:00+00:00,75129.23,75197.08,74384.63,74439.74,1716.15486,-0.009177386750802485,0.01937127140444095,0.023341871751610288,0.022002371042799007,0.0656781574869949,-0.009219758404530634,1697.9300000000076,1602.590000000011,-759.5499999999884,0.0,73484.56,0.012998376801875041,72934.16857142857,0.02064288190379414,72381.14142857143,0.02844109019004703,69196.73,0.07576962090549559,73494.25666412096,0.01286472411306951,72307.18975319131,0.029492921161613003,70000.61552547461,0.06341550629522456,73339.42371428573,72351.90110037565,0.028856724811250196,271.28727269438974,73.17347174488549,1344.3249131027114,1297.2976214949163,47.02729160779518,71.07580439293504,82.36694651740994,188.41884678009916,3.6377622017392697,-28.92419560704347,746.6100000000006,0.010029723370876771,0.12513215594338953,0.11943076502851686,0.11463169067825592,-0.45919423866189346,1763.289311,0.9732690201733021,35179.19411999999,29955.09312340211,71.54610787387459,0.0009541946277619835,74510.77,1,0.0032540865559032954
2026-08-21 03:00:00+00:00,74439.75,74882.24,74247.46,74510.77,1039.80072,0.0009541946277620283,0.010890945110179295,0.025242782302106637,0.024379034198315885,0.06723802198479012,0.0009537396734551726,1834.550000000003,1773.270000000004,136.61999999999534,1.343368474253292e-07,73747.27714285714,0.010352827747984175,73135.51,0.018804271686899982,72602.98809523809,0.026276906155147824,69398.9358,0.07365868281801409,73697.55933129677,0.011034431480255038,72507.51523017391,0.02762823637614339,70177.48432839719,0.06174752077639381,73549.63723809524,72576.99575575124,0.026644451511283446,313.0808753829268,77.21597206913924,1350.522842192615,1307.942665634456,42.58017655815888,71.16452312512949,76.04390092512045,167.29436683200387,2.814842882301712,-28.835476874847878,722.1800000000003,0.009692290121280327,0.12466161851847,0.11977199650336207,0.1151104391371159,-0.3941102028519734,1709.922079,0.6080983062149184,36218.99483999999,30551.655191649526,75.39896234836849,0.006914839291017875,75026.0,2,0.014798431282376432
2026-08-21 04:00:00+00:00,74510.77,75054.46,74510.77,75026.0,825.51685,0.006914839291017882,-0.0013740324504856183,0.02739946443108998,0.03582205276830375,0.047964789411122144,0.006891041432401844,2000.8500000000058,2594.6399999999994,166.3000000000029,0.0,74073.59,0.012857619024540199,73364.02071428571,0.022653874058876925,72851.06190476191,0.029854583287768025,69612.4178,0.07776747843399755,73963.24746503742,0.014368657020703833,72736.46839106719,0.03147707964900257,70367.62219787181,0.06620058567602148,73801.70257142857,72842.94417306432,0.029969351894248382,339.5410773999217,78.77497566949248,1381.0891645030351,1322.5719654081718,58.51719909486337,80.9893389978304,74.40988883863163,160.09461318701403,3.0051285642010646,-19.010661002144573,716.2950000000003,0.00954729027270534,0.09477990560367551,0.10373238451891853,0.10544980351595004,-0.20608167111097975,1542.5056835,0.5351791301840378,37044.51168999999,31170.022477206712,74.65912027513144,0.005954335830245461,75472.73,2,0.02000829238284069
2026-08-21 05:00:00+00:00,75026.0,75500.0,74918.79,75472.73,1138.68225,0.005954335830245405,0.013876862009458701,0.02394189940253444,0.038271301606971786,0.05129908815952966,0.005936678828466133,1764.7099999999919,2781.970000000001,-236.14000000001397,0.0,74473.09142857142,0.013422815573425345,73578.44214285715,0.02574514765432163,73035.85380952382,0.033365478232533205,69835.2582,0.08072529471939317,74265.14397202994,0.01626046841604249,72985.21944642471,0.03408238781005818,70567.82250383763,0.06950628944085048,74082.86380952381,73056.03142075347,0.03308006925982525,377.3459932202545,77.99412868382353,1424.9348111621512,1343.0445345589676,81.89027660318357,91.25432269811998,81.13606160702663,157.72232691976112,3.7604124420002862,-8.745677301852082,683.4535714285719,0.009055636008245134,0.09563205911139819,0.10367167051616528,0.1047269531995611,0.37935676297824816,1441.1281334999999,0.790132552081782,38183.19393999999,31837.943568901308,72.11578599639013,0.002298578572684604,75646.21,2,0.020427357391673243
2026-08-21 06:00:00+00:00,75472.73,75753.0,75104.0,75646.21,1382.10073,0.002298578572684562,0.015238602419489267,0.006881209883290662,0.04093007255226411,0.05070032372636302,0.002295940882143184,516.9800000000105,2974.4600000000064,-1247.7299999999814,0.0,74847.52857142857,0.010670778899656334,73779.08928571429,0.025306909211838403,73219.48428571428,0.033143168624572894,70061.85800000001,0.07970602206981034,74541.35717762396,0.014822011084977863,73227.12767856792,0.033035329912852324,70766.97495466753,0.06894791035589674,74358.5661904762,73261.6323649122,0.03254879202268271,386.7890908622079,77.17312655478835,1456.8871005826804,1365.8130477637103,91.07405281897013,95.96014838733036,89.40127002776023,141.47528532955954,4.438478029405993,-4.039851612640702,679.8735714285722,0.008987543082840013,0.09562597171307767,0.10256595194184269,0.1032759213799081,0.2137720861109409,1392.6849399999999,0.9924001404072107,39565.29466999999,32573.881769005944,72.29519748684466,0.008757081154495219,76308.65,2,0.022420887047064374
2026-08-21 07:00:00+00:00,75646.2,76916.95,75620.0,76308.65,3775.56433,0.00875708115449525,0.017096073361234643,0.025106347765319725,0.04903424866661954,0.06091698160372694,0.008718960309224935,1868.909999999989,3566.8399999999965,1351.9299999999785,-1.3219432948872247e-07,75219.04714285713,0.014485730656404846,74034.17142857143,0.03072201022230615,73424.84904761903,0.03927554485690065,70303.3108,0.08542043229064969,74894.81574209916,0.018877598454469277,73507.26607142537,0.03811029954307566,70984.29554468057,0.07500749869339718,74695.84095238095,73693.87155340426,0.035481626782232926,401.5096295809617,81.15311404629152,1518.162460093561,1396.2829302296805,121.87952986388063,86.73846455703962,91.31764521416333,157.11834579292963,4.97709750180071,-13.261535442938568,741.7064285714296,0.009719821128684886,0.09718164501903867,0.10776592372036295,0.10870406044918716,1.7317577134916933,1513.583917,2.494453256005036,43340.85899999999,33599.30817195776,76.01001777890605,0.0386506641121289,79258.03,2,0.022300601364751753
2026-08-21 08:00:00+00:00,76308.66,79500.0,76235.76,79258.03,4366.47306,0.03865066411212892,0.050154539262061926,0.06371240023422109,0.09056346078538469,0.10153972006909062,0.03792243239769642,4747.259999999995,6581.809999999998,2878.350000000006,1.3104674252936064e-07,75808.87571428572,0.045498027153359565,74521.79071428571,0.063555092279959,73773.94238095239,0.07433637734484781,70601.67540000001,0.1226083453537969,75767.45859367933,0.046069532634579,74030.06279220487,0.07061951605349094,71308.75571939899,0.1114768333902979,75392.35542857143,74395.58167990974,0.06535936960626362,542.0837036379966,90.75696878137887,1784.1474003360636,1473.855824250957,310.2915760851065,96.62524407251091,93.10795233896029,214.2914867831162,9.06305407534552,-3.374755927475138,945.1521428571442,0.011925001704649135,0.1589233244940575,0.13917019465124936,0.12477171430691308,0.15650871720148918,1653.0643690000002,2.6414416412827286,47707.332059999986,34942.92949462845,83.83124386845164,-0.016999160842125303,77910.71,0,0.010028630405251123
2026-08-21 09:00:00+00:00,79258.02,79363.79,77251.0,77910.71,4167.07817,-0.01699916084212527,0.029935405884842003,0.038449470850105305,0.06690243019014708,0.08674218695840352,-0.01714530516506557,2884.7100000000064,4885.560000000012,-1862.5499999999884,-1.2617018104993505e-07,76304.72857142857,0.02104694504047759,74894.64428571428,0.0402707796138232,74057.68857142857,0.05202729794699363,70873.9696,0.09928525860360318,76196.10887494347,0.022502476181173427,74382.84890200444,0.04742842133733406,71567.6558872657,0.08863017845276187,75844.21133333333,75013.38671455733,0.03862408314488716,538.2047810795441,77.58151154460222,1864.7294771604065,1552.030554832847,312.69892232755956,77.30234218793535,86.88868360582863,173.6753954175928,7.105817135977147,-22.697657812050366,1064.3514285714296,0.013661169671941326,0.1747422319526786,0.14775519709786036,0.1327245534650936,-0.04566497657493862,1753.8228475,2.3759971971728024,43540.253889999985,35761.722294187646,69.68144726780051,-0.0012923768760418474,77810.02,1,0.007641438064954935
2026-08-21 10:00:00+00:00,77910.71,78250.0,77621.8,77810.02,1604.18384,-0.0012923768760418897,0.019674964764807346,0.030968669080872147,0.05565201724317115,0.08329990804274434,-0.001293212715260551,2337.290000000008,4102.0,-547.4199999999983,0.0,76776.05,0.013467350820991542,75261.66357142858,0.03385995349614909,74349.02333333333,0.046550667533986796,71141.891,0.09372999376696223,76518.89109995478,0.01687333521807884,74694.40991091312,0.04171142248533434,71812.45447992196,0.08351706627371748,76232.92809523811,75278.90566548958,0.03362315528014824,513.0076093654269,76.91758037382188,1898.5808538500132,1621.3406146362804,277.2402392137328,75.86432447870959,83.26397024638528,142.0925857400971,7.063933704862377,-24.135675521276127,1072.315714285715,0.013781203427086913,0.17566737613772718,0.14758093851449364,0.1324896595152895,-0.6150338979602104,1761.979954,0.9104438653557404,41936.07004999999,36349.75541378882,64.51942685330116,-0.01397891942451624,76722.32,0,0.007649011908490314
2026-08-21 11:00:00+00:00,77810.01,77855.78,76411.38,76722.32,2387.74046,-0.013978919424516234,-0.03199309899577363,0.014225563977362521,0.021204662952089448,0.05866484487620749,-0.014077544714048549,1076.1100000000006,1593.090000000011,-1261.1800000000076,-1.28518152409074e-07,77018.38142857143,-0.003844035970114428,75545.98571428572,0.015571102482707102,74582.14095238096,0.02869559683176002,71387.7962,0.07472599077095386,76559.57687996383,0.002125705583395983,74878.76537355738,0.024620526490326314,72004.99822580737,0.06551381001911934,76427.6822857143,75643.00358463606,0.014268555771404599,471.91824910104725,68.843382322915,1816.6982475088153,1660.4121412107875,156.2861062980278,60.33019137388466,71.1656193468432,95.31654623605625,5.062872174860254,-39.66980862610106,1154.701428571429,0.01505039770136531,0.18576931802741223,0.14977285722353348,0.1337171112155758,0.48844565096728565,1735.030217,1.3761953172937873,39548.32958999999,36654.38152580893,60.2112472055454,0.006534473931445197,77223.66,2,0.003228995760774045
2026-08-21 12:00:00+00:00,76722.31,77477.24,76538.0,77223.66,2680.17653,0.006534473931445239,-0.008818428172455373,0.011990907977011966,0.037398303648024545,0.06022352604405867,0.006513216809154995,915.0100000000093,2783.9199999999983,-161.09999999999127,-1.3034016710278174e-07,77268.5142857143,-0.0005804988762749065,75870.80285714286,0.017831064018189208,74808.46619047619,0.03228503313213577,71643.13519999999,0.07789336388505701,76692.39350397106,0.006927238435992024,75091.9376123249,0.02838816596637132,72209.65162871688,0.06943681707625145,76651.3721904762,75859.75405085579,0.017979308873448847,388.68404035692777,70.67424148732945,1771.8350288938236,1682.6967187473947,89.13831014642892,66.69797408797878,67.63082998019101,88.69929659616105,4.769684492949276,-33.30202591200658,1194.6471428571438,0.015469962740138555,0.1860689918732915,0.15061878582841554,0.13472110485239766,0.12247397692461104,1802.8188504999998,1.486658811702121,42228.506119999984,37185.25053477951,64.62990921574078,0.000559543538858322,77266.87,1,0.0021928565402919483
2026-08-21 13:00:00+00:00,77223.66,77700.0,76243.04,77266.87,2022.51306,0.0005595435388583425,-0.006980463441597973,-0.02512250178310016,0.03698928356263109,0.06227008076989171,0.0005593870527435454,-1991.1600000000035,2756.0999999999913,-2906.170000000013,0.0,77500.03714285714,-0.0030086068530178717,76173.78285714285,0.014349912815897748,75019.40523809523,0.02995844548182924,71898.16,0.07467103469685339,76807.28880317685,0.0059835622892619005,75289.65873847717,0.026261392263587653,72407.9739177868,0.06710443365988937,76837.51447619047,76033.53979885968,0.016220870479040812,275.8362289227946,69.83572949041192,1719.9408829260356,1690.145551583123,29.795331342912505,65.50074308895344,64.1763028502723,78.45900643663525,2.8452840525584664,-34.499256911031104,1246.184285714287,0.01612831328244914,0.1855949910060377,0.155417643128739,0.14210321141208718,-0.2453806540869904,1840.5235280000002,1.0988792206295017,44251.01917999998,37858.180881943365,59.56442759488301,0.0015247155734404367,77384.68,2,0.0027186764773707273
2026-08-21 14:00:00+00:00,77266.88,77448.26,76552.74,77384.68,1855.76373,0.0015247155734403606,0.008633211300179466,-0.006751703328079173,0.03143816810172462,0.0683864005867072,0.0015235543748322985,-526.0300000000134,2358.679999999993,1465.12999999999,1.294215749817884e-07,77653.75571428573,-0.0034650701928152627,76436.40142857144,0.01240611218876774,75240.69952380953,0.028494956715706597,72148.2106,0.07257933850960836,76922.76704254148,0.00600489263735204,75480.11521679742,0.02523266926305251,72603.13886218732,0.06585860078155516,76998.96742857141,76177.01901700429,0.015853350506221706,171.1744107536621,68.15265239852891,1669.08055907175,1685.9325530808485,-16.851994009098462,63.729080932773584,65.3092660365686,72.74050226153511,3.9561395566399717,-36.27091906720926,1241.232142857143,0.016039765789005355,0.1837110691529842,0.1569080436035488,0.1446164719982631,-0.08244660234727985,1884.9113835,0.9845363268766185,46106.78290999998,38643.76202747256,59.59514437294264,-0.0021024833339104987,77221.98,0,0.002539925835987254
2026-08-21 15:00:00+00:00,77384.69,77871.33,77170.0,77221.98,1316.36575,-0.0021024833339104987,-2.175499063383768e-05,-0.007557381427225063,0.023177245609109498,0.06233557057320627,-0.0021046966548529376,-588.0400000000081,1749.25,-62.00999999999476,1.2922454430661336e-07,77362.89142857143,-0.0018214343591530823,76585.88357142858,0.008305661551559231,75468.82428571428,0.0232301977787344,72392.4078,0.06671379426061759,76982.6096340332,0.0031094083079897194,75638.46656072492,0.020935292732352815,72784.26988719958,0.06097073062184833,77103.71123809523,76296.59793582956,0.012128746093616543,57.97636362933535,61.798715686232285,1597.2329485412192,1668.1926321729227,-70.95968363170346,56.630125615405625,61.953316545710884,75.92734412811704,3.6386820321410656,-43.36987438457533,1140.0542857142852,0.014763339216558168,0.18473176960953394,0.15754967443174886,0.14571985632756648,-0.2906609129600781,1909.7971289999998,0.6892699386811733,44790.41715999998,39229.157754379936,57.242586297467845,0.0034191042498521646,77486.01,2,0.003976580552544714
2026-08-21 16:00:00+00:00,77221.98,77563.53,76784.81,77486.01,1368.21973,0.003419104249852145,0.0028361443915094764,0.009953948212201968,0.024321112716684468,0.06624665017699449,0.0034132724022657196,763.6899999999878,1839.7999999999884,1351.729999999996,0.0,77302.22,0.002377551382094734,76803.47428571428,0.008886781758682176,75697.16952380951,0.023631537182216607,72623.6638,0.06695264250768815,77083.28970722656,0.005224482430667099,75806.42505520447,0.022156234693462732,72968.65185240745,0.061908203494422144,77223.7280952381,76410.24977164854,0.014078742466702364,-49.92841750236633,68.04001852391097,1543.8022229285125,1643.3145503240407,-99.51232739552825,61.65683650194717,60.672014350042126,63.010530071444734,3.278876656092504,-38.34316349803379,1137.645,0.014681940649673215,0.1843071839477131,0.158290906730155,0.14663713839771714,0.03939177238544844,1934.6271394999999,0.7072265771857755,46158.63688999998,39889.10814824851,57.79878341179009,-0.00120447549176944,77392.68,1,0.0067326096340276495
2026-08-21 17:00:00+00:00,77486.01,77722.12,77189.95,77392.68,1099.33856,-0.0012044754917693856,0.0001033796353491212,0.002188707450540228,0.01420586001718016,0.06393668235640537,-0.0012052014553699808,169.01999999998952,1084.0299999999988,-594.6699999999983,0.0,77242.59999999999,0.001942969294145974,77009.32499999998,0.004978033504384119,75921.97571428573,0.01937125939989881,72800.4374,0.06307987649535654,77145.16776578125,0.003208395825519519,75950.63005018588,0.018986675276574168,73142.14315231303,0.05811337574338613,77302.28885714283,76486.1140164732,0.011852687186219494,-139.1983838215128,67.02172020415617,1476.9022273865994,1610.0320857365525,-133.1298583499531,57.762620684943634,58.683194267432135,63.401986181360485,2.543898968541315,-42.237379315036314,1130.3157142857142,0.014604943442786832,0.1848279250589549,0.1587379271219726,0.14729684989654046,-0.19651899771975956,1964.5003155,0.5596021295214907,45059.29832999998,40381.50721317722,61.2861044377579,-0.0031873815456447954,77146.0,0,0.006648017674038785
2026-08-21 18:00:00+00:00,77392.69,77550.0,76643.72,77146.0,1247.39698,-0.0031873815456447963,-0.0009839167553071793,-0.0015643185753480005,-0.02664752076224952,0.0615026483215555,-0.0031924720660354293,-120.86999999999534,-2112.029999999999,-289.88999999998487,1.2921118650126985e-07,77303.12571428572,-0.0020325919920296588,77160.75357142856,-0.00019120564206134334,76131.69904761905,0.013322978011386611,72974.052,0.05717029390117938,77145.334212625,8.630299962906941e-06,76059.30004562352,0.014287535564022036,73299.15714633997,0.05248140638206583,77320.51219047619,76555.09288743511,0.007718717204533216,-39.54579124099931,62.93181274724398,1387.9787297126313,1565.6214145317683,-177.642684819137,48.61619528464133,56.01188415717738,43.82229317457478,1.9826373323924273,-51.38380471533684,1156.2149999999997,0.01498736162600763,0.18567146714560434,0.16031690005145513,0.14949614609113257,0.13467954767273893,2000.8570014999998,0.623431349198983,43811.901349999986,40708.21141668415,57.758291780625385,-0.0015173826251522785,77028.94,0,0.006314832856427881
2026-08-21 19:00:00+00:00,77145.99,77360.0,76856.2,77028.94,1151.33799,-0.0015173826251523304,-0.005898742237469556,-0.004597033934882089,-0.011317699453643804,0.05482754913889276,-0.0015185350160607082,-355.7399999999907,-881.7700000000041,-234.86999999999534,-1.2962434856974024e-07,77275.30857142856,-0.003188192657953889,77271.91142857143,-0.0031443693326523134,76338.97142857143,0.009038222005311554,73150.685,0.05301734358331643,77122.05537010002,-0.0012073766661581243,76147.44913238501,0.011576105012821625,73445.42314060117,0.04879156121871114,77302.93704761905,76651.70800077051,0.004921377606167593,-18.344377102154322,59.89053242769155,1293.1537816237542,1511.1278879501656,-217.9741063264114,43.788444040026484,50.055753336537144,36.67837912460165,0.9439165808856516,-56.21155595995076,1150.6857142857136,0.01493835582166519,0.1862362075587117,0.1594824824566114,0.14859206774160308,-0.07700755376207502,2011.8838559999997,0.5722686160862697,42660.563359999986,40894.14969699994,54.03945991865919,0.006377473193841172,77520.19,2,0.007070656789231453
2026-08-21 20:00:00+00:00,77028.94,77548.99,76863.56,77520.19,905.49008,0.006377473193841077,0.0016475718375434933,0.0038617243432506054,-0.0037248416078032864,0.05171988068598221,0.0063572231620938275,298.2100000000064,-289.83000000000175,653.9499999999971,0.0,77311.49714285714,0.0026993767402696913,77405.76714285715,0.0014782213440463414,76553.02095238095,0.012633976237471561,73333.16900000001,0.057095868855741604,77201.68229608002,0.004125657556249272,76272.24375671364,0.016361735040428812,73605.21791940113,0.05318878458977975,77336.04085714284,76817.5274316419,0.009147164610099973,37.0469360224453,61.44773205413112,1243.311970082621,1457.5647043766567,-214.2527342940357,48.973969072152386,47.126202798940064,44.939315563311915,-2.192635875506841,-51.02603092782184,1153.287857142857,0.014877257874920613,0.18513134740914577,0.1581547303448239,0.1473688842477597,-0.21353235291054706,1961.1613575,0.4617111572878512,43566.05343999999,41148.6167201428,53.358437680737055,0.012705851211148887,78505.15,2,0.006846084274091114
2026-08-21 21:00:00+00:00,77520.19,78675.1,77388.0,78505.15,1351.97974,0.012705851211148866,0.0176178933450859,0.01315256779901297,0.023237435989943878,0.04493484094007094,0.01262580917208456,1019.1399999999994,1782.8299999999872,720.929999999993,0.0,77471.56428571428,0.013341485018604334,77562.66,0.01215133673857986,76781.45571428571,0.022449356679669703,73534.6832,0.06759350259905555,77462.37583686403,0.013461685778035512,76475.23523337604,0.026543426253339823,73797.3721186403,0.06379329976399668,77482.62523809524,77033.11606719614,0.019109105381635818,75.46585857671135,62.90925846246938,1268.6656280480238,1419.7848891109302,-151.1192610629064,69.52276793370893,54.09506034862927,98.29011818804251,0.7629759759601473,-30.477232066260427,1152.5842857142864,0.014681639175446091,0.178624262955499,0.15032890079081224,0.13917890439552538,0.4930917189065174,1870.0938710000003,0.722947527375366,44918.03317999999,41507.608763938726,49.377111536696354,-0.0005733381822720518,78460.14,1,0.004923317711513609
2026-08-21 22:00:00+00:00,78505.14,78760.68,78081.8,78460.14,1022.8221,-0.0005733381822720096,0.0185800297914005,0.013792777301419257,0.016011673106402835,0.05400878616717342,-0.0005735026034566007,1067.4600000000064,1236.479999999996,48.320000000006985,-1.2738017817635128e-07,77648.44428571429,0.010453470404365055,77505.66785714285,0.01231486895405385,76940.07047619048,0.01975653927013097,73722.92480000001,0.064257016563726,77661.92866949123,0.010278026108593531,76655.68112125095,0.02353979316803414,73980.22576104657,0.06055556323149544,77602.28923809524,77182.45431017008,0.016554095114613924,124.28202018695642,42.87991090619629,1270.4813358209503,1389.9241784529343,-119.44284263198392,71.04381959462614,63.18018553349582,116.55315224331925,0.8355222116637253,-28.956180405341815,967.9157142857138,0.01233640055046679,0.17386518667871642,0.14967656007863867,0.13968393574485918,-0.24346344124949681,1835.427233,0.5572664944758629,43895.211079999994,41734.999460706465,42.30413430674762,-0.0015563316608917673,78338.03,0,0.0049284443377517455
2026-08-21 23:00:00+00:00,78460.13,78720.0,78100.26,78338.03,821.59664,-0.0015563316608917521,0.010550025741680846,0.015451611230653528,0.013863121412838408,0.051365191904472196,-0.0015575440030453584,1192.0299999999988,1071.1600000000035,124.56999999999243,-1.2745325199217314e-07,77770.16142857143,0.007301882380045246,77536.19071428571,0.010341484129249904,77125.70333333334,0.015718840986474133,73895.4962,0.06011914160473483,77797.148935593,0.006952453551412062,76808.62192840995,0.019911932191877174,74151.1200449271,0.056464554446865475,77713.27085714285,77284.6577822109,0.01362977139340521,152.24538718693393,54.880444415843165,1247.6845104484964,1361.4762448520469,-113.79173440355044,83.2124529320782,74.59301348680442,112.88315322558921,2.1059191119350547,-16.78754706788208,861.269285714286,0.010994267863440974,0.17442505022484275,0.14952462577751874,0.1394317134820557,-0.19673554179167618,1824.517029,0.45030911026895637,43073.61443999999,41862.48660159156,49.16115681226978,-0.004911152348354891,77953.3,0,0.004867505281653277
2026-08-22 00:00:00+00:00,78338.03,78500.0,77683.37,77953.3,822.10615,-0.00491115234835493,-0.007029475136344443,0.012000165132741047,0.007347966031519437,0.03901714072454876,-0.004923251687770754,924.3600000000006,568.6200000000099,-267.66999999999825,0.0,77850.25,0.0013236951711780192,77546.425,0.005246856963425389,77289.63333333333,0.0085867488050359,74069.3842,0.05243618320779761,77828.3791484744,0.0016050809857839667,76912.68357128177,0.013529841638587323,74300.22514120447,0.04916640362600471,77768.88542857143,77356.57518745781,0.0077139507675480995,151.19205385372828,51.5367059064245,1184.9144106786553,1326.1638780173685,-141.2494673387132,67.93107831140792,74.06245027937075,75.21071240099452,0.9448399622602579,-32.06892168855236,874.7285714285723,0.011221187190645694,0.1755604646575227,0.15038077873068378,0.14110389743427568,0.0006201461583386081,1824.3464940000001,0.4506304875216042,42251.50828999999,41899.53628620189,51.08730747862039,-0.001581587950734711,77830.01,0,0.007960117256080843
2026-08-22 01:00:00+00:00,77953.3,78234.0,77816.66,77830.01,612.96043,-0.0015815879507347086,-0.008031211771990288,0.00399663623115476,0.007873794481830121,0.031233532959520582,-0.0015828399812627333,309.81999999999243,608.0299999999988,-614.5400000000081,0.0,77947.96571428572,-0.0015132622539256772,77625.5457142857,0.002633981942836879,77423.1576190476,0.005254918469668453,74239.2886,0.04836686164042723,77828.70531877952,1.676349638769337e-05,76996.07688298343,0.010830852048266643,74438.64807684351,0.04555915523419379,77806.69676190476,77432.07367347763,0.0051391665965245005,122.95656564166212,64.97886415427956,1112.3971597401396,1283.4105343619228,-171.0133746217832,63.034031871092424,71.39252103819284,58.290899953398416,0.7288246566736716,-36.96596812886786,801.3671428571439,0.010296377231059506,0.1753315447923219,0.14990995096596313,0.14097396238642107,-0.2544023299181012,1798.0604030000002,0.34090091132475653,41638.54785999999,41874.68024561123,55.9976019986472,0.00822292069601437,78470.0,2,0.008055979480885187
2026-08-22 02:00:00+00:00,77830.01,78563.83,77791.19,78470.0,965.16893,0.008222920696014269,0.0016846223985975683,-0.0004477413265243646,0.012698937524335152,0.03732890253193122,0.008189296682933304,-35.14999999999418,983.9900000000052,-344.9699999999866,0.0,78153.83142857142,0.004045464766721549,77714.56999999999,0.0097205710589404,77565.88476190476,0.011656093924158662,74420.2886,0.05441676559152642,77956.96425502363,0.0065810123557152435,77130.0698936213,0.01737234399277388,74596.74030912416,0.05192263998165668,77919.29066666667,77530.04765658453,0.012123716827557345,144.87717169961098,66.24463004647168,1093.9580923695903,1245.5200459634564,-151.56195359386606,88.45426669417083,73.13979229222372,84.94876529313045,1.4024998229623653,-11.545733305789454,789.4671428571435,0.010060751151486344,0.17690045620838818,0.15026792766446886,0.140434532433844,0.5746023442328896,1777.2138129999998,0.5430798044328823,42603.71678999999,41944.112297457774,51.508895145359496,-0.0007521345737224937,78410.98,1,0.006260289072240227
2026-08-22 03:00:00+00:00,78470.0,78828.15,78372.0,78410.98,734.8031,-0.0007521345737224738,0.005871207505006026,-0.0006265601871218163,0.013157575109170594,0.02755034979651727,-0.0007524175688401406,-49.16000000000349,1018.3000000000029,-14.010000000009313,0.0,78281.08714285714,0.0016593134035786782,77796.29214285713,0.007901248764068475,77697.54047619048,0.009182266509814848,74594.0698,0.05116908368498681,78047.7674040189,0.004653721791949518,77246.51626692845,0.015074644001390072,74746.31833621733,0.049027988874295554,78012.14533333332,77697.79970318155,0.009178899525377898,143.05508415774372,64.85097235936217,1062.3366225793434,1208.8833612866338,-146.5467387072904,81.66616126320896,77.71815327615741,107.29414796507575,1.5397170598319088,-18.33383873674709,717.980714285714,0.00915663487799419,0.17521855300638134,0.14635335896669033,0.13593910318779823,-0.23867928487917656,1625.1757515,0.4521376222364513,41868.913689999994,41936.950525318935,60.63516453792353,0.0007527007059471018,78470.0,1,0.006237435505235061
2026-08-22 04:00:00+00:00,78410.98,78818.0,78207.61,78470.0,738.35305,0.0007527007059471291,0.008222920696014269,0.0016846223985975683,0.017162263759624707,-0.009942588782486772,0.0007524175688401876,131.97000000000116,1324.0,181.13000000000466,0.0,78276.06571428571,0.002477568129473512,77873.81500000002,0.0076557826273179926,77800.46190476192,0.008605837020063902,74777.4444,0.049380607075145744,78132.21392321512,0.004323262580487389,77357.74206084404,0.01437810760144885,74892.34506813038,0.04777063568532859,78101.97304761906,77622.4838401499,0.010918436488007806,112.8228956092198,64.30620218368233,1030.1637146516005,1173.1394319596272,-142.9757173080268,83.60441854392994,84.57494883376991,99.61884891335214,1.2698937524334941,-16.39558145602429,697.6142857142861,0.008890203717526152,0.10661851656073816,0.11707084940099664,0.1215848536426406,0.004831158170127692,1443.769751,0.5114063717487378,42607.26673999999,42000.79016481237,52.327307640224994,-0.013881101057729068,77380.75,0,0.005935391714329492
2026-08-22 05:00:00+00:00,78470.0,78584.0,76500.0,77380.75,3816.352,-0.013881101057729106,-0.013881101057729106,-0.007344782068238298,0.004567244466819886,-0.006802145687030747,-0.013978344487002532,-572.5500000000029,351.8099999999977,-704.5200000000041,0.0,78121.86714285715,-0.00948667984985439,77885.1557142857,-0.0064762753525981695,77711.06761904762,-0.004250586553087769,74941.14660000001,0.032553590526462,77981.9211385721,-0.007709109108812849,77359.8336916764,0.00027037685224309854,74989.92957526253,0.031881886518348085,78036.23104761905,77523.78484594105,-0.0018450446688753524,-9.927205386002104,51.68198180812815,906.3255250825605,1119.776650584214,-213.45112550165345,37.830466250010694,67.70034868571653,-25.266274701105388,-0.015414894535236229,-62.16953374994636,796.3764285714288,0.010291660762804942,0.10061576919542194,0.11696105204870984,0.12339769490010878,4.168736013212107,1426.2334425,2.6758256301351064,38790.91473999999,41695.087743401666,36.62656261947349,0.001361320483453527,77486.09,1,0.0014838831500358456
2026-08-22 06:00:00+00:00,77380.75,77572.16,76985.14,77486.09,838.31259,0.0013613204834534987,-0.011795414366712387,-0.0044188610537245765,-0.0004398854027577448,-0.004163088507110113,0.0013603947267965878,-343.91999999999825,-34.10000000000582,228.63000000000466,0.0,78000.16142857143,-0.006590645700678307,77885.16142857143,-0.005123844147609792,77690.84761904762,-0.0026355436363835125,75101.0282,0.03175804455896869,77882.75491085768,-0.005093103233336931,77371.31153788762,0.0014834757202760492,75087.81821936989,0.03193955873938831,77983.02228571428,77497.07871718527,-0.00014179524399076776,-94.642356890885,50.000876992813055,807.3759973565902,1057.2965199386892,-249.920522582099,42.35508880439728,54.59665786611264,-40.041977984115235,0.44083944728176716,-57.64491119555976,782.6835714285719,0.010100955815793025,0.10071724111319022,0.11681973215148049,0.12320845412119218,-0.7803366696782686,1387.9398800000001,0.6039977682602476,39629.227329999994,41498.339132601504,37.82079263541204,-0.0025412303034003073,77289.18,0,0.0017475681440618188
2026-08-22 07:00:00+00:00,77486.09,77669.28,77220.0,77289.18,634.34953,-0.002541230303400255,-0.01504804383840963,-0.01504804383840963,-0.015489047533824185,0.007388462705507193,-0.002544464709870854,-1180.820000000007,-1215.9700000000012,-836.9000000000087,0.0,77905.28714285714,-0.007908412451228936,77877.76857142858,-0.007557851004535769,77666.04571428572,-0.004852387047901445,75258.681,0.02698026291478546,77764.03992868615,-0.006106420514181406,77363.8450344433,-0.0009651153508471222,75174.14613233577,0.0281351232635342,77903.5580952381,77540.49782309624,-0.0032411169666412736,-117.87218853790152,48.8905848706466,704.9426523022703,986.8257464114055,-281.8830941091352,33.897300431658444,38.027618495355476,-37.92386436764605,0.33784704813539856,-66.1026995682986,776.7628571428577,0.010050085369554285,0.0872271167238344,0.1104813373274351,0.11881126066374001,-0.24330191677068813,1300.2703335,0.4878597270553755,38994.877799999995,41259.91424378232,35.981449238980886,-0.0010173480945197,77210.55,1,0.0019270089855703274
2026-08-22 08:00:00+00:00,77289.18,77445.6,77037.42,77210.55,870.47609,-0.0010173480945196989,-0.0021995134448812292,-0.01530946303693681,-0.015926430924033452,-0.00016976662333800796,-0.0010178659443445578,-1200.429999999993,-1249.5899999999965,-19.60999999998603,0.0,77816.79285714285,-0.007790643058957564,77882.37928571428,-0.00862620392283654,77689.29476190476,-0.0061623002676490755,75405.85220000001,0.023933126506061424,77653.34194294893,-0.005702162094636381,77349.90912222117,-0.0018016714408929007,75254.0051075383,0.0259992127949306,77814.59561904761,77580.42032485486,-0.004767573097774946,-132.82484846874863,50.71776932179197,610.3825939001254,911.5371159091494,-301.15452200902405,30.519940725455815,35.59077665383718,-61.52910827198877,-0.39943142554216576,-69.48005927450124,741.1842857142868,0.009599520864885396,0.08423044170717615,0.10796749303217278,0.11643145454832375,0.3722341529913329,1209.7853115,0.7195293923018344,38124.40171,40961.294002469716,36.857820425701746,-0.001924089389338603,77061.99,0,0.0018465270125421253
2026-08-22 09:00:00+00:00,77210.55,77395.04,76851.25,77061.99,1089.30988,-0.0019240893893386346,-0.005473240422893877,-0.01794329042946341,-0.016288895699827943,-0.002651589225757256,-0.0019259428271626792,-1408.0099999999948,-1276.0399999999936,-207.58000000000175,0.0,77615.64857142858,-0.0071333369187663795,77884.74,-0.010563686801804684,77681.59619047618,-0.007976228873527317,75550.76299999999,0.02000280261894898,77535.07155435915,-0.006101516963551982,77323.7346565647,-0.0033850493348160037,75324.90647587013,0.023061210499960173,77705.21038095238,77602.43310380007,-0.006964254626877033,-148.99683499877446,50.36494577144236,517.4902108910464,832.7277349055289,-315.23752401448246,24.138908575468303,29.518716577527524,-79.5258625612108,-1.8382997803328451,-75.86109142448875,744.0407142857148,0.009655093442119844,0.08447453872545835,0.10126484871550133,0.10768286555755283,0.25139552081206507,1163.1251525,0.9365371195504806,37035.09183,40587.36998604403,37.00589841115876,-0.0011158549110917746,76976.0,1,0.002430526362356575
2026-08-22 10:00:00+00:00,77062.0,77187.46,76533.87,76976.0,1058.83574,-0.0011158549110917848,-0.004052054893065149,-0.005230629064722159,-0.012536993302400323,-0.005281148671804181,-0.0011164779406999772,-404.75,-977.3000000000029,1003.2599999999948,1.2976566001943603e-07,77410.65142857144,-0.005614878838379155,77845.86928571427,-0.011174251038569817,77667.74523809523,-0.008906467362669465,75658.44099999999,0.017414567133361775,77423.25724348733,-0.005776781543570948,77292.12241505881,-0.004089969393791875,75389.65524152228,0.021041942072763137,77584.04504761905,77608.4286271385,-0.008148968331480265,-181.69313129110725,43.40025371030736,431.9543528538343,752.57305849519,-320.61870564135575,20.44541803577075,25.03475577889829,-103.90979308369167,-1.89158469510758,-79.5545819641863,741.7664285714293,0.009636333773792086,0.0843128006873785,0.09984235360530712,0.10585010291708795,-0.027975639034872324,1123.278753,0.9426295451339827,35976.256089999995,40148.21628165889,30.79833661002668,0.0020008833922262013,77130.02,2,0.002376927519069223
2026-08-22 11:00:00+00:00,76976.01,77204.68,76772.05,77130.02,729.38003,0.0020008833922262603,-0.0010429921817678434,-0.004595276390897962,-0.008993831556747711,-0.0011908526561995592,0.0019988842912527453,-356.06999999999243,-699.9899999999907,48.68000000000757,1.2991062142435539e-07,77219.22571428571,-0.001155226738685156,77747.64571428571,-0.007943979635800255,77655.61857142857,-0.006768326376089643,75765.242,0.018013246760301877,77364.60979478987,-0.003032262366631343,77277.38583187165,-0.0019069722698987536,75457.90483989396,0.02215957577478331,77488.59847619047,77600.60210258309,-0.0060641553007668055,-201.0251851608178,29.113239587101887,372.30301846168004,676.519050488488,-304.21603202680797,27.06097115734532,23.88176592286146,-80.45030084936211,-1.5420479682728547,-72.93902884261173,680.7328571428568,0.0088257834905637,0.08437599814099535,0.09869162950638444,0.10435350057170728,-0.3111490267602791,1093.929467,0.666752338246807,36705.636119999996,39820.35150435804,27.80863968822841,0.002207311757471345,77300.27,2,0.002910157279110174
2026-08-22 12:00:00+00:00,77130.01,77387.99,77073.86,77300.27,529.84412,0.002207311757471242,0.003092056148563005,0.00014348709612410637,-0.01490671594239834,-0.002397077872508757,0.002204879223789708,11.09000000001106,-1169.729999999996,367.1600000000035,-1.2965120467119153e-07,77207.72857142857,0.0011986031746267507,77664.79785714285,-0.004693604660033495,77659.34666666666,-0.004623740503611274,75871.3276,0.018833760330825962,77351.7418358319,-0.0006654256854504229,77279.46621079241,0.00026920203034075553,75530.15445401578,0.023435878806018908,77428.94838095237,77612.84565899822,-0.004027370164618826,-153.20491580634462,33.028494839071044,334.90606965342886,608.1964543214762,-273.2903846680473,34.37364430984526,27.293344500987114,-51.690149539928164,-0.8377195064224228,-65.6263556901118,654.6792857142864,0.008469301410128034,0.08382375967728085,0.09670836986772889,0.10190910153037903,-0.27356919821344716,1052.0106865000002,0.5036489902609903,37235.48024,39574.17328870489,25.246262974550262,-0.00015071098716742815,77288.62,1,0.0027320948115730184
2026-08-22 13:00:00+00:00,77300.27,77362.03,77116.0,77288.62,471.5874,-0.00015071098716745723,0.004061265849095719,0.0010111312508458425,-0.014313811662601372,-0.0013445716054799606,-0.00015072234520948589,78.06999999999243,-1122.3600000000006,66.97999999998137,0.0,77179.51857142858,0.001413605974627139,77589.84,-0.0038822093201893093,77649.94714285716,-0.004653282534660343,75978.5586,0.01724251452172158,77339.11746866551,-0.0006529356723779196,77280.29837344763,0.00010768108725658271,75599.11388719163,0.022348226400238053,77378.79133333333,77614.1736747269,-0.004194513183780905,-94.70861951713937,34.13182526107158,300.8605277705792,546.7292690112968,-245.86874124071755,33.873246998675285,31.769287488621956,-49.62980411851697,-0.6956057181542088,-66.12675300128177,627.9857142857145,0.008125202834333262,0.08372412877084008,0.09583367194724307,0.1007916162094974,-0.10995067756909327,1020.6231285,0.4620583120555238,36763.89284,39306.52753168538,29.277139653315032,-0.0036874768885768695,77003.62,0,0.0027335051873810965
2026-08-22 14:00:00+00:00,77288.62,77305.14,76930.0,77003.62,534.05012,-0.003687476888576846,-0.0016387912255177994,-0.000757442157930388,-0.018687141582770517,-0.001845591475902908,-0.0036942923913099706,-58.370000000009895,-1466.3800000000047,-136.44000000000233,0.0,77138.72428571428,-0.0017514456839326832,77522.00571428573,-0.006686949202479108,77631.42047619047,-0.00808693789627374,76079.5902,0.012145567524363151,77272.01797493242,-0.0034734174409614548,77255.14579404329,-0.0032557804591274676,75654.19255828216,0.017836783343874226,77300.62866666667,77631.40119408492,-0.008086691524675789,-33.99723905311815,35.193269554434565,248.02301743192947,486.9880186954233,-238.96500126349383,21.631767712552037,29.959553007024194,-71.82823910306901,-1.8687141582770306,-78.36823228740501,596.4507142857141,0.007745749021743476,0.08399075314909948,0.09307873492905717,0.09706001948474266,0.13245205448661257,984.9557854999999,0.5422072014413868,36229.84272,39013.50993057249,29.91471941247933,-0.00032193291691992663,76978.83,1,0.0019261526559163295
2026-08-22 15:00:00+00:00,77003.62,77100.77,76880.0,76978.83,465.28762,-0.0003219329169199536,-0.0041583295892757555,3.6764705882319504e-05,-0.005194056661378954,-0.0006505347211060997,-0.0003219847484459333,2.8300000000017462,-401.91999999999825,61.20000000001164,0.0,77105.62142857142,-0.0016443863135047285,77461.20714285714,-0.006227338311001382,77623.46,-0.008304576992574104,76185.32699999999,0.010415430782360508,77213.38037994594,-0.003037690861244241,77230.02617640299,-0.0032525714264192694,75706.13912462404,0.01681093356617883,77228.20523809522,77648.90639267491,-0.008629566388047799,-35.72424241991204,36.308478262104934,201.8220846317854,429.95483188269577,-228.13274725091037,20.566973777454084,25.357329496227134,-82.53565200772282,-1.8264661403287856,-79.43302622250297,582.4100000000004,0.007565846350223728,0.08382626632777425,0.09223349202474317,0.09599074955598375,-0.12875664179234714,950.653267,0.48943987902953323,35764.5551,38704.085660994155,30.25756456848282,0.004016428932473942,77288.01,2,0.002160913069105473
2026-08-22 16:00:00+00:00,76978.83,77547.96,76956.36,77288.01,537.52059,0.004016428932474003,-7.892494393146876e-06,0.002048359380692366,-0.0025563297877077007,-0.002995090698307168,0.004008384614216962,157.9899999999907,-198.08000000000175,155.15999999998894,0.0,77137.91,0.001945865528376246,77376.77928571428,-0.0011472341771489422,77635.79666666666,-0.004479720458848417,76294.5502,0.013021373052147359,77228.30630395675,0.0007730804791738063,77235.29743309361,0.0006824932208236141,75768.17327659957,0.020059038745095303,77205.11228571429,77654.22754409834,-0.0047160026656677305,-5.497037036371105,28.722894862704862,187.98873745636956,381.5616129974306,-193.57287554106102,33.84704593774706,25.348595809251062,-46.76936912724652,-1.506295399515726,-66.15295406220997,569.4785714285723,0.007368265419546511,0.08183186348622139,0.09173519003558928,0.0959460511273822,0.15524369636140323,932.2547925000001,0.576581203254499,36302.07569,38475.32280661376,27.908673636581895,-0.00012938617516481535,77278.01,1,0.0029492225314658995
2026-08-22 17:00:00+00:00,77288.01,77369.99,77066.66,77278.01,367.89271,-0.00012938617516478068,0.0035633389702978135,-0.00028796794629581957,-0.00014452216985605393,-0.015631331192921705,-0.00012939454627802123,-22.260000000009313,-11.169999999998254,-180.25,0.0,77181.05428571429,0.0012562113226231607,77295.85285714285,-0.0002308384794696405,77624.2642857143,-0.004460644991620449,76390.6938,0.01161550125887179,77238.24704316541,0.0005148091568205182,77239.18039372146,0.0005027190356060974,75827.38255987018,0.019130654272346,77191.94304761905,77604.59215789282,-0.004208283927687782,12.205925924445255,29.23891093919957,174.21060234792822,340.09141086753016,-165.88080851960194,33.56384814493784,29.325955953379662,-45.97497157746727,-0.13277203955764696,-66.43615185501902,558.5628571428585,0.007227966366406839,0.0663285543489051,0.08514097421578172,0.09145790486549328,-0.31557466477702734,883.0504410000001,0.41661573667634166,35934.18298,38233.309489793406,22.858042127051945,-0.0002607468799985168,77257.86,1,0.0032328954036166435
2026-08-22 18:00:00+00:00,77278.01,77360.92,77138.0,77257.86,246.33381,-0.0002607468799985524,0.0036247628081642613,-0.00039798873365826104,0.0006127400983415576,-0.015323449588542704,-0.0002607808803767237,-30.75999999999476,47.30999999999767,-8.499999999985448,0.0,77199.31714285714,0.000758333872753429,77209.27142857143,0.0006293100625035527,77564.86952380952,-0.003958100177236541,76479.10800000001,0.010182545539103083,77242.16963453233,0.00020313211736425416,77240.87853974677,0.00021985068754091494,75883.47971438507,0.018111719320040225,77186.87733333334,77549.19589270237,-0.0037567880536821586,23.013670030879606,27.4671713039332,159.8230537319323,304.03773944041063,-144.21468570847833,36.36564299422442,34.59217902563645,-40.242225858518886,-0.2945431883322452,-63.634357005727594,530.8864285714299,0.006871617057104908,0.06635069337070429,0.08334420779464645,0.08914116158378867,-0.33041943125211704,844.2260265000001,0.29178656220889226,35687.84917,37990.884697432135,25.823430953192556,0.0020760347231983827,77418.25,2,0.0033259617653072435
2026-08-22 19:00:00+00:00,77257.87,77469.64,77206.53,77418.25,260.41653,0.0020760347231982834,0.0016851255453467218,0.005384552050929692,0.004623031406274292,-0.011741168369947541,0.002073882740990811,414.63000000000466,356.25999999999476,445.3899999999994,1.2943666825305775e-07,77216.17142857143,0.002617049870382442,77211.95,0.0026718662072386496,77515.25571428571,-0.0012514402925182162,76572.72300000001,0.011042143558091517,77277.38570762586,0.0018228397749775343,77257.0032179516,0.002087147770843536,75943.66678440919,0.01941680298077888,77214.74114285715,77504.13079895388,-0.0011080802799614707,31.900404036536877,51.064820598619484,159.52405634069873,275.13500282046823,-115.6109464797695,77.89080596429686,49.27343236781971,-18.664759296382357,0.16699620826615746,-22.10919403561506,400.8228571428585,0.0051773691234670545,0.06702436663098485,0.08194483648933494,0.08727181687179089,0.05716925338019996,816.167021,0.31907259580350156,35948.2657,37796.34955481955,39.5287544893548,-0.0013764196426552869,77311.69,1,0.0035120534650983654
2026-08-22 20:00:00+00:00,77418.26,77467.53,77258.0,77311.69,351.69043,-0.0013764196426553355,0.00043582902820626934,0.004324045974718027,0.004360969652878799,-0.008230697096851536,-0.0013773677782932226,332.8600000000006,335.6900000000023,-81.77000000000407,1.2916850994127587e-07,77219.46714285715,0.0011942954355310686,77199.49285714285,0.0014533404133207793,77466.38238095237,-0.0019968969273877757,76670.3296,0.00836517076874542,77284.24656610069,0.0003550973855434234,77261.97474359235,0.0006434634446329067,75997.31475364804,0.01729502220720046,77228.03980952382,77472.53952647354,-0.002076213422932554,23.16121211840452,45.0513030051811,148.9713483408268,249.90227192453995,-100.93092358371314,68.50564994137092,60.920699633297396,-17.753631847088172,0.13099246152241903,-31.49435005854101,373.85928571428667,0.004835740697354847,0.06514418466050936,0.07906527556833105,0.08415682260964884,0.3504919599381804,792.646235,0.44369154166178093,35596.57527,37586.84724197959,41.8956993973994,-0.005894063368683411,76856.01,0,0.003518157731102009
2026-08-22 21:00:00+00:00,77311.69,77311.69,76828.78,76856.01,472.54194,-0.0058940633686833666,-0.005201412516474102,-0.005589482767120013,-0.003552572655886932,-0.012514452972574475,-0.0059115019165470895,-432.0,-274.0100000000093,-764.8600000000006,0.0,77198.37999999999,-0.004434937624338632,77168.55214285714,-0.004050123193688402,77414.13047619048,-0.007209542660459508,76753.6346,0.0013338182684574595,77198.59925288055,-0.004437765143358719,77225.06885781123,-0.004779003285717392,76030.98907703439,0.010851113907379044,77182.24209523809,77439.26793613996,-0.007531811078340042,-6.307138046373647,39.282480144221516,102.65533667893033,220.45288487541805,-117.79754819648772,31.766411265240585,59.387622390302795,-81.23770154729817,-0.26729130664807355,-68.23358873466081,376.26142857142986,0.0048956669565779565,0.06791666553754652,0.0793707972880815,0.08361565334974826,0.3436303626459214,785.6253105,0.6014851274313655,35124.03333,37352.29353607677,34.78896677972536,0.0018443580404447226,76997.76,2,0.0019757182915814734
2026-08-22 22:00:00+00:00,76856.0,77155.46,76772.0,76997.76,933.98314,0.0018443580404448046,-0.005431406677366191,-0.003626516780129263,-0.003913440405835744,-0.018761819803746693,0.0018426593005564616,-280.25,-302.5100000000093,151.75,-1.3011344193851828e-07,77201.08428571429,-0.0026336972802325272,77153.35285714285,-0.00201667006527825,77374.49952380953,-0.004869039879134853,76840.1548,0.002051078637337529,77158.43140230444,-0.0020823570332411797,77204.40441619202,-0.0026765884375980053,76068.90166224874,0.012210749957656006,77159.4698095238,77360.181548273,-0.004684859071159884,-10.883097641778377,44.89460020987398,76.50569407569128,191.6634467154727,-115.15775263978142,45.74446055079302,48.67217391913484,-87.53524875859108,0.02826855123674194,-54.25553944910837,374.4957142857155,0.00486372219510945,0.06024094705529577,0.0772569586460694,0.08271934702687218,0.976508455524604,784.066021,1.1912047136127697,36058.016469999995,37229.02905359327,34.527412943658476,0.001002236948191717,77074.93,1,0.0020984520677541094
2026-08-22 23:00:00+00:00,76997.77,77126.53,76900.0,77074.93,442.95254,0.0010022369481916815,-0.0030624088026016683,-0.0023677849735936896,-0.0027648313555087567,-0.0170390677428085,0.001001735044064768,-182.93000000000757,-213.69000000000233,97.31999999999243,1.298739081411342e-07,77170.64428571428,-0.001240293982254689,77154.27714285716,-0.0010284218295538727,77308.06761904762,-0.0030156958546223517,76926.81719999999,0.0019253727814440332,77141.73112184356,-0.0008659531082866112,77192.63401472001,-0.0015248088917081146,76108.35375392526,0.01270000201554579,77149.01342857143,77294.59615944015,-0.002841934240616651,-7.570841749924394,50.32147790363358,61.30223398396629,165.59120416917142,-104.28897018520513,53.35423877559765,43.621703530543755,-74.99323296916302,-0.07142484858685418,-46.64576122430374,351.8342857142873,0.004564834320501916,0.06063398138489059,0.07651730953869726,0.08174770474478531,-0.5257381840961284,769.473493,0.5756566587790496,36500.96900999999,37159.690001822484,43.523553953413966,0.0029545274968138303,77302.65,2,0.002606796292505518
2026-08-23 00:00:00+00:00,77074.94,77359.53,77042.91,77302.65,422.64795,0.002954527496813908,0.005811386773786564,-0.001493187975703525,0.0038833239268492026,-0.014876385879954213,0.0029501714583636085,-115.60000000000582,299.02999999999884,67.33000000000175,1.29743874036773e-07,77174.16428571427,0.0016648798917995426,77177.6092857143,0.0016201682773405608,77255.29,0.0006130324538293749,77019.3458,0.003678351160443056,77173.91489747485,0.0016681167813783091,77202.63546792728,0.0012954808014846238,76155.18890083015,0.015067405330240332,77168.79647619047,77233.95379999907,0.0008894559532561763,-8.690505049452298,57.58131373813128,66.85778822566499,145.84452098047015,-78.98673275480516,68.38625702346846,55.828318783286385,21.874740292414142,0.0030789025704438984,-31.61374297640266,327.76500000000044,0.004240022819398769,0.061897391408610565,0.07521077028071947,0.07980142000787359,-0.045839199838429656,753.688238,0.5607729147014222,36923.61695999999,37137.20685498224,53.8460899686564,-0.0014535077387385891,77190.29,1,0.0024719586220741086
2026-08-23 01:00:00+00:00,77302.65,77400.0,77158.0,77190.29,315.9346,-0.0014535077387385353,0.0025004623511124535,-0.001570267057931507,0.0027469890098354988,-0.0024613356681087994,-0.0014545651058301896,-121.40000000000873,211.45999999999185,-5.80000000000291,0.0,77164.51142857142,0.0003340728911687989,77181.91428571429,0.00010851913123974952,77194.35142857142,-5.26130279776172e-05,77102.6486,0.001136684687119711,77177.1899179799,0.00016974033434001188,77201.51315266115,-0.0001453747757374189,76195.7811007976,0.013052020529676968,77170.48723809524,77150.52121006868,0.0005154701395086135,-22.483501680776918,51.42640759201927,61.485327438102104,128.97268227199655,-67.48735483389444,53.906129181845856,58.54887499363732,36.9252885298587,-0.12722442191360187,-46.09387081802527,314.1485714285726,0.004069793900613258,0.03802415782029713,0.04917637824593695,0.05310098274383853,-0.2524875608647812,578.667368,0.5459692691699423,36607.68235999999,37086.77595069822,50.85321580844936,-0.0014358023528605374,77079.46,1,0.002958562856471829
2026-08-23 02:00:00+00:00,77190.29,77232.55,77005.88,77079.46,272.44621,-0.0014358023528605601,5.877397488407432e-05,0.0029073848616394393,-0.0026983486830620684,-0.005247780601653651,-0.0014368341047716043,223.45000000001164,-208.54999999998836,344.8500000000204,0.0,77116.11285714286,-0.000475294407159092,77166.14214285715,-0.0011233183420866996,77180.00428571428,-0.00130272454173582,77170.07740000001,-0.0011742556578024324,77157.64393438392,-0.001013301215501047,77190.41741151013,-0.0014374505959541684,76230.43517527613,0.011137609575121925,77156.82666666666,77134.39416665805,-0.0007121876985168438,-22.939191916411417,44.62286251388071,47.73430742007622,112.72500730161248,-64.99069988153626,39.62317645234389,53.9718542192194,-31.05246397346307,0.09848887623726012,-60.37682354752724,307.9014285714293,0.003994597634329888,0.03787442061813672,0.04685456078797397,0.05009567554865697,-0.1376499756595193,550.3740489999999,0.49502008769222516,36335.23614999999,37015.200731584104,44.30283482155678,-0.001966671795573179,76927.87,0,0.0029910222035171284
2026-08-23 03:00:00+00:00,77079.46,77136.78,76837.0,76927.87,542.03792,-0.001966671795573194,-0.004848216717020737,-0.0009076887431530567,-0.004530913774824175,-0.0046747811271901085,-0.001968608233857852,-69.88999999999942,-350.1399999999994,-293.34000000001106,0.0,77061.28142857143,-0.0017312381276074348,77140.37428571428,-0.0027547738480915647,77153.42238095238,-0.002923426777346287,77206.0502,-0.00360308809062737,77111.68914750713,-0.0023838039282929693,77166.54946500922,-0.0030930431211965053,76257.78556055942,0.008787095435762712,77125.05704761905,77111.07351613417,-0.0023758392638100513,-30.514141410443063,41.77560335013474,24.324085953863687,95.04482303206272,-70.72073707819904,20.087375637892826,37.87222709069419,-93.925322116402,-0.06620001888831739,-79.9126243619783,311.740714285715,0.004052376782116948,0.037468231088826714,0.04594899033205869,0.049048158782268265,0.9895227024813447,545.7584684999999,0.9931827929098033,35793.19822999999,36898.81954095705,36.14807958223708,-0.004236046051970441,76602.0,0,0.0051049374841809865
2026-08-23 04:00:00+00:00,76927.87,77036.58,76477.04,76602.0,1142.31377,-0.004236046051970477,-0.007621295372772785,-0.00613597702910651,-0.008489233328492385,-0.007881694923815519,-0.004245043513144104,-472.929999999993,-655.8600000000006,-403.0399999999936,0.0,77024.99428571427,-0.00549164968640213,77111.68714285715,-0.006609726252168409,77120.69952380953,-0.006725814560971154,77249.2954,-0.008379304906902675,77009.7513180057,-0.005294801126183581,77115.226786372,-0.006655323569154004,76271.28416602769,0.004336046489690693,77053.2738095238,77060.28371904066,-0.005947080609144122,-54.615690229070104,41.01135163176393,-20.289780846767826,71.97790225629662,-92.26768310306444,11.668471968017053,23.793008019417925,-195.99564809678392,-0.8876021002481315,-88.33152803188958,324.9121428571442,0.0042415621375047645,0.040018631865097014,0.0471794641361495,0.049818794128024424,1.1074425383375393,559.3503525,2.0422151606634733,34650.88445999999,36684.730485627806,32.93061912703415,-0.007162084540873667,76053.37,0,0.004832221142677911
2026-08-23 05:00:00+00:00,76602.0,76730.99,75545.67,76053.37,2021.52468,-0.007162084540873637,-0.013312106753213038,-0.016160894872297327,-0.017629951594100968,-0.013088424007737243,-0.007187855390751536,-1249.2799999999988,-1364.8800000000047,-776.3500000000058,0.0,76890.08142857142,-0.010881916276141398,77045.58285714286,-0.012878257524284035,77065.59571428571,-0.013134599232041778,77280.1474,-0.015874418479693408,76818.47505440455,-0.009959909434061052,77018.69435124728,-0.012533636922548507,76262.73851245799,-0.0027453579105841965,76912.16485714287,76897.95715775978,-0.01098321969759307,-91.25367002260887,33.22153248130245,-98.77779864388867,37.826762076259556,-136.60456072014824,25.355967417294274,19.037271674401385,-336.2682621145963,-1.5847198963844744,-74.64403258265578,393.808571428573,0.005178055507975094,0.046475711656300066,0.055690428570600685,0.05884068952705417,0.7696754894235409,605.9610925,3.3360634948631858,32629.359779999988,36298.50470413944,26.856933122978248,0.0005730186578188679,76096.95,1,0.0028872870920352554
2026-08-23 06:00:00+00:00,76053.38,76357.51,75872.89,76096.95,788.44492,0.0005730186578187801,-0.01080128697180871,-0.014164216768715265,-0.015712242223653416,-0.011419793182290583,0.0005728545453176999,-1093.3399999999965,-1214.7400000000052,155.94000000000233,1.3148661274724703e-07,76750.37,-0.00851357459253929,76960.50714285714,-0.011220782904329903,77019.64142857143,-0.011979949678513225,77301.56640000001,-0.015583337519535667,76674.17004352364,-0.007528220301517205,76934.8994102248,-0.010891668367001504,76256.23700216552,-0.0020888390042246617,76785.68047619046,76845.36311309146,-0.009739209794480766,-114.76154880763781,26.1050122777676,-155.66911972545495,-0.8724142840833444,-154.7967054413716,28.65325342909255,21.89256427146796,-261.18979248176686,-1.5026432262037654,-71.34674657085547,386.16714285714363,0.005074673069776628,0.04663968002056331,0.05437857500687266,0.05715352718725786,-0.6099751203631112,592.4415515,1.3308400094531,33417.804699999986,36024.152322792834,19.795987705577616,-0.0011803363998161877,76007.13,1,0.0034378707834981036
2026-08-23 07:00:00+00:00,76096.96,76345.31,75907.82,76007.13,498.42122,-0.0011803363998161842,-0.007765724132529073,-0.013912007167668272,-0.01104506986506315,-0.014558404107764988,-0.0011810335454561257,-1072.3300000000017,-848.8799999999901,21.00999999999476,1.3141131161384385e-07,76565.2957142857,-0.007290061496902822,76869.73,-0.011221582279526415,76973.50476190477,-0.012554641560027079,77312.2544,-0.016881209972839487,76540.76203481892,-0.006971867285253293,76850.55673656799,-0.010974894293337546,76246.46810011982,-0.0031390057281805396,76658.56352380953,76800.87561726691,-0.010335111558134874,-161.10700334747435,25.294895221665627,-205.63321322553384,-41.824574072373444,-163.80863915316039,23.98478146747435,25.998000771287057,-203.3126127329849,-1.822722678438194,-76.01521853247367,395.75,0.005206748366896563,0.045670853738489045,0.05443907718714093,0.05734376152796795,-0.36784268963265054,580.893611,0.8580249645733184,32919.38347999999,35728.46005205066,19.514210136673285,0.006306776745813196,76486.49,2,0.0034947268926195743
2026-08-23 08:00:00+00:00,76007.12,76654.78,75952.09,76486.49,773.49224,0.006306776745813147,0.0056949481660051315,-0.005737582491234794,-0.00664006329534772,-0.01052751820918607,0.006286972254074725,-441.3799999999901,-511.2699999999895,630.9500000000116,-1.3156660446609539e-07,76464.75285714286,0.00028427663786163355,76814.63214285714,-0.00427187026355685,76942.86047619049,-0.005931290744405015,77329.06,-0.010895903816753772,76529.90762785514,-0.0005673288940352476,76817.45976051636,-0.004308522587809714,76255.88072364453,0.00302415071686359,76607.46485714287,76752.17395702339,-0.0034615821718893543,-156.4676094086425,37.27662297801226,-204.19592792532058,-74.29884484296286,-129.8970830823577,48.89993087207791,33.84598858954827,-115.31863585188135,-1.0673676904488651,-51.10006912787011,430.019285714286,0.005622160014327763,0.051155546340652856,0.05721753550365909,0.059578967327410054,0.5518846488919553,593.076017,1.3042042129966889,33692.87571999999,35534.59487756964,24.065668684819727,0.0008300812339537437,76549.98,1,0.0030686447391837205
2026-08-23 09:00:00+00:00,76486.49,76640.21,76467.0,76549.98,346.37256,0.0008300812339536723,0.0059533266444975474,-0.0006790945406125459,-0.006810904661217254,-0.009556905013959338,0.000829736907059212,-52.020000000004075,-524.9499999999971,389.35999999998603,0.0,76389.11285714286,0.002105890968494151,76752.61285714284,-0.0026400776416562795,76907.13238095239,-0.004643943544576168,77333.8866,-0.010136650755116605,76533.92210228411,0.00020981412261123451,76793.14341865123,-0.003166473044677795,76267.41402859965,0.0037049370953416323,76572.1779047619,76726.05132662489,-0.0022948050053475367,-135.37824914183906,35.20537348206514,-195.67810123226081,-98.57469612082247,-97.10340511143835,52.25718834875978,41.71396689610402,-66.83682228330848,-0.39818616657304334,-47.742811651188184,423.59785714285783,0.005533611597845647,0.05136851825904413,0.057017557933385,0.05928527485537521,-0.5521964641817221,586.815275,0.590258254609016,34039.24827999999,35392.18091589634,24.74261799910454,0.0031400400104612688,76790.35,2,0.004251492347563237
2026-08-23 10:00:00+00:00,76549.99,76924.29,76542.0,76790.35,533.71157,0.003140040010461309,0.010304559585396778,0.009690300377222183,-0.006627198420752545,-0.0027696100520987477,0.0031351203806935456,736.9800000000105,-512.2999999999884,789.0000000000146,1.306336070801468e-07,76369.46714285715,0.005511140418926179,76715.37428571428,0.0009773231895668115,76883.40523809523,-0.0012103423073815554,77284.533,-0.0063943324856473365,76585.20768182729,0.0026786154191155904,76792.88947150111,-3.3069096873201556e-05,76287.92132159574,0.006585953184990351,76577.20952380952,76711.15331047984,0.0010324012363576568,-75.7828282736418,41.5041946142777,-167.59982560400385,-112.37972201745876,-55.22010358654509,67.12289614034908,56.093338453728926,-25.166161698447365,-0.26937147262464034,-32.87710385959699,435.93785714285747,0.005676987500940571,0.05142251074448063,0.057063666963206326,0.05950317059959043,0.5408598475583632,586.7983475,0.9095314809131949,34572.95984999999,35314.15986200145,29.90080860173562,0.006780409257152731,77311.02,2,0.004237825402171353
2026-08-23 11:00:00+00:00,76790.35,77400.0,76744.94,77311.02,784.82342,0.006780409257152842,0.010780073709749205,0.015954253094243587,0.0015640568263186605,0.0043153422830666255,0.0067575256641527375,1214.070000000007,120.73000000001048,477.0899999999965,0.0,76470.75571428573,0.01098804736353998,76747.875,0.007337597295039071,76898.04333333333,0.0053704444061926995,77272.5392,0.0004979880355737594,76730.37014546184,0.007567405884233133,76839.9922468192,0.006129981789532284,76328.04283839592,0.012878322632813449,76656.62895238094,76729.22351720129,0.00758246279748003,13.94505050336066,57.26108368069771,-102.15627831002348,-110.33503327597171,8.17875496594823,95.20150135084113,71.52719527998333,48.314958542849226,0.30631231192815617,-4.798498649104952,448.23428571428565,0.005797805871844399,0.05695956546422428,0.059558222575865016,0.06100959635785839,0.4705010423513958,602.7751375,1.3020169067585308,35357.78326999999,35318.31447228702,36.98908023417762,-0.0013584091892721642,77206.0,1,0.0032617031354310122
2026-08-23 12:00:00+00:00,77311.02,77311.99,76975.63,77206.0,446.59889,-0.0013584091892722139,0.008569825883690596,0.015773125494937146,0.001641682492326657,-0.0010610960225265753,-0.0013593326634335602,1198.8699999999953,126.5399999999936,-15.200000000011642,0.0,76635.41714285714,0.007445419864802439,76762.74928571428,0.005774294412461922,76908.86095238094,0.0038635216272807707,77260.4588,-0.0007048728527611637,76825.49611636948,0.004952833406427391,76873.26567892655,0.0043283489797762455,76362.47253100785,0.01104636140022332,76717.71228571428,76721.44216326911,0.006315807198979774,87.47245790185599,53.36252777323064,-58.09633352630772,-99.88729332603893,41.79095979973121,89.53800024801976,83.95413257973667,52.09554528083395,-0.12502805531245428,-10.461999751926312,444.8699999999995,0.005762116933916972,0.05538341946016437,0.05802638245454458,0.05951201899010097,-0.43095621432907805,598.2290525000001,0.7465349403090941,34911.18437999999,35279.54017778349,43.746598343568195,0.0036476439654948493,77487.62,2,0.0036015764146900167
2026-08-23 13:00:00+00:00,77206.01,77765.8,77192.21,77487.62,955.92825,0.0036476439654948845,0.009080177392081001,0.013088978197326018,0.0072762966139579,0.0027124145665760047,0.003641007445789995,1001.1299999999901,559.75,-197.74000000000524,1.2952361208664068e-07,76834.08428571429,0.008505804687610667,76792.22714285714,0.009055510993960385,76918.36619047618,0.007400752742383241,77275.76479999999,0.0027415477614270434,76957.9208930956,0.00688297059948143,76929.1160717514,0.007259981093864056,76406.5959611644,0.01414830781605599,76814.36171428571,76764.2063169737,0.009423841106871896,165.1346127745966,56.251117109182154,-0.4489541826333152,-79.99962549735781,79.5506713147245,87.47010310203088,90.73653490029726,107.03262208366813,0.38519093528473325,-12.529896897924072,469.65999999999934,0.006061097243662836,0.05691089429499845,0.05954835918195344,0.061035340154939374,1.1404626643832456,627.6308295000001,1.5230740828330787,35867.11262999999,35335.49945894697,46.72353839600199,-0.0038924927620695455,77186.0,0,0.003260232809911185
2026-08-23 14:00:00+00:00,77487.62,77640.58,76802.0,77186.0,1015.68445,-0.0038924927620695993,-0.0016171045214512514,0.008308558669773758,0.007623821832328126,-0.0009301318985537321,-0.0039000882286268374,636.0200000000041,584.0,-365.10999999998603,0.0,77002.49428571427,0.0023831138976464035,76783.895,0.005236840355649979,76913.98476190477,0.00353661611652657,77275.0116,-0.0011518807717655114,77003.53671447648,0.0023695442223658275,76952.46915613762,0.0030347413984668343,76437.16082543247,0.00979679473283584,76866.86476190476,76789.1336287959,0.005168262128370617,192.83952859615422,48.27176479980457,20.660633100109408,-59.86757377786437,80.52820687797379,73.88441217402853,83.63083850802639,57.53741051019596,0.13822099947248231,-26.115587825926433,506.94285714285695,0.006567808373835285,0.05868385444064752,0.06359319152280483,0.06589464118182613,0.06251117696333375,666.0983615,1.5248265251865136,34851.42817999999,35289.39743238059,39.97451074117083,-0.00038698727748549404,77156.13,1,0.002607200945612048
2026-08-23 15:00:00+00:00,77186.0,77336.93,76913.49,77156.13,562.15936,-0.00038698727748553985,-0.0006459342538144286,0.004763358937678985,0.014499817693811812,-0.003385764984354389,-0.000387062176385912,365.77999999999884,1102.7600000000093,-270.24000000000524,0.0,77098.15714285713,0.0007519357049669971,76781.45499999999,0.004879759051192929,76909.14047619047,0.0032114456393644644,77272.7968,-0.0015098042885900859,77034.05537158118,0.0015846839145359864,76970.98377830692,0.0024054028233072874,76465.35569502336,0.009033820593625933,76916.4960952381,76792.42257811662,0.004736241020569495,170.22956226892836,49.48122004389212,34.58124270224653,-40.9778104818422,75.55905318408873,72.53899546419703,77.96450358008548,47.024339534594816,0.29671951140725245,-27.461004535757922,519.9028571428561,0.006738322115726246,0.05815478623804915,0.06425326548961659,0.0669275200096021,-0.44652164360692925,681.1855029999999,0.8252661830343956,34289.26881999999,35194.14708834434,36.07190993878479,0.0035480006578868066,77429.88,2,0.002568566871584698
2026-08-23 16:00:00+00:00,77156.14,77475.0,77156.13,77429.88,303.2396,0.0035480006578867407,-0.0007451512899736557,0.001537426359140115,0.0175162079426312,0.0015287468169431495,0.0035417213518241075,118.86000000000058,1332.9300000000076,-246.91999999999825,1.2960732990056888e-07,77223.85714285714,0.0026678654079882774,76806.485,0.008116437043043904,76909.69428571429,0.006763590976623279,77273.70079999999,0.002021117125013006,77113.22029726495,0.00410642561047704,77012.70161664266,0.005417007514344671,76503.18017757147,0.012113219610969898,77002.95276190477,76790.62489617904,0.008324650368260824,152.58666664817116,55.07081956183585,66.931221818435,-19.396004021786755,86.32722584022176,84.86935449722105,77.0975873784822,88.11504333717254,1.080755071669139,-15.130645502733906,526.4885714285701,0.0067995529817244105,0.05940578600912072,0.06459447446351235,0.06699571375621984,-0.4605807150484873,678.7629615,0.4467533103595153,34592.50841999999,35136.848167549644,38.818047359304344,-0.0032735424619023193,77176.41,0,0.003220533644451797
2026-08-23 17:00:00+00:00,77429.87,77443.95,77148.2,77176.41,396.15987,-0.003273542461902368,-0.0001242453294638679,-0.00038326036836511257,0.01538381991268456,0.004168834681894218,-0.0032789122239925304,-29.589999999996508,1169.2799999999988,-148.4499999999971,-1.2914910896559695e-07,77279.00857142858,-0.001327638298228753,76824.23785714286,0.004584128039278673,76903.25238095238,0.0035519644565159096,77272.7894,-0.0012472618207307715,77125.85823781198,0.0006554450523215539,77027.58419694788,0.0019321104848828918,76529.58134707848,0.008452008250090993,77052.2760952381,76796.99970949985,0.0049404311618336675,94.97670032518816,53.49353694238955,71.2940690254909,-1.2579894123312254,72.55205843782213,73.45245548680785,76.95360181607532,65.59899674025561,1.4766472544214588,-26.5475445131471,526.200714285713,0.006818154851796114,0.05656932597818548,0.0637224859847544,0.06671640418181851,0.30642524920887637,674.943858,0.5869523298920265,34196.34854999999,35047.27677540205,39.350058720344514,0.002145344672031161,77341.98,2,0.003133484000601874
2026-08-23 18:00:00+00:00,77176.41,77415.33,77116.0,77341.98,670.17194,0.002145344672031202,0.0024087522274638395,-0.001879526045579949,0.011184851076314173,0.00447051966187062,0.0021430467061825825,-145.63999999999942,855.4899999999907,-116.05000000000291,0.0,77283.43142857144,0.0007575824513262303,76877.09357142857,0.006047138451448845,76926.39380952381,0.005402387527812689,77269.9088,0.0009327201380104422,77169.08259024959,0.0022405010393664335,77056.16563358899,0.003709169332017986,76561.44011778128,0.010194947757225155,77121.30838095238,76809.45273559769,0.006933095412558473,67.16154881340806,60.89218214550803,87.1076493839937,16.41513834693376,70.69251103705994,80.91012688442501,79.7439789561513,67.06999837133358,1.6361102514620922,-19.089873115529958,507.61428571428405,0.006563243993938059,0.05669432525153941,0.06337150726318173,0.06620736119083867,0.691670435978283,661.753298,1.0127217227695438,34866.52048999999,35030.06189107805,47.851957095409986,5.210624294851045e-05,77346.01,1,0.003104744452407317
2026-08-23 19:00:00+00:00,77341.99,77487.04,77255.99,77346.01,294.93858,5.210624294860189e-05,-0.0010831735758858319,0.0020730443344647576,0.010398827014716394,0.003517096934113395,5.2104885465480135e-05,160.00999999999476,796.0299999999988,305.6499999999942,1.292958883301552e-07,77303.43285714286,0.00055077945808453,76969.425,0.004892657051809688,76942.97714285714,0.00523807203865472,77268.9754,0.0009969667593133123,77204.46807219967,0.0018333385532551866,77082.51512144454,0.0034183482225549557,76592.2075641428,0.009841764062302449,77183.83057142857,76814.3340738074,0.006921571769166425,32.771851847878786,72.66008470499793,98.8260083613568,32.897312349818364,65.92869601153843,77.82303437560235,77.39520558227841,74.6731503739981,1.7615189522351027,-22.176965624344824,439.45214285713985,0.0056816394647524054,0.056622748646066076,0.06338102844249877,0.06625675437913997,-0.5599061040962114,654.3525999999999,0.45073341192431926,35161.45906999999,35042.57590811823,61.1315497872535,0.0007187183928429024,77401.6,1,0.0031805248473765523
2026-08-23 20:00:00+00:00,77346.0,77460.0,77200.03,77401.6,169.97755,0.0007187183928429874,0.002917860522405835,0.003181471128735902,0.007959984555351074,0.0012800337375240556,0.0007184602384650095,245.47000000000116,611.25,85.4600000000064,-1.2928915137007301e-07,77291.14428571428,0.0014290862854534944,77062.6142857143,0.004398834862114758,76958.53285714285,0.005757219198546904,77274.08739999999,0.0016501340137472106,77243.89445775974,0.002041657057134798,77111.52283767685,0.003761787494895895,76623.94844398033,0.010148936093892382,77241.4539047619,76807.62583141544,0.007733270780798093,8.835488214417197,72.77472287648841,111.31536643921572,48.58092316769783,62.73444327151789,80.3980667175749,79.71040932586743,71.28805068068797,1.1964335139447353,-19.601933282371277,423.4057142857117,0.005470244985707094,0.05571952181467213,0.06318288648952096,0.06629508392938518,-0.4236849245019081,641.71908,0.26487844182494175,35331.43661999999,35070.086452106974,65.92858139384246,0.005576499710600169,77833.23,2,0.005727218071621565
2026-08-23 21:00:00+00:00,77401.59,78052.85,77401.59,77833.23,861.63202,0.005576499710600258,0.006351660508303603,0.0052092293052758976,0.006754664470860483,0.008329285976254264,0.005561008600187315,403.34999999999127,522.2099999999919,157.8799999999901,-1.291962958041319e-07,77383.60571428572,0.005810329999022884,77193.05,0.008293233652511264,76983.79857142858,0.011033898616775504,77290.17319999999,0.007026207569683629,77361.7615662078,0.006094334258258777,77177.13257970623,0.008501189385549647,76671.37125009876,0.015153749449860318,77344.20266666666,76858.68814279912,0.012679657703631653,41.39434342932582,78.47888061948352,154.26394765189616,69.7175280645375,84.54641958735866,89.54568822707476,82.58892977341733,130.92765781629532,1.6763557612947555,-10.454311772877643,438.67499999999876,0.005636088853051494,0.05867964404649445,0.06531889274241819,0.06808318068114758,4.069093065525418,669.003951,1.2879326328503433,36193.06863999999,35177.037136668216,73.56641604669383,-0.0030109247682511865,77598.88,0,0.006244809323535227
2026-08-23 22:00:00+00:00,77833.23,77979.0,77560.02,77598.88,587.36494,-0.0030109247682511553,0.0032693347724079835,0.005474082041390549,0.005088723674325779,0.006738760235216912,-0.00301546672150879,422.47000000000116,392.88000000000466,19.120000000009895,0.0,77446.85571428572,0.001962949745501978,77272.50642857143,0.0042236700543712615,77003.25523809523,0.007735059512264651,77291.747,0.0039736842796424,77409.18525296624,0.002450545712551476,77215.47325427839,0.0049654134017804025,76707.74414225176,0.011617286725257556,77398.31333333334,76890.39375422307,0.009214236150767696,44.93777777233093,68.78370848146349,167.46054036666465,89.26613052496293,78.19440984170171,71.37371125890132,80.43915540118367,111.22643216283969,1.0529057362025152,-28.62628874103561,418.4099999999983,0.005391959265391368,0.059599964164178516,0.06602424567639156,0.06877165273965724,-0.3183111509713856,684.7498875,0.857780265059397,35605.70369999999,35217.86252365219,65.53897339512832,0.001741262245022033,77734.0,2,0.006819850494218749
2026-08-23 23:00:00+00:00,77598.87,77829.7,77290.22,77734.0,661.20534,0.0017412622450221349,0.004294484868529791,0.005068657409598387,0.0031796046904009057,0.010479037051201345,0.0017397480054564607,392.0200000000041,246.38000000000466,-30.44999999999709,-1.2886783944965566e-07,77490.30142857143,0.0031448912565297115,77357.07928571428,0.0048724786117321965,77034.42380952381,0.009081345142607418,77276.32400000001,0.005922590210165616,77474.14820237299,0.003354045235169764,77262.612049344,0.006101113308917706,76747.98947000659,0.0128473792838408,77459.8458095238,76922.20447647126,0.010553461501185087,72.23973063097404,69.52101771338464,186.67017237548134,108.74693889506662,77.92323348041472,78.89598570335946,79.93846172977852,87.45619725742286,0.5471147580254282,-21.10401429657435,444.5721428571404,0.005719146613542783,0.0591460864188621,0.06715775415360177,0.07030610181770937,0.12571468770335503,690.7082585,0.957285991389435,36266.90903999999,35317.77171568532,58.8307550893032,-0.000701108909872128,77679.5,1,0.006609540737312203
2026-08-24 00:00:00+00:00,77734.0,77742.0,77142.85,77679.5,630.62998,-0.0007011089098721834,-0.0019751203952347307,0.004311663911299446,0.006393646516207552,0.014066212370434261,-0.000701354801661935,333.49000000000524,493.5,-58.529999999998836,0.0,77562.17142857143,0.001512703541785478,77420.59,0.0033442008127295354,77070.2157142857,0.007905573898651385,77260.7112,0.00542046265812771,77515.2185618984,0.002119344319082591,77300.51095394908,0.00490280130588908,76784.51929471221,0.011655744068054733,77502.83523809524,76969.24696131611,0.009227750909929621,70.5781818096265,65.61660244241153,195.2455801046017,126.04666713697364,69.19891296762805,71.4544578754869,73.90805161258255,68.30328052577022,0.6132943035515295,-28.54554212443665,460.06214285714043,0.005922568281942269,0.05664796142129139,0.06738460470457171,0.07120797468857554,-0.0462418527956836,665.124069,0.9481388652002788,35636.27905999999,35348.10574847719,51.7630679242367,-0.009750320226056992,76922.1,0,0.007051275823869712
2026-08-24 01:00:00+00:00,77679.51,77717.28,76918.0,76922.1,853.47221,-0.009750320226057041,-0.008721517630151387,-0.0061949623780387375,-0.0030332003432520516,0.011422636498553684,-0.009798165859165625,-479.5,-234.02999999999884,-812.9900000000052,1.2873409322615596e-07,77502.18857142857,-0.007484802456822653,77392.81000000001,-0.006082089537774895,77085.45857142856,-0.0021191879046446294,77232.3926,-0.004017648418676551,77396.59484951872,-0.006130694127322543,77266.10995813552,-0.004452274850149759,76789.91461648821,0.0017213899008999567,77436.3699047619,77127.62153734398,-0.0026646943500579553,14.154545452829929,43.693611887437214,139.31981031852774,128.70129577328447,10.618514545243272,9.601470999712935,53.317304859519766,11.485163597605903,-0.7298198086352146,-90.39852900020712,470.3635714285691,0.006114804086583218,0.06191529133505395,0.06264894463795034,0.06325409151400703,0.3533644721426026,606.7214455000001,1.40669530692993,34782.80684999999,35294.26775814603,42.036538170887255,0.00723576189417601,77478.69,2,0.0054662596795911145
2026-08-24 02:00:00+00:00,76922.11,77545.08,76883.61,77478.69,732.4439,0.007235761894176074,-0.0032844057941183724,-0.004555123820506934,0.0006303768002740018,0.018157626554020867,0.007209709366850377,-354.5399999999936,48.80999999999767,124.9600000000064,1.3000165095286244e-07,77521.14285714286,-0.0005476294024855253,77412.28785714286,0.0008577726443078556,77153.33095238094,0.004217044729019747,77222.9004,0.003312354219733508,77413.01387961498,0.0008483860412301013,77285.43541648684,0.0025005304359316852,76816.92541584162,0.008614827794473348,77447.82057142857,77204.70891702767,0.003548761297277524,14.893333331528593,53.85688139810254,138.3159757531539,130.62423176925836,7.691743983895549,54.098413079062894,45.051447318087575,26.469591220696223,0.37920089135335233,-45.90158692085716,493.585714285712,0.006370599635663762,0.06627550908708629,0.06382930398590063,0.06290185258699178,-0.1418069722504498,603.9213945,1.212813300984632,35515.25074999999,35315.31375737022,43.94486648814255,-0.007042839779557427,76933.02,0,0.004482887298039598
2026-08-24 03:00:00+00:00,77478.7,77532.37,76933.0,76933.02,1447.49069,-0.0070428397795574416,-0.009609742596180415,-0.008580793949603427,-0.0031536838782731946,0.012181620329566378,-0.00706775763955864,-665.8600000000006,-243.38999999999942,-311.320000000007,1.2906774746399534e-07,77454.20285714287,-0.006728916416635649,77372.67357142856,-0.005682284857620608,77193.14380952381,-0.003369778670572958,77204.9606,-0.0035223203002320833,77317.015103692,-0.004966501916518687,77253.39765135167,-0.0041471011125949414,76821.47814463213,0.0014519618479336437,77383.9181904762,77239.4907681012,-0.003967798920649504,-36.87171716724697,42.70101811963758,92.42401447541488,122.98418831048967,-30.560173835074792,10.474477355390233,24.72478714472202,-27.34272634076521,-0.2891669138926456,-89.52552264452981,495.4271428571405,0.006439720458876227,0.07176570611234116,0.06479036749806232,0.06238308525178698,0.9762478600750175,651.3748680000001,2.2222083797033716,34067.76005999999,35196.49911952543,31.19775439357656,-0.0004624802198068104,76897.44,1,0.0032837415237627634
2026-08-24 04:00:00+00:00,76933.02,77247.12,76670.01,76897.44,1191.36747,-0.00046248021980677123,-0.00032058407141777323,-0.010761828800782136,-0.005747719414475716,0.005372844276159139,-0.0004625871967680514,-836.5599999999977,-444.5399999999936,-170.6999999999971,0.0,77320.51857142858,-0.005471750309560186,77352.06214285715,-0.005877311221742512,77235.53952380952,-0.004377512294133574,77173.50940000001,-0.0035772560059320556,77233.1000829536,-0.004346065127426939,77221.03786486515,-0.004190540218216628,76824.45704092107,0.0009499964189796305,77320.5537142857,77263.13271105017,-0.00473308159038528,-75.25070706158516,45.91635721383852,52.57721843756735,108.90279433590521,-56.32557589833786,16.44658818083374,27.00649287176229,-100.83709632166094,-0.6876415151360113,-83.55341181909395,476.7507142857118,0.006199825563578002,0.06859812930602334,0.06378036296242276,0.062473843589912564,-0.1769429135326599,672.2686295000001,1.7721598446209033,32876.392589999996,34975.53659290396,30.627066484102173,0.0032765720159213603,77149.4,2,0.00427170592570078
2026-08-24 05:00:00+00:00,76897.44,77226.93,76842.72,77149.4,884.51745,0.003276572015921353,-0.004250071858468596,-0.006824194285493634,-0.0025419540064186563,0.007830439668305544,0.003271215750770142,-530.1000000000058,-196.61000000000058,306.45999999999185,0.0,77256.30714285714,-0.001383798252995202,77351.58142857142,-0.002613798255154203,77267.10666666666,-0.0015233735511082974,77148.2778,1.4546014920866579e-05,77216.36006636289,-0.0008671746027052586,77214.5253316956,-0.0008434336857713615,76837.19990206142,0.004063137364928854,77293.53209523809,77268.71203002389,-0.0015441182710219528,-92.0738047026446,49.910391163024364,40.85842133172264,95.2939197350687,-54.43549840334606,34.66706198834637,20.529375841523446,-76.22479807993443,-0.03499774089000636,-65.33293801158132,473.94857142856927,0.006143256738595027,0.06940476798213367,0.06448034204600006,0.06307700838614859,-0.2575611872296629,699.1758739999999,1.265085771536126,33760.910039999995,34859.85787357977,38.718010344858904,0.004082079705091777,77464.33,2,0.00418695104226315
2026-08-24 06:00:00+00:00,77149.39,77525.09,77071.0,77464.33,745.9839,0.004082079705091779,0.006906137312690852,0.007049079523309798,0.0008104483628244008,0.008776884074626512,0.0040737706222825805,542.2299999999959,62.729999999995925,1072.3300000000017,-1.2961863598111172e-07,77217.78285714285,0.003192880366861476,77354.04214285714,0.0014257542862359865,77310.64714285715,0.001987861476037918,77128.16440000001,0.004358532354751445,77265.95405309032,0.0025674431816809645,77237.234846996,0.002940228938204062,76861.79323923547,0.007839223304211796,77308.56523809524,77292.58473471036,0.0022220147751446226,-83.0445117744458,50.453720507980876,56.334025635325816,87.50194091512013,-31.167915279794315,57.44120794881737,36.18495270599916,14.232374812147034,0.1581935192246232,-42.5587920511103,483.6071428571408,0.006242965541135313,0.06997638815516725,0.06482088422293397,0.06329934146593615,-0.1566204827276162,709.7894905,1.0509931606249232,34506.893939999994,34826.242260857885,41.398739479720305,-0.002029062924832727,77307.15,0,0.005962995474658784
2026-08-24 07:00:00+00:00,77464.33,77790.19,77281.68,77307.15,681.33125,-0.0020290629248327363,0.00532800571774561,-0.0022140281411573426,-0.006759066789339241,-5.005754677678276e-05,-0.0020311242618695686,-171.54000000000815,-526.0800000000017,-713.7700000000041,0.0,77164.59,0.001847479523962945,77363.38071428573,-0.0007268388967307308,77335.25666666667,-0.00036343923687768816,77126.6924,0.002339755464477716,77274.19324247225,0.000426491123942689,77243.59076999636,0.000822841472930649,76879.25821024584,0.0055657637666582304,77302.31295238095,77308.49323636814,-1.7375016792043805e-05,-52.413535347183,51.76670900766867,55.27822814515093,81.0571983611263,-25.778970215975363,46.0747447282067,46.06100488845681,51.13114289155679,-0.050241764248731224,-53.925255271720985,498.8042857142843,0.006452240002564806,0.06628996662694847,0.06378816749275408,0.06344182520663263,-0.0866676211108578,704.614882,0.9669555205321835,33825.56268999999,34730.9394445857,46.8140562756728,-0.0034366808244773355,77041.47,0,0.005918566647565817
2026-08-24 08:00:00+00:00,77307.14,77414.88,76838.0,77041.47,921.46444,-0.003436680824477345,-0.0013989739388768907,0.0014096677863419949,-0.007183222232073461,-0.002131051990777899,-0.0034425997769465242,108.44999999999709,-557.4100000000035,279.99000000000524,-1.29354141172727e-07,77181.64285714286,-0.0018161424394956324,77341.91571428571,-0.0038846427776059707,77322.42095238095,-0.003633499170363198,77117.8,-0.0009897844596189304,77227.64859397779,-0.0024107764170914663,77225.21615454214,-0.002379354357188543,76885.61945690287,0.002027044123439559,77259.39152380954,77299.59890528081,-0.0033393304614310953,-48.158383832546974,46.046139555276035,32.627238907603896,71.37120647042182,-38.74396756281793,26.862109860846868,43.45935417929031,-92.1436350760526,-0.4652746196461054,-73.13789013908082,518.6292857142845,0.006731819703262123,0.06726060216451632,0.06509055303007379,0.06487578584591865,0.3524470512691147,728.3581594999999,1.2651254440964836,32904.09824999999,34556.95456891088,39.43739978838091,0.006653689240353288,77554.08,2,0.007261424507230062
2026-08-24 09:00:00+00:00,77041.46,77602.8,77028.0,77554.08,523.00977,0.0066536892403532555,0.0011585977700963035,0.008539165933222126,-0.0023145599094347435,0.0008576853954218588,0.006631651152479904,656.6399999999994,-179.91999999999825,548.1900000000023,-1.2980022311050373e-07,77192.41285714286,0.004685268013664269,77356.77785714285,0.002550547583839561,77338.9961904762,0.002781052510612789,77123.098,0.005588235057673617,77292.93487518224,0.0033786415956319022,77255.11286776558,0.00386986855803509,76911.83359584787,0.008350423779089235,77287.6800952381,77290.79973137438,0.0034063597419181878,4.6801346795669,52.41448295212034,55.40088279376505,68.17714173509047,-12.776258941325423,63.931474357073895,45.62277631537582,28.19512447002384,-0.35865143975136404,-36.06852564285379,543.182857142857,0.00700392367677948,0.07026045052996836,0.06510677187374204,0.06373577640994953,-0.4324145921463882,706.7122354999999,0.7400604428890775,33427.108019999985,34449.35013568127,40.70772389952814,0.0008141415641833339,77617.22,1,0.008010082341926605
2026-08-24 10:00:00+00:00,77554.08,78017.0,77534.09,77617.22,1113.08488,0.0008141415641833571,0.00401088385744397,0.006063819031645101,-0.0008017559330325552,0.005586764439146963,0.000813810330708526,467.820000000007,-62.279999999998836,-188.81999999999243,0.0,77290.1557142857,0.004231642214867985,77372.17928571429,0.0031670390642719692,77345.16761904761,0.0035173804560401033,77131.23139999999,0.006300801778720277,77357.79190014579,0.003353613042485468,77288.03169796872,0.0042592403351362496,76939.49580777541,0.008808534356889944,77322.40571428572,77330.38527170384,0.0037092111630939325,59.73144780420711,52.49771797385399,77.64894130520406,70.0715016491132,7.57743965609086,68.4974400508601,53.09700808959362,141.45299914460878,0.023634361733051133,-31.50255994906758,559.1071428571429,0.007203390470016005,0.06872525139976249,0.06227488419959381,0.060274223684437175,1.1282296122307622,711.582257,1.5642392275085013,34540.19289999999,34458.00182752115,46.89633024507202,0.01064750837507441,78443.65,2,0.009159912879402182
2026-08-24 11:00:00+00:00,77617.23,78600.0,77450.0,78443.65,1324.46087,0.010647508375074333,0.018200327693643326,0.012642205773934823,0.019780401211095144,0.0166872029481,0.010591222839082343,979.3199999999924,1521.5499999999884,511.49999999998545,1.2883738936747774e-07,77511.04285714286,0.01203192614213648,77415.7807142857,0.013277257895360866,77405.05571428571,0.013417654391308521,77158.8646,0.016651170369865406,77574.96352011664,0.011198026276326612,77393.08790724429,0.013574365891884158,76998.4822466862,0.018768782333706015,77465.26847619047,77411.3756727237,0.01333491774697918,109.60451177122582,56.47847442428147,160.12090804432228,88.08138292815502,72.03952511616725,91.89892175602338,74.7759453879858,237.13546162073985,0.9129209869554957,-8.101078243924807,594.731428571428,0.007581638903485756,0.07784541441359892,0.06876357046150519,0.06531814403868645,0.1899010522899205,749.6973325000001,1.7666607743975575,35864.65376999999,34591.9686791858,48.93390812143226,0.00913190551434069,79159.99,2,0.008420711951936423
2026-08-24 12:00:00+00:00,78443.65,79326.48,77982.0,79159.99,1858.84351,0.009131905514340621,0.02070696989765075,0.023967252705603626,0.021700160392489787,0.022344216470437495,0.009090461780943688,1852.840000000011,1681.300000000003,873.5200000000186,0.0,77798.27,0.017503216973847664,77527.28857142858,0.021059699863837482,77500.47761904763,0.02141293101585341,77202.5444,0.025354677299987808,77891.96881609331,0.01627922882396943,77553.71537022208,0.020711768896047703,77083.24725662007,0.026941557566537898,77697.82971428572,77570.96665129246,0.020484769203028223,223.62875418164765,65.03053072021878,280.05488873115974,126.47608408875598,153.57880464240375,93.73266025963296,84.70967402217215,300.1962269020681,1.9058953778023624,-6.2673397403293825,660.8385714285707,0.008348138642116584,0.08278888691737646,0.07732428295855279,0.07522642278612705,0.4034718217081037,827.477528,2.246397572258607,37723.49727999999,34890.20949831096,58.16290135367247,-0.007099546121721339,78597.99,0,0.007428276673241476
2026-08-24 13:00:00+00:00,79159.98,79450.0,77851.9,78597.99,3300.58408,-0.007099546121721367,0.012635984643613929,0.020203664338180438,0.021641812579306086,0.01841987726560479,-0.007124867818835087,1556.520000000004,1664.9700000000012,-296.320000000007,-1.2632644356464797e-07,77960.22142857143,0.008180692149686917,77589.00214285715,0.013004263868287558,77556.1019047619,0.013433992550547665,77231.9038,0.017688107281902683,78033.17305287466,0.007238164552691287,77648.64942747462,0.012226105405890851,77142.64893283106,0.018865583270754823,77840.5899047619,77757.61296790213,0.010807649566670364,240.52861949946512,57.686730094642655,325.99684067975613,166.38023540695602,159.61660527280011,69.35204802892504,84.9945433481938,200.38022513700474,2.178684669295271,-30.647951971038985,736.4542857142858,0.009369887012559435,0.0865111721199237,0.08825456882791897,0.08929286255123826,0.7756115898104841,972.6987385,3.3932233582274836,34422.91319999999,34845.70508894801,48.558833218162064,0.011615182525659918,79510.92,2,0.006633796487797526
2026-08-24 14:00:00+00:00,78597.99,79841.12,78597.99,79510.92,3230.14333,0.01161518252565985,0.013605562719225972,0.025231941375618128,0.03398656704306413,0.028043502377363527,0.011548244128943957,1956.8399999999965,2613.479999999996,400.31999999999243,0.0,78275.0457142857,0.01578886699377197,77719.81785714286,0.02304562970218677,77667.26904761905,0.023737810985095344,77276.1168,0.02891971404028891,78328.72244229974,0.015092772112695968,77817.94675224966,0.021755563059769084,77235.52230801416,0.02946050760052553,78096.84561904761,78000.57898751363,0.01936320258248506,287.69818178330996,64.13472996571738,431.10250855195045,219.32469003595492,211.77781851599553,89.58724232206096,84.22398353687298,241.5407656363339,2.6229534856616312,-10.412757677907512,782.4528571428569,0.009840822583147661,0.09444648557692867,0.09402005269190059,0.09382597742017557,-0.021341904430442593,1100.697308,2.934633624085383,37653.05652999999,35113.07189285772,59.1517599835526,-0.005167969380809623,79100.01,0,0.0028032958267983966
2026-08-24 15:00:00+00:00,79510.93,80000.0,78824.78,79100.01,3666.17565,-0.005167969380809656,-0.0007577060077952336,0.019103879268028257,0.025283540766357193,0.022677317162191013,-0.005181369522188126,1482.7899999999936,1950.6100000000006,-474.0500000000029,1.2576888803149534e-07,78569.12285714285,0.006756943740130772,77875.38285714286,0.015725471874772218,77750.98476190477,0.017350587162674586,77312.3446,0.02312263855467106,78482.9799538398,0.007861959962823835,77934.4979565906,0.014955020869686904,77308.63947240576,0.02317167317675556,78280.87123809522,78196.84478437983,0.011549893325114819,293.4294275738603,67.75870644722329,475.7582596364082,270.6114039560456,205.1468556803626,72.973192111666,77.30416082088401,188.07783321382888,2.816722910396553,-27.026807888303978,809.3057142857142,0.010231423665884542,0.09721217373770882,0.09896749067714729,0.09998137626087115,0.13498853625173357,1269.2591615,2.8884374138883158,33986.88087999999,35005.81560591889,51.29534132857617,-0.0006625789301415884,79047.6,1,0.0025859002259361564
2026-08-24 16:00:00+00:00,79100.01,79877.87,78901.1,79047.6,1877.28842,-0.0006625789301415441,0.0057203752920398365,0.007699157293165282,0.020438697397886285,0.02126571026955526,-0.0006627985325688633,603.9500000000116,1583.270000000004,-878.839999999982,0.0,78782.48285714285,0.003365178822021778,77987.44785714286,0.013593881733367048,77832.01285714286,0.015618086931508252,77353.2242,0.02190439787770329,78595.90396307183,0.00574706841135635,78035.689051446,0.01296728408314409,77376.83400289965,0.021592586704151363,78437.16685714286,78276.87715040072,0.00984611136336491,293.0416161260964,63.939002482174146,501.14235795459535,316.71759475575556,184.4247631988398,71.39931351143076,77.98658264838592,147.65667959259238,2.7961398975050082,-28.600686488539207,831.8271428571419,0.01052311699352202,0.09741493427347961,0.10213299884294094,0.10430314112571752,-0.48794367776677583,1354.624705,1.385836544298529,32109.59245999999,34729.98483011709,45.47491633954919,-0.003623892439492235,78761.14,0,0.002622287479395226
2026-08-24 17:00:00+00:00,79047.61,79198.0,78468.61,78761.14,1637.93002,-0.003623892439492238,-0.009429899691765553,-0.005038530196883606,0.018807962782226628,0.011921771716270957,-0.0036304746446460096,-398.8500000000058,1453.9900000000052,-1002.8000000000175,1.2650605451349797e-07,78945.90000000001,-0.0023403368635990843,78118.02785714285,0.008232570131355886,77896.75285714286,0.011096574775618153,77388.8704,0.017732131156678335,78628.95117045747,0.0016811724889469846,78101.63913767818,0.008444135995138779,77431.12051258986,0.017176807963070518,78540.32580952381,78324.06773063108,0.005580306054482157,242.326127916755,67.0261671656946,492.46765027848596,351.86760586030164,140.60004441818432,62.79688527591294,69.05646363300323,86.29062464974444,2.0891154046563996,-37.20311472405703,841.1142857142851,0.010679305628565996,0.09724472797301913,0.10247507674632235,0.10517863362041512,-0.12750219809058427,1393.439605,1.1754582072459643,30471.66243999999,34324.43031677261,45.03512410330082,0.002123001266868489,78928.35,2,0.002451803822109834
2026-08-24 18:00:00+00:00,78761.14,79084.22,78718.01,78928.35,783.83103,0.002123001266868485,-0.0021701640745682704,0.004203160920527305,0.024491744511105473,0.017132592635357602,0.0021207508841596333,330.3600000000006,1886.8800000000047,729.2100000000064,0.0,79015.14285714286,-0.0010984332117169892,78263.09285714287,0.008500266454731788,77948.90142857142,0.012565264596141745,77421.67719999999,0.01946060657027455,78688.83093636598,0.0030438762500832896,78176.79467061654,0.009613534713849512,77489.83539444908,0.018563913553673043,78648.36876190477,78353.23398869351,0.007340041782952836,162.4822222025277,68.46218039723021,493.39774938946357,380.17363456613407,113.2241148233295,66.10847564830313,66.76822481188226,83.78114712313327,1.8899279190822218,-33.891524351665254,826.0499999999998,0.010465821216330879,0.09641292656522972,0.10230903090849233,0.10506080878612778,-0.5214502326540178,1403.2629095,0.5585774587876268,31255.49346999999,34032.150617079984,49.28089054422617,-0.0021582865979081762,78758.0,0,0.0027256691102247317
2026-08-24 19:00:00+00:00,78928.35,79118.42,78600.0,78758.0,1063.06502,-0.0021582865979081767,-0.0036636153406303107,-0.009469391122628124,0.015523619131321054,0.013173128875395568,-0.002160619055105915,-752.9199999999983,1203.9199999999983,-1083.2799999999988,0.0,78957.71571428572,-0.0025294008632215387,78377.99285714285,0.004848390842947154,78004.09761904762,0.0096649074082523,77451.277,0.016871548806096266,78702.66474909279,0.0007030924694052487,78229.6315187423,0.0067540709447302455,77539.5673397648,0.01571368917879332,78714.35638095238,78387.947000544,0.004720789529714726,84.8726599223726,64.84337224865044,474.91451935518126,399.1218115239435,75.79270783123775,60.721062618576624,63.20880784759756,68.14385500433953,1.8767345581876802,-39.278937381391756,835.6364285714288,0.01061017837643691,0.09693628692640908,0.10219428150532711,0.10486779355739978,0.3562425820268942,1423.3558935,0.7468722508923613,30192.428449999992,33666.4627916438,45.038935041370706,0.002213489423296703,78932.33,2,0.004574066130202835
2026-08-24 20:00:00+00:00,78757.99,78996.0,78560.0,78932.33,421.20967,0.0022134894232967994,0.0021735338010597793,-0.002119848025303628,0.01694353392198278,0.016128193410101854,0.002211043264615804,-167.67999999999302,1315.1100000000006,585.2400000000052,-1.2697122825314486e-07,79005.47857142858,-0.0009258670759452031,78482.84999999999,0.005727111082230128,78061.16095238096,0.01116008315774938,77484.7664,0.018681912164866383,78748.59779927423,0.0023331488542068534,78293.51319885664,0.008159255793271515,77594.18548330344,0.01724542255791162,78788.26800000001,78413.86565542407,0.006611896253836305,6.291178450416213,63.90683556949916,468.92789161486144,413.0830275421271,55.84486407273431,66.23434535102275,64.35462787263417,61.73010561549673,2.4543404999930245,-33.76565464894563,834.3442857142862,0.01057037446777861,0.09694070198304228,0.10154237342753726,0.10388323489285049,-0.6037780737061595,1412.884878,0.2981203044624149,30613.638119999992,33375.71758482058,44.275612941207456,0.0006575252497930085,78984.23,1,0.004617538133456143
2026-08-24 21:00:00+00:00,78932.33,79049.4,78853.43,78984.23,302.47665,0.0006575252497929007,0.0007079838866514976,-0.0008016688678721406,0.006891316250582369,0.026808030461986654,0.0006573091747771742,-63.370000000009895,540.5800000000017,104.30999999998312,0.0,78930.23714285715,0.0006840579617811496,78602.64142857143,0.00485465328509761,78123.29095238095,0.011020260886651702,77516.086,0.018939862366115612,78795.72423941939,0.0023923348938050637,78356.30563532423,0.008013705592478593,77648.69703297783,0.017199682905882422,78855.11866666666,78457.68286304969,0.006711224672151027,-25.63973063662328,66.21087633133048,463.0337770990591,423.07317745351355,39.96059964554553,67.87571157493096,64.94370651484344,66.08723542365631,1.8440680361368165,-32.124288425037406,812.0199999999999,0.010280786430405026,0.08857006430763553,0.09926324297361515,0.10306533216837747,-0.2818857886144922,1385.3351,0.21834186544452794,30916.114769999993,33141.46969769481,43.347801786574145,-0.0030921362403608407,78740.0,0,0.005668429359070642
2026-08-24 22:00:00+00:00,78984.23,78988.0,78692.0,78740.0,351.77026,-0.0030921362403608654,-0.0002285482109753989,-0.00026840647557924147,-0.005305584298330612,0.016279444063909576,-0.0030969267714908103,-21.139999999999418,-419.99000000000524,42.23000000001048,0.0,78878.80714285714,-0.0017597520536250899,78723.965,0.00020368638698525015,78209.85761904762,0.0067784598654385434,77544.6522,0.01541496113641719,78784.57939153552,-0.0005658390497202556,78391.18694120385,0.004449646349375564,77691.49322776301,0.013495773200846254,78873.43314285713,78493.13982919753,0.003144990394569949,-26.590774407551553,66.48658092677877,433.6564078675874,425.18982353632833,8.466584331259071,57.60430686404522,63.904787929999635,48.03054704387003,1.4465604410979733,-42.39569313592113,791.9571428571425,0.010057875830037241,0.08702291123429597,0.09789655424699825,0.10225081061511244,0.16296666205474053,1366.301418,0.25746168112352974,30564.34450999999,32896.02920362864,44.457728609223665,0.00320993141986284,78992.75,2,0.005329472573399985
2026-08-24 23:00:00+00:00,78740.0,79017.76,78622.13,78992.75,636.71946,0.0032099314198628104,0.0007654658110307633,0.0008159298908438917,0.005022520296002364,0.026773029318230224,0.003204790588209682,64.39999999999418,394.75999999999476,85.5399999999936,0.0,78870.97142857143,0.0015440227148572248,78826.72714285714,0.002106174684152185,78281.95571428572,0.009079924986909271,77587.387,0.018113292048358057,78826.21351322842,0.0021127043828336823,78445.8744920035,0.006971373721536427,77742.52290510564,0.016081637798407995,78909.27114285713,78576.63301827309,0.0052956835352074355,-48.19683501099295,64.70614692328644,425.86039028888626,425.32393688683993,0.5364534020463338,60.499999999976275,61.99333947965082,49.22117183407351,0.6999929248575236,-39.49999999998451,779.1592857142844,0.009863680979764275,0.08221015108284815,0.09708002142110798,0.10211601016887184,0.8100434641632297,1325.7628565,0.4802664796933989,31201.063969999992,32734.603943283055,44.77579419573904,0.009459602305274917,79739.99,2,0.005981769956209675
2026-08-25 00:00:00+00:00,78992.76,79888.0,78715.63,79739.99,1133.49463,0.009459602305274872,0.009568492343345003,0.012468447649762737,0.002880987919646749,0.036965469851792276,0.00941514044182533,981.9900000000052,229.07000000000698,917.5900000000111,1.2659389620897086e-07,79010.80714285714,0.009228900241766163,78978.35357142857,0.009643609851686743,78415.62095238095,0.016889097242796546,77642.2316,0.02701826514733998,79008.96881058274,0.009252382361423039,78563.52135636681,0.014974744300178205,77820.85494804267,0.024660935082743862,79031.03952380952,78687.737498586,0.01337250929896043,37.792188547607864,69.03662278993122,474.50817833647307,435.1607851767666,39.347393159706485,89.8035294117297,69.30261209191707,95.75194923253383,0.7326933719925843,-10.19647058823109,828.4064285714267,0.010388845403309132,0.08675229225985667,0.1008079031906078,0.10497592067777754,0.7802104399322112,1322.8692145,0.8568455729220109,32334.558599999993,32696.504386779907,44.89049575094069,0.0011037122026224828,79828.0,1,0.005090283172867183
2026-08-25 01:00:00+00:00,79739.99,79985.41,79478.0,79828.0,1067.23419,0.0011037122026225088,0.013817627635255292,0.011347314845513878,0.009203412237242414,0.0347196478520897,0.0011031035601123435,895.6699999999983,727.9900000000052,-86.32000000000698,0.0,79139.32857142857,0.008702012526551131,79077.23571428572,0.009494063353793223,78555.17142857143,0.01620298890934143,77697.293,0.027423181911884205,79172.7750484662,0.0082758871484888,78678.47396033346,0.014610426229747037,77899.56651870767,0.024755381415751437,79144.32571428572,78784.4587159471,0.013245522036463031,95.59225588066863,64.30979911374031,514.2357823243365,450.97578460628057,63.2599977180559,91.99292397928777,80.76548446366458,123.49427203385325,1.5649382382424526,-8.007076020665679,782.5071428571412,0.009802414476839346,0.08661473944580142,0.10115948865585049,0.10566240888598595,-0.058456774515111776,1332.0050514999998,0.8012238307935567,33401.79278999999,32763.674710896106,44.28936898720631,0.01029250388334926,80649.63,2,0.005467675489630007
2026-08-25 02:00:00+00:00,79828.0,81272.62,79742.0,80649.63,3314.90532,0.010292503883349235,0.020975089486060527,0.02108522169552085,0.02026664946184331,0.04111957077534911,0.01023989673021888,1665.4000000000087,1602.0299999999988,769.7300000000105,0.0,79409.56142857144,0.015616111575480558,79183.63857142857,0.018513817437790497,78721.84904761905,0.024488512092936374,77764.2326,0.03710442839244278,79468.14603877296,0.01486739052211658,78857.66996393951,0.02272397899760304,78007.41214542501,0.033871369167448005,79353.97828571429,79021.91411398016,0.02059828471975537,189.5012794383098,65.07012844047964,605.0442950518773,481.7894866953999,123.25480835647738,81.7877522860448,87.86140189235408,199.88918845269615,1.4321429056537038,-18.212247713925965,795.8028571428555,0.009867408655722854,0.09152525654316984,0.1082551386687172,0.11311455300929314,2.1060711426420853,1460.4511225,2.2697817605311403,36716.69810999999,33140.15312985838,48.00419747836354,-0.0020039769556290574,80488.01,0,0.005476593088363093
2026-08-25 03:00:00+00:00,80649.62,80956.0,80314.31,80488.01,1359.49076,-0.0020039769556290388,0.009380738572954295,0.022199771399542767,0.021925406361563482,0.041145741370623545,-0.0020059876040929127,1748.0099999999948,1726.8699999999953,82.60999999998603,-1.239931294081957e-07,79631.80142857143,0.010752093461009542,79318.64,0.01474268847776488,78865.83380952381,0.02056880796307851,77830.187,0.0341489992822445,79672.11883101836,0.010240610905705863,79005.88269449046,0.018759708200980274,78104.69049266326,0.03051442227481312,79527.89447619047,79128.67924126408,0.017178736859631973,230.81973061175216,70.8061242011211,656.402710493101,516.7121314549402,139.69057903816088,72.01828809452455,81.93298811995237,187.4864082452684,1.7547406125485732,-27.981711905439788,727.4878571428552,0.00903846246345072,0.09151053342098843,0.10868074791667277,0.11368111057954408,-0.5898854933208169,1494.3590980000001,0.9097483742820496,35357.20734999999,33351.30115082425,58.95879760625204,-0.0015440809134180215,80363.73,0,0.0059550165499111995
2026-08-25 04:00:00+00:00,80488.01,80608.0,80150.0,80363.73,898.81211,-0.0015440809134180666,0.006711053765595887,0.017355769991549863,0.018185860973908508,0.043123008945701535,-0.001545274234899798,1370.979999999996,1435.37999999999,-377.02999999999884,0.0,79828.87285714285,0.006700046282931837,79379.55500000001,0.012398343628910187,79011.38523809524,0.017115821445599748,77895.8724,0.03168149381943338,79810.44106481469,0.006932538246918984,79129.32335862769,0.015599863476372043,78193.28027726471,0.02775749674446553,79667.2398095238,79228.80871688049,0.014324603657427994,253.73447808372217,61.36071168779208,679.2463384257426,549.2189728491007,130.02736557664184,67.58606424368398,73.79736820808445,143.22678224925107,1.6649841361407218,-32.41393575628036,671.4071428571416,0.00835460403414741,0.09024781926180235,0.1081887576050451,0.11323223269013835,-0.3388611850513791,1493.2264815,0.6019261787378085,34458.39523999999,33456.7386831267,48.931228108315935,0.004581295567042474,80731.9,2,0.0069397517878095885
2026-08-25 05:00:00+00:00,80363.74,80821.53,80322.0,80731.9,994.03992,0.004581295567042565,0.001020091474691176,0.01243930429386797,0.025062850758018174,0.040975536038851734,0.004570833373936174,991.9099999999889,1973.8999999999942,-379.070000000007,1.2443424427055715e-07,80113.43000000001,0.007719929105519247,79496.11857142858,0.015545179447484929,79187.12,0.019507970488129626,77971.95300000001,0.03539666372086319,79994.73285185176,0.00921519607438954,79275.012144207,0.018377642795472514,78292.83399188178,0.03115311943326883,79847.55247619047,79306.18105360624,0.017977400089786634,267.0123231999575,71.98962968126143,718.7727553139848,583.1297293420776,135.64302597190726,80.71618860129567,73.44018031316806,150.5423710740189,2.502198419169618,-19.283811398668668,623.14357142857,0.007718678383991487,0.08916288305435302,0.10783461831252862,0.11326016816171666,0.1059485168707841,1516.777989,0.6553628330634648,35452.43515999999,33646.805014257494,63.43936394292575,-0.001954741558169666,80574.09,0,0.0062136597527504035
2026-08-25 06:00:00+00:00,80731.9,80923.69,80420.0,80574.09,745.39881,-0.0019547415581696592,0.0010694760623353172,0.009346219371648923,0.020799588710988193,0.038095541169858915,-0.0019566545588036834,746.0899999999965,1641.7599999999948,-245.81999999999243,0.0,80339.33571428571,0.002922034189442983,79605.15357142857,0.012171780156193034,79330.93000000001,0.015670558759363757,78051.39480000001,0.03232094963151068,80110.60428148141,0.005785572617702969,79393.11013109726,0.014875092649130872,78382.29501180799,0.02796288355503999,79991.282,79398.15108756804,0.014810658640337879,257.0547474435887,70.00123165915505,728.9607713339647,612.295937740455,116.66483359350968,75.08817728892726,74.4634767113023,132.46765582233738,2.0851063021081395,-24.911822711037086,589.3521428571423,0.007314412646263023,0.09019726139816825,0.10784371512864502,0.11320412828605211,-0.25013191623129183,1498.3936855000002,0.4974652637773029,34707.036349999995,33747.77942718535,73.35296437923064,-0.010776417083953452,79705.79,0,0.0061877223918619315
2026-08-25 07:00:00+00:00,80574.09,80819.67,79369.17,79705.79,1307.68383,-0.010776417083953493,-0.008187026659912444,-0.011702967515164198,0.009135494515803977,0.016089766348200252,-0.010834903226770384,-943.8400000000111,721.5599999999977,-1689.9300000000076,0.0,80334.45,-0.00782553437535199,79672.62857142858,0.00041622109331671247,79430.3857142857,0.003467240946115118,78124.44320000001,0.020241383301147987,80029.64142518514,-0.004046643461321638,79421.53557372477,0.0035790598132083573,78434.19677605081,0.016212229820876226,80004.70019047619,79477.44548775899,0.0028730731195452334,176.20612792476854,60.7399558416649,659.3694930438069,621.7106488011253,37.65884424268154,42.23923734247971,66.01453441090088,53.21770776050008,1.2034206048909082,-57.760762657483426,640.8599999999996,0.008040319279189021,0.09455075738914168,0.1101523470419939,0.11613540631583226,0.7543411828092399,1497.5548334999999,0.8732126535513111,33399.35251999999,33714.595912215314,74.91733834183206,0.0028226305767750435,79930.77,2,0.004723249793334487
2026-08-25 08:00:00+00:00,79705.79,80249.0,79622.0,79930.77,788.31559,0.0028226305767751203,-0.009923338853662478,-0.006923267204643202,0.015122809245618596,0.009736989608007729,0.002818654435450075,-557.2399999999907,1190.770000000004,386.6000000000204,0.0,80349.13142857143,-0.0052067946614125764,79744.23,0.002339228806899331,79501.20095238095,0.005403302622765975,78201.1196,0.02211797489405735,80009.86714014813,-0.000988592319614425,79467.82961247707,0.005825506872157505,78492.88592208803,0.018318654754765958,80039.11904761905,79532.03889826486,0.005013465104864045,81.18356901372796,61.24899003481959,615.2793520125706,620.4243894434144,-5.145037430843786,50.53306397503155,55.95349286881284,43.81694738709883,1.2649316192743703,-49.46693602493157,659.4878571428562,0.0082507381968527,0.08971911004488203,0.10528641218362018,0.11134501565426362,-0.3971665230425002,1444.0284374999999,0.5459141728290612,34187.66810999999,33759.65040724243,69.46644430266392,-0.009302675302640109,79187.2,0,0.003984539823724491
2026-08-25 09:00:00+00:00,79930.76,79958.0,78888.0,79187.2,1475.2851,-0.009302675302640062,-0.017212605193555386,-0.01464006212752944,0.0024616183130730107,0.007496502137013916,-0.009346215423312262,-1176.5299999999988,194.4499999999971,-619.2900000000081,-1.2510826568182816e-07,80140.21285714286,-0.011891818391369689,79774.88714285714,-0.007366818856223972,79502.49666666667,-0.003965871260479143,78264.72099999999,0.011786651612800037,79845.3337121185,-0.008242607069454953,79442.3178295246,-0.0032113593421589344,78520.11392514339,0.008495734933504528,79964.84838095238,79631.44849401867,-0.005578807147430361,-56.21892255210879,54.267402690738585,514.4079383611825,599.221099226968,-84.81316086578556,23.121557755961653,38.63128635782431,-23.788868922191554,0.25697534811695777,-76.87844224400149,698.8864285714278,0.008825749976908125,0.0924920901766927,0.10016846085840665,0.10373972411521162,0.8714397110933705,1352.7634885,1.09057134712792,32712.38300999999,33659.9106551241,67.51499377473232,0.0015460832053666195,79309.63,2,0.004603028368532697
2026-08-25 10:00:00+00:00,79187.2,79484.01,78992.0,79309.63,836.94668,0.001546083205366644,-0.004970278821651353,-0.017617199644749948,-0.005397041058068819,-0.0025316019485120966,0.0015448892492063056,-1422.2699999999895,-430.3600000000006,-245.7399999999907,0.0,79971.87285714285,-0.008280947206598882,79801.83714285714,-0.00616786731333022,79536.38428571429,-0.00285095038894053,78321.18380000001,0.012620419560103463,79738.1929696948,-0.005374626057273149,79430.25529956783,-0.001518631648770203,78551.07533984365,0.009656833555422779,79902.81409523808,79660.13420065204,-0.004399995106324646,-133.46915823297996,53.79049693369534,439.2819255190698,567.2332644853884,-127.95133896631864,25.938600032437137,33.19774058781011,-32.5642093176769,0.7234315468630904,-74.06139996752513,702.8871428571417,0.00886256994083988,0.08266772114319405,0.09534059221830701,0.10045354757148835,-0.4326881766785281,1233.103656,0.6787318129558131,33549.32968999999,33649.37913463609,62.9487427589692,-0.00241635221347016,79117.99,0,0.004808836783614035
2026-08-25 11:00:00+00:00,79309.63,79463.59,79044.18,79117.99,617.29432,-0.002416352213470141,-0.010168549608617572,-0.018071566182131127,-0.008894247632409646,0.0002273071773317703,-0.0024192763038511493,-1456.0999999999913,-710.0099999999948,-33.830000000001746,0.0,79793.91,-0.00847082189605685,79811.39142857143,-0.008688000749767466,79517.67333333332,-0.00502634592511109,78372.54400000001,0.009511570786830483,79614.15237575585,-0.006232087649619018,79401.86754506166,-0.0035751998515720575,78573.30728730076,0.0069321596799740304,79811.63447619049,79706.92426699649,-0.007388746616588865,-210.01858583312833,51.307102680123776,360.12893055139284,525.8123976985893,-165.68346714719644,18.708238853940788,22.589465547446526,-37.68024831373488,0.15854619569517917,-81.29176114602149,718.8471428571419,0.00908576093575093,0.08099660568326955,0.09067401905530298,0.09481418897197956,-0.26244486685818513,1080.6595895,0.571219953070549,32932.03536999999,33581.06068086122,59.75826326667959,-0.0017441039642185705,78980.0,0,0.005166312944079491
2026-08-25 12:00:00+00:00,79118.0,79171.88,78640.0,78980.0,1007.3407,-0.0017441039642185352,-0.0026165844985047704,-0.00910586294922855,-0.020702264846100382,-0.0008551809289593093,-0.001745626684316547,-725.7899999999936,-1669.6300000000047,730.3099999999977,1.263935041165882e-07,79543.63857142857,-0.0070859038076618594,79828.53428571428,-0.010629460922798392,79511.95857142856,-0.0066902964156099745,78416.337,0.007188081228532687,79487.32190060467,-0.006382425378968585,79363.51595005605,-0.004832396164219828,78589.25602113211,0.004971977069776765,79700.78228571429,79708.26773135165,-0.009136664891604316,-224.50713801992387,52.395008801510926,283.00269312030287,477.250456782932,-194.24776366262915,13.502031699793681,19.382956862057203,-64.9665948143059,-0.9530851458596816,-86.4979683001686,735.6957142857136,0.009314962196577669,0.08120885290748231,0.08797908771887963,0.09115696608154973,0.6318645212870257,1037.1622035,0.9712470205717718,31924.69466999999,33423.311536969675,57.36638189495604,-0.004203722461382562,78647.99,0,0.00506641604012786
2026-08-25 13:00:00+00:00,78980.01,79222.0,78120.74,78647.99,1734.1222,-0.004203722461382564,-0.008342492582552707,-0.016048638090187306,-0.022860796285061435,-0.001436622171796853,-0.004212582942703187,-1282.7799999999988,-1840.0199999999895,-556.9900000000052,1.266143326761355e-07,79268.48142857142,-0.007827719383403774,79803.90857142858,-0.014484485686486769,79492.92952380952,-0.010629115430403555,78443.0764,0.0026122585880631937,79319.45552048374,-0.008465331942556295,79298.4681364146,-0.008202909232692674,78591.55931442104,0.0007180247608168588,79543.37638095238,79691.99599383195,-0.013100512552261056,-248.60276091262597,46.61314660240876,192.8659237013926,420.37355016662417,-227.50762646523157,16.728111476319988,16.312794010018152,-92.12312310756998,-1.4781906098110686,-83.27188852364829,786.0978571428568,0.009995142369726763,0.081574416490206,0.09078439463375593,0.09477646235235498,0.7214852929103333,1041.9718125,1.6642697808088123,30190.57246999999,33115.431625829704,50.14445071842071,0.007476351271024218,79235.99,2,0.00451988740893393
2026-08-25 14:00:00+00:00,78648.0,79386.94,78531.55,79235.99,1216.06528,0.007476351271024306,0.0014914433493571355,0.0006161349308979602,-0.014032947450298705,0.0038977122922245755,0.007448541879366399,48.79000000000815,-1127.7399999999907,1331.570000000007,1.271488310732567e-07,79201.36714285715,0.000437149741120006,79767.90857142858,-0.006668327914756027,79515.54142857142,-0.0035156828910299616,78483.6762,0.009585608580348253,79302.76241638699,-0.0008419935744027444,79292.78830583145,-0.0007163111178833936,78616.83110601237,0.007875653155654591,79467.6539047619,79684.18786881682,-0.005624677628071882,-221.48653195968376,44.88889429733892,166.95402830252715,369.68964579380474,-202.7356174912776,35.38364404735109,21.871262407821586,-51.88846048581589,-1.7528164729335791,-64.61635595261718,763.4564285714285,0.009635222940628607,0.08558844984916994,0.09315181816338726,0.09663386977161158,-0.2987430297588024,1063.5835249999998,1.1433660370010497,31406.637749999987,32952.68935194116,50.363061781057006,0.0033573127564884278,79502.01,2,0.0030336599723209223
2026-08-25 15:00:00+00:00,79236.0,79527.09,79020.04,79502.01,794.08262,0.0033573127564883176,0.00660939478348932,0.0024256827323489993,-0.015234250649371561,0.009446786358211057,0.0033516895643773467,192.3799999999901,-1229.8899999999994,143.58999999998196,1.262052760968997e-07,79140.11571428571,0.004572829878348942,79744.62357142857,-0.0030423815495380876,79542.85857142857,-0.0005135416574436526,78523.964,0.012455382410393533,79342.6119331096,0.00200898436548543,79311.80845984677,0.002398149075739677,78651.54400381581,0.010813087104086743,79432.20076190477,79715.00625579167,-0.0026719718883067324,-135.7876094111498,46.80930614948653,165.97104440537805,328.9459255161194,-162.97488111074136,43.82368618093187,31.978480568200983,-23.342748583021127,-1.2250271810670779,-56.176313819036395,763.4307142857142,0.009602659282271034,0.08580467035872467,0.0930955513174841,0.09639307344995761,-0.34700658504122406,1050.134405,0.7561723682400863,32200.720369999988,32881.073258422955,49.558238666667386,-0.0043519654408736425,79156.02,0,0.003811602343489435
2026-08-25 16:00:00+00:00,79502.01,79563.71,79067.72,79156.02,676.1787,-0.004351965440873684,0.006459542068398605,0.0004806744964072074,-0.017599578226697887,0.0028339464956881333,-0.004361462807296321,38.029999999998836,-1418.0699999999924,-154.34999999999127,0.0,79135.66142857143,0.0002572616575265291,79637.93714285715,-0.006051351405457147,79561.81190476191,-0.0051003351362541634,78563.3644,0.00754366369778317,79305.29354648768,-0.001882264598140237,79297.64587258796,-0.0017860034939185495,78671.3273762152,0.006160981897088733,79353.72028571428,79718.15906348327,-0.007051581096291996,-66.18323231520965,33.88008573620024,135.70915053262434,290.2985705194204,-154.5894199867961,36.51446428192249,38.573931503401816,-36.55918627082542,-1.5028048100803395,-63.48553571804224,689.528571428572,0.008711006079241518,0.08720311413568042,0.09330214089820041,0.09631312318718432,-0.1484781520592907,1062.8828565,0.6361742461685512,31524.541669999988,32751.879773811244,35.54302147765702,0.0010610690128178587,79240.01,1,0.005089112118496223
2026-08-25 17:00:00+00:00,79156.02,79256.08,78752.06,79240.01,747.28203,0.0010610690128178835,5.073452101744813e-05,0.003292099265636894,-0.005843741088319865,0.0032383679628198436,0.0010605064769839646,260.00999999999476,-465.77999999999884,221.97999999999593,0.0,79125.71571428572,0.0014444644788677774,79548.79428571429,-0.0038816966176160603,79576.46333333333,-0.004228050848703641,78605.042,0.008077955101149687,79292.23683719014,-0.0006586626796439189,79292.40624780723,-0.0006607978025472478,78693.62865557932,0.006943145890654393,79300.66333333333,79706.81283497022,-0.005856498564767764,-36.708484844035866,36.301309717616355,117.15320347524539,255.66949711058544,-138.51629363534005,39.93185750725455,40.09000265670297,-58.40542366970634,-1.847956012431246,-60.068142492709775,679.6950000000007,0.008577674333963262,0.08724566070275956,0.09413954139011281,0.09741891233403169,0.10515464329178048,1085.1231254999998,0.6886610490906098,32271.823699999986,32706.160147733983,27.21472163768678,-0.0014135535823379473,79128.0,1,0.005613934843803326
2026-08-25 18:00:00+00:00,79240.02,79380.0,79048.44,79128.0,469.50082,-0.0014135535823379675,-0.0047044093602161,0.006103271043544689,-0.010043316234786714,0.004927609855219783,-0.0014145535916919997,480.00999999999476,-802.7700000000041,220.0,1.261988736411454e-07,79127.14571428571,1.0796367120001465e-05,79460.52785714286,-0.004184818124298033,79583.30952380953,-0.005721168502967353,78639.0044,0.006218232335606584,79259.38946975212,-0.0016577148856572758,79277.4602252793,-0.0018852801900386435,78710.66282594876,0.0053021682078078945,79244.55742857144,79710.10696064179,-0.0073027998937350005,8.916094275013101,36.399356359577986,92.34471841917548,223.00454137230346,-130.65982295312799,35.93571059061476,37.4606774599306,-50.00464408994941,-1.7947332697148408,-64.06428940934956,670.663571428572,0.008475679549951515,0.08661286174597987,0.09422213937593754,0.0977187492927177,-0.3717220525161029,1091.0096534999998,0.430336082264161,31802.322879999985,32620.08040794979,31.60134147829031,-0.002553457688808044,78925.95,0,0.005845264530922421
2026-08-25 19:00:00+00:00,79128.01,79233.57,78728.35,78925.95,702.86873,-0.002553457688807992,-0.0029065382519233296,-0.003912868382158208,-0.0032991443061505255,-0.0008456472271189952,-0.002556723322181214,-310.04000000000815,-261.25,-790.0500000000029,1.263775148463399e-07,79119.42428571428,-0.0024453449637804768,79331.53142857143,-0.00511248706873385,79592.16428571429,-0.008370350168174254,78673.9952,0.0032025169099330173,79192.7015758017,-0.0033683858549308793,79245.50475025391,-0.004032465327352012,78719.10546022528,0.0026276281795303592,79173.28038095238,79710.32282462223,-0.009840291656426851,-1.972323232085139,29.36901244966947,55.73756097161095,189.55114529216496,-133.813584320554,28.72723380722829,34.86493396836587,-77.51999467082227,-0.9783981816126367,-71.27276619273604,671.0700000000007,0.008502526735503243,0.08642522428588416,0.09460057237975862,0.09831675694649569,0.4970553832046556,1094.317117,0.6422898071138896,31099.454149999987,32475.258859573616,24.646734768193653,-0.009120194308715858,78206.13,0,0.005911773364035009
2026-08-25 20:00:00+00:00,78925.96,78976.0,78165.27,78206.13,777.55096,-0.009120194308715912,-0.013047449135859424,-0.01629996524616162,-0.01391382105804806,-0.019235768652592022,-0.009162037889527144,-1295.87999999999,-1103.5,-985.839999999982,1.267010407769954e-07,79056.30142857143,-0.010753999532087371,79162.39142857143,-0.012079744071833015,79554.7061904762,-0.016951557677144884,78691.2782,-0.0061652092976167945,78995.38726064135,-0.00999118161212654,79151.01613659445,-0.011937763818013435,78698.98877551057,-0.006262580792701746,79023.22685714286,79678.59308189234,-0.018480033656956527,-43.89878787346731,26.026970114124026,-30.999984731985023,145.440919287335,-176.44090401932002,3.1638464132070117,22.608930270350026,-124.14430724524483,-2.1576671912455962,-96.83615358675594,693.0014285714288,0.00886121623166138,0.08451533440414621,0.09186877261298325,0.09477802212131328,0.10625345361430427,1076.5199335000002,0.722281990145125,30321.903189999986,32270.17736723327,18.853255710989714,0.004652704334046389,78570.0,2,0.0036263971942077262
2026-08-25 21:00:00+00:00,78206.14,78664.0,77851.0,78570.0,840.88883,0.004652704334046298,-0.0070518653321201,-0.007403353528891432,-0.006926237635713539,-0.015758881595430152,0.004641913961898865,-586.0200000000041,-547.9900000000052,709.859999999986,1.2786721443397317e-07,78961.16,-0.0049538279326190055,79081.26357142857,-0.006465040495550207,79498.99238095239,-0.011685586862544443,78715.758,-0.0018517003926964632,78910.30980851309,-0.004312615288659954,79098.19648781314,-0.006677731114824017,78693.93039215723,-0.0015748405441136503,78944.24133333334,79622.34425502665,-0.013216695198724938,-63.10612793847897,37.19333298743212,-69.57680846293806,102.4373737372804,-172.01418220021844,29.983319432848216,20.62479988442784,-120.30229223788756,-0.7794188959831757,-70.01668056711009,647.4657142857146,0.008240622556773658,0.08657691482084347,0.09352164872677708,0.09648172298892223,0.08145815934688061,1065.2026655000002,0.7894167534818382,31162.792019999986,32164.712096068197,19.580500039286974,0.004066564846633509,78889.51,2,0.003446252591138191
2026-08-25 22:00:00+00:00,78569.99,79000.0,78569.99,78889.51,577.33833,0.004066564846633591,-0.00046169859216138587,-0.004423270517002753,-0.001145733096986623,-0.02182427867307024,0.0040583187198543515,-350.5,-90.49000000000524,235.52000000000407,-1.2727504129771138e-07,78873.66,0.00020095428562578516,79006.88785714285,-0.0014856661276810724,79454.30238095239,-0.007108392673872164,78745.5162,0.0018285968134906293,78906.14984681047,-0.00021088149457018288,79079.22498892104,-0.0023990496738886596,78701.60018070009,0.0023876238712867578,78918.67419047619,79430.915622894,-0.006816056678288484,-65.79037036239643,38.504272560546724,-73.519940349448,67.24591091993472,-140.76585126938272,49.28856193637883,27.47857592747802,-68.1200321454381,-0.5297212961402097,-50.71143806357371,633.3949999999999,0.008028887490871623,0.07845615768560545,0.08508181264611811,0.08745993192269723,-0.31341895693869537,928.324316,0.6219144754141915,31740.130349999985,32124.275739299796,24.547784201276627,-0.004441274891934243,78539.14,0,0.0031276887037151465
2026-08-25 23:00:00+00:00,78889.51,78977.49,78396.88,78539.14,690.39348,-0.004441274891934244,0.00425810611009636,-0.007441866343140258,-0.001384015026957508,-0.024213171626432217,-0.0044511666521500565,-588.8600000000006,-108.85000000000582,-238.36000000000058,0.0,78785.53428571428,-0.0031274051505538495,78960.59785714287,-0.005337571758326561,79353.80285714284,-0.010266210664275736,78759.63440000001,-0.0027995863830470964,78832.74787744839,-0.0037244404813190427,79030.12635356457,-0.006212647963739707,78695.22919322165,-0.001983464497427119,78856.3078095238,79312.57388679971,-0.009751718408528785,-113.08377103006423,42.16505065633616,-103.72119820525404,33.05248909489696,-136.773687300151,40.178430674171054,39.8167706811327,-87.39039777859173,-0.7316287989621557,-59.82156932577056,598.4385714285714,0.00761962215818207,0.07930473053232534,0.08484422867502193,0.086697293842133,0.19582131330168195,894.8694519999999,0.7715018972390048,31049.736869999986,32021.938704128384,26.21821326494961,0.0011796665968075812,78631.79,1,0.0026944769340947685
2026-08-26 00:00:00+00:00,78539.13,78721.48,78312.0,78631.79,680.65038,0.0011796665968075715,0.0007864324805904044,-0.0037270378120251024,-0.0076253227857695505,-0.021551264482123966,0.0011789713368973033,-294.1600000000035,-604.2000000000116,294.6999999999971,-1.2732505085695086e-07,78698.64571428571,-0.0008495154354807446,78912.18071428571,-0.003553199414180643,79265.41142857142,-0.007993668576897397,78780.2926,-0.0018850221939897337,78792.55630195871,-0.002040374237162823,78993.91395778598,-0.004584200726900232,78692.74138172276,-0.0007745489692258527,78812.46676190475,79229.45241203438,-0.007543437368798514,-109.74047136716973,41.74557711777495,-118.81026121815376,2.6799390322868213,-121.49020025044058,45.58798629070507,45.018326300418316,-94.2265760960797,-0.4408837680425449,-54.41201370923654,592.5435714285715,0.007535674457220978,0.07974202737710985,0.08470299802736381,0.08653369976956049,-0.014112387040503216,883.9613654999999,0.7700001454410058,31730.387249999985,31994.171898973298,26.589206023890583,0.0023316269412156465,78815.13,2,0.0029379652075442256
2026-08-26 01:00:00+00:00,78631.7,78960.0,78607.29,78815.13,572.39774,0.002331626941215692,-0.0009428376472359057,0.007787113363108444,-0.008639781560239701,-0.02374241161176671,0.002328912917028443,609.0,-686.8799999999901,903.1600000000035,-1.144575241088959e-06,78653.95,0.0020492295682544297,78890.54785714285,-0.0009559809025463606,79191.66857142856,-0.004754775069411749,78801.91519999999,0.00016769643182499636,78797.07104156697,0.00022918311803116868,78977.66087071452,-0.0020579347238527984,78697.5409353807,0.0014941898212023192,78799.52666666667,79134.62197543118,-0.004037322318041257,-67.44309763492284,46.304440138263566,-114.65280048786371,-20.786608871743287,-93.86619161612043,56.2926590023669,47.35302532241434,-54.2095457181441,0.21251655636717134,-43.70734099757471,587.779285714286,0.007457696075795071,0.07800585907689966,0.08420809154923833,0.08629862696566501,-0.15904294360344007,862.8792565,0.6633578634409282,32302.784989999986,32023.56362192822,31.680357332876426,0.0037159108917284704,79108.0,2,0.0030919084307803103
2026-08-26 02:00:00+00:00,78815.13,79251.6,78748.56,79108.0,505.52805,0.0037159108917284023,0.007243012846843033,0.006847397225404173,-0.000606650005899767,-0.0181955514483626,0.0037090239504183175,538.0,-48.020000000004075,-71.0,0.0,78679.95714285714,0.005440303638773876,78899.69071428571,0.002640178736170528,79114.34,-8.013717867072426e-05,78830.4852,0.003520399491337914,78859.25683325359,0.0031542671936710125,78989.50988246774,0.0015000740947572013,78713.63736928735,0.0050100928364228085,78828.52028571429,79065.78872432842,0.0005338753505483056,-23.774006731124757,51.504997060383076,-86.72609706115327,-33.974506509625286,-52.75159055152798,73.39245990268412,58.424368398585365,-1.3992978646521737,-0.16153013296104915,-26.60754009725748,585.7192857142862,0.007404046186406922,0.07984317675285327,0.08425024402818736,0.08607538905531723,-0.1168238190458264,850.8857184999999,0.5941197965933493,32808.313039999986,32098.30166174458,37.74014325316864,-0.00024498154421808994,79088.62,1,0.0024513821067509017
2026-08-26 03:00:00+00:00,79108.01,79184.0,78900.0,79088.62,453.50631,-0.00024498154421803697,0.005809736748966232,0.002523909706119376,-0.001910524746273956,-0.007743101222633886,-0.0002450115570983753,199.11000000000058,-151.38999999999942,-338.8899999999994,1.264094654745561e-07,78806.02714285713,0.0035859294953492263,78931.16428571429,0.00199484849502219,79043.60333333333,0.0005695168839510422,78873.8156,0.002723393034379725,78905.12946660287,0.002325457605069729,78998.51989315248,0.0011405290500300222,78728.34257049176,0.004576210012114059,78853.71085714284,78992.81808532646,0.0012127927195868223,25.588754205652297,55.59193577433303,-65.40385252956185,-40.2603757136126,-25.143476815949242,72.26091982876657,67.31534624460586,14.297146250287383,-0.5199742748642383,-27.739080171175033,527.3435714285723,0.00666775537907433,0.07081613500827276,0.07527446853685658,0.07742804265819764,-0.10290574380590756,808.1768425,0.5611473704153294,32354.806729999986,32122.73071586414,47.38045949560638,-0.003320578864569838,78826.0,0,0.0026469636250904317
2026-08-26 04:00:00+00:00,79088.61,79200.0,78790.68,78826.0,482.93427,-0.003320578864569823,0.00013791768154147732,0.003652446410795873,-0.0038166009503589615,-0.013821585854859153,-0.0033261042215474734,286.8600000000006,-302.0,87.75,-1.264404410490559e-07,78842.59857142856,-0.00021052795987597396,78901.87928571428,-0.0009616917417076143,79001.70857142858,-0.002224111030076157,78900.7618,-0.0009475421820324174,78889.3035732823,-0.0008024354432727302,78982.83626650226,-0.001985700614410226,78732.17227360973,0.0011917329813306821,78839.68895238094,78944.3931567072,-0.001499703170460551,52.77703703063972,44.32852214264775,-68.90279083067435,-45.988858737024955,-22.913932093649393,56.92732570017266,67.52690181054112,-2.465244467733742,-0.4169234380404673,-43.07267429976896,495.48142857143,0.0062857614057725076,0.07048893689095723,0.07422031068936193,0.07590428977956791,0.06488985787209889,792.9077765,0.6090673900704151,31871.872459999984,32098.83945340089,37.67871456004262,0.0032981503564813125,79085.98,2,0.002651915761776937
2026-08-26 05:00:00+00:00,78826.0,79143.62,78638.0,79085.98,515.23689,0.0032981503564812886,-0.00027835364312089883,0.0057761625418930596,0.002027596753665817,-0.0012782368867696459,0.0032927233879592073,454.1900000000023,160.02999999999884,167.33000000000175,0.0,78870.6657142857,0.00272996663289598,78872.16285714286,0.002710932921218481,78961.48047619048,0.0015767121267065596,78943.821,0.001800761582087569,78928.63885862584,0.0019934607216016715,78992.21296954752,0.0011870414427891409,78746.04708640935,0.004316825112727579,78864.2357142857,78905.17927888564,0.0022913669643322677,84.82235689207498,44.23533650165043,-50.11976196881733,-46.81503938338343,-3.3047225854339004,72.10677814687077,67.09834122527,8.302673894055284,-0.19438412488842052,-27.89322185307085,495.3792857142866,0.0062638066281062756,0.06394738290828811,0.06978883742722027,0.07245102515773,0.06688823305084557,744.905366,0.6916810020661179,32387.109349999984,32126.293729267472,35.64791276944726,-0.0017456950018195094,78947.92,0,0.002776813951183315
2026-08-26 06:00:00+00:00,79085.98,79206.0,78816.0,78947.92,459.3577,-0.001745695001819536,-0.0017790170064921895,0.001684828788584003,0.009485062104466646,-0.004560732410427426,-0.0017472205029708942,132.7899999999936,741.7899999999936,-321.40000000000873,0.0,78929.06285714285,0.00023891253962149607,78857.29857142856,0.0011491825133897037,78950.08619047618,-2.7437468161335038e-05,78984.8306,-0.00046731251709492705,78932.49508690067,0.00019541904867373592,78988.18633595228,-0.0005097766871241189,78753.96367125605,0.0024628135487070203,78874.33666666667,78887.30190864393,0.0007684137990454528,53.02511783869053,46.94017385556986,-45.84588166998583,-46.62120784070391,0.7753261707180812,71.74100719419756,66.925037013747,23.66595575872125,-0.22758062885451352,-28.258992805737027,487.80857142857195,0.00617886540175556,0.06392093782894875,0.06932525999348253,0.07180881984832664,-0.10845339509754437,726.025917,0.632701518283909,31927.751649999984,32107.384959813426,42.00421805204954,-0.0002832246878701881,78925.56,1,0.0029325567466580577
2026-08-26 07:00:00+00:00,78947.92,79096.0,78867.0,78925.56,516.24118,-0.0002832246878702316,0.001263035039200222,-0.0023062142893259807,0.004525391370752141,-0.0024321902009898366,-0.00028326480355682186,-182.44000000000233,355.5599999999977,-315.2299999999959,0.0,78971.03,-0.0005757807641612448,78834.83785714286,0.001150787460507405,78931.79714285715,-7.901939500833901e-05,79020.3538,-0.001199612447192033,78931.10806952053,-7.029002450651836e-05,78982.49303268388,-0.000720831041131132,78760.69293904993,0.0020932657496760747,78883.43819047618,78876.25264312765,0.0006251229643912844,36.835622891158046,45.29109973654895,-43.758643468114315,-46.048694966186,2.2900514980716835,70.27861347281195,71.37546627129343,19.807484582780376,-0.0004941340585693463,-29.72138652712264,468.16428571428594,0.005931719530584008,0.06339548525569394,0.06867988164950539,0.07114163956905302,0.12383264719411469,720.97326,0.7160337402794716,31411.510469999983,32041.11119887881,43.189680950915694,-0.002761716229824675,78707.59,0,0.0029100622445432287
2026-08-26 08:00:00+00:00,78925.57,79119.37,78600.0,78707.59,995.42693,-0.0027617162298246845,-0.004784539560614864,-0.004817760127816095,-0.002306010013245041,-0.0034491010382375897,-0.0027655368039406856,-381.02999999999884,-181.91999999999825,-198.5899999999965,1.2670166685308407e-07,78955.66714285713,-0.003141980200208734,78804.80857142857,-0.001233662934926786,78912.25428571428,-0.002593567850352684,79045.219,-0.004271339927592541,78886.40445561643,-0.0022667334992690262,78957.50184789444,-0.0031651438057890505,78758.6104708519,-0.0006478081640455435,78866.4718095238,78867.80349533408,-0.0020314182496988503,26.31454545135556,43.897992655524945,-59.01258911087643,-48.64147379512409,-10.371115315752341,61.158789090345664,67.72613658578506,-27.982707391145436,0.6412029338364977,-38.84121090958294,481.57928571428573,0.006118587619240783,0.06384381664633507,0.06861164605436787,0.07089252555779477,0.9282207010297008,720.3775714999999,1.3818127734403212,30416.08353999998,31886.34665993797,35.228321005621936,-0.0033427525858686726,78444.49,0,0.0031075760748107244
2026-08-26 09:00:00+00:00,78707.59,78877.02,78244.83,78444.49,553.36821,-0.0033427525858686913,-0.0063767354478748706,-0.004839900540430708,-0.0012051316069923157,-0.002587478713696356,-0.003348352065225498,-381.50999999999476,-94.64999999999418,-0.47999999999592546,0.0,78860.87999999999,-0.0052800577421908,78770.41857142858,-0.004137702672393766,78886.75380952381,-0.005606312697207323,79067.9658,-0.007885314788255148,78798.02156449314,-0.004486553817899898,78910.86440717676,-0.005910141913669573,78746.29202101458,-0.0038325870751353326,78818.42933333333,78880.11640267281,-0.005522638942987611,-23.655218852351283,43.13357483082699,-91.27921217445692,-57.169021470990664,-34.11019070346625,42.373982578864705,57.9371283806741,-113.04444801590259,-0.15974290441643524,-57.6260174210639,490.64857142857153,0.006254723198895999,0.06319126737921306,0.06411958822615291,0.06504614633234532,-0.4440895727022375,661.339872,0.8367380123712899,29862.71532999998,31693.619866610545,35.85360746357681,0.0036071367154020865,78727.45,2,0.00464055652044372
2026-08-26 10:00:00+00:00,78444.5,78879.75,78291.09,78727.45,367.28381,0.003607136715402026,-0.0025100867196887755,-0.004533420462135007,0.0012165563062980222,-0.006418043113994187,0.003600646600232944,-358.52999999999884,95.66000000000349,22.979999999995925,1.2747867944276495e-07,78809.28428571428,-0.0010383838205864564,78807.6557142857,-0.0010177401365229067,78890.53761904762,-0.0020672646424993806,79101.68539999999,-0.004731067335766095,78783.90725159452,-0.0007166089314943814,78894.1903701607,-0.002113468296947739,78745.5531182297,-0.00022989384813286608,78812.70019047619,78855.94012808918,-0.0016294286502762537,-48.338181812322844,58.493209602736044,-92.94680332485586,-64.3245778417637,-28.622225483092166,62.57675282017476,55.36984149646171,-70.31546293498103,-0.20542655164165124,-37.423247179753844,474.7864285714292,0.006030760917207698,0.0583258432562257,0.06191093301607234,0.0636557099820277,-0.3362759129224282,618.9007985000001,0.5934453645714702,30229.99913999998,31554.227416457157,42.10006180053457,-0.003050905370363226,78487.26,0,0.004431456685811724
2026-08-26 11:00:00+00:00,78727.46,78782.0,78317.0,78487.26,413.44093,-0.0030509053703632327,-0.002799348830271664,-0.005834985899565215,-0.004159988063205722,-0.012763828235286101,-0.003055568869831889,-460.6600000000035,-327.8700000000099,-102.13000000000466,1.2702049932155937e-07,78760.89285714286,-0.0034742223864726155,78801.74571428572,-0.003990847048312353,78854.88380952382,-0.004662029690029386,79120.349,-0.008001595139576535,78724.57780127562,-0.00301453253740761,78857.19670014609,-0.004691223066840294,78735.42397633834,-0.0031518719758582632,78769.98076190475,78811.98308208013,-0.004120224734631299,-75.28572389659841,48.5954178773798,-112.35455361846834,-73.93057299710463,-38.42398062136371,24.079978545223955,43.01023798142114,-92.03674439476448,-0.06605623641919685,-75.92002145467671,449.9292857142864,0.00573251360430063,0.05740212829710938,0.06169522455100536,0.0634374790522266,0.12567153450079926,599.868714,0.6892190246803083,29816.55820999998,31388.735111080285,44.39472034060755,-0.00213627026857605,78319.59,0,0.004412893295355666
2026-08-26 12:00:00+00:00,78487.26,78713.79,77918.25,78319.59,1022.94925,-0.0021362702685761015,-0.0015922087070743274,-0.007677740899145968,-0.009966248672700684,-0.01056685265378432,-0.002138555348852351,-605.9700000000012,-788.4100000000035,-145.30999999999767,0.0,78651.40857142858,-0.004218850971082462,78761.03714285714,-0.005604892455344854,78798.5780952381,-0.006078638813243333,79134.3964,-0.010296488468571816,78643.5802410205,-0.004119729036083646,78808.32336376916,-0.0062015450006876255,78719.11676157996,-0.00507534609147136,78705.69333333333,78746.30445965295,-0.005418850606146012,-86.28525251479371,39.79924969194516,-139.65504682721803,-87.0754677631273,-52.57957906409072,30.100123748430175,38.91895170460963,-138.02112381803613,-0.39704043364648456,-69.89987625149483,476.038571428572,0.006078154538712038,0.05602188087626183,0.06401193086739859,0.06706986608843273,1.474233138939582,617.2072415,1.657383746036853,28793.60895999998,31141.580239548828,34.99947935292994,0.001647991262467117,78448.66,2,0.005344285767072189
2026-08-26 13:00:00+00:00,78319.58,78554.0,77913.19,78448.66,943.22287,0.0016479912624671744,-0.0035412044972876755,-0.0032897716725921455,-0.008091682469614336,-0.009986747856291167,0.0016466348149378907,-258.929999999993,-639.9599999999919,347.04000000000815,-1.276819757963644e-07,78580.08571428571,-0.0016725066292694933,78754.57428571429,-0.003884400220417095,78764.89428571428,-0.004014914113477472,79134.4966,-0.008666720955674676,78604.5961928164,-0.00198380502374044,78775.6266943356,-0.004150607339555514,78708.51061406703,-0.0033014296934311053,78664.04304761905,78693.08504576422,-0.0031060549427191723,-80.27959594986493,48.2412079835025,-149.15662929187238,-99.49170006887633,-49.66492922299605,40.007919845159535,31.396007379604555,-123.10857184987894,-0.46497417437489036,-59.992080154765745,480.3385714285718,0.006122967191900609,0.056280425231474515,0.06494203223269307,0.06824158758820757,-0.0779377667073905,627.0042835,1.504332418166798,29736.83182999998,31007.79467673465,33.97336786771055,-0.008389945730111993,77790.48,0,0.0052956913076724135
2026-08-26 14:00:00+00:00,78448.66,78603.41,77774.0,77790.48,1051.14695,-0.00838994573011198,-0.00887761911933227,-0.008337233118604126,-0.013136782279958403,-0.016903245374582987,-0.00842533943131135,-654.0100000000093,-1035.520000000004,-395.0800000000163,0.0,78417.93142857144,-0.008001376944544352,78694.48071428572,-0.011487472896197698,78695.86904761905,-0.011504911993172,79107.10639999999,-0.016643591959267734,78441.77295425313,-0.00830288416138882,78686.06790394145,-0.011381784956324973,78672.50941351538,-0.011211405611574963,78535.49714285714,78624.42883534098,-0.010606739504428937,-124.9979797828284,36.593737550629534,-207.40548587481317,-121.0744572300637,-86.33102864474947,1.1153221440162904,23.741121912535334,-168.96374014317803,-1.6654699903928645,-98.88467785591604,510.3335714285723,0.006560360232107654,0.06285361643512967,0.06818526831228576,0.07014052910098545,0.11442055046862909,656.0865900000001,1.6021466770085908,28685.684879999983,30786.641362759918,32.57838776302569,0.002843149958709578,78011.65,2,0.0025674541047094467
2026-08-26 15:00:00+00:00,77790.48,78167.26,77632.58,78011.65,712.24119,0.002843149958709601,-0.003931838764733131,-0.009092127332969713,-0.013584329359008995,-0.011584276147452166,0.002839115852436227,-715.8000000000029,-1074.3300000000017,-61.7899999999936,0.0,78318.51142857142,-0.0039181213096892206,78637.08928571429,-0.007953489776838789,78642.70952380952,-0.008024386845654926,79095.3796,-0.013701553813643904,78355.74836340251,-0.004391488443280964,78624.75718540132,-0.007797889715011534,78646.5933580834,-0.008073373950127145,78444.45304761904,78569.04848637005,-0.007094377456623387,-123.10794611302423,37.349082687092256,-233.03526825888548,-143.46661943582808,-89.5686488230574,23.413546466365908,21.512262818513914,-173.93387218705737,-1.3617256186793847,-76.58645353357232,523.3314285714285,0.006708375333317804,0.0638192730424338,0.06839130267886699,0.07036540354995702,-0.3224152055999402,656.555213,1.084815375609416,29397.926069999983,30654.382763449445,25.71403807017427,-0.00026085847434314326,77991.3,1,0.002619326459162977
2026-08-26 16:00:00+00:00,78011.64,78161.73,77858.0,77991.3,600.54786,-0.0002608584743430953,-0.00583005496843414,-0.006318987310806823,-0.012117102008513903,-0.0027469713691241626,-0.0002608925038329628,-495.95999999999185,-956.6199999999953,219.84000000001106,-1.2818598241110376e-07,78253.77,-0.003354087604980537,78557.325,-0.007205247887450177,78598.20238095238,-0.007721580934011905,79064.9872,-0.01357980615723146,78282.85869072202,-0.0037244256992950684,78567.17016854665,-0.007329653942114184,78620.89557933503,-0.008007992973060285,78358.34780952381,78550.03576668978,-0.007113119188759246,-118.20882153449317,30.766846017501905,-252.0832713431737,-165.18994981729722,-86.89332152587647,22.798744136961115,15.775870915781104,-139.0187455534362,-1.058914571334314,-77.20125586297533,509.09499999999906,0.006527587051376147,0.05525952655025749,0.06528702529310741,0.06916841477180463,-0.15681953187795827,647.705058,0.9271934078351335,28797.378209999984,30477.52518693045,26.43156060177955,0.005789491904866297,78442.83,2,0.0026549940507530584
2026-08-26 17:00:00+00:00,77991.29,78603.0,77991.29,78442.83,585.12324,0.0057894919048662175,0.008385987591283728,0.0015735526705387137,-0.006116269558302689,-0.0016185567010309487,0.005772797201515935,123.24000000000524,-482.7299999999959,619.1999999999971,-1.2821942972245747e-07,78213.11,0.0029371035111632592,78511.19714285714,-0.0008707948081945505,78609.47380952381,-0.00211989473339561,79051.8436,-0.007703977190988414,78314.85295257762,0.0016341350663056195,78555.8665168606,-0.0014389315766293587,78613.91261543953,-0.002176238400401539,78343.08180952382,78553.09441692631,-0.00140369284933665,-74.71676766771091,40.31860062767731,-228.1146894708363,-177.77489774800506,-50.33979172283125,51.49610402813527,32.5694648771541,-60.37282779669269,-0.8132288428366015,-48.50389597180118,532.5028571428567,0.006788419759241856,0.05669367451375856,0.06363413828388802,0.06656967717569214,-0.025684247713412933,634.9167785,0.921574700516563,29382.501449999985,30373.23721198469,27.447517394548925,0.000377089913762695,78472.41,1,0.0015963559970071056
2026-08-26 18:00:00+00:00,78442.84,78650.26,78280.01,78472.41,337.24489,0.00037708991376272927,0.00590629732866832,0.00030274577029110183,-0.002988021866760171,-0.00528714147166065,0.0003770188332298051,23.75,-235.17999999999302,-99.49000000000524,1.2748137713492977e-07,78210.98857142856,0.003342515333797197,78485.94071428571,-0.00017239666318024383,78604.82666666666,-0.00168458696853546,79040.3398,-0.007185315769606431,78346.3643620621,0.0016088256164052048,78548.27956078235,-0.0009658971680421855,78608.36349326544,-0.001729504180265511,78337.91019047619,78538.41781619373,-0.0008404525839596973,-39.076498311761476,44.300924836285525,-204.37663028913084,-183.09524425623022,-21.281386032900627,53.37608521561115,42.55697779356918,-28.8787992800347,-0.6023084585382221,-46.6239147843253,529.7121428571419,0.006750297879944494,0.05459273428757918,0.06336489062012775,0.06681015405011169,-0.42363442956051445,622.9121064999999,0.5414004423422755,29719.746339999987,30310.999986081388,31.61566902301081,3.924946360130581e-05,78475.49,1,0.0021954570316509475
2026-08-26 19:00:00+00:00,78472.41,78572.0,78292.0,78475.49,466.85134,3.924946360123194e-05,0.006208256561949899,0.008805833310194355,0.00039518390647952373,-0.0008104239491290022,3.924869336118972e-05,685.0100000000093,31.0,661.2600000000093,0.0,78233.26000000001,0.003096253434920043,78442.33428571429,0.00042267628299987796,78585.11142857143,-0.0013949388959136396,79034.62680000001,-0.007074580125682333,78372.18948964968,0.001318076106116251,78541.66232798396,-0.0008425124452754564,78603.15276803935,-0.001624143097873933,78336.51676190476,78529.30017227291,-0.0006852241412422887,-19.571043768670464,39.27184414816539,-183.203659360006,-183.11692727698536,-0.08673208302062108,53.571837144530306,52.81467546275891,-31.091739419464293,-0.5702461914745828,-46.42816285540614,513.596428571428,0.006544673102027414,0.052309553989155606,0.061851426353149885,0.06555385105501252,0.38430960362364575,611.7349995000001,0.7631594405760934,30186.597679999988,30299.152147406967,26.047845707375117,-0.0002988194148263571,78452.04,1,0.0033705731985957024
2026-08-26 20:00:00+00:00,78475.49,78521.7,78200.0,78452.04,322.22426,-0.00029881941482634566,0.00011741034840273556,0.005645182482360012,-0.0034982715685570875,-0.0022859711065970068,-0.00029886407024384295,440.3899999999994,-275.4100000000035,-244.6200000000099,0.0,78233.74285714285,0.002790319558860447,78406.91428571429,0.0005755323327897875,78580.9638095238,-0.0016406493796170996,79025.1006,-0.007251627592360247,78388.15959171974,0.0008149242004528393,78533.51484362177,-0.0010374531661292874,78597.22677713585,-0.001847225189605359,78337.81085714286,78524.07647623778,-0.0009173807508526991,19.05569023338097,40.920143847797576,-166.398013653612,-179.77314455231073,13.375130898698728,55.11605539447025,54.0213259182039,-40.77567594840372,-0.3246827910751678,-44.883944605462496,508.7178571428563,0.006484443962742713,0.052116980471367626,0.0614702321401718,0.06510353695847804,-0.30979257765437707,593.8136935,0.542635280268183,29864.37341999999,30257.74464955868,21.25111727635563,0.003466703988831918,78724.01,2,0.0034421857526565226
2026-08-26 21:00:00+00:00,78452.04,78845.06,78392.19,78724.01,428.48439,0.003466703988831865,0.0032062224162605624,0.009394765826444607,0.003016413109592664,-0.0011561231961427776,0.003460708822208737,732.7099999999919,236.75,292.31999999999243,0.0,78367.10428571429,0.004554279726662837,78392.51785714286,0.004228619668285486,78585.35523809523,0.0017643842352645738,79024.4208,-0.0038014932214474207,78455.32967337579,0.0034246281003823312,78550.8325851107,0.002204654097098971,78602.19866822856,0.0015497191406258436,78380.09028571428,78515.63663657555,0.002653909110983008,60.08282827554543,46.61859495929804,-129.6393110214849,-169.74637784614558,40.10706682466068,73.40848404948,60.698792196160184,19.565011441560966,0.3563284049650727,-26.59151595045274,524.7085714285703,0.006665165702668901,0.0529708249281543,0.06195399640239533,0.06549332632570369,0.3297707317257863,586.618026,0.7304316795734974,30292.85780999999,30261.088760076902,26.356547680054234,-0.00030498954512092006,78700.0,1,0.003432936225902128
2026-08-26 22:00:00+00:00,78724.0,78975.85,78554.0,78700.0,931.26213,-0.00030498954512092613,0.002860893254696295,0.003278438577496434,0.004857150043814151,-0.0051575061940638545,-0.0003050360638909754,257.16999999999825,380.4100000000035,-475.5399999999936,-1.2702604954652568e-07,78465.44000000002,0.0029893415496042596,78391.97571428573,0.0039292833597780645,78579.87285714287,0.0015287266126724642,79019.7742,-0.004046761753464942,78504.26373870063,0.0024933201329150126,78564.39325919154,0.0017260585257889303,78606.03401457253,0.0011954042282561132,78421.0879047619,78511.43478654312,0.0024017547758431565,84.04626261607497,49.86379835671626,-101.27771424678212,-156.0526451262729,54.77493087949077,79.4642923611188,69.32961060168968,45.823947388469236,-0.03486712703129181,-20.535707638806766,517.7428571428567,0.006578689417317028,0.051065432751548394,0.06151741772993177,0.0654305279277334,1.1733863630364687,607.90473,1.5319211778438837,29361.59567999999,30175.422752450526,37.26829409713645,0.004113722998729352,79023.75,2,0.0034834837481167785
2026-08-26 23:00:00+00:00,78700.0,79174.12,78654.0,79023.75,697.0881,0.004113722998729363,0.007287382201916159,0.007025908851276519,0.007330781685754628,-0.0008202191415148663,0.004105284774037702,551.3399999999965,575.0899999999965,294.16999999999825,0.0,78612.93285714286,0.005225821349315098,78433.35142857142,0.007527391864240868,78575.86095238096,0.005700084506747811,79020.5646,4.0311025568173156e-05,78608.1609909605,0.005286843042763486,78606.1529629014,0.005312523528478556,78622.41503360892,0.005104587110679732,78505.32447619046,78516.1511609717,0.0064648971138133084,132.06828281227462,60.17330766823462,-52.07671718116035,-135.25745953725038,83.18074235609004,90.24546881683911,81.03941507581264,99.22187692366579,0.6835376849695077,-9.754531183096022,509.7378571428562,0.006450438724343628,0.053367145625759234,0.06263498901507053,0.06627037900932126,-0.251458770260528,620.0838195,1.1241836636875442,30058.683779999992,30164.304755074285,44.55563399021791,-0.004223287302867875,78690.01,0,0.0027706831600349162
2026-08-27 00:00:00+00:00,79023.75,79028.49,78690.01,78690.01,527.82725,-0.004223287302867917,-0.0004318885686844798,0.002733592361130688,0.011563497229995168,-0.0017251921954685168,-0.004232230569560857,214.51999999998952,899.5299999999988,-336.820000000007,0.0,78648.24428571427,0.0005310444583351803,78430.67714285714,0.0033065232456235666,78556.87952380952,0.0016947016861855366,79019.5648,-0.004170546887142485,78624.5307927684,0.0008328088774758336,78613.77632991035,0.0009697240566299507,78625.06581660465,0.0008259984614426841,78539.54561904763,78511.9061149071,0.00226849523729841,103.364242411713,49.35397930777397,-39.558594498055754,-116.11768652941146,76.5590920313557,68.59569002421678,79.4351504007249,66.3200542961865,0.4729595749926596,-31.40430997571834,491.86785714285674,0.006250702689488164,0.05419390213322955,0.062328574573267626,0.065615102566801,-0.2428112745003106,622.3284685,0.8481489707057358,29530.856529999994,30103.97635268626,39.6811396489529,0.002651670777523138,78898.67,2,0.001984653511810866
2026-08-27 01:00:00+00:00,78690.02,79017.99,78546.13,78898.67,520.71745,0.002651670777523041,0.0025243964421854947,0.00569303232905094,0.011370353017786439,-0.0023684349615443745,0.002648161301181787,446.63000000000466,887.0200000000041,232.11000000001513,1.2708093453429602e-07,78709.13857142857,0.0024079977498346573,78460.06357142856,0.005590187014979075,78560.34,0.004306625964195132,79017.6832,-0.0015061590669365476,78679.35863421473,0.002787406628527005,78639.67575446395,0.003293429722989903,78635.79539242407,0.0033429382415994338,78601.94466666666,78506.45876086355,0.004995910468094723,91.57434342324268,57.17689911039301,-12.654896162304794,-95.42512845599013,82.77023229368534,82.13150485872443,80.3242212332601,74.72207433952791,0.573636311952287,-17.86849514121071,492.35785714285674,0.006240382216111507,0.053705684353656316,0.06213858853797811,0.06550726266439004,-0.013469937370607643,622.6024964999999,0.8363561870156486,30051.573979999994,30098.985650525665,44.92884344719219,-0.00229294105971626,78717.76,0,0.0017007730531424896
2026-08-27 02:00:00+00:00,78898.68,78978.0,78704.62,78717.76,429.02181,-0.0022929410597162247,-0.0038721270504121774,-7.939128100820092e-05,0.009314628682942638,-0.0029153396314938185,-0.0022955738744304863,-6.25,726.4599999999919,-452.88000000000466,1.267448487377694e-07,78743.74857142857,-0.00033003980506468794,78488.50428571428,0.0029208826996010837,78542.80571428571,0.002227502367953439,78997.2386,-0.003537827460211991,78687.03890737178,0.0003904212568524387,78646.77432223996,0.0009025885469782295,78639.00969076039,0.0010014153223607924,78636.30419047619,78498.72100380925,0.0027903511469966184,55.36639729968537,56.91399399163136,-5.863851640984649,-77.51287309298904,71.64902145200439,70.39583792825962,73.70767760373361,74.71029061719199,1.1920224685591179,-29.604162071675493,455.0607142857147,0.0057809154412639405,0.053960848848156696,0.061685659027129795,0.06482792557213869,-0.17609480919066567,621.085702,0.6907610473366029,29622.552169999995,30053.61103333274,48.02968004821033,0.0014344920383913143,78830.68,1,0.0018382572025543171
2026-08-27 03:00:00+00:00,78717.76,78990.0,78643.23,78830.68,357.29079,0.0014344920383912996,0.0017876475044291684,0.001660482846251421,0.004944365214768487,-0.0012021454139825583,0.0014334641375801287,130.67999999999302,387.84999999999127,136.92999999999302,0.0,78797.84,0.00041676269298747393,78515.79142857142,0.004010512607709403,78537.22285714286,0.003736535774774253,78977.2922,-0.001856384232935266,78715.76712589743,0.0014598456992583337,78663.49302021814,0.002125343960239322,78646.52617347568,0.0023415379608517244,78681.92761904761,78488.58066924331,0.004358587298174111,49.6647811387602,56.670974050642954,8.531455053947866,-60.304007463601664,68.83546251754953,77.72098031833225,76.74944103510543,84.66958267735606,1.049881652291662,-22.279019681602875,434.05785714285804,0.005506204654619908,0.054244315924382044,0.062087733583731895,0.0652842978733938,-0.16719667468653865,613.1381825000001,0.5827247432913171,29979.842959999994,30046.585502539147,56.04393423122856,-0.0005922820911856625,78783.99,1,0.003901903070856575
2026-08-27 04:00:00+00:00,78830.68,78900.0,78684.18,78783.99,181.61392,-0.0005922820911856697,-0.0014535099260861717,-0.003034024581217598,0.003970567489898658,0.0009706814806553776,-0.0005924575595113579,-239.75999999999476,311.58000000000175,-370.4399999999878,0.0,78806.40857142858,-0.0002844765017841207,78586.75642857142,0.0025097558468118366,78530.48142857142,0.0032281550656118258,78939.9794,-0.0019760506803475214,78729.41170071796,0.0006932390081805667,78674.4472911074,0.0013923543496566556,78651.91691177075,0.0016792100360047077,78717.68742857143,78465.49474591739,0.004059048567959068,38.1010100963917,72.06025375097884,15.988046281563584,-45.04559671456862,61.0336429961322,74.69219092590924,74.26966972416704,76.32188156247585,1.016382596520371,-25.30780907402589,390.2300000000011,0.004953163707499405,0.053347537174682595,0.060760695764019004,0.06380878204574517,-0.4916915714508062,572.447532,0.3172586304375625,29798.229039999995,30022.93250610685,62.85323199454484,0.0016318036189839796,78912.55,2,0.003541233471188515
2026-08-27 05:00:00+00:00,78783.99,78928.0,78600.0,78912.55,297.32854,0.0016318036189839624,0.0024745368770657805,0.002828059114492465,0.005569382236415343,0.005966767073123824,0.0016304736740678785,222.54000000000815,437.0599999999977,462.3000000000029,0.0,78836.77285714286,0.0009611903190717247,78651.10642857142,0.003324092734359828,78540.24142857142,0.004740354303178154,78908.47020000001,5.170294126412039e-05,78766.03936057437,0.0018600737146999644,78696.09299191581,0.0027505432589446104,78662.13781719151,0.0031833889817543125,78761.12657142858,78471.94042599172,0.0056148678319459045,30.360538716859395,70.86189329335329,31.903403553558746,-29.655796660943146,61.55920021450189,80.12567243102494,77.51294789175547,74.79582549036586,0.5988055249918892,-19.874327568899083,375.4671428571445,0.0047580155863311945,0.05205337065899488,0.05896086936968836,0.061761435063791226,0.637146205533144,559.6455485,0.531280094689199,30095.557579999993,30029.849179810957,71.14986954662027,-0.001204624612941765,78817.49,1,0.004936975364882301
2026-08-27 06:00:00+00:00,78912.54,78912.55,78604.78,78817.49,399.15003,-0.001204624612941796,-0.0001673206421660689,-0.0010289146825921414,0.004658260001906944,0.0011436925748262716,-0.001205350756382934,-81.17999999999302,365.45000000001164,-303.72000000000116,-1.2672255565576197e-07,78807.30714285714,0.00012921209354868849,78710.12,0.001364119378804257,78558.00333333333,0.003303121969198155,78877.5454,-0.0007613751124663762,78776.32948845951,0.0005224984688646319,78707.12908355982,0.0014021717946670288,78668.2300596546,0.0018973344160942885,78783.31104761905,78477.57128511186,0.004331412266228336,9.235488214369651,68.49201624015343,36.42599510792934,-16.43943830716865,52.86543341509799,69.84942891195793,74.88909742296404,61.737734082941266,0.4397469123224294,-30.150571087957534,375.75571428571646,0.004767415383130212,0.05078875503368651,0.05736536254292808,0.06010996620621503,0.34245447813385166,561.2388595,0.7111945711579667,29696.407549999993,29998.092834114675,64.11379384336452,0.003358137895535534,79082.17,2,0.005045093761647561
2026-08-27 07:00:00+00:00,78817.5,79095.99,78754.0,79082.17,345.94116,0.003358137895535629,0.0037847791156553345,0.004629323801896845,0.004549564992941901,0.007579701470022071,0.0033525119421061304,364.4100000000035,358.1600000000035,445.5899999999965,1.2687539269217001e-07,78863.32999999999,0.002774927206345564,78755.78714285714,0.004144239667757011,78574.89476190477,0.006455945498016295,78844.5508,0.0030137682007061162,78837.49759076761,0.0031035029866426827,78741.2237123271,0.004329959220833315,78684.46299849167,0.005054454035175264,78832.91771428571,78491.1719112819,0.007529484836665389,19.37569023334221,65.61605424319816,60.66829908803629,-1.017890828127662,61.686189916163954,90.56071120591886,80.17860418296725,99.85114478048061,0.7730821432271212,-9.439288793978477,356.4900000000021,0.004507842918321508,0.050673756927319846,0.05671729339620391,0.05917314209334638,-0.13330543906009473,557.863871,0.620117519672429,30042.34870999999,30002.307679437086,62.76163355417131,0.00852050468519019,79755.99,2,0.005228554298989213
2026-08-27 08:00:00+00:00,79082.18,80022.0,79048.0,79755.99,1705.62217,0.008520504685190167,0.010688287224275506,0.01173794263857686,0.01341791613723009,0.018340239012998083,0.008484410069783108,925.3100000000122,1055.9900000000052,560.9000000000087,1.2645075362450453e-07,78985.80428571429,0.00975093842812218,78847.47142857143,0.011522482014551336,78635.31047619048,0.014251606778469216,78828.1888,0.0117699164997178,79021.1960726141,0.009298694070774159,78833.47519302463,0.011702069516998691,78726.4836652175,0.013077001370472017,78966.2780952381,78667.18382780737,0.013840665436503762,63.75124578351933,73.84683981680459,132.72220335634483,25.73012800876684,106.992075347578,85.4001097694375,81.9367499624381,214.71106776550516,1.662098270484738,-14.599890230507617,399.6150000000021,0.005010470059991695,0.05733027768025584,0.05856161487851941,0.05889056880178565,3.930382293913797,591.997517,2.8811306146020863,31747.97087999999,30168.561317585933,69.53685548423067,0.002883921320517678,79986.0,2,0.003411654258903598
2026-08-27 09:00:00+00:00,79756.0,80520.0,79683.09,79986.0,1131.87984,0.002883921320517624,0.014825516519239468,0.015257033821211685,0.01217671902434403,0.019596765578914876,0.0028797707973661326,1202.0099999999948,962.25,276.69999999998254,1.2538243202499503e-07,79166.98142857142,0.010345456611447628,78955.365,0.013053387822347242,78714.66333333334,0.016151205033843617,78833.793,0.014615648393322647,79214.15685809129,0.009743752537711502,78938.25017547693,0.013273030782845365,78775.87646265994,0.015361600424892048,79118.08190476192,78826.90996364199,0.014704242965918837,131.82619527021734,75.88058514885307,206.01056478187093,61.78621536338766,144.22434941848326,76.98275862065648,84.31452653200428,264.0760415223897,1.6030560435119974,-23.017241379300422,439.39428571428806,0.005493389914663598,0.05770639605280491,0.060171912007379154,0.060876852899139425,-0.33638301617526467,601.4303655,1.8819798682049054,32879.85071999999,30426.77935591108,77.64143528865137,-0.004500787637836621,79626.0,0,0.005229568598444438
2026-08-27 10:00:00+00:00,79986.0,80158.15,79342.0,79626.0,684.67175,-0.0045007876378365674,0.006876771337964049,0.009041020724840365,0.01189464838039811,0.0235956893439917,-0.004510946676427664,713.4499999999971,935.9900000000052,-488.5599999999977,0.0,79280.59857142856,0.004356695519399234,79039.2192857143,0.00742391839884676,78770.72714285714,0.010857749930272215,78827.6976,0.010127181489568081,79296.52548647304,0.004154967843870564,79000.77288679722,0.00791418982822715,78809.21464059484,0.010364084493546227,79207.4999047619,78948.16792267081,0.008585786031071877,140.40188550486772,68.03439863801796,232.36457370748394,95.90188703220693,136.462686675277,57.984970462561,73.45594628421833,178.6498953828835,1.1766200762388668,-42.01502953739201,474.712142857145,0.005961773074839111,0.05053966259051385,0.05987686522337688,0.06247685985782079,-0.3951020896352391,583.1066055,1.1741793756764873,32195.178969999986,30595.19836677669,74.3146803653446,-0.0018628337477708506,79477.67,0,0.0044078945035604744
2026-08-27 11:00:00+00:00,79625.99,79766.3,79172.65,79477.67,621.11446,-0.0018628337477708534,-0.0034896438499478766,0.00837605967913957,0.007338526745761298,0.01879232140327769,-0.0018645709803423258,660.179999999993,579.0,-53.270000000004075,-1.2558711971920208e-07,79379.69571428571,0.0012342486933551104,79093.05214285714,0.004862852636514302,78851.06952380952,0.007946632556471074,78833.507,0.008171182844878286,79332.75438917843,0.0018266806937102152,79044.12716981565,0.005484820260623988,78835.4285762578,0.00814660914947592,79265.95999999999,79038.52888258432,0.005556038600718929,142.8382491409358,62.03491380108583,238.53167957562255,124.42784554089006,114.10383403473249,47.19358417725199,60.720437753489826,112.76110027986425,0.5744095920530126,-52.80641582269735,484.76785714286024,0.0060994221036280265,0.05123117195232268,0.06020586453405091,0.06309073098169557,-0.09282884827656457,578.5502690000001,1.0735704281539733,31574.064509999986,30688.423713750337,67.83600339186921,-0.0024580489085802414,79282.31,0,0.00400479658072665
2026-08-27 12:00:00+00:00,79477.66,79596.0,79266.0,79282.31,505.96518,-0.002458048908580257,-0.008797664591303489,0.002530785384366574,0.007171825011280886,0.016553256581182785,-0.0024610748704573184,200.13999999999942,564.5500000000029,-460.0399999999936,-1.2582150426353948e-07,79432.51857142858,-0.001891021135046898,79134.64571428571,0.0018659878284844349,78911.57714285715,0.0046980794272010636,78832.96059999999,0.005700019339372632,79322.66551134276,-0.0005087513270338378,79065.78015437786,0.002738603795464394,78852.95333797317,0.0054450295626410515,79291.19438095238,79107.7993951093,0.0022059848235582483,112.2358922422877,58.81622654396426,225.0608744344063,144.5544513195933,80.50642311481297,37.296275843881396,47.49161016123147,82.11006742457506,0.7527003745456322,-62.70372415606794,478.2071428571456,0.006031700424182135,0.05249032189379363,0.0602851101135911,0.06296451720073126,-0.18539140112757968,573.8211349999999,0.8817472015894261,31068.099329999986,30724.583296250305,60.21108678087568,0.0031638835952181076,79533.15,2,0.0032303161458054393
2026-08-27 13:00:00+00:00,79282.31,79568.0,78920.0,79533.15,1143.32188,0.003163883595218131,-0.0011660764072037866,-0.002794022116708872,0.008911124450531105,0.013899549519057253,0.003158889047521544,-222.84000000001106,702.4700000000012,-422.9800000000105,0.0,79534.75571428573,-2.0188837839646905e-05,79171.03142857143,0.004573877147922071,78984.99857142857,0.006939943514409319,78841.2638,0.008775686317701882,79364.7624090742,0.002121692118951477,79108.26832216169,0.005370888364134132,78879.62771687619,0.008285057904551666,79344.32828571428,79166.94844947867,0.004625687331563772,97.59703702520594,57.886474401993254,231.95205702251405,162.03397246017747,69.91808456233659,50.00430626127819,44.83138876080386,64.15020338647412,0.8041707166926741,-49.99569373867115,487.3414285714316,0.006127525799888795,0.04996427331082451,0.06050445685784727,0.06414750480690083,1.2596849055897485,601.731067,1.9000545969784535,32211.421209999986,30866.186907083607,49.31643955553072,0.00843547627624467,80204.05,2,0.004336956141755859
2026-08-27 14:00:00+00:00,79533.16,80388.0,79354.47,80204.05,1464.1918,0.008435476276244636,0.009139422431482913,0.0027261020678619463,0.018024728120523026,0.022066864009911313,0.008400096470677815,218.0500000000029,1420.0599999999977,440.89000000001397,1.2573373504397977e-07,79695.02428571427,0.0063871705774355214,79279.17714285714,0.011666024932073638,79068.86619047618,0.014356900057086414,78865.7448,0.01696941052663444,79532.61992725937,0.008442197344369134,79207.8848383288,0.012576590874815862,78931.56584562614,0.01612135956940926,79482.06409523809,79275.5609448633,0.011712172630130711,110.69939392597514,71.22442342279041,288.22689173374965,187.27255631489192,100.95433541885774,83.99337342373927,57.09798517629961,149.28646136552265,1.8881253734862238,-16.006626576210074,536.9878571428593,0.006695271088465639,0.056979457597839,0.0657309968056993,0.06846021252057569,0.28064705627780007,658.0784125,2.2249503587808013,33675.61300999999,31133.751297837545,59.58427683757044,0.001225249847108769,80302.32,1,0.002372050553706106
2026-08-27 15:00:00+00:00,80204.06,80799.91,80094.0,80302.32,1415.34964,0.0012252498471088114,0.01286554339801671,0.008493708085298923,0.017611520600969044,0.023278988127375833,0.0012244998410822264,676.320000000007,1389.770000000004,458.2700000000041,1.246819829517485e-07,79773.07142857143,0.006634426404183937,79379.43785714287,0.011626211620672027,79156.00476190477,0.014481721778950974,78898.8314,0.017788458651365954,79686.5599418075,0.007727276201183348,79307.37894393527,0.012545378113782805,78985.32091050356,0.01667397276246668,79618.48314285715,79415.65564614575,0.011164855929729729,120.1550841605198,70.30537995255582,336.8714272854704,217.19233050900763,119.67909677646279,77.38134741872305,70.45967570124684,177.4236185163075,1.8668366174184916,-22.618652581231483,553.7057142857167,0.006895264225064851,0.05684251653144127,0.06791588009007168,0.07130437232738805,-0.03335776091629539,705.5033275,2.0061558674902122,35090.96264999999,31510.62856947206,63.040915970585864,0.0008926267634607942,80374.0,1,0.0026353126358272215
2026-08-27 16:00:00+00:00,80302.32,80624.0,80189.39,80374.0,957.98058,0.000892626763460802,0.010572321101327109,0.011277758897562107,0.01974828175827459,0.024498534391202753,0.0008922286091092494,896.3300000000017,1556.5099999999948,220.00999999999476,0.0,79828.5,0.006833399099319079,79497.74071428573,0.011022442623414062,79246.41,0.014228909549340875,78921.5916,0.01840318182331211,79824.047953446,0.006889553469835638,79404.3444944866,0.012211617785985365,79039.77891401324,0.01688037472167318,79751.09142857142,79501.71700059563,0.01097187623504817,108.19609426297976,74.74127010652572,376.86231494239473,249.12632739568505,127.73598754670968,80.63966253161225,80.67146112469152,151.8187071933154,2.018189228547544,-19.360337468342305,565.222142857145,0.007032400314245128,0.056594489571335116,0.06832820990600333,0.07182445324630579,-0.32314916899261714,737.2911435,1.2993246812257426,36048.94322999999,31942.849013331863,59.993230121568345,0.0008517679846717397,80442.46,1,0.0026642145036259316
2026-08-27 17:00:00+00:00,80374.0,80848.74,80230.0,80442.46,973.76075,0.0008517679846717918,0.0029725431571099303,0.014633150825196894,0.01720096957379913,0.02182879149575845,0.0008514054361787958,1160.1500000000087,1360.2900000000081,263.820000000007,0.0,79945.13714285714,0.006220801851326747,79612.86785714285,0.010420327331327492,79341.1919047619,0.01388015567701593,78940.4006,0.019027765106122273,79947.7303627568,0.006188163628891004,79498.71863135145,0.011871151949314094,79094.78601542448,0.017038720912813284,79877.054,79589.50069876961,0.010716982689194972,99.02902355702042,74.40124021211972,409.3606763266871,281.1731971818855,128.1874791448016,81.93299358748378,79.98466784593968,144.6257472785317,1.9387410494274788,-18.067006412471752,584.6485714285736,0.007267910148801594,0.05597354961430207,0.06918214538248879,0.0733232755822751,0.016472327654074137,764.5549615,1.2736308035831463,37022.70397999999,32426.644724443115,62.12200035355949,-0.0036270646123950467,80150.69,0,0.0027565220354206377
2026-08-27 18:00:00+00:00,80442.47,80442.47,79749.7,80150.69,662.82544,-0.0036270646123950367,-0.0018882393435208922,0.00776456106667478,0.004948844594619084,0.01843316391359595,-0.003633658360040607,617.5400000000081,394.6999999999971,-542.6100000000006,1.2431245880299017e-07,80041.28285714285,0.0013668839247918555,79710.4892857143,0.005522494194055724,79409.12904761905,0.009338484898080866,78960.294,0.015075881049784247,79988.32229020545,0.0020298926786520093,79557.98875577404,0.007449927449088948,79136.1940148196,0.012819620627577907,79948.76361904763,79665.11257337785,0.0060952330441370415,103.77111109853354,69.26155806204234,406.88217682632967,306.31499311077437,100.5671837155553,68.95817213191873,77.17694275033826,84.7180370615804,1.6915027362581325,-31.041827868036805,618.7164285714306,0.007719414874300182,0.058263940574409076,0.07068087132751179,0.07485369337865862,-0.3193138663680992,751.133127,0.8824340402165721,36359.87853999999,32801.238421162816,59.67003124053071,-0.0030005979985948967,79910.19,0,0.0021192637449611376
2026-08-27 19:00:00+00:00,80150.69,80294.11,79886.0,79910.19,514.60852,-0.003000597998594867,-0.00577064722422671,-0.0036639047529395397,-0.0009477908634010213,0.011217387177905325,-0.0030051088184674343,-293.8600000000006,-75.80999999999767,-911.4000000000087,0.0,80130.98,-0.0027553637806500162,79781.74928571428,0.0016099009539857318,79466.75714285714,0.00558010510414688,78973.6976,0.011858282294736962,79972.69583216438,-0.0007815896602454358,79590.00705070367,0.004022903894107582,79166.54679855217,0.00939340203053324,79975.39038095238,79711.33084360365,0.0024947413911144247,105.6593939265875,63.630153455796425,381.11831337930926,321.27565716448134,59.84265621482791,58.17438813523494,69.68851795154582,66.81377611177874,1.047037530710138,-41.82561186472049,624.4385714285735,0.007814254620450354,0.058563826867807985,0.07011681870390911,0.07437106338132699,-0.2236138069775957,742.009148,0.6935339293139099,35845.27001999999,33091.14619248064,56.269474076420465,0.002325235367354247,80096.0,2,0.0017322549609160185
2026-08-27 20:00:00+00:00,79910.19,80120.0,79882.86,80096.0,282.87253,0.0023252353673541837,-0.0043069294499448185,-0.002569290650631384,0.005902594629894731,0.017867452297947395,0.002322536190934612,-206.32000000000698,470.0,87.5399999999936,0.0,80211.38714285714,-0.0014385381797678786,79873.07142857143,0.002791035419589718,79517.81666666667,0.007271116808413297,78993.0576,0.013962523207862077,79997.35666573151,0.0012330824214688717,79636.0064097306,0.0057762011307134825,79202.99594370698,0.011274877239842142,80017.29047619048,79750.4193827513,0.004333276488367226,93.16323231194043,67.0448455241295,371.41217177973886,331.3029600875329,40.109211692205974,64.06523005238626,63.73259677317998,60.372863163370944,0.4263128073515111,-35.934769947566,619.3935714285732,0.007733139875007059,0.05602139905923488,0.06980383124178882,0.07437251874768593,-0.4503151055485829,729.7614120000001,0.38762330447750826,36128.14254999999,33380.38394081582,59.051733409318366,0.0010986815821014781,80184.0,1,0.0020121859418154578
2026-08-27 21:00:00+00:00,80096.0,80184.0,79975.74,80184.0,278.41542,0.0010986815821014684,0.00041559218017961364,-0.002363948540572869,0.008887150315302517,0.016290895651346338,0.0010980784732013828,-190.0,706.3300000000017,16.320000000006985,0.0,80208.52285714286,-0.0003057387951968195,79951.77357142858,0.0029045813269413722,79588.95904761905,0.007476425869886331,79018.2186,0.014753324241607142,80034.68533258521,0.001865624470119493,79685.824008846,0.006251751768278007,79241.4666910126,0.011894445526388674,80058.74761904762,79791.20474343818,0.004922788894149583,68.68303029470543,65.41559985983464,366.59497056320834,338.361362182668,28.233608380540318,65.53501249516997,62.59154356093038,64.09560135923275,0.24754332008101107,-34.464987504778186,609.8414285714296,0.0076055251492993855,0.055644286830910564,0.0688497215346515,0.07332215757754568,-0.01575660245270194,717.6463105,0.38795631765407373,36406.55796999999,33668.59099121431,58.843564505070525,0.001486705577172583,80303.21,1,0.004151586711218895
2026-08-27 22:00:00+00:00,80184.0,80432.36,80150.0,80303.21,534.24073,0.0014867055771725646,0.004918271374401817,-0.0017310509897384696,0.012876769105239383,0.020140944051253662,0.001485601524567946,-139.25,1020.9000000000087,50.75,0.0,80208.65000000001,0.001178925215671832,79990.86071428572,0.0039048121613535487,79655.84190476191,0.008127063624687996,79060.1602,0.015722834318263778,80088.39026606818,0.0026822830777114594,79741.95000804182,0.00703845330972688,79283.10368352191,0.012866629446673617,80105.6058095238,79839.23604727963,0.005811352609206003,27.44370370037758,59.06251449060761,368.15271923330147,344.31963359279473,23.833085640506738,71.715731513801,67.10532468711908,79.49201500452713,0.8504885338959609,-28.284268486147145,560.4385714285725,0.006979030743958621,0.054449716078544236,0.06886106774132787,0.0734385086587936,0.9188618575795839,722.9072565,0.7390169695983139,36940.798699999985,33980.22982062247,54.56686704679639,-0.0006678437885609387,80249.58,1,0.003980143967615338
2026-08-27 23:00:00+00:00,80303.21,80393.6,80134.0,80249.58,329.82531,-0.0006678437885608846,0.0019174490611266748,0.0012338009816259543,0.009007941971366673,0.017999337313848063,-0.0006680668955631249,98.88999999999942,716.4300000000076,238.13999999999942,0.0,80190.87571428572,0.0007320569228279653,80009.68785714287,0.002998288698306857,79728.78571428571,0.006532073466923124,79093.7518,0.014613394531121343,80120.62821285454,0.001609470494950119,79788.09818912893,0.005783842720215957,79321.00471554066,0.01170654970634024,80140.10171428572,79874.03458491358,0.004701720866337103,-12.214680133199794,54.63598756111493,360.89952837102464,347.6356125484407,13.263915822583954,68.93515974155711,68.72863458350936,68.71443550406862,0.9712287740694886,-31.064840258391037,519.202142857144,0.0064698424945917165,0.05473942284911125,0.06856687542316807,0.07310947564469937,-0.38262792131180257,721.5339825,0.4571168066911428,36610.973389999985,34230.776827229856,47.863801144792305,0.0040675602289756314,80576.0,2,0.003981237932345218
2026-08-28 00:00:00+00:00,80249.59,80705.37,80153.99,80576.0,516.59696,0.004067560228975697,0.00488875586151849,0.008331978687574182,0.0046375463583197,0.022745864991097653,0.004059310070312149,665.8099999999977,371.9499999999971,566.9199999999983,1.2461124400602702e-07,80209.95285714287,0.00456361249219374,80077.54500000001,0.006224653865200049,79811.8961904762,0.009573808492160258,79127.4816,0.018306135500715626,80211.70257028364,0.004541699253885658,79859.72562648084,0.008969156454021698,79370.22021689202,0.015191841219704018,80215.61,79908.52185809356,0.008353028267645578,7.957373736408803,66.908848845237,377.14321611856576,353.5371332624657,23.606082856100045,85.85916193987457,75.50335106507757,92.47063814355414,1.6317511434770078,-14.140838060073577,500.2900000000009,0.006208920770452674,0.055549901432094546,0.06986343124776932,0.07426520749172026,0.5662744620781224,738.2831345,0.6997274295709924,37127.57034999999,34506.66192463654,53.716070730588164,-0.0009384928514693624,80500.38,1,0.0029139174350399136
2026-08-28 01:00:00+00:00,80575.99,81478.87,80434.15,80500.38,1463.05089,-0.000938492851469408,0.002455319033946468,0.005048691570116004,0.0024664293634355516,0.02012138753594961,-0.0009389335116113727,404.38000000000466,198.05999999999767,-261.429999999993,-1.241064336125048e-07,80259.90857142858,0.002996158765336926,80150.59571428572,0.004364088408789378,79893.62904761906,0.007594484812040423,79166.7064,0.016846394913304013,80269.4380562269,0.0028770843469880176,79917.9669331644,0.007287636174762486,79414.54020838645,0.01367306023260053,80271.988,80011.23666539528,0.006113433000046036,25.816228953099756,68.68666566746151,379.53945904193097,358.73759841835874,20.801860623572225,61.76085537754516,72.18505901965895,134.6881058429685,1.2161344043332853,-38.23914462241576,532.5092857142861,0.006614990956741812,0.05599005814631153,0.07455810450271776,0.08039835042352529,1.8320934950914154,796.569252,1.836690138772973,35664.51945999999,34616.93407086163,62.888807802407875,-0.007133755145006819,79926.11,0,0.0036800126522080366
2026-08-28 02:00:00+00:00,80500.38,80500.38,79723.02,79926.11,1190.20509,-0.007133755145006804,-0.004030799911974636,-0.003216227676344441,-0.005572573220195554,0.014065659792008134,-0.0071593220407843655,-257.8899999999994,-447.8899999999994,-662.2700000000041,0.0,80262.18285714286,-0.004187188102534267,80196.58142857142,-0.0033726054621456836,79941.89380952381,-0.00019744102587085103,79192.5928,0.009262447080782948,80200.77244498153,-0.0034246857805508746,79918.70721196763,9.262897625127639e-05,79434.60176884188,0.006187583499045225,80242.05657142856,80043.41374396461,-0.0014655015132142275,11.512996631600874,60.33260789988871,331.2809090925148,353.24626055319,-21.96535146067521,39.318527318684,62.31284821203459,9.264009688134275,-0.34654110359763485,-60.68147268127693,564.4635714285718,0.007062317575928125,0.06264951939830735,0.07692474115252415,0.08196633350978927,-0.18649098391922647,836.122005,1.423482557427222,34474.314369999986,34603.35124220814,59.20441218575871,-0.0014465861030894078,79810.49,1,0.002311149975847387
2026-08-28 03:00:00+00:00,79926.11,80060.01,79775.61,79810.49,530.69453,-0.0014465861030894533,-0.009500471604447891,-0.006135744760390027,-0.007856174463088283,0.00920966129280476,-0.0014476334189098042,-492.72000000000116,-631.9700000000012,-234.83000000000175,0.0,80221.39571428571,-0.005122146163464554,80216.39142857143,-0.005060080880512448,79989.17952380952,-0.002233921198758213,79212.5,0.0075491873126084606,80122.71595598523,-0.0038968468836820193,79908.86928360692,-0.0012311434824306762,79449.34248378927,0.004545632536662233,80190.57771428571,80060.16050397685,-0.003118536140886666,1.3057912456331875,54.65310587325356,280.47297498295666,338.69160343914336,-58.21862845618671,21.465825644878116,40.84840278036909,-36.73377753697928,-0.6124729646665197,-78.53417435507481,538.4921428571428,0.006747134904912073,0.062272150836264924,0.07674399615362809,0.08200290693183541,-0.5541150559186401,845.3596734999999,0.6277736526065462,33943.619839999985,34540.51968009308,62.41009331541213,-0.0020884472705280667,79643.81,0,0.0023459427977923345
2026-08-28 04:00:00+00:00,79810.48,79970.5,79603.81,79643.81,562.86792,-0.0020884472705280377,-0.01064057088923065,-0.007548575332107732,-0.006324087790136379,-0.0014065401231933006,-0.0020906311176250273,-605.7700000000041,-506.88000000000466,-113.05000000000291,-1.2529681260336954e-07,80144.22571428571,-0.006243939720244991,80176.37428571428,-0.006642409194215285,80015.92428571428,-0.004650502872222837,79223.2162,0.005308971538572768,80026.93476478818,-0.004787447700130491,79884.7729850972,-0.003016381922273815,79456.96866089557,0.002351478319061288,80114.23352380954,80097.5562380218,-0.005664919871880056,-32.10444444055306,38.68631711570487,224.17350552408607,315.7879838561319,-91.61447833204585,2.133265068849995,20.97253934413737,-71.83997280442846,-0.9084903078109752,-97.86673493109667,490.8607142857145,0.006163199805304497,0.05503832626055198,0.07282911527492479,0.0790051238931387,0.06062506429075132,788.221961,0.7140982462416903,33380.75191999999,34430.06560770326,53.627241530960106,0.0005297335725149554,79686.0,1,0.0024893619344182744
2026-08-28 05:00:00+00:00,79643.8,79872.6,79558.11,79686.0,326.58104,0.0005297335725149566,-0.003004149707773851,-0.011045472597299488,-0.002805524552000227,-0.0037506563648638247,0.0005295933132172184,-890.0,-224.19000000000233,-284.2299999999959,-1.2555903584674296e-07,80056.05285714286,-0.00462242196481008,80132.35142857142,-0.005570177595116292,80012.59142857142,-0.004081750418782197,79235.1638,0.0056898500410495715,79958.74781183054,-0.0034111065930197784,79866.70271372472,-0.0022625538251207326,79465.95028203692,0.0027691069845900457,80048.8502857143,80091.61099531307,-0.005064338078263858,-73.94585857689559,37.26537898865146,180.87513480246707,288.80541404539895,-107.93027924293187,6.658301922152335,10.085797545293483,-71.42583484848856,-0.9403740263537401,-93.3416980777956,462.9021428571432,0.00580907741456639,0.053989960336959845,0.06984778168592039,0.0754395176826361,-0.4197909875553043,747.9570209999999,0.43663075662146017,33707.332959999985,34361.23392696962,44.51623263773771,0.002738373114474392,79904.21,2,0.003187710590222249
2026-08-28 06:00:00+00:00,79686.0,79999.0,79685.99,79904.21,359.1323,0.002738373114474335,0.0011742817266251482,-0.007405803550244117,-0.002394501598082188,0.0034939592595384372,0.0027346306015250234,-596.1699999999983,-191.7899999999936,293.83000000000175,0.0,80006.71428571429,-0.0012811960424749624,80098.795,-0.0024293124509549664,80008.69666666666,-0.0013059413666237046,79256.728,0.008169426323024531,79947.84024946444,-0.0005457339351293485,79870.11246702247,0.00042691229452841093,79483.13693764331,0.005297640211244183,80018.43142857142,80103.91687136026,-0.0024930974559079088,-85.77932658892907,40.847260158989364,162.29772030773165,263.50387529786553,-101.20615499013388,18.018909181773182,8.93682539092517,-39.91693265348915,-0.3075207462343653,-81.98109081817475,454.2164285714285,0.005684511849518602,0.052401980325510716,0.06687748109089928,0.07204699924169966,0.09967284077483507,731.6800485000001,0.49083243520956704,34066.46525999998,34333.16072059156,51.85468577915379,-0.003056284518675629,79660.0,0,0.0027845588802639107
2026-08-28 07:00:00+00:00,79904.21,79904.21,79573.36,79660.0,1018.10642,-0.003056284518675678,0.00020328007914249824,-0.0033294501634071327,-0.006534969569989002,0.0022941034884389477,-0.0030609644941956273,-266.1100000000006,-524.0,330.0599999999977,0.0,79875.85714285714,-0.0027024078436001502,80042.905,-0.004783746916731646,80010.31571428571,-0.004378381851868587,79268.2084,0.00494260697836072,79890.27219957155,-0.002882355926843202,79851.01133365677,-0.0023920966117590187,79490.07274401025,0.002137716700008343,79959.92542857144,80103.509972499,-0.00553671084639436,-103.31185183932948,35.73267593904754,126.41207966019283,236.085516170331,-109.67343651013817,5.30467106769959,9.993960723875036,-79.17027562087931,-0.31308898151787545,-94.69532893224834,433.6528571428571,0.005443796850901979,0.05318432572826787,0.06555329046959597,0.07013543903847685,1.8349063005471797,751.5296464999999,1.3547122521914314,33048.358839999986,34210.798636725696,40.2319633860746,-0.0017978910369068686,79516.78,0,0.0026449248196731205
2026-08-28 08:00:00+00:00,79660.0,79840.0,79480.0,79516.78,526.20796,-0.0017978910369068624,-0.0021235850714053095,-0.0036800926795463873,-0.009793257330560134,0.00295740626124541,-0.0017995091827880045,-293.7100000000064,-786.4300000000076,-27.60000000000582,0.0,79735.34285714287,-0.002741103873278019,79997.62571428572,-0.0060107498190392974,80012.1780952381,-0.006191533676891275,79279.5856,0.002991872349040003,79815.57375965724,-0.003743552111233035,79820.6266669607,-0.0038066184099061293,79491.1200873824,0.0003228022524955376,79889.77542857143,80110.60886762604,-0.007412612087461115,-113.6367676629937,37.779294336988976,85.43099847299163,205.95461263086312,-120.52361415787149,1.8400396223856739,8.387873290619483,-108.99814482348248,-0.7231572113463768,-98.1599603775643,409.8835714285711,0.005154680199934729,0.05281022288207461,0.0656628355377589,0.07037487314920779,-0.4831503370738002,752.5417855000001,0.699240852984237,32522.150879999987,34049.97504084706,40.89946555357303,-0.002912467028971703,79285.19,0,0.0025858126355238426
2026-08-28 09:00:00+00:00,79516.77,79516.78,79259.43,79285.19,541.74443,-0.0029124670289717436,-0.007747026095371035,-0.004502798145894715,-0.012017383766992906,-0.0031176936912469255,-0.0029167165140649948,-358.61999999999534,-964.3899999999994,-64.90999999998894,-1.2575961947605505e-07,79643.78285714285,-0.004502458877249164,79952.98285714285,-0.008352319491769674,80012.31523809524,-0.009087666516479324,79286.7782,-2.0031082559466433e-05,79709.49700772579,-0.0053231675478350605,79771.95060632791,-0.006101901766575213,79483.04439768112,-0.002489265467628333,79794.784,80143.17930887725,-0.010705705916288792,-131.37838382245928,37.90952845205965,33.87532519556407,171.53875514380331,-137.66342994823924,1.1606531377283313,2.7684546092711986,-171.6347151291024,-1.1209343509927,-98.83934686222662,399.11500000000007,0.005033916170220378,0.05261957822556485,0.06368265015667615,0.06785807964904603,0.0295253420339745,722.462913,0.7498577715908998,31980.406449999988,33852.87327029019,40.79046781941116,0.003540383771546705,79565.89,2,0.0024673989806960634
2026-08-28 10:00:00+00:00,79285.19,79571.99,79001.01,79565.89,548.77151,0.00354038377154664,-0.0011813959327140466,-0.0015072911176366999,-0.012536114972200196,-0.007956705428217248,0.0035341313658531583,-120.11000000000058,-1010.1100000000006,238.50999999999476,0.0,79608.84,-0.0005395129485619506,79915.11785714285,-0.004369984885302004,80013.8742857143,-0.005598832573893645,79303.9442,0.0033030614383994035,79680.77560618063,-0.0014418233922376164,79753.21782393446,-0.002348843457928098,79486.29324483089,0.0010013896977676593,79743.17161904761,80129.63766027351,-0.007035445020525756,-94.94020200869447,40.10830095852643,15.488682881972636,140.3287406914372,-124.84005780946455,22.797091038225588,8.599261266113198,-143.41996706378833,-0.9181700208497241,-77.20290896173405,422.96071428571514,0.005315854749889806,0.04422453859206437,0.05941551741869198,0.0644916532366652,0.012971208582615468,676.6918985,0.810962139809317,32529.177959999986,33726.80705026255,42.56439661052854,0.00048060795901365823,79604.13,1,0.0070301000868218284
2026-08-28 11:00:00+00:00,79565.9,79770.29,79555.22,79604.13,394.07937,0.00048060795901361253,0.0010985102766989385,-0.0037554967379065385,-0.011133487817076126,-0.00869451841491009,0.00048049250399939686,-300.08000000000175,-896.25,-179.97000000000116,1.2568199758415552e-07,79603.17142857143,1.2041874857193368e-05,79873.69857142857,-0.0033749353823586173,79985.30666666667,-0.00476558361219004,79327.137,0.003491781129073128,79665.4464849445,-0.0007696747793422468,79739.66438539496,-0.001699711008813607,79490.9142940532,0.00142425970253646,79701.70657142857,80083.87819478824,-0.005990571455859499,-48.18175083591056,38.97505903447582,3.957169013694511,113.05442635588867,-109.09725734219415,24.34035821231895,16.099367462757623,-76.52734553107078,-0.8043032748582473,-75.6596417876407,423.44714285714355,0.005319411729732342,0.043940633815531635,0.05668691210319638,0.061042377713013185,-0.2818880666745984,625.628385,0.6298936868079764,32923.257329999986,33650.27850547564,43.3016616193654,-0.002299880672020431,79421.05,0,0.0068646894835982615
2026-08-28 12:00:00+00:00,79604.12,79727.36,79306.11,79421.05,400.05317,-0.002299880672020471,0.001713560880663767,-0.002999623399447593,-0.006319086466237356,-0.011856446114415053,-0.0023025294596161596,-238.9499999999971,-505.0599999999977,61.13000000000466,-1.256216230152016e-07,79565.32142857143,-0.001813245091970722,79810.68714285715,-0.004882017143389679,79943.34142857142,-0.0065332699289042985,79341.009,0.0010088225623648979,79616.56718795562,-0.0024557349664931297,79710.69944126815,-0.003633758620843156,79488.17451781583,-0.0008444591692161992,79641.35342857143,80038.83635711542,-0.007718582443640025,-42.98686868165808,33.6253749515642,-19.727261156775057,86.49808885335594,-106.225350010131,16.951724471916837,21.36305790748712,-98.95384728054745,-1.433367255758517,-83.04827552804281,433.36785714285776,0.005456586851254828,0.04412423373412084,0.05664076561486288,0.06080291788336672,0.015158875228612034,597.7320145000001,0.6692851650818357,32523.204159999987,33542.93809162082,37.83128285863087,-0.0011369781688859932,79330.75,1,0.0073698181639048526
2026-08-28 13:00:00+00:00,79421.04,79635.01,79034.56,79330.75,843.2247,-0.001136978168886027,-0.0029552864927420153,-0.0023395062023386926,-0.006010989282235979,-0.013819940364827366,-0.0011376250189136787,-186.02999999999884,-479.74000000000524,52.919999999998254,-1.25911203759118e-07,79483.39857142858,-0.0019205088631357372,79745.05642857144,-0.005195386988565608,79893.66285714286,-0.007045776060479183,79357.8788,-0.00034185389541946176,79559.4037503645,-0.002874000301484708,79676.15858297105,-0.004335156075720646,79482.00100731324,-0.00190295922845884,79577.3618095238,79949.97111136968,-0.007745107381053398,-45.02700336154531,33.173768930553166,-45.26204535123543,60.14606201243766,-105.40810736367308,13.307450784139222,18.199844489458336,-119.52493762120766,-1.4529496630947456,-86.69254921582042,457.7142857142857,0.005769695681867118,0.04382454385217011,0.056571037977123824,0.0606900474951712,1.1077815731343907,591.205212,1.4262808968581517,31679.979459999988,33365.51346003788,35.75549963568835,0.002668448237285067,79542.44,2,0.007214663573111796
2026-08-28 14:00:00+00:00,79330.34,79706.64,78423.03,79542.44,2930.13002,0.0026684482372849594,-0.0007749597916590911,0.0032446160499837173,-0.0012727919470452154,-0.007588830489169807,0.0026648942503036985,257.25,-101.36999999999534,443.27999999999884,-5.168235520318253e-06,79466.60428571429,0.0009543092342671684,79671.23071428572,-0.0016165272348757618,79850.80476190476,-0.00386176147910116,79382.3358,0.002016874388823408,79556.0110002916,-0.0001705842226246385,79664.0023481555,-0.0015259382477951415,79484.3711638892,0.0007305692334291854,79550.34628571429,79791.29323410582,-0.0031188018644551035,-40.122962958099535,30.24254287686179,-47.86517205227574,38.54381519949498,-86.40898725177072,36.63182627361506,22.29700050989037,-126.03926429294911,-0.48003086851092014,-63.36817372635222,510.01642857142934,0.006411878093900852,0.04392969324325097,0.06370369928181598,0.07001517144551124,2.4749100921735336,704.5704410000001,4.158746733452364,34610.109479999985,33484.046414319986,23.924241633951198,-0.015228474258521585,78331.13,0,0.006691752047250121
2026-08-28 15:00:00+00:00,79542.44,79838.73,78312.64,78331.13,1255.01594,-0.015228474258521585,-0.013723313907333057,-0.015518710341831055,-0.017002610245212435,-0.019760433556721635,-0.015345618277387084,-1234.7599999999948,-1354.8699999999953,-1492.0099999999948,0.0,79297.22571428573,-0.012183222118849788,79516.28428571428,-0.014904548123197262,79764.15904761905,-0.017965826565832763,79379.9852,-0.013213093922320077,79311.03480023329,-0.012355213908145741,79542.83213468682,-0.015233329040070754,79439.14602020726,-0.013947985039081283,79371.66619047619,79701.4547513153,-0.017193221323135985,-104.14121210858885,21.08676702264158,-145.987904686408,1.6374712223143852,-147.6253759087224,0.8451644162467542,16.928147158000346,-174.73081878533478,-1.8535909252029175,-99.15483558370754,544.4000000000004,0.0069499827207904884,0.06829873285466147,0.07505255317388516,0.07734932508633122,-0.5716859212957383,741.5908119999999,1.6923294081997173,33355.09353999999,33471.76518819427,11.412714093757785,-0.006927896993187743,77788.46,0,0.0034454621150891607
2026-08-28 16:00:00+00:00,78331.13,78404.0,76888.0,77788.46,2955.61638,-0.006927896993187743,-0.01944126331844831,-0.022808741204759064,-0.02647857978947543,-0.028809678385936843,-0.006952006287223321,-1815.6699999999983,-2115.75,-580.9100000000035,0.0,79083.40714285713,-0.01637444806238436,79363.595,-0.019847072199791035,79663.1242857143,-0.023532397235522938,79379.9448,-0.020048953221241984,79006.51984018664,-0.015417206613460386,79383.3437588062,-0.0200909118120795,79374.4132351011,-0.019980660901436898,79141.28961904763,79357.05562485366,-0.019766303229153178,-166.63744105724192,21.265905137686318,-264.49092421814566,-51.58820786577763,-212.90271635236803,28.387678475153738,21.954889721671847,-293.02873121424125,-2.3295595728029186,-71.61232152481473,597.1600000000004,0.007676717086313223,0.0702150731846166,0.08558886828052913,0.09011288816315426,1.3550429008893703,875.2280045,3.3769673328552905,30399.477159999988,33179.16632836624,9.94166387443795,0.0014853102889553745,77904.0,1,0.002335299548487814
2026-08-28 17:00:00+00:00,77788.45,78131.86,77642.78,77904.0,722.76014,0.001485310288955377,-0.020598312045745693,-0.019101359148487762,-0.022043685664072332,-0.028434600419036227,0.001484208306683587,-1517.050000000003,-1756.0,298.61999999999534,-1.2855377274872257e-07,78845.99428571427,-0.011947268776911569,79227.41714285714,-0.016704029874794933,79558.74333333333,-0.020799012955751536,79377.7918,-0.018566802711183352,78786.0158721493,-0.011195081543158547,79248.85796255109,-0.01697006111036431,79316.7499709795,-0.01781149595131387,78946.67695238095,79286.34633868243,-0.017434859878364573,-211.72592590026179,24.372585445234876,-345.10416260662896,-110.29139881394791,-234.81276379268104,32.65830922531897,20.630384038906485,-209.75036211999023,-2.236277388750819,-67.34169077464888,611.7800000000009,0.007852998562333038,0.07041442605043298,0.08645176883715575,0.0912210417697843,-0.7554621280045822,897.4452405,0.8053529144536086,31122.237299999986,32983.26832566469,15.140665039855946,-0.0044927089751489015,77554.0,0,0.003567740126605488
2026-08-28 18:00:00+00:00,77904.0,77935.5,77270.0,77554.0,575.36359,-0.0044927089751488625,-0.009921087567612119,-0.022396737708895942,-0.024683846604452553,-0.03423536867330712,-0.0045028315219326825,-1776.75,-1962.7799999999988,-259.6999999999971,0.0,78553.11857142857,-0.012719018539283752,79078.145,-0.01927390937154614,79433.50523809524,-0.023661365974742745,79369.0458,-0.02286843418243519,78539.61269771945,-0.012549243163610066,79094.77996595553,-0.019480172605811707,79247.62252113716,-0.02137127231401061,78723.55466666666,79202.02211785421,-0.020807828812778307,-264.9855891934697,23.227814857908825,-432.25009966193466,-174.68313898354526,-257.56696067838936,21.40790742525831,27.484631708577,-200.44275095331417,-2.9412843203130055,-78.59209257470955,633.1235714285722,0.008163648186148542,0.07032609621937978,0.08804502035336165,0.09283720895830676,-0.2039356376238456,899.5013835,0.6396472540826953,30546.873709999985,32751.230743220432,15.14413881420812,0.00033563710446912905,77580.03,1,0.0027303406980376263
2026-08-28 19:00:00+00:00,77554.0,77797.35,77376.0,77580.03,501.052,0.0003356371044691553,-0.0026794462829062837,-0.02467123211206501,-0.02150666473776508,-0.033265594661056164,0.0003355807909364621,-1962.4100000000035,-1705.1600000000035,-185.6600000000035,0.0,78290.11571428573,-0.009069928021017703,78927.71857142857,-0.017074971832727135,79303.83,-0.021736655089671975,79351.7898,-0.02232791225586165,78347.69615817556,-0.009798196958155814,78957.07542359593,-0.017440430970982905,79182.22673599454,-0.020234297544277025,78523.80600000001,79138.19830048681,-0.019689206147585563,-307.38774407048516,22.908621252930942,-493.52443667491025,-238.45139852181828,-255.07303815309197,22.244615879131352,25.43694417656954,-163.92876027397028,-2.6110595028872394,-77.7553841208365,640.7564285714294,0.0082592959627809,0.07061688082557922,0.08853482383090654,0.09348941854841639,-0.1291558786331961,908.0627180000001,0.5517812702442082,31047.925709999985,32589.011216247058,14.96216734960531,-0.0022259594382729978,77407.34,0,0.0029084222376760532
2026-08-28 20:00:00+00:00,77580.03,77609.83,77310.24,77407.34,264.10726,-0.002225959438272973,-0.00637528239884988,-0.011793395550402597,-0.027129087602740354,-0.039325109213661724,-0.002228440568597498,-923.7900000000081,-2158.550000000003,1038.6199999999953,0.0,78015.34285714287,-0.007793375442266551,78749.37071428572,-0.01704179604373967,79168.48523809525,-0.022245534101084236,79330.4884,-0.02424223572535047,78159.62492654045,-0.009624981277065854,78816.19038508722,-0.017875139336267287,79112.623334583,-0.021555135738212054,78321.08885714285,79074.52970846575,-0.02108377646522054,-316.49824911988645,17.499420764422865,-549.6830262244039,-300.6977240623354,-248.98530216206848,17.21829713447748,20.29027347962238,-144.8321954823153,-2.6528237184654304,-82.78170286548936,639.7978571428581,0.008265338366398456,0.06727684773701662,0.08770870567459235,0.09270629701680386,-0.47289450995106297,895.4382329999999,0.2949474908111335,30783.818449999984,32417.0880956521,12.374088417847034,-0.0005598952244063225,77364.0,1,0.0025141541192627644
2026-08-28 21:00:00+00:00,77407.34,77537.33,77255.69,77364.0,392.38715,-0.0005598952244063593,-0.0024499058720375277,-0.005456593433010637,-0.028140876610296517,-0.03896105832047014,-0.0005600520242679098,-424.4600000000064,-2240.1300000000047,499.33000000000175,0.0,77704.13714285714,-0.004377336334509521,78585.37071428572,-0.015541960331602442,79015.53285714287,-0.020901369609552058,79308.2586,-0.024515209819522835,78000.49994123237,-0.008160203353977404,78684.17307735201,-0.016778127363099714,79044.0498704817,-0.02125460263276665,78136.37276190477,78884.86037691162,-0.019279496339917834,-296.33144777552945,18.465003845660178,-590.875049076858,-358.7331890652399,-232.14186001161806,16.124661246607,18.529191420071943,-126.08938093807244,-2.4231385457990045,-83.87533875335912,636.2828571428576,0.008224534113319493,0.06736908970137011,0.08364312787108269,0.08735826669453708,0.48571133561417446,841.9050460000001,0.46607055256862534,30391.431299999986,32224.168400828086,12.996445262759522,0.0051017269014011985,77758.69,2,0.002706450662465435
2026-08-28 22:00:00+00:00,77364.0,77773.2,77342.0,77758.69,339.14252,0.0051017269014010935,0.002302912231407994,-0.0018652444033682158,-0.02093097484860751,-0.027117796674953842,0.005088757185973847,-145.30999999999767,-1662.3600000000006,279.15000000000873,0.0,77622.36,0.0017563238221563991,78459.79285714285,-0.008935823453158794,78884.97619047618,-0.014277575336482688,79294.39159999999,-0.01936708976527372,77952.1379529859,-0.00248162472596407,78600.03825213818,-0.010704171026472533,78993.64360105104,-0.01563358195360655,78026.14866666668,78771.39605813728,-0.0128562664725383,-235.63542084685938,27.41330003304742,-584.929140495995,-403.97237935139094,-180.956761144604,29.507613370240872,20.950190583775115,-93.24234594091689,-2.2713250615307317,-70.49238662972523,641.3685714285717,0.0082481915709815,0.0689277282762281,0.08190692777750178,0.0857697150619071,-0.13569412250120838,799.3519175,0.42427185395420747,30730.573819999987,32081.921297892077,15.847632705786737,0.001121160863178032,77845.87,1,0.0014836418503668782
2026-08-28 23:00:00+00:00,77758.69,77846.72,77640.74,77845.87,599.54517,0.001121160863178039,0.005665225029047649,0.003763442246692561,-0.018717584291085165,-0.024616062374758108,0.0011205328317098486,291.86999999999534,-1484.8800000000047,437.179999999993,0.0,77630.56142857143,0.002773502696185888,78356.9842857143,-0.006522893783796069,78785.91714285714,-0.011931664654643948,79276.8288,-0.018050151874894237,77930.88436238872,-0.0010908943621555495,78531.47750194381,-0.008730352767485306,78948.63287159805,-0.01396810598850485,77944.29228571428,78697.58322824945,-0.010822609708092193,-153.95595957729907,30.796059197314534,-566.6502760466392,-436.5079586904406,-130.1423173561986,32.46213648824772,26.031470368365195,-71.85195459720818,-2.208754746770032,-67.53786351171838,637.6992857142852,0.008191819112745186,0.06948760722630389,0.08175019377087384,0.08558605882816397,0.7678266057585466,802.7944494999999,0.7468227643734515,31330.118989999988,32010.32107809283,20.462613241954926,-0.0014418234390596533,77733.63,1,0.001710799542213375
2026-08-29 00:00:00+00:00,77845.88,77963.92,77722.0,77733.63,321.80979,-0.0014418234390596307,0.004777803629595123,0.001979890959052266,-0.022740187502420017,-0.023984035921937874,-0.001442863866669872,153.60000000000582,-1808.8099999999977,-138.26999999998952,1.2845896653622213e-07,77606.22285714284,0.001641712973090975,78226.10857142857,-0.006295578041938231,78687.01904761905,-0.012116217632314522,79257.5014,-0.01922684128419887,77891.43348991098,-0.0020259415296473497,78458.945910858,-0.009244527853867252,78900.98570016283,-0.01479519792818504,77861.17838095239,78642.3727628127,-0.011555383324374868,-43.399797974537854,24.40262643186874,-554.8252936313656,-460.1714256786256,-94.65386795274003,28.658332005968667,30.209360621485747,-62.05733351412426,-2.1246508324933715,-71.34166799399745,614.1949999999987,0.007901277735260668,0.06942030665306637,0.08143094194645523,0.08522845528793957,-0.4632434617061463,790.7415429999999,0.4069721552489536,31008.30919999999,31914.89137541732,18.958412312059195,0.0007780416275426211,77794.11,1,0.001628961549194091
2026-08-29 01:00:00+00:00,77733.63,77849.29,77631.28,77794.11,235.06968,0.0007780416275426916,0.00045551178910030465,0.004996554590301239,-0.006855767304773996,-0.02374181161057154,0.0007777391100595573,386.7700000000041,-537.0200000000041,233.16999999999825,0.0,77640.52428571427,0.0019781643117263844,78096.82142857143,-0.0038761043411772514,78598.9380952381,-0.010239681536955177,79232.90860000001,-0.01815910365304942,77871.96879192878,-0.0009998307881083246,78398.50628259819,-0.007709283138884687,78857.57880996035,-0.013485942962098825,77803.57857142857,78607.07131140227,-0.010342088794807082,5.456228955567399,24.869489397999303,-534.4132955153473,-475.01979964596995,-59.39349586937732,30.70799429292734,30.609487595714572,-58.98919198595222,-1.9370042511888266,-69.29200570703877,614.4049999999988,0.007897834424739751,0.06950809350238948,0.08121579663638794,0.08493409845267914,-0.26953844381179337,786.165975,0.29900769999579413,31243.37887999999,31850.93780442519,15.967528741844262,-0.0015801967526848442,77671.18,0,0.001685119901747637
2026-08-29 02:00:00+00:00,77794.11,77829.72,77584.53,77671.18,367.62079,-0.001580196752684837,-0.0022440496843313396,0.003970580631818432,-0.001507678645393029,-0.027946337245559616,-0.0015814465803960886,307.179999999993,-117.28000000001339,-79.59000000001106,0.0,77653.54571428572,0.00022708925332470958,77971.83071428571,-0.0038558888707819886,78502.99428571429,-0.010595956157887035,79212.532,-0.019458436197949004,77831.81103354302,-0.0020638223807204325,78332.3857114529,-0.00844102608962437,78811.05336643249,-0.014463369257769393,77746.82638095238,78557.08899627699,-0.011277263549301936,13.89676767508301,25.2919298858953,-522.1371910595917,-484.44327792869433,-37.693913130897386,26.541906579040734,28.636077625978913,-57.79641570260325,-2.352530297033867,-73.45809342092538,601.8292857142848,0.007748424650099008,0.06794242282659932,0.08106420706534011,0.08487593311201466,0.5638800801532549,786.5903995,0.46735987399949525,30875.75808999999,31758.063545908502,16.021178380564024,-0.0021115940301150928,77507.17,0,0.0020347548438779425
2026-08-29 03:00:00+00:00,77671.18,77731.43,77507.16,77507.17,238.89187,-0.0021115940301150715,-0.00291328219201914,-0.0032346223939729857,-0.005093833436023876,-0.027025232237007257,-0.0021138265881802585,-251.52000000000407,-396.83000000000175,-558.6999999999971,0.0,77667.80714285714,-0.0020682590221927618,77841.575,-0.004295969088497946,78388.84952380953,-0.011247511976071637,79184.702,-0.021185051627775085,77766.88282683442,-0.0033396327253174094,78257.36610132082,-0.00958626821594688,78759.92068539593,-0.015905941429270768,77684.87161904761,78462.83678062042,-0.012179865269113606,22.53535353262178,24.776197853173727,-519.6522979269212,-491.48508192833975,-28.167215998581412,20.983621002253315,26.07784062474046,-61.30328612145635,-1.051893417087173,-79.0163789977128,574.9592857142842,0.007418143195194416,0.06772074523414723,0.08081527340677018,0.08468716563047138,-0.3501676823011016,747.629672,0.3195323553178618,30636.86621999999,31651.28284820293,16.868254032676006,0.0018287340384122558,77648.91,2,0.0017058604960734215
2026-08-29 04:00:00+00:00,77507.17,77678.67,77507.17,77648.91,229.90598,0.0018287340384122164,-0.001866465211826429,-0.0025301278025410268,0.0012237924542899403,-0.023490262055379962,0.001827063940120998,-196.95999999999185,94.91000000000349,54.560000000012224,0.0,77708.50857142857,-0.0007669503960918322,77706.32285714286,-0.0007388440867084593,78293.08333333333,-0.008227717007781446,79163.325,-0.019130260129927266,77743.28826146755,-0.00121397311045203,78202.05191029166,-0.007073240366201347,78716.35163890982,-0.013560608649730207,77659.18295238096,78408.21560256473,-0.009684005645702735,19.182828280503244,23.291817707286157,-500.47658623692405,-493.28338279005663,-7.193203446867415,25.78717808812554,24.437568556473195,-54.5904993791923,-0.17939678970376982,-74.21282191184058,495.52285714285557,0.006381581623526321,0.0686273672716929,0.08037720945404461,0.08410433855569234,-0.037614884089609335,732.8145729999999,0.31373008735142377,30866.77219999999,31576.567548374078,24.57676720731044,-0.0002109495162263663,77632.53,1,0.0014896942434655704
2026-08-29 05:00:00+00:00,77648.91,77716.12,77604.06,77632.53,195.32253,-0.00021094951622635527,-0.0004976105680382092,-0.0013005953793744363,0.000676720542644782,-0.02084449819695211,-0.00021097176920511175,-101.10000000000582,52.5,95.85999999998603,0.0,77690.48571428572,-0.0007459821334990738,77656.42285714285,-0.00030767393428368666,78203.35714285714,-0.0072992664728495785,79139.36200000001,-0.01904023436529587,77721.13660917405,-0.0011400580722283249,78150.27719117423,-0.006625020534574592,78673.84882954082,-0.013235895345567556,77649.3439047619,78362.08064472572,-0.00930999583884601,15.487474745597572,35.13566419261403,-481.05611028337444,-490.8379282887202,9.78181800534577,49.111477572526894,31.96075888763525,-47.479695044778595,-0.3484673444239033,-50.888522427407146,394.5207142857128,0.005081899485765925,0.06839183073158711,0.08013864533536777,0.08403357113429184,-0.15042431693164304,715.4934780000001,0.2729899516983815,30671.449669999987,31490.365845671782,30.374794087215875,-0.0021345433415604497,77466.82,0,0.0014890143315586975
2026-08-29 06:00:00+00:00,77632.52,77632.53,77382.37,77466.82,305.02922,-0.002134543341560491,-0.0005205969976711522,-0.004207130848337903,0.0007684025830110297,-0.026381531080718057,-0.002136824726253465,-327.2899999999936,59.48000000001048,-226.18999999998778,-1.2881198119861844e-07,77636.33571428571,-0.002183458463438423,77633.44857142857,-0.0021463502458640544,78116.7680952381,-0.008320212306347448,79113.01860000001,-0.02080818845155255,77670.27328733925,-0.002619448583457051,78088.1447192493,-0.007956709965170049,78626.51436563725,-0.014749405782434903,77624.06352380953,78303.55561422209,-0.010685793354575287,-11.749831648407074,41.8487957178118,-473.5775480942975,-487.3858522498357,13.808304155538167,24.0969218302115,32.998525830287974,-59.95787994778145,-0.11241199680221765,-75.90307816967436,304.1035714285702,0.003925597713041096,0.0662807737478218,0.07895478495657696,0.08269892282148379,0.5616694090538352,703.3063635,0.4337074649539501,30366.420449999987,31383.323427036372,45.61171834532245,0.0020549442974422826,77626.01,2,0.0010334641336303112
2026-08-29 07:00:00+00:00,77466.83,77672.0,77438.01,77626.01,933.89852,0.0020549442974422405,-0.00029491721132990367,-0.0005815541877952635,0.0033867173362287506,-0.02484946446874059,0.002052835787495658,-45.169999999998254,262.00999999999476,282.11999999999534,1.2908752411369384e-07,77620.96142857142,6.504134109728636e-05,77613.59214285715,0.000159995907933143,78024.39285714286,-0.005105875772366034,79087.28779999999,-0.01847677219245819,77661.42062987141,-0.0004559616548888766,78046.13247204483,-0.005383001805955145,78587.27890031815,-0.012231863906847329,77623.07171428572,78221.06195550173,-0.007607311133671934,-33.35070706666457,43.107492276342995,-449.6224632100493,-479.83317444187844,30.210711231829123,52.28809849900057,41.83216596724632,-49.122670720457116,0.05926782962058062,-47.71190150085824,285.88285714285615,0.0036828230272669235,0.06708116055267514,0.07900697641270893,0.08265080172300167,2.0616690427231856,730.297321,1.278792203044,31300.318969999986,31375.418240651954,47.67009582975175,0.00010280059480076946,77633.99,1,0.00033684747086833926
2026-08-29 08:00:00+00:00,77626.01,77634.0,77487.73,77633.99,281.67849,0.00010280059480072268,1.880654926500469e-05,0.001636235718579515,-0.0016036792800907529,-0.022501087558021382,0.00010279531118168,126.82000000000698,-124.69999999999709,171.99000000000524,0.0,77598.08714285714,0.0004626770899231986,77619.30571428571,0.0001891834200159333,77930.57666666668,-0.0038057804696513334,79063.6178,-0.018081993207247137,77655.93450389714,-0.0002825863089192506,78008.66497458621,-0.004802991753650198,78549.8950218743,-0.011660168630641995,77625.79142857142,78173.80242895719,-0.006905285558390869,-28.76040403691743,52.38834580360976,-425.0937504009198,-468.88528963368674,43.79153923276692,53.4148511076163,43.26662381227612,-47.00388974812146,0.2928016903823408,-46.5851488922425,248.7949999999993,0.0032047174182338956,0.06712401464926133,0.07829893921260198,0.08186881093123013,-0.6983842634208265,724.3785869999999,0.3888553514070277,31581.997459999984,31395.09245201843,55.767892530014585,0.0002066105323195883,77650.03,1,0.0008296943956909303
2026-08-29 09:00:00+00:00,77634.0,77754.23,77566.01,77650.03,212.52791,0.00020661053231951776,0.0023650125305259007,1.4423898545334879e-05,-0.0025157403983023796,-0.02118623610642789,0.00020658919130295367,1.1199999999953434,-195.8399999999965,-125.70000000001164,1.2880955873530627e-07,77595.06571428571,0.0007083476920642638,77624.30571428571,0.0003313947284626095,77846.24238095239,-0.0025205119084899873,79034.975,-0.017523191473141977,77654.75360311772,-6.0828254531047275e-05,77976.06179507838,-0.004181178012492973,78514.60619748708,-0.011011660624169878,77629.888,78095.3055310556,-0.005701693949817761,-15.060740738915124,52.10260723253071,-399.75218053163553,-455.05866781327654,55.30648728164101,55.679652090343815,53.79420056565356,-29.06692499473778,0.36971976629956455,-44.32034790951499,232.14285714285612,0.002989604217060227,0.0672910439485303,0.07679253526379488,0.07990439313409932,-0.2454947127840682,692.8437475,0.3067472439010403,31794.525369999985,31433.13368230239,63.36113029383662,-0.00019137146502069068,77635.17,1,0.0018971282013178928
2026-08-29 10:00:00+00:00,77650.02,77732.0,77526.0,77635.17,228.16206,-0.00019137146502068436,0.0001180016852599941,3.400636305417315e-05,-0.0012666332448388884,-0.023978017269774554,-0.00019138977887603326,2.639999999999418,-98.4600000000064,1.5200000000040745,-1.287829508212834e-07,77613.35142857142,0.00028111878983423097,77640.5792857143,-6.967085722519956e-05,77765.50047619047,-0.0016759421001910036,78992.5586,-0.017183752799722434,77650.83688249417,-0.00020176063933324153,77945.07163188943,-0.003975897711057272,78480.11850346798,-0.01076640198282363,77631.33657142858,77789.3188504608,-0.0019816197485560526,-7.938181817219367,57.56021157787482,-376.52750692429254,-439.35243563547976,62.824928711187226,53.581463648738726,54.225322282232945,-25.941710227793315,-0.1588504127320078,-46.418536351120075,225.45785714285634,0.0029040685702479098,0.06594070454587517,0.06878402318263939,0.06930382845831065,0.07356280876238808,557.7453495,0.4090792692473914,31566.363309999986,31445.82221827359,63.81942700645113,-0.0006504783849896896,77584.67,1,0.0022716603622451857
2026-08-29 11:00:00+00:00,77635.17,77724.99,77573.32,77584.67,269.60514,-0.0006504783849896612,-0.0006352887440154165,0.0015212964724766742,-0.0026922346691800048,-0.009529544639532261,-0.000650690037843045,117.84999999999127,-209.44000000000233,115.20999999999185,0.0,77604.17428571428,-0.0002513303684216076,77656.34142857142,-0.000922930790363705,77672.27333333333,-0.0011278584953652456,78944.532,-0.017225537545779497,77637.60350599534,-0.0006818024205404058,77912.30784717221,-0.004205212966029475,78445.002875881,-0.010967338190327292,77623.882,77656.91131294542,-0.0009302625062475037,1.9298316495979384,57.28798557344001,-358.0691158424888,-423.0957716768816,65.02665583439278,39.01948803698366,49.426867925355396,-4.323617486069571,-0.3355348202801173,-60.98051196285555,216.17428571428485,0.002786301542743973,0.04003540104554993,0.05527979094656001,0.06020443294153605,0.1816387877984622,508.4748095,0.530223198794413,31296.758169999986,31431.625642247534,65.44939019826462,-1.1986904113828351e-05,77583.74,1,0.0022251139106996675
2026-08-29 12:00:00+00:00,77584.66,77657.99,77506.63,77583.74,316.37633,-1.198690411385872e-05,-0.0008537021814414292,-0.0005445339777220282,-0.0011257714895021032,-0.002631752833260892,-1.198697595736796e-05,-42.26999999998952,-87.43999999998778,-160.1199999999808,-1.2889144201761998e-07,77597.2042857143,-0.00017351508779509577,77643.845,-0.0007741115860503192,77636.68333333333,-0.0006819370825775236,78903.6868,-0.016728582066712426,77626.83080479628,-0.0005551019454166616,77882.43804288383,-0.003835242583435241,78411.22786114056,-0.010553180758831587,77614.20180952382,77639.44125672565,-0.0007174350539368436,5.456296295634989,42.19091744950252,-339.60104173743457,-406.3968256889922,66.79578395155761,34.62642936972962,42.40912701848401,-35.36614341689705,-0.19282516460378535,-65.37357063009843,196.18571428571366,0.0025286962743187053,0.03196554244715049,0.036614943060030256,0.038497249411752324,0.17348033498174398,376.512807,0.8402803944970715,30980.381839999987,31388.65004203348,58.606503909956956,0.001554191638608834,77704.32,2,0.002141334348168838
2026-08-29 13:00:00+00:00,77583.74,77722.0,77559.45,77704.32,195.58499,0.001554191638608815,0.0008907045608326225,0.0009059176270600489,0.0025436356404189286,-0.0025631546518791737,0.0015529851327165277,70.33000000000175,197.15000000000873,112.59999999999127,0.0,77631.13285714286,0.0009427550541072874,77633.7342857143,0.0009092144663032253,77632.67666666667,0.0009228502276297457,78868.2198,-0.014757525945830774,77642.32864383703,0.0007984221654060337,77866.24549353076,-0.0020795338532690055,78383.50598423308,-0.00866490948197296,77622.26514285716,77613.91274076288,0.0011648331599914295,5.319393938749411,43.86469828392411,-311.6427381880494,-387.4460081888036,75.8032700007542,55.360674060606385,43.00219715577322,41.840380225134744,-0.11542004915281175,-44.63932593922166,193.0835714285713,0.002484849895457148,0.03201260399264134,0.03437125899523552,0.03549968162794073,-0.38179638786504666,350.1540495,0.5585684080441898,31175.966829999987,31368.39449803029,54.73587929319676,0.003990125645523805,78014.37,2,0.0021507424358252897
2026-08-29 14:00:00+00:00,77704.32,78150.0,77663.83,78014.37,456.42164,0.003990125645523701,0.005538465266398562,0.00469207803268068,0.004706569609283617,0.005936121927947013,0.003982186206754757,364.3399999999965,365.45999999999185,294.00999999999476,0.0,77686.61285714286,0.004218965543778363,77653.78714285714,0.004643467761327599,77637.93238095238,0.004848630141262853,78842.86099999999,-0.010508129581953959,77716.73691506962,0.003829716696104124,77879.71135775524,0.0017290593390385889,78369.03006328277,-0.004525512986397614,77673.01657142857,77638.0048060306,0.004847692762194169,31.81744107358441,60.38715979158665,-261.45326688082423,-362.2474599272078,100.79419304638355,82.33133150074552,57.439478310360506,234.4297589497315,0.4418498598836762,-17.66866849912421,210.5299999999999,0.0026986053979542127,0.030805522801732068,0.032002166439046444,0.032615058930135596,1.333623045408546,344.206952,1.3260093596211677,31632.388469999987,31393.53678107502,56.1110806494162,-0.001910032728585705,77865.36,0,0.0014627261840772677
2026-08-29 15:00:00+00:00,78014.37,78014.37,77806.9,77865.36,314.87544,-0.0019100327285856977,0.003629884303076869,0.0029650221671442267,0.0029991293598186086,0.003677879474911272,-0.0019118591671733768,230.19000000000233,232.83000000000175,-134.14999999999418,0.0,77719.66571428571,0.0018746128714692057,77658.87642857143,0.0026588534488840845,77652.75904761904,0.0027378415781799384,78809.5052,-0.0119800929799517,77746.46153205569,0.0015293103454654922,77878.4066888684,-0.00016752639689361978,78349.27829609522,-0.006176423147975928,77701.22628571428,77654.11736109118,0.002720301847312766,43.149225583995204,52.47411296488352,-231.03834472408926,-336.00563688658406,104.9672921624948,62.9196357619391,66.87054710776367,164.07055379482497,0.4621378899526298,-37.08036423793063,209.7771428571432,0.00269410098222291,0.03178468280912876,0.030369974205315255,0.03008936374702924,-0.3101215796867125,334.898124,0.9402126122362507,31317.513029999987,31386.29642382978,55.11789314592372,0.002078074255355625,78027.17,2,0.00099674641536887
2026-08-29 16:00:00+00:00,77865.36,78130.43,77858.29,78027.17,330.48346,0.0020780742553556664,0.0041548526516927975,0.005703446312267602,0.007233419417500109,0.008007380178675527,0.002075918045709392,442.5,560.3499999999913,212.30999999999767,0.0,77773.54285714286,0.0032610979716200185,77684.30428571429,0.00441357771609417,77674.05142857143,0.0045461587870601625,78765.9676,-0.009379654976776999,77802.60322564456,0.002886365816117247,77891.930626244,0.0017362436990416227,78336.64659820913,-0.003950597985084097,77750.33209523809,77679.53840588884,0.004475201594205085,48.877104371179975,62.036529865046546,-191.668153920662,-307.13814029339966,115.46998637273765,83.99880150582429,76.41658958950298,192.0241300760328,0.4871414164087942,-16.001198494045436,211.70214285714297,0.0027131849438745536,0.03111853918555151,0.030160944698119054,0.029850038898614806,0.04956887078903316,338.21693400000004,0.9771345748141127,31647.996489999987,31411.220239655515,62.916162646354636,0.0009333928168867556,78100.0,1,0.0006188649594168623
2026-08-29 17:00:00+00:00,78027.17,78100.0,77896.0,78100.0,210.10626,0.0009333928168866468,0.0010976182977573412,0.006654229352696772,0.0061060719209966585,0.009513468796856328,0.0009329574766858893,516.2599999999948,473.99000000000524,73.75999999999476,0.0,77839.94714285714,0.00334086631206967,77726.64928571429,0.0048033810503436605,77707.03523809524,0.005057003663834393,78721.9212,-0.007900228939026314,77862.08258051565,0.0030556261995474117,77910.84602385818,0.0024278259805303416,78327.36633945584,-0.0029027701310736496,77805.75819047619,77708.30802044991,0.0050405418613284365,63.26397305630439,71.36154971425808,-152.82850979924842,-276.27621419456943,123.44770439532101,93.48644529253227,80.13496085343188,172.00163978242406,0.6021573688246346,-6.5135547073374624,210.2542857142866,0.002692116334369832,0.03095820892472033,0.02967477715131491,0.029120222875164904,-0.36424576285905497,329.1028895,0.6384211950207188,31858.102749999987,31453.780478735942,68.0124223034874,0.0007427656850191391,78158.01,1,0.0006006210636307354
2026-08-29 18:00:00+00:00,78099.99,78250.0,78018.02,78158.01,252.93546,0.0007427656850191866,0.003758410671959922,0.00583867151787687,0.006749878500383444,0.005135374579998686,0.0007424899711065404,453.6899999999878,524.0199999999895,-62.570000000006985,-1.280409730443173e-07,77921.85285714285,0.0030306920869823365,77763.01357142857,0.005079489726932938,77744.84523809524,0.005314368568609621,78677.6014,-0.0066040574541460055,77921.26806441252,0.0030382197501171455,77933.3154762347,0.0028831639253666095,78320.72491437914,-0.0020775460717074035,77863.27295238094,77729.56426388338,0.0055120048616518836,75.37400672487016,69.52250206999648,-116.02937540441053,-244.22684643653764,128.1974710321271,89.39755425689538,88.96093368508396,183.8044601004108,0.8922400583888416,-10.602445742989376,214.5742857142863,0.002745390852636647,0.025746487434412227,0.02793166563025919,0.02884684232265626,0.20384542564319608,324.7925365,0.7787600747384208,32111.038209999988,31516.376453142042,68.18801998272514,0.00030694230828043394,78182.0,1,0.0005616456347649361
2026-08-29 19:00:00+00:00,78158.01,78330.0,78138.87,78182.0,231.34566,0.00030694230828043345,0.0019843087991016084,0.002148706706213366,0.006850866638428821,0.0043178912381607315,0.00030689521112728667,167.63000000000466,531.9700000000012,-286.0599999999831,0.0,78007.31857142856,0.0022392953862589633,77802.26142857142,0.004880816629953646,77765.00285714286,0.005362272584534947,78632.3922,-0.005727820143821038,77973.41445153003,0.0026750854754427874,77955.92316021335,0.0029000598110039363,78315.28472165839,-0.0017018992158695221,77919.1378095238,77743.24823525635,0.005643599601292047,83.06861951855022,70.94831069928675,-83.9621404750651,-212.17390524424314,128.21176476917805,84.38209005615661,89.08869653519476,176.25567392897068,0.7162418885113354,-15.617909943737862,220.22214285714395,0.002816788299827852,0.02554562521063284,0.027846014020656836,0.0288300242783157,-0.08535695232293639,306.382561,0.7550875586526771,32342.383869999987,31595.043826176134,68.45193482440344,-0.0006661379857256369,78129.92,1,0.0006610611707726206
2026-08-29 20:00:00+00:00,78181.99,78298.0,78117.95,78129.92,132.29288,-0.0006661379857256788,0.00038309859154916914,0.003397659755249194,0.00637275605888421,0.0050980508693598825,-0.0006663599542135937,264.5599999999977,494.75,96.92999999999302,-1.2790667921978439e-07,78068.11857142857,0.000791634660887653,77849.62571428572,0.0036004577175871807,77778.52904761906,0.0045178400348224864,78591.9768,-0.005879185367430532,78004.71556122403,0.0016050880754471238,77971.74105473941,0.0020286701710243694,78308.01551688748,-0.002274294856176881,77962.82561904762,77749.59325867261,0.004891687858250724,79.34154881193108,77.67852670505138,-62.03593486973841,-182.14631116934223,120.11037629960381,77.56925526062217,83.78296652455805,136.4652955753999,0.6388052449706457,-22.43074473926572,215.21428571428675,0.0027545693853812214,0.025020685283430318,0.02748807446774922,0.028490128246227316,-0.42815923151530055,296.9067155,0.44557052128904917,32210.090989999986,31653.61974654031,71.13124746236007,0.0004058624404070349,78161.63,1,0.0008382691584790828
2026-08-29 21:00:00+00:00,78129.92,78198.0,78062.0,78161.63,132.03751,0.00040586244040707875,4.6316430011517085e-05,0.0017232458898612801,0.007436520642544631,0.00472426511467261,0.0004057801005251691,134.4600000000064,576.9600000000064,-130.09999999999127,0.0,78089.1557142857,0.0009280966742612603,77887.88428571427,0.0035146122763015705,77798.90999999999,0.004662276116722086,78557.0056,-0.00503297696978402,78036.09844897923,0.0016086343822384335,77989.00368612673,0.002213469921580515,78302.2749083821,-0.00179617908351516,78004.4261904762,77758.09193114623,0.00518966012194708,67.13225588411825,75.02008632350237,-41.62074888414645,-154.0411987123031,112.42044982815665,80.00997304892795,80.65377278856892,104.90849672359326,0.6588535767468463,-19.990026950953332,208.21500000000066,0.0026639029917876326,0.024952371962321966,0.0270855075131815,0.02798881695704653,-0.0019303382011186532,291.755107,0.45256280637976093,32342.128499999984,31719.192008774564,60.950587137008256,0.0008534878302818384,78228.34,1,0.0008246438295968552
2026-08-29 22:00:00+00:00,78161.62,78239.4,78086.0,78228.34,298.22816,0.0008534878302819404,0.0005927195518149464,0.0016432778489117172,0.008308441949305134,0.007173317052734385,0.0008531238166497996,128.3399999999965,644.5999999999913,-6.120000000009895,-1.279400136526464e-07,78141.01,0.0011175949734972793,77930.33785714286,0.0038239554844919314,77819.58761904763,0.005252564212410654,78519.6524,-0.003710057177991354,78074.54675918339,0.0019698255987444105,78010.76153284247,0.0027890827224641393,78299.37550021026,-0.0009072294607262493,78049.82028571429,77784.16538577186,0.005710347498430258,51.12659932040189,76.31940200594437,-19.830039079097332,-127.19896678566195,107.36892770656462,87.65318143715697,81.7441365822357,102.94021988623818,0.7640480467808477,-12.346818562721571,208.72428571428568,0.002668141567548065,0.024082055480053634,0.02656847387021147,0.027450796415090722,1.2586624058572449,288.2854755,1.0344890233603374,32640.356659999983,31806.92197555794,61.155320863349736,2.1219931293486384e-05,78230.0,1,0.0007261702432914924
2026-08-29 23:00:00+00:00,78228.33,78283.7,78190.0,78230.0,326.0928,2.1219931293448013e-05,0.0012809433313127894,0.0009210828167196539,0.006765132234604065,0.009325975906487205,2.1219706153890924e-05,71.99000000000524,525.679999999993,-56.34999999999127,-1.2783091133930723e-07,78169.98571428572,0.0007677407788410243,77971.76428571428,0.003311913186156178,77846.1980952381,0.004930258819992062,78480.5724,-0.0031927952655962195,78105.63740734672,0.001592235807572896,78030.69230258405,0.0025542218264971834,78296.65489235887,-0.00085131213396672,78089.77523809524,77817.51416074758,0.005300681263093824,35.47191918761987,76.01392265296201,-2.399140638342942,-102.23900155619815,99.8398609178552,87.8547918917523,85.1726487926124,103.96418441822503,0.8317751432080505,-12.145208108126251,201.9728571428568,0.002581782655539489,0.02230497293852496,0.025970424898730058,0.027050580325224522,0.09343396679911109,292.64552199999997,1.1142928064311395,32966.44945999998,31917.35316455242,62.37022130633636,-0.0006409305892879894,78179.86,1,0.0007184398168986602
2026-08-30 00:00:00+00:00,78230.0,78330.0,78147.17,78179.86,185.20224,-0.0006409305892879358,0.00023323464467139843,-2.7372029367311868e-05,0.0021212758623827543,0.006837829404173101,-0.0006411360731033446,-2.139999999999418,165.49000000000524,-74.13000000000466,0.0,78181.39428571428,-1.962469112120501e-05,78010.67071428572,0.002168796706465134,77878.23095238095,0.0038730855070844726,78438.1054,-0.003292346222324698,78120.48192587738,0.0007600833054122799,78044.25300234913,0.0017375654508063505,78292.07470050166,-0.0014332830102015304,78117.52133333334,77838.46772933683,0.004385906873838654,32.665252521293255,73.68196798199062,7.28511472849641,-80.33417829925925,87.61929302775566,81.76518454633786,85.75771929174904,90.27230656119426,0.7683568747781269,-18.234815453540683,200.31785714285692,0.002562269325410078,0.022023499345958587,0.02602073220607105,0.02737895053648672,-0.4320566415449836,290.41033500000003,0.6377260643956154,32781.24721999998,31999.628788880756,63.07679223412789,-0.0012581245348866137,78081.5,1,0.0007229182058249219
2026-08-30 01:00:00+00:00,78179.86,78190.0,77994.02,78081.5,257.05271,-0.0012581245348866066,-0.0018770691030897124,-0.0006197369714444623,0.0027758171284379962,0.005783271522904032,-0.0012589166380051959,-48.419999999998254,216.13999999999942,-46.279999999998836,0.0,78170.46428571429,-0.0011380805592905634,78046.15857142858,0.0004528272655351649,77898.83047619049,0.0023449584890153463,78394.7438,-0.003995724519479743,78112.6855407019,-0.0003992378508821438,78047.63909304465,0.0004338492150285508,78283.81686910943,-0.002584402207262118,78126.96523809523,77855.65850001705,0.002900771817155748,10.630774409486113,70.73806005577413,6.943091272565653,-62.87872438489427,69.82181565745992,69.81915785118481,79.81304476309167,50.27539525804973,0.4854041577096204,-30.18084214869373,203.48285714285677,0.0026060316098288857,0.02267603772378025,0.026386323421641447,0.027724904030541567,0.38795680872974336,293.496844,0.8758278504661677,32524.194509999983,32049.58742898735,63.26695454985238,0.00031390278106843185,78106.01,1,0.0008827389863249494
2026-08-30 02:00:00+00:00,78081.49,78178.02,78014.74,78106.01,119.64466,0.0003139027810683537,-0.0015849418381695957,-0.0007116023552734552,0.0010104172687539492,0.008251145458145759,0.00031385352389807803,-55.620000000009895,78.83999999999651,-7.2000000000116415,-1.280713100383725e-07,78159.60857142857,-0.0006857579305760545,78083.46357142857,0.0002887478031862783,77921.37714285715,0.0023694763094901,78345.344,-0.0030548592651530064,78111.35043256152,-6.836948192487347e-05,78052.94553913148,0.0006798521247594218,78276.84405071299,-0.002182434061883111,78134.94542857143,77880.20396518029,0.002899402201368869,-0.8432996631975156,71.3790986114868,8.551214305407484,-48.59273664683392,57.143950952241404,70.93115307238807,74.17183182330358,48.37165174145203,0.11746553872062063,-29.06884692748215,204.33428571428522,0.002616114761390098,0.020792095813516143,0.02586044100683767,0.027428501010511447,-0.5345520379847386,284.227616,0.420946640172991,32643.839169999985,32106.182832893315,70.32322600944481,0.0004950963440585207,78144.68,1,0.0014671497198151901
2026-08-30 03:00:00+00:00,78106.0,78233.7,78065.99,78144.68,254.40453,0.0004950963440584211,-0.0004499880148162161,-0.0010694334048249043,0.0005720870678616041,0.006681652193639698,0.0004949738243011923,-83.66000000000349,44.679999999993015,-28.039999999993597,-1.280311207135172e-07,78161.71714285715,-0.00021797298575226137,78114.91785714285,0.00038100459775906853,77953.65619047619,0.0024504791546536508,78298.23,-0.0019610915853398086,78118.01634604922,0.00034132528189987276,78061.28503557407,0.0010683268202402848,78271.66114676345,-0.0016223131706041003,78143.1076190476,77950.08505121138,0.0024964045730131433,-5.640740740057367,69.3218316154143,12.798476347597898,-36.31449404794756,49.11297039554546,72.18127504980271,70.97719532445853,57.758412279642826,0.35872177307083514,-27.81872495004718,204.70285714285586,0.0026195366996557314,0.019874070623360815,0.025462201562338995,0.027263609909666833,1.126334179895701,250.2529165,1.0165896707900441,32898.243699999985,32181.617201189187,70.83248054076913,-0.00044699140107801346,78109.75,1,0.0014598742608881452
2026-08-30 04:00:00+00:00,78144.68,78220.0,77990.0,78109.75,215.53426,-0.00044699140107806734,0.0003618014510480272,-0.0015371340917806897,-0.0006174671028599255,0.006128243569601288,-0.0004470913315141928,-120.25,-48.25999999999476,-36.58999999999651,0.0,78154.30571428571,-0.0005700992911203017,78121.73071428572,-0.00015335956047279566,77976.69142857143,0.0017063890374273325,78261.9028,-0.0019441489991474403,78116.36307683938,-8.465674256842575e-05,78065.69094143098,0.0005643844054627958,78265.31169002764,-0.001987619887642454,78142.41857142857,77977.72265368307,0.0016931418592883345,-8.859865318791902,55.51699405291766,13.193812974990578,-26.412832643359934,39.60664561835051,57.89523991577585,67.00255601265555,40.283085572106884,0.10583492903818079,-42.104760084032975,186.40499999999884,0.002386449835007748,0.020053821477777307,0.02591464973554815,0.027831777574223112,-0.15278922116677718,246.945705,0.8728001971086202,32682.709439999984,32229.34027155212,62.07579341496935,0.00022993288289882381,78127.71,1,0.0014994118916294792
2026-08-30 05:00:00+00:00,78109.74,78214.0,78109.74,78127.71,161.29313,0.00022993288289874236,0.00027782753209404376,-0.0006670515910363051,-0.0006944053618479495,0.00615170399805387,0.00022990645238484184,-52.14999999999418,-54.2899999999936,68.10000000000582,-1.2802499041107136e-07,78139.93000000001,-0.0001563861139880853,78140.47,-0.00016329566484556078,78000.20190476191,0.0016347149382226129,78228.24720000001,-0.0012851777151924326,78118.63246147151,0.00011620196414691664,78071.32903766452,0.0007221724419253711,78259.91554532068,-0.0016893136722605816,78143.21580952383,77997.3801096807,0.0016709521542394553,-8.563501682463635,67.88660566842107,14.785899358554161,-18.173086242977117,32.95898560153128,57.11560068674355,62.39737188410737,51.614354341692135,0.03548015364917548,-42.884399313044455,179.03285714285553,0.002291541082451453,0.020052454905196568,0.02555309312128126,0.027363495681268436,-0.2516589705970642,244.38396600000002,0.6599988233243583,32844.00256999998,32287.879538070963,70.31725389744727,0.0019535962336537202,78280.34,2,0.0017882397591685384
2026-08-30 06:00:00+00:00,78127.72,78310.71,78106.07,78280.34,208.68022,0.001953596233653654,0.0017360106919626084,0.0025465699301370215,0.0019252547551564803,0.008310279992946423,0.001951690446220685,198.8399999999965,150.41999999999825,250.9899999999907,1.2799556002295705e-07,78147.12142857142,0.0017047150169227539,78158.55357142857,0.0015581970623359856,78030.21666666667,0.0032054676254688365,78200.97780000001,0.0010148492030746402,78150.97396917721,0.0016553348506418474,78090.33003424047,0.0024332073596847496,78260.71650432772,0.00025074515732540056,78161.86514285715,78024.6221329428,0.0032773996216411408,-2.1434343431747487,67.479528851621,28.040372743300395,-8.930394445721616,36.97076718902201,88.5576036864311,67.85614809631683,79.97856012806325,0.1565162674945283,-11.442396313338495,174.21142857142695,0.0022254812456285284,0.02077715805709782,0.02553572468187663,0.027003170695754423,0.2937948442069418,243.40987400000003,0.8573202745223995,33052.682789999984,32360.717943016585,69.11440225193995,-0.0020738284989563985,78118.0,0,0.0014689224331350483
2026-08-30 07:00:00+00:00,78280.34,78291.27,78118.0,78118.0,137.5055,-0.0020738284989564315,0.0001056206171443641,0.00015350931381608035,-0.0005582022790466823,0.006874167280727095,-0.002075981858925897,11.990000000005239,-43.63000000000466,-186.84999999999127,0.0,78138.28428571428,-0.00025959471595398906,78159.83928571429,-0.0005353041420843419,78053.20857142858,0.0008300930833884711,78169.6178,-0.0006603307199489288,78144.37917534178,-0.00033756970904567555,78092.84548567316,0.00032211035685028854,78255.11977866781,-0.0017522147950910971,78156.458,78051.60739916224,0.000850624388787053,-5.239124578489302,51.10605874312957,25.155183825438144,-2.1132787914896642,27.268462616927806,37.64705882341869,61.106754398864446,52.68369788045134,-0.08186027474354607,-62.3529411762872,172.01642857142724,0.0022020075855939095,0.022303226462523706,0.025632851631032464,0.026779564248866097,-0.3410707540944704,236.80489199999997,0.5806700141964102,32915.177289999985,32413.52359511024,63.62646233432412,-0.0005631224557721042,78074.01,1,0.0036367586959616207
2026-08-30 08:00:00+00:00,78118.0,78207.22,78034.0,78074.01,143.67594,-0.0005631224557720582,-0.0006873361576834602,-0.0009043481910732121,-0.001972814455733052,0.006319236479189971,-0.0005632810687706449,-70.66999999999825,-154.33000000000175,-82.66000000000349,0.0,78137.21428571429,-0.0008088883932204612,78153.83928571429,-0.0010214378006748294,78076.51047619048,-3.202597266751737e-05,78133.0138,-0.0007551711770780959,78130.30534027342,-0.0007205314253956773,78091.13316879376,-0.00021927161380482153,78248.01743440633,-0.0022237935236147917,78145.0140952381,78085.7937771304,-0.0001509080789270911,-5.471784511121445,44.747899158880415,19.098865626830957,2.12915009217446,16.969715534656498,24.70882352933755,50.304495346395775,4.773570368921464,-0.0715602934189652,-75.29117647036834,167.81928571428475,0.002149489768929284,0.022504636154329228,0.025731091700266887,0.026881158021652765,0.044874132307434866,228.16987249999997,0.629688479136834,32771.501349999984,32447.61671462355,57.08658317191399,-0.0009478186146708745,78000.01,1,0.003459130211982214
2026-08-30 09:00:00+00:00,78074.01,78118.87,77986.0,78000.01,165.26795,-0.0009478186146708589,-0.0035811035056823037,-0.0014049462455072437,-0.002939920746516722,0.0038053225354779396,-0.0009482680787634165,-109.74000000000524,-229.99000000000524,-39.070000000006985,0.0,78122.07142857143,-0.001562444855075837,78140.84,-0.0018022585884666705,78096.33285714286,-0.0012333851490704342,78099.814,-0.001277903171446765,78104.24627221873,-0.0013345788122125953,78082.84924435797,-0.0010609147227547445,78238.2916526649,-0.0030455886450428647,78124.50352380952,78102.22884900995,-0.001308782739191253,-7.987811446843538,39.290800173533334,8.233102187718032,3.3499405112831746,4.883161676434858,4.072674418591289,22.142852257115845,-73.63934507226723,-0.206776649872844,-95.92732558111801,163.65785714285553,0.002098177386680507,0.022431133433457144,0.025599588035002067,0.026844012012581832,0.15028271261005854,226.65402050000003,0.7291639902733198,32606.233399999983,32462.723065611783,50.0145755684235,0.001862563863773849,78145.29,2,0.0034633271395468524
2026-08-30 10:00:00+00:00,78000.01,78145.29,77962.49,78145.29,168.30514,0.001862563863773925,0.00034934330115965473,0.00022501619463799472,-0.000442185493808811,0.0016781523711593138,0.001860831442530518,17.579999999987194,-34.570000000006985,127.31999999999243,0.0,78122.15857142858,0.0002960930547031432,78141.93785714285,4.289812806112564e-05,78117.33142857143,0.00035790484540717193,78072.3842,0.000933823153308955,78112.45501777499,0.000420355271352434,78088.52567668907,0.0007269227177619909,78234.644529031,-0.0011421350422042365,78125.09685714285,78118.6693243982,0.0003407722613815464,-2.3155555552752776,50.81504735365564,11.21550288713479,4.923052986453498,6.292449900681292,49.74014312521933,26.173880357716058,-39.75719736674364,-0.1061635719229142,-50.25985687450857,163.85428571428307,0.0020967902955415607,0.018594991371834554,0.022434116218503258,0.02387774462539848,0.01837736838872872,212.2481955,0.7929638205061067,32774.53853999998,32492.41977745828,55.43299654854988,0.00026501917134105464,78166.0,1,0.003529830850364619
2026-08-30 11:00:00+00:00,78145.29,78242.0,78117.11,78166.0,172.04094,0.00026501917134114095,0.0011782410049132608,-0.0014606477181882127,0.0010822025703911553,0.003861023695260535,0.0002649840599638735,-114.33999999999651,84.5,-131.9199999999837,0.0,78130.19428571429,0.00045828267308251964,78142.25,0.00030393289161752697,78124.5519047619,0.0005305386620153052,78050.0004,0.001486221645169832,78123.16401421999,0.0005483135036903023,78095.56879699006,0.0009018591463623823,78231.95258671606,-0.0008430389953893795,78128.30514285715,78138.16027097004,0.0003562885142600987,-2.2084848482171964,50.23446973279732,15.076409385132138,6.9537242661892265,8.122685118942911,55.375363935523914,36.39606049311151,45.29704529621335,-0.08181004729643254,-44.62463606420399,163.06071428571158,0.0020860823668309688,0.01703837046438902,0.021969548733770078,0.023643154724120378,0.022196588886114865,205.10647050000003,0.8387884574278275,32946.57947999998,32535.67308246225,60.761122861430515,0.007919811682828822,78785.06,2,0.00396174319233207
2026-08-30 12:00:00+00:00,78165.99,78850.81,78165.99,78785.06,814.10982,0.007919811682828737,0.010064742299392027,0.008539133106326258,0.008693953256605935,0.00971315504586423,0.007888614582800877,667.0599999999977,679.0500000000029,781.3999999999942,-1.2793286076761229e-07,78224.10142857142,0.007171173093510037,78182.0157142857,0.007713337654507332,78168.34714285715,0.007889547108061034,78034.38380000001,0.00961981325980532,78255.54321137599,0.006766508376201857,78158.24981544551,0.00801975717258974,78253.6430735115,0.0067909544606029205,78214.01314285713,78229.8359404783,0.00709734403564568,36.0948821505068,68.75437934501002,67.3132288991037,19.025625192772125,48.28760370633158,92.59838796819541,65.90463167631289,405.41767316558196,0.7741124120713305,-7.401612031692019,201.0192857142829,0.0025514899108318293,0.031817684579015175,0.027805074851870004,0.026071729879539048,3.7320702851309697,229.28778849999998,3.550602608723096,33760.689299999976,32652.341293656318,66.88736353627779,0.0009511955693122825,78860.0,1,0.003834042605832922
2026-08-30 13:00:00+00:00,78785.06,78966.76,78590.14,78860.0,488.8202,0.0009511955693122243,0.009145912696721714,0.010067242607367133,0.009153790123652694,0.009731113956465975,0.0009507434694742132,785.9900000000052,715.320000000007,118.93000000000757,0.0,78306.91,0.007063105925134696,78227.0157142857,0.008091632793793144,78208.00571428571,0.008336669369836458,78019.5012,0.010772932242227543,78376.43456910079,0.006169780924046321,78222.04528676864,0.00815568949766726,78277.42177651105,0.007442480989630103,78304.41104761904,78296.24152742609,0.007200326114969776,72.65905723024964,70.22445939635901,113.45052932857652,37.910606019933006,75.53992330864352,89.36939269311146,79.11438153227694,372.99543052675995,0.9970351491710456,-10.630607306788969,221.2278571428542,0.002805324082460707,0.031821072236383224,0.02908440178118191,0.027936837018888393,-0.3995647909025345,243.22348549999998,2.0097574006601855,34249.50949999998,32804.45255140333,68.46237155558724,-0.0009674106010650976,78783.71,1,0.0038317891722622057
2026-08-30 14:00:00+00:00,78860.01,78945.94,78722.0,78783.71,439.32977,-0.0009674106010650885,0.007902540746616227,0.010047434609303352,0.00862837225826496,0.008005577419384347,-0.0009678788447142199,783.7000000000116,673.9600000000064,-2.289999999993597,1.2680699967995414e-07,78402.01142857142,0.004868479321813414,78270.14785714286,0.0065614050428840845,78240.56333333332,0.006942008640104906,78006.7544,0.009960106736603197,78457.88965528064,0.004152805360313853,78273.10571524422,0.006523368149123199,78297.27621664786,0.006212652685467347,78378.63695238096,78349.28007872611,0.005544785106351633,92.37824914705197,69.06489356938863,142.21929143909074,58.772343103764555,83.44694833532618,81.77283001575194,87.91353689235295,255.95514163148806,0.8676669055300648,-18.227169984148485,224.1642857142828,0.0028453126377810836,0.032214808395739494,0.029026087994996837,0.0278189251899917,-0.10124464987330717,252.543201,1.7396222438720905,33810.17972999998,32900.236092222054,75.55835559990146,0.0005067037335509873,78823.63,1,0.003995156521547281
2026-08-30 15:00:00+00:00,78783.7,78912.94,78626.0,78823.63,553.82108,0.0005067037335508839,0.0004895598226364317,0.008680497570615175,0.008907467017783999,0.008206876263078478,0.000506575402562784,678.3400000000111,695.9199999999983,-105.36000000000058,-1.2692979309191073e-07,78509.09999999999,0.004006287169258205,78323.15714285713,0.0063898452947961475,78272.25952380952,0.007044264207330738,77996.61200000001,0.010603255433710193,78531.03772422452,0.0037258170050289423,78323.15337749475,0.006389893676689718,78317.9175414852,0.006457174480500122,78452.43457142857,78400.14617470192,0.005401569333230763,106.77030301736224,74.3284619362064,166.3226886317716,80.28241220936596,86.04027642240564,85.747856652011,85.63002645362481,178.63847413497214,0.8688371364499835,-14.25214334788942,230.66142857142611,0.0029262979714512406,0.03221490015230267,0.02959214515317577,0.02861992949961799,0.2606044885144023,268.666972,2.061366441417067,34364.00080999998,33039.64225581995,69.94634611503794,0.006524693166249617,79337.93,2,0.004270606400944156
2026-08-30 16:00:00+00:00,78823.62,79400.0,78750.0,79337.93,667.56388,0.0065246931662497065,0.006060486938878951,0.014992835759793266,0.01351028879026317,0.015461554293156876,0.0065034994939806865,1171.929999999993,1057.5899999999965,493.58999999998196,-1.2686550986440357e-07,78700.23142857142,0.008102880510679799,78411.15142857144,0.011819474074077239,78327.3038095238,0.01290260408980524,77992.5218,0.01725047695534283,78692.41617937961,0.008202999119367813,78415.4057977225,0.011764578565813824,78357.91803005442,0.01250686586095446,78587.73761904762,78491.17950403891,0.010787842676227071,154.2653198466216,80.56843108201046,224.33848200346984,109.09362616818674,115.24485583528309,95.68211699390167,87.73426788722152,217.89110762981986,1.572377328054407,-4.31788300602876,265.4271428571405,0.0033455264443770735,0.038521658507208026,0.034039380437655545,0.03174408762026967,0.2053782423738728,295.430522,2.2596307093745054,35031.564689999985,33229.349154313284,73.5706972808302,-0.003994432423432133,79021.02,0,0.0020924747806184626
2026-08-30 17:00:00+00:00,79337.93,79337.93,78774.85,79021.02,460.72685,-0.003994432423432115,0.003012170917058743,0.0029949840743919154,0.011559691748380674,0.010995036823054916,-0.004002431476849317,235.9600000000064,903.0200000000041,-935.9699999999866,0.0,78825.33571428571,0.0024825049451559036,78473.74714285714,0.0069739610642852645,78369.73714285714,0.00831038715819172,78006.31959999999,0.013007925578378437,78758.13694350369,0.003337852654956613,78470.46163429318,0.007016122426712064,78383.92202887582,0.008127916473603773,78669.05342857144,78539.48130439353,0.006131167250012538,156.28484846590584,69.10686097478424,241.95531747127825,135.66596442880507,106.28935304247318,73.63635731224592,85.02211031938619,149.4516065311644,1.143397137840065,-26.363642687684514,293.6678571428544,0.003716325822456489,0.04207634345172894,0.0370871171069,0.03508604592647395,-0.30983855807177585,311.86498900000004,1.4773279022946775,34570.837839999986,33357.10998152154,65.07593655739345,0.00019830166707539656,79036.69,1,0.0018453096485497463
2026-08-30 18:00:00+00:00,79021.02,79181.99,78776.0,79036.69,293.7787,0.00019830166707546226,0.002702996550653536,0.0022405528785189865,0.01233035167528862,0.010333211723526414,0.00019828200789880188,176.69000000000233,962.6800000000076,-59.270000000004075,0.0,78949.72,0.0011015871873896457,78539.95714285714,0.006324587830361905,78411.40666666666,0.00797439250122706,78031.2842,0.012884650179831269,78813.84755480295,0.0028274529427343834,78521.93694026653,0.00655553186525503,78409.52077284147,0.007998636147458224,78744.11247619048,78578.08501967583,0.005836296216805702,143.83367001623654,70.38126649033218,254.2503843766026,159.38284841836457,94.86753595823802,74.72643668560592,81.34830366391785,116.89134734235134,0.9662068406958837,-25.27356331432451,306.2385714285691,0.003874638113369439,0.042077986082288736,0.038445244790852845,0.037102459674414896,-0.3623581955338613,311.642516,0.9426785015400702,34864.61653999999,33500.68203470997,63.994824456061686,-0.002281219013599923,78856.39,0,0.003700781216421396
2026-08-30 19:00:00+00:00,79036.68,79041.96,78721.98,78856.39,232.19118,-0.0022812190135999,-0.006069480259946247,0.000922525735332691,0.01097922936163731,0.008007030550939431,-0.0022838249576008934,72.67999999999302,856.3800000000047,-104.01000000000931,-1.2652351723374422e-07,78959.91,-0.0013110450607150231,78592.00571428573,0.0033640099054783744,78441.31380952381,0.005291550718848214,78050.332,0.010327412828942152,78822.35604384237,0.0004317804981456649,78552.34176387866,0.0038706450921001724,78427.04505625945,0.0054744500883917736,78786.30352380952,78607.50348622126,0.003166192828173955,102.00835015598604,64.95439881095857,246.60292529243452,176.82686379317857,69.77606149925595,62.183915242285316,70.18223641337904,80.96783226655597,0.9452238920607158,-37.81608475764512,321.64714285714166,0.004078897637301651,0.04321644206612612,0.03932298165937479,0.03802418793385135,-0.20963916036118346,306.947435,0.7564525828314661,34632.42535999999,33608.46711330902,59.81898663049256,-0.0032852125236775063,78597.33,0,0.00480931118830761
2026-08-30 20:00:00+00:00,78856.39,78931.49,78438.23,78597.33,294.2134,-0.0032852125236775276,-0.005361737927452759,-0.0028709664855577355,0.005784609667454088,0.005339866303162966,-0.0032906206822222173,-226.3000000000029,452.04000000000815,-298.9799999999959,0.0,78922.38571428573,-0.004118675726079658,78614.64785714286,-0.00022028791853558201,78458.80571428571,0.0017655670954097047,78071.19859999999,0.006739122870338592,78777.3508350739,-0.0022851851854066786,78556.43160352606,0.0005206244178752793,78433.72289719046,0.00208592805194263,78787.01342857143,78621.28798907239,-0.0003047264892901923,43.71016834487028,56.23316304628935,217.135281562194,184.88854734698165,32.24673421521234,44.16247539144473,60.357609106445324,36.43310378676471,0.6702870776075166,-55.8375246084857,342.26285714285666,0.004354637201325443,0.04504377427389021,0.04123191248242977,0.04010375449017361,0.26711703691759503,312.39799300000004,0.9417903014474813,34338.211959999986,33677.966622517684,54.668828730300206,0.0007082937804630037,78653.0,1,0.004840138567801325
2026-08-30 21:00:00+00:00,78597.32,78733.77,78229.82,78653.0,461.41088,0.0007082937804629985,-0.004854580828220434,-0.008633071218268396,0.006230330322646749,0.007319275372527523,0.0007080430588060189,-684.929999999993,487.0,-458.6299999999901,-1.272307849994546e-07,78903.71285714286,-0.0031774532283009387,78652.86214285715,1.7527288784483874e-06,78481.33619047618,0.0021873201688001496,78092.658,0.007175348033357976,78752.48066805913,-0.0012632067868241117,78565.21054866005,0.0011174087197994233,78442.32199926142,0.0026857695612397003,78792.12704761904,78636.61910718585,0.0002083112549869847,-15.76808080616951,60.98066581796582,196.014531841196,187.11374424582453,8.900787595371469,48.03514410331176,51.46051157901394,11.287570706252813,0.8371665593376166,-51.96485589661868,365.88285714285615,0.004651861431132334,0.044698395792692476,0.04311414724712256,0.04282138515390138,0.5682864206728859,322.6159015,1.4302174128840013,34799.62283999999,33784.79102418267,51.364038254422425,-0.0029368237702313356,78422.01,0,0.004535072283969228
2026-08-30 22:00:00+00:00,78653.0,78804.0,78280.0,78422.01,390.42367,-0.0029368237702313005,-0.00550849461914249,-0.007580388104329816,-0.004608107171588105,0.004045783416666726,-0.00294114469910476,-599.0100000000093,-363.0500000000029,85.9199999999837,0.0,78846.33857142857,-0.005381715614405611,78677.7192857143,-0.0032500851325608553,78497.55095238095,-0.0009623351488605657,78112.9514,0.003956560268954136,78686.3865344473,-0.003359876416889022,78552.19231696367,-0.0016572715938771097,78441.52545027077,-0.0002487897852413082,78761.34676190476,78638.35870433913,-0.0027511853998956302,-49.94835016229642,56.63337272662395,158.80659936074517,181.4523152688087,-22.645715908063522,31.966386320767963,41.38800193850816,0.41437308729215516,0.3541096334788669,-68.03361367916247,390.93857142857036,0.00498506186501169,0.04621468942030024,0.04518010476388277,0.04522083586230512,-0.15384814939777758,336.154852,1.1614399366124235,34409.19916999999,33844.25846664146,49.10170256753219,-0.0094362539292221,77682.0,0,0.005429190743820121
2026-08-30 23:00:00+00:00,78422.01,78454.0,77000.0,77682.0,1800.4274,-0.009436253929222094,-0.011645815449456087,-0.017140014340175425,-0.014937864570124249,-0.005920812523641961,-0.009481057447672676,-1354.6900000000023,-1178.0,-755.679999999993,0.0,78609.77714285716,-0.011802312340500611,78655.00428571428,-0.012370532486144597,78477.35999999999,-0.010134897504197084,78119.3114,-0.005597993532748937,78485.50922755784,-0.010237676170618474,78473.08392451242,-0.010080958781655625,78411.74013849546,-0.009306516310013498,78628.58419047619,78451.7459195246,-0.009811711779036711,-118.53703702266958,45.16571352109471,68.81318674089562,158.92448956322608,-90.11130282233046,28.416666666654827,36.13939903024485,-144.8267882572107,-0.6191950464396205,-71.58333333330351,485.30499999999927,0.006247328853530972,0.05746629673651555,0.060088874682219344,0.06151654934406384,3.611470918246324,413.4559955,4.3545804622287685,32608.771769999992,33726.59306696132,38.12321561600169,0.0032831286527122577,77937.04,2,0.00339231485637206
2026-08-31 00:00:00+00:00,77682.0,78185.89,77436.4,77937.04,711.43379,0.003283128652712186,-0.009102767853737426,-0.01165853521826199,-0.010746764781704443,-0.0022111196105480957,0.0032777509530755324,-919.3500000000058,-846.6700000000128,435.3399999999965,0.0,78454.92285714285,-0.006601024362561126,78640.12928571428,-0.008940591681377152,78467.47238095237,-0.006759901457984658,78122.8784,-0.002378796119729319,78375.81538204628,-0.005598351735257198,78424.35265864765,-0.006213792554574773,78393.12444678975,-0.005817913879670938,78532.85561904762,78411.64384549395,-0.006052721537494244,-161.4545454349759,46.936481830532735,17.866402645682683,130.7128721797174,-112.84646953403472,39.043333333316795,33.14212877357986,-111.35513903735198,-1.0763715861865097,-60.95666666664153,525.7828571428576,0.006746251296467646,0.058840629524818354,0.06318942201722087,0.06529050210876221,-0.6048528310555594,438.250972,1.6233478884295018,33320.205559999995,33687.88949486976,42.40609167930631,-0.0037992204990078054,77640.94,0,0.0039010806626573547
2026-08-31 01:00:00+00:00,77937.03,77993.03,77565.08,77640.94,567.26058,-0.003799220499007827,-0.00995983142997725,-0.012168225052937576,-0.015004256972179553,-0.006230439878501581,-0.0038064558688653,-956.3899999999994,-1182.6900000000023,-37.0399999999936,-1.2830869628563237e-07,78255.53,-0.007853630280185804,78602.625,-0.012234769513104498,78445.1480952381,-0.01025185259720226,78118.7798,-0.006116836453710141,78228.84030563702,-0.007515135125870483,78353.13332604332,-0.009089532170713888,78363.62701750387,-0.00922222522117857,78399.63038095238,78374.2612764489,-0.00935665950154544,-207.95750839230152,42.85488778676517,-45.87328748757136,95.39564024625966,-141.26892773383102,26.705833333322303,31.388611111097976,-121.77123207756074,-1.5458534111082705,-73.29416666663603,547.4300000000003,0.007050790472139998,0.06025830546305975,0.06420587825414072,0.06612187762371684,-0.20265161990689262,458.5493445,1.23707641675358,32752.944979999997,33598.84716012026,38.28042245860489,-0.0021502830851867208,77473.99,0,0.003194968916768857
2026-08-31 02:00:00+00:00,77640.93,78000.0,77392.0,77473.99,573.39934,-0.0021502830851867216,-0.0026777116964031844,-0.014990019452531977,-0.02349368076530345,-0.010300798386925658,-0.002152598263314243,-1179.0099999999948,-1863.9399999999878,-222.61999999999534,-1.2879802858276956e-07,78058.04428571428,-0.007482307442605944,78508.97714285714,-0.013183041997526347,78414.01857142856,-0.011988016792842438,78113.587,-0.008188037760959384,78077.87024450963,-0.007734332950149587,78273.21120549392,-0.010210660750785815,78328.73929132725,-0.010912333060132279,78249.14571428571,78332.13132580358,-0.010955163753100664,-210.55387202835055,29.655354344020054,-108.6069673641905,54.59511872416962,-163.20208608836012,19.749583333325322,28.49958333332148,-124.79333168139945,-1.6624248845351206,-80.250416666633,541.942857142858,0.006995158725436123,0.05997776489728787,0.06610273547381548,0.06863489867604165,0.010821763782704608,476.7853005,1.2026363635738753,32179.545639999997,33463.67558677548,29.184399732546225,0.003649224726905135,77756.71,2,0.0026195134309371505
2026-08-31 03:00:00+00:00,77474.0,77872.0,77394.0,77756.71,278.92536,0.003649224726905098,-0.002313790721330755,-0.00848358770707347,-0.015999666924066513,-0.004624926393404727,0.0036425824608611276,-665.2999999999884,-1264.3099999999977,513.7100000000064,1.29075577426194e-07,77937.95571428572,-0.002325512808549231,78430.17071428572,-0.008586755685373466,78389.08380952381,-0.00806711571040163,78112.83899999999,-0.004559160882630085,78013.63819560771,-0.0032933753834616716,78226.25655044902,-0.006002416211060681,78306.30677009873,-0.007018550519976514,78148.84342857142,78315.39070145639,-0.007133728076338197,-194.3869360033735,33.91672716338954,-133.96643772489915,16.88280743435587,-150.84924515925502,31.529583333320467,25.99499999998937,-105.7206955329013,-1.3535534965846976,-68.47041666663787,549.1842857142868,0.007062853941663423,0.06142261769191309,0.06722759595503225,0.06982164983875162,-0.513558282086617,483.8562935000001,0.5764632262645634,32458.470999999998,33367.941816606384,27.210187386702614,-0.0017288540114416822,77622.28,0,0.002618281547542638
2026-08-31 04:00:00+00:00,77756.7,77769.11,77458.83,77622.28,550.02773,-0.0017288540114416273,-0.00024033712111171113,-0.0007687752632528078,-0.017895612784391668,-0.005785920308179371,-0.0017303502042527036,-59.720000000001164,-1414.4100000000035,605.5799999999872,-1.286062644537442e-07,77790.70999999999,-0.0021651685657579274,78347.21142857142,-0.009252804475783114,78365.4780952381,-0.009483743522050296,78111.861,-0.0062676908952406,77935.36655648617,-0.004017259048358367,78171.34959131728,-0.007023923652179876,78279.48219087916,-0.008395586844540103,78041.12466666667,78280.27779649646,-0.008405665066838902,-168.1787878584021,33.351394897330636,-163.0320462670643,-19.100163305928163,-143.93188296113613,25.928333333322485,25.735833333322763,-104.39282430045449,-2.16245873821005,-74.07166666663585,555.3514285714294,0.007154536411084836,0.061646793378961916,0.06760056114692359,0.07022640173476413,0.9719531060209083,504.17388300000005,1.0909484773905058,31908.443269999996,33228.94195502482,21.200645794581447,0.005072255027809041,78016.0,2,0.0019893581701426856
2026-08-31 05:00:00+00:00,77622.29,78156.78,77514.0,78016.0,511.92091,0.005072255027809058,0.006996025375742176,0.0010131254664020872,-0.010657221310790388,0.0002049999737179231,0.005059434476736647,78.9600000000064,-840.3899999999994,138.68000000000757,1.2882899078410453e-07,77732.70857142856,0.0036444301733177856,78289.52357142858,-0.003493744232317677,78362.7157142857,-0.004424498450893932,78122.0376,-0.001357332748320362,77951.49324518895,0.0008275242990939529,78157.22690119751,-0.0018069589569246767,78269.14955594273,-0.003234346576894721,77996.96314285714,78265.28423056546,-0.0031851188303498837,-112.41508416145771,39.489102962736006,-152.53846838678874,-45.78782432210028,-106.75064406468846,42.33333333331569,33.263749999986224,-63.476328595000496,-1.2718388094711903,-57.66666666664264,580.768571428572,0.007444223895464579,0.06442663248783426,0.06976097946055279,0.07226985742863379,-0.0692816342186966,521.506531,0.9816193653747711,32420.364179999997,33151.9345478796,27.87981883779584,0.0009981285890073234,78093.87,1,0.0013053425331276565
2026-08-31 06:00:00+00:00,78016.01,78156.77,77864.16,78093.87,968.0221,0.0009981285890072744,0.0043360888082839555,0.005833649103166305,-0.006405561104938395,-0.000658005108177373,0.000997630789884664,452.929999999993,-503.4600000000064,373.9699999999866,1.2817883504359595e-07,77791.54714285715,0.003886320149767115,78200.66214285714,-0.0013656168621955288,78367.18523809523,-0.0034876235156953493,78130.9368,-0.00047441898840767564,77979.96859615116,0.0014606495219140019,78151.46718290684,-0.0007369942623347291,78262.27584786655,-0.0021518138342145137,77970.876,78248.4267462032,-0.0019752057981242727,-59.80323231598324,31.734225239486037,-136.3668222596607,-63.903623909612364,-72.46319835004833,46.78797055512914,38.349879073922445,-43.332243157188,-1.1928890240722314,-53.21202944482809,555.240714285715,0.00710991418770395,0.0641709562770267,0.0700400344406118,0.0727256874461025,0.8909602657176088,561.492379,1.7240164536556888,33388.38628,33174.45376046249,30.471262873303587,0.0013079131563079078,78196.01,1,0.003355802761958504
2026-08-31 07:00:00+00:00,78093.88,78322.56,78034.01,78196.01,716.03378,0.0013079131563078494,0.007391305692128647,0.009319514846208188,-0.005810204315156553,0.00038392651536467426,0.001307058582952959,722.0199999999895,-456.99000000000524,269.0899999999965,1.2805102384237198e-07,77828.54285714285,0.0047214958595799515,78141.73285714285,0.0006945986590337186,78369.60047619048,-0.0022150231101818437,78142.2064,0.0006885344358538433,78023.17687692093,0.0022151510614813984,78155.5165299153,0.0005181140357404374,78259.67718716591,-0.0008135375643532585,77970.25571428571,78245.59273504297,-0.0006336808669962149,9.903232322031863,37.071524162473814,-113.99477105168626,-73.92185333802715,-40.07291771365911,54.81280849130582,47.97803745991689,-23.47516290328044,-0.8374464009828452,-45.187191508648354,535.6314285714304,0.006849856259563929,0.06434005716713728,0.07039828481544662,0.07314916979608335,-0.2603125693101429,588.692021,1.2163130371335265,34104.42006,33263.021979466066,38.152439537173166,0.003642001682694656,78480.8,2,0.004088716881772715
2026-08-31 08:00:00+00:00,78196.01,78521.89,77982.0,78480.8,782.74546,0.0036420016826945734,0.005957752255947524,0.009312250994158555,0.0007496619890259293,-0.0038618997053501136,0.0036353856534267867,724.0899999999965,58.79000000000815,2.070000000006985,0.0,77948.52285714286,0.006828572541812584,78102.02642857144,0.004849727833566144,78384.59095238095,0.0012273974572055359,78162.48599999999,0.004072465146515542,78114.70150153675,0.004686678581957397,78185.08775446845,0.0037822077588529714,78268.34867002215,0.002714396478115773,78015.46466666665,78226.48711901692,0.0032509817371212937,85.91407406366008,41.9664199270512,-72.44943439528288,-73.62736954947829,1.17793515419541,72.51856059860492,58.03977988167997,-1.9493894776861427,-0.14826203383753284,-27.4814394013461,545.1957142857157,0.00694686744128129,0.05894561174780529,0.0694726962277334,0.07355205211690408,0.09316834186230705,587.123803,1.3331863841988822,34887.165519999995,33417.70231665977,44.93796183511528,0.00038518975341734444,78511.03,1,0.003328022635534997
2026-08-31 09:00:00+00:00,78480.79,78802.0,78396.35,78511.03,624.76686,0.000385189753417281,0.005341776505633611,0.011449676561935629,0.010672099070569763,-0.004425183870149674,0.0003851155868890588,888.75,829.0299999999988,164.6600000000035,-1.2741970022366104e-07,78096.67142857143,0.005305713596354064,78077.35785714285,0.005554390603875532,78371.5419047619,0.001779830941792592,78180.1864,0.004231808789854569,78193.9672012294,0.004054824305750362,78214.71886769858,0.003788431852611111,78277.86558492325,0.0029786761983665935,78069.99847619048,78220.71092933317,0.0037115371008210793,108.14969695658768,44.7826402231527,-36.66252465713478,-66.23440057100959,29.571875913874806,78.23131364900738,68.52089424630604,34.35335497051607,-0.1805016973287724,-21.768686350940857,551.3150000000003,0.007022134342142668,0.05883480592075054,0.06959623023079532,0.07373871307242051,-0.20182627440598633,593.9211359999999,1.0519357236664297,35511.93238,33617.15279888265,49.83435842636593,0.002534420959704591,78710.01,2,0.0060133460568270675
2026-08-31 10:00:00+00:00,78511.03,78732.0,78316.91,78710.01,576.71834,0.0025344209597046863,0.006573225411373285,0.008895739335520902,0.009917877301986344,-0.0009354725742163339,0.0025312147310503296,694.0099999999948,772.9700000000012,-194.74000000000524,0.0,78232.85714285714,0.006099136278143831,78085.40642857143,0.00799897957885275,78364.39952380952,0.0044102995529935775,78201.7068,0.006499899053354016,78297.17576098352,0.005272658113195846,78259.74533427144,0.005753464489378629,78294.81242473017,0.005303002362627418,78154.3520952381,78216.44846545086,0.006310201296945162,150.1711784329749,51.73373050530995,7.6665074699994875,-51.45421896280777,59.12072643280726,94.78991130815115,81.84659518525449,39.275764629400406,0.3672438388151443,-5.210088691793411,545.731428571428,0.006933443771274086,0.05954974421225463,0.07024209597483198,0.07440416124918656,-0.07690631990307539,600.7905645,0.9599324191767331,36088.65072,33852.53355327478,54.451072503766575,-0.005013085375036819,78315.43,0,0.005875238640195937
2026-08-31 11:00:00+00:00,78710.02,78710.02,78302.0,78315.43,482.35572,-0.005013085375036863,-0.0021071395806364634,0.0028370984816092903,0.008687298221788486,-0.0064473052053046764,-0.0050256930407114745,221.55999999999767,674.4899999999907,-472.4499999999971,1.2704864361360262e-07,78331.87857142858,-0.00020998566265182357,78061.29428571428,0.003255591860359676,78342.10047619048,-0.0003404360621986281,78215.0148,0.0012838353384801411,78300.82660878681,0.00018650366599761434,78264.8075766104,0.0006468095298137528,78295.62095709369,0.0002530032032973659,78185.0219047619,78199.09765445931,0.0014876430678870318,135.93501681853863,45.29656825162404,10.833395803565509,-38.99669600953312,49.830091813098626,72.91740576492593,81.97954357402817,21.423359836954486,0.8154141242501285,-27.082594235018636,538.8792857142855,0.006880882678091388,0.062048421366232676,0.07068524297741596,0.07416779872755128,-0.16361993967453847,597.2172965,0.8076720530802516,35606.295,34019.55845296289,54.33406332365077,-0.004916527943471595,77930.39,0,0.005255980811057739
2026-08-31 12:00:00+00:00,78315.43,78543.86,77675.04,77930.39,816.61258,-0.004916527943471638,-0.00739564873878229,-0.0033968485092781275,0.005891009356817634,-0.01774107290170024,-0.0049286538281417035,-265.61999999999534,456.3999999999942,-487.179999999993,0.0,78319.64857142858,-0.004970126635253826,78026.17857142857,-0.0012276465819849873,78299.56523809524,-0.004714907892178413,78220.9192,-0.003714213575746381,78226.73928702946,-0.0037883374627451795,78234.40597873672,-0.0038859626392426377,78281.29817446257,-0.0044826565558546624,78167.568,78135.82538057641,-0.0026292085554327207,76.9123905630671,43.43210602238872,-17.524322975601535,-34.7022214027468,17.177898427145266,51.630965593755995,73.11276088894435,-32.05015354716844,-0.008532528307457012,-48.369034406188504,563.5092857142861,0.00723093116452104,0.05850839813450024,0.07246795843531785,0.07708621879778732,0.6929675468552543,604.6697314999999,1.3505101007336426,34789.68242,34092.90359268071,52.020204950382876,-0.0008084137651563145,77867.39,1,0.00418090570021813
2026-08-31 13:00:00+00:00,77930.4,78282.0,77716.75,77867.39,1083.2716,-0.0008084137651562795,-0.010705372798199275,-0.007816051824140469,0.0014234141336482153,-0.01459902694245152,-0.00080874070777928,-613.4100000000035,110.67999999999302,-347.79000000000815,1.2831964519568273e-07,78287.29428571428,-0.0053636326244946705,78039.4207142857,-0.002204407884004343,78229.53952380952,-0.004629319385157528,78226.57359999999,-0.0045915803731429805,78154.86942962356,-0.003678330367916836,78201.04088976065,-0.004266578628166792,78265.0664813464,-0.0050811492179741865,78146.3961904762,78087.52629660447,-0.0028190968141097133,28.867003363504235,53.023724633515144,-44.567842554999515,-36.675345633197345,-7.89249692180217,33.71560283685548,52.75465806517914,-41.727967144439305,0.29166313545404543,-66.28439716307359,500.0271428571432,0.006421521805946452,0.05734640003631346,0.07252396053032617,0.07764231290094756,0.3265428754477431,635.796969,1.70380113906818,33706.41082,34056.09475718731,56.01950243417119,0.009410229365591938,78600.14,2,0.003840800393564076
2026-08-31 14:00:00+00:00,77867.39,78686.94,77746.6,78600.14,1368.66274,0.009410229365591993,0.003635426633040284,0.0011349997573588677,0.01259767169941406,-0.005523384139695109,0.009366228977680207,89.11000000000058,977.8600000000006,702.5200000000041,0.0,78345.02714285713,0.0032562737731609386,78086.785,0.006574159763396448,78209.49761904762,0.004994820230851855,78246.9016,0.004514407507223231,78243.92354369885,0.004552640514022751,78237.32262705514,0.004637395053436949,78278.2066193328,0.004112682118954922,78221.15876190475,78093.63529237575,0.00648586412615999,13.782289560619066,59.35709649173635,-6.794898150765221,-30.699256136710922,23.9043579859457,85.6836879432016,57.01008545793769,36.0270533948108,1.4535846159465642,-14.316312056727476,513.6592857142854,0.006535093776096058,0.06770818665263015,0.07613466614510012,0.07965952708577316,0.26345298815181706,689.5411710000001,1.9848890792309413,35075.07356,34153.14035745519,58.96772056017994,-0.00025089013836363606,78580.42,1,0.0018020990095133295
2026-08-31 15:00:00+00:00,78601.93,78777.9,78212.3,78580.42,1119.65651,-0.0002508901383636575,0.00834116190102474,-0.00164642337105525,0.007234669811320815,-0.00349965297675936,-0.00025092161655957757,-129.5899999999965,564.4199999999983,-218.6999999999971,2.2773496332113078e-05,78359.25857142857,0.0028224032820554096,78153.8907142857,0.005457556646457803,78187.77047619048,0.005021879015326145,78264.4236,0.0040375484219371365,78311.22283495909,0.003437529836665175,78268.51329732285,0.003985085311283362,78290.058124457,0.00370879626990956,78286.97676190476,78114.09278987304,0.005969821750108121,13.497037035401311,64.37868083672038,21.303618384190486,-20.29868123253064,41.602299616721126,84.28510638291883,67.8947990543253,78.10361930969229,1.0593426599453362,-15.714893617010256,523.4914285714278,0.0066618558232626034,0.06728986723623359,0.07718588173657949,0.08120402191485818,-0.18193395839796145,733.9144375,1.5255954274621755,33955.41705,34134.30956626898,66.5644533167513,0.0007527320419006253,78639.57,1,0.0018275879088836791
2026-08-31 16:00:00+00:00,78580.43,78884.48,78524.0,78639.57,576.26452,0.0007527320419005168,0.009916603086349784,0.004138903406391448,0.006987744364570725,0.000537422836119239,0.0007524488812242311,324.14000000001397,545.7000000000116,453.7300000000105,1.2725816424449225e-07,78377.62142857142,0.003342134740173308,78237.14642857143,0.005143638153980636,78177.44571428571,0.005911222622995488,78276.92760000001,0.00463281341154724,78376.89226796727,0.0033514690928883846,78302.24572483895,0.004307977019540863,78303.76447251752,0.004288497874202991,78351.734,78125.34356110332,0.006582069472686466,14.963164981351943,68.4478588971111,47.79386788155534,-6.680171409713445,54.47403929126879,83.56838065584071,84.5123916606537,109.89005473320377,1.3105644410341915,-16.43161934409219,505.8114285714276,0.006432021799857516,0.06632755003138271,0.07664466916515633,0.0807999163420081,-0.48532026130049477,748.0169935,0.7703896101382215,34531.68156999999,34172.154519005264,72.03972962422439,0.003278120671310812,78897.36,2,0.0018437723339363987
2026-08-31 17:00:00+00:00,78639.57,79019.86,78494.0,78897.36,604.69852,0.0032781206713108357,0.0037814182010362796,0.012408124737987247,0.008969127708690072,0.003106810929017323,0.003272759347259315,966.9700000000012,701.3500000000058,642.8299999999872,0.0,78404.3857142857,0.0062875855887800204,78318.62142857142,0.0073895398166117406,78191.73285714287,0.009024319030584906,78297.5676,0.007660421880078917,78480.98581437382,0.005305414825076169,78356.34702258087,0.006904520156653207,78327.04272849724,0.007281230742741408,78439.76247619047,78139.87138234537,0.009694009015553132,32.26936026544932,68.19688659559405,88.56812184238515,12.369487240706274,76.19863460167888,92.15261718218602,86.66870140698187,126.70623517753192,1.1297169811320618,-7.847382817749923,509.22999999999905,0.006454335100692756,0.06729369027681432,0.07674392423366419,0.08062282376024887,0.04934192374016022,755.1813755000001,0.8007328300420979,35136.38008999999,34263.985525766664,72.9006653672011,0.0015037258534379278,79016.0,2,0.0025196291873415245
2026-08-31 18:00:00+00:00,78897.35,79212.0,78779.24,79016.0,473.51591,0.0015037258534378317,0.005543111121065536,0.014750847562760239,0.006819502349619144,0.007574276660340606,0.0015025963898439825,1148.6100000000006,535.1999999999971,181.63999999999942,-1.267469531903372e-07,78504.46714285715,0.0065159713295295015,78418.17285714285,0.00762357908983956,78209.01857142858,0.010318265633705586,78317.34419999999,0.008920831102441787,78587.98865149906,0.005446269281670506,78416.31547507351,0.007647445831819326,78354.06066071305,0.008448054047297681,78532.74628571428,78157.455327786,0.01098480840520366,68.41562288733088,72.34671626442642,128.9685986282857,35.68930951822216,93.27928911006353,88.45700824494202,88.05933536098958,149.68187333926474,1.1807969050579679,-11.542991754999091,517.9785714285701,0.0065553631090989615,0.06642051222793276,0.07631343569914976,0.08024842770235513,-0.2169388640144183,759.3359875,0.6235920828121905,35609.89599999999,34392.16747569365,77.82020499883787,-0.0014926090918295323,78898.06,1,0.0022394570724564287
2026-08-31 19:00:00+00:00,79016.01,79250.0,78851.93,78898.06,423.46335,-0.0014926090918295776,0.0032870220424652263,0.00379032403759072,0.004929625811812777,0.01565433433742691,-0.001493724142474692,297.91999999999825,387.02999999999884,-850.6900000000023,1.2655664668878686e-07,78642.70571428571,0.003247018059653307,78481.17714285714,0.005311883337121901,78231.68761904762,0.008517934372032196,78333.3054,0.007209635762414706,78650.00292119925,0.0031539360405272404,78460.110431885,0.005581811772941611,78375.39396813606,0.0066687515736944085,78596.73123809524,78241.36668586294,0.008393172843895376,92.44518517398039,65.51491229889425,149.74334712291602,58.50011703916093,91.2432300837551,77.6540356579991,86.08788702837573,131.34058609410602,0.8978079572090621,-22.34596434193741,500.49928571428507,0.006343619674733177,0.05601007823508536,0.06594404761476858,0.06943715241187036,-0.10570407232990342,690.487785,0.61328145001057,35186.432649999995,34467.81177800854,73.62948059288215,-0.0004225705929904551,78864.72,1,0.0023856124408125827
2026-08-31 20:00:00+00:00,78898.06,79172.0,78784.32,78864.72,366.68341,-0.0004225705929904455,-0.0004137020554300097,0.003617949611366411,0.001965569563515679,0.011902941143261403,-0.0004226599011036834,284.3000000000029,154.7100000000064,-13.619999999995343,0.0,78785.18142857144,0.0010095625850741535,78536.23785714286,0.0041825551085684625,78288.00761904762,0.007366548191629465,78347.4396,0.006602390615965919,78692.9463369594,0.0021828343077290695,78496.89311989545,0.004685878198296697,78394.5832242876,0.0059970568931698226,78647.87028571428,78280.9153734233,0.007457815532582556,123.98087540584794,63.774574798919076,161.65378144636634,79.13084992060202,82.52293152576432,75.5371564991649,80.54940013403534,108.74355560567165,0.4891897126430838,-24.462843500771616,507.28999999999877,0.006432407291878958,0.05535685888516303,0.06353330360205008,0.06663503498197272,-0.13408466163600696,673.250266,0.5446465133657376,34819.74924,34501.32963153153,68.38126023254327,0.0012629221279173478,78964.32,1,0.0026129721197216673
2026-08-31 21:00:00+00:00,78864.73,79071.12,78732.22,78964.32,404.71113,0.001262922127917454,-0.0006540447504301827,0.004129600403460998,0.008285595827029368,0.017044873490712487,0.0012621253125734576,324.75,648.890000000014,40.44999999999709,1.2679941036703335e-07,78837.20714285714,0.0016123460197230734,78591.11714285714,0.0047486646164410905,78336.92571428571,0.008008921463200544,78363.08600000001,0.007672413513678991,78747.22106956752,0.0027569091008392056,78539.38647263222,0.005410451321972738,78416.92584294299,0.006980561290471345,78704.94790476191,78323.80063968971,0.008177838091091202,130.24114476535843,63.74166085353801,177.08840911919833,98.72236176032129,78.36604735887704,81.86112663173601,78.35077292963335,96.74522391129365,0.5773583660792659,-18.138873368200493,510.88642857142673,0.006469838891431221,0.052885336970285524,0.06310898600162158,0.06654697241537127,0.10370722798721665,665.1227935,0.6084758092106967,35224.46037,34570.199225671386,63.18944758700903,-0.00470047738016376,78593.15,0,0.002454570035071861
2026-08-31 22:00:00+00:00,78964.33,79015.83,78579.3,78593.15,346.21313,-0.00470047738016377,-0.003864607063849279,-0.0038557690650232734,0.008504512809444309,0.014445622330797603,-0.0047115593646798746,-304.2100000000064,662.7599999999948,-628.9600000000064,1.2663947457232814e-07,78839.0257142857,-0.003118705641756182,78599.14214285715,-7.623674627724574e-05,78382.26904761905,0.0026904165309737213,78372.35059999999,0.0028173124617242337,78716.40685565402,-0.0015658343740211776,78544.27406602929,0.0006222724005267935,78423.83659420013,0.002158953363579615,78705.21895238095,78365.31771776655,0.002907310132448925,76.74552187621934,51.949214588582045,157.5539617503964,110.48868175833633,47.065279992060084,58.29417889974437,71.89748734354843,57.61887759042516,-0.1484690447885842,-41.70582110019214,503.50357142856956,0.006406456178796284,0.05551405120592739,0.06199940250503993,0.06442478800496905,-0.14454260252244622,653.763483,0.5295693916869787,34878.247240000004,34599.53713179792,57.720263760404926,-0.0001509037365215745,78581.29,1,0.0021669609266343703
2026-08-31 23:00:00+00:00,78593.15,78593.61,78405.01,78581.29,376.54265,-0.0001509037365216015,-0.0035938756899156488,-0.005501543991090485,0.009168151134897329,0.010604615344450563,-0.00015091512363603606,-434.7100000000064,713.8999999999942,-130.5,0.0,78830.7,-0.003163868898791972,78604.16071428571,-0.000290960606638214,78434.99761904763,0.0018651416509616262,78380.7438,0.0025586156787656624,78689.38348452322,-0.0013736730386823348,78547.6391509357,0.0004284132461272949,78430.01123756482,0.0019288376993463745,78702.83866666666,78384.56205626603,0.0025097792036235713,8.938383837299849,51.226794619034536,139.50761168365716,116.2924677434005,23.215143940256667,57.54114390203059,65.898816477837,14.218009317046809,0.33947333239439176,-42.45885609790592,487.999999999999,0.006210129663180546,0.05448678808118793,0.06081012993773578,0.06334465617805947,0.08760360994974392,658.6443475,0.5716934358104824,34501.70459,34590.21974686479,52.378720218576476,0.0008998325173843087,78652.0,1,0.002161124401070697
2026-09-01 00:00:00+00:00,78581.3,78900.01,78562.0,78652.0,522.70913,0.0008998325173843469,-0.003955204071915075,-0.0031187078617649355,0.0006597952624511905,0.013265778845970466,0.0008994279108052551,-246.05999999999767,51.86000000000058,188.65000000000873,1.2725675551156134e-07,78795.64857142858,-0.0018230520851460605,78600.01714285715,0.0006613593613900998,78477.63047619048,0.002221900976768462,78389.217,0.0033522850470619247,78681.90678761859,-0.0003800973926485094,78557.12650085065,0.0012077007316239632,78438.71667922894,0.0027191077289455533,78709.21723809524,78429.41723116055,0.0028380010549283125,-9.920336699134811,48.93960055398701,129.41958685434656,118.91789156558971,10.50169528875685,62.030781734100046,59.288701511958344,45.11968339928359,0.9259673921816526,-37.96921826583646,482.49428571428456,0.006134545665898876,0.053834438811662194,0.06090160565927391,0.06355009609898984,0.38818040931087094,657.2784174999999,0.7952628841630948,35024.413720000004,34631.57155383005,52.09574914550458,-0.0030689620098663054,78410.62,0,0.0032648333625244466
2026-09-01 01:00:00+00:00,78652.0,78797.99,78375.83,78410.62,440.9443,-0.003068962009866283,-0.0023224670343408027,-0.005757961227783603,-0.0021608436300035727,0.005058193191140203,-0.0030736809310417264,-454.1000000000058,-169.8000000000029,-208.04000000000815,0.0,78709.16571428571,-0.003793023488133982,78606.81642857143,-0.002495921314275746,78515.17047619047,-0.0013315958630208584,78392.8294,0.00022694167484651044,78627.64943009487,-0.002760217705450093,78543.80772804603,-0.001695712646211223,78437.61484867094,-0.00034415692933840287,78683.96428571429,78453.64818258789,-0.0005484535593265262,-45.56734006181773,51.843274246549996,100.7856119954522,115.29143565156221,-14.50582365611001,46.70467821402015,55.42553461671693,-3.986095868733602,0.6976347865261554,-53.29532178591636,483.5042857142845,0.006166311217973768,0.05273903331270736,0.05941565036794473,0.062204236697561234,-0.15642510395791243,653.729587,0.6745056499933595,34583.46942,34626.990398227186,52.33446604236321,0.0005021003532430926,78449.99,1,0.004143497525158963
2026-09-01 02:00:00+00:00,78410.62,78457.55,78189.93,78449.99,524.89493,0.0005021003532430512,-0.001670881198310492,-0.006513448099090824,-0.002410745633527722,0.004560153056827776,0.0005019743430387688,-514.3300000000017,-189.58000000000175,-60.229999999995925,0.0,78645.1557142857,-0.0024815986758895355,78643.93071428571,-0.002466060794828469,78535.83666666667,-0.001093089095504597,78398.232,0.0006601934594647615,78592.1175440759,-0.0018084198328945822,78535.27884367821,-0.0010859940263021424,78438.10014872307,0.00015158260149587284,78663.0540952381,78481.8317449348,-0.0004057212252419863,-72.1599326511861,61.616780389701916,80.34365890661138,108.30188030257204,-27.958221395960663,47.82259905426558,52.18601966746193,-55.03341022966682,-0.19103019409379204,-52.17740094566919,440.5614285714276,0.00561582517182503,0.05267600265981546,0.05932400669578465,0.062111982282378346,0.19038828713740052,631.5732285,0.8310911645919598,35108.36435,34672.835536491264,54.07898564346969,0.0029193120356036948,78679.01,2,0.004273787627484636
2026-09-01 03:00:00+00:00,78449.99,78874.0,78400.18,78679.01,542.2064,0.002919312035603694,0.00034341148349681383,0.0010924616203829007,-0.002767519724360956,0.006176785746484947,0.002915059119272491,85.86000000000058,-218.35000000000582,600.1900000000023,0.0,78618.62571428572,0.0007680659025218808,78701.90357142859,-0.0002908896785172759,78563.70047619047,0.0014677201189685666,78410.18220000001,0.0034284807464709743,78609.49603526072,0.000884294751210428,78548.34531243473,0.0016634938272159778,78447.54759387119,0.0029505371834834177,78667.73133333333,78506.30489362215,0.0021998883607102157,-63.22370369604052,66.89157689643145,81.68168815146782,102.9778418723512,-21.29615372088338,62.02008780094269,52.18245502307615,20.71479729274033,0.12546382419436705,-37.979912198990796,434.03071428571377,0.005516474016204681,0.053417565641414075,0.0601865368980902,0.06299010220239039,0.03298082913469935,622.8818595,0.8704803193889282,35650.570750000006,34765.95317587305,64.33436934490558,0.0006113447538295897,78727.11,1,0.005832188071145996
2026-09-01 04:00:00+00:00,78679.01,78915.09,78653.96,78727.11,444.12648,0.0006113447538296235,0.0040363154888969355,0.0018556580071413808,-0.0036560949681077037,0.0031384746332860924,0.0006111579587525223,145.82000000000698,-288.8899999999994,59.9600000000064,0.0,78584.73857142856,0.0018116930991890908,78710.97285714287,0.0002050177030134954,78588.99095238096,0.0017574859524882643,78422.6042,0.0038828830425398585,78633.01882820857,0.0011965860295531803,78564.59664766793,0.0020685316194122036,78458.51082548409,0.003423454915086977,78671.09219047619,78527.30101608092,0.0025444524558173734,-39.6434343386292,53.695736963917696,85.63619325040781,99.50951214796254,-13.873318897554725,50.67401209349357,53.505566316233946,49.70045338016279,0.11131800440922104,-49.3259879064121,385.51571428571333,0.004896860995986115,0.05197658020448596,0.05878790790711612,0.06164073770984683,-0.18089037680115916,605.9509105,0.7329413526795371,36094.697230000005,34892.50022864705,59.765916687761674,0.005752529211347967,79179.99,2,0.005809865049539846
2026-09-01 05:00:00+00:00,78727.11,79220.61,78727.11,79179.99,546.96321,0.005752529211348056,0.009305291179769526,0.006712988862330294,0.003573345149424645,0.008520586215720272,0.005736046596125339,527.9900000000052,281.93000000000757,382.16999999999825,0.0,78668.57285714286,0.006500907850277609,78753.79928571428,0.005411684492065234,78622.28571428571,0.007093463140221995,78443.3104,0.00939123548258608,78742.41306256686,0.00555706791821898,78620.54149787994,0.0071158057609555635,78486.8041264455,0.008831877935018861,78733.62780952381,78548.50198252511,0.00803946608192959,6.538585857793471,63.93733001655299,123.88572068406211,104.38475385518247,19.50096682887964,93.39571915053456,68.69660634832361,118.37215371949242,0.3582249139895189,-6.604280849371104,380.365714285714,0.004803811092748422,0.055644935018812465,0.05926574972111669,0.060978355234515794,0.231548296782484,602.060728,0.9084851154734203,36641.66044000001,35059.08691544257,56.303954986518455,-0.005488760481025645,78745.39,0,0.004549904661069313
2026-09-01 06:00:00+00:00,79179.99,79179.99,78745.38,78745.39,464.70536,-0.005488760481025645,0.0008436811800249799,0.004269447174375163,-0.0015130973647025092,0.0004494981006863963,-0.005503879073769167,334.7700000000041,-119.33000000000175,-193.22000000000116,0.0,78692.0157142857,0.0006782681219919894,78761.35785714285,-0.00020273719978030862,78633.44571428571,0.0014236217769348866,78456.0232,0.0036882674930176647,78743.00845005349,3.0244589245320225e-05,78631.89136170903,0.0014434173758948717,78496.94474893782,0.003165030841095715,78732.50657142857,78559.98733038403,0.0023600139958813576,20.114545452107585,52.09428435689923,117.77255020405573,107.06231312495713,10.710237079098604,52.39842651895429,65.48938592099415,68.1749089778738,-0.3424749417839389,-47.60157348095137,385.6607142857143,0.004897565613500795,0.058818319677895345,0.05935581258000213,0.06014076293306501,-0.15039009662094094,596.460079,0.7791055535155453,36176.95508000001,35165.55055016233,48.38185319506187,-0.0014352586227587936,78632.37,1,0.004541590175669313
2026-09-01 07:00:00+00:00,78745.39,78806.0,78500.0,78632.37,405.713,-0.0014352586227588393,-0.0012033974065605024,0.0023247931580359094,-0.004203797360630923,0.004046967500529686,-0.0014362895930066437,182.3799999999901,-331.95000000001164,-152.39000000001397,0.0,78689.21142857142,-0.0007223535163142445,78742.43000000001,-0.0013977216603552978,78629.74857142857,3.333889042061204e-05,78466.1164,0.002118794807589002,78720.8807600428,-0.0011243619124714757,78631.93487428094,5.533702302417998e-06,78502.25554309713,0.0016574613812393682,78715.30819047618,78567.71774727941,0.0008228857166061631,35.82572390138195,44.43679328836885,102.62505139262066,106.17486077848984,-3.5498093858691817,41.73686643330932,62.51033736759939,-2.2187350593115864,-0.3367509923564647,-58.263133566596345,369.95642857142855,0.004704887167605706,0.05605675736500548,0.05889942134492494,0.060456546052067114,-0.12694572750355182,592.627943,0.6845998485078444,35771.24208,35223.23545776591,40.292425391051225,-0.009526483813218354,77883.28,0,0.004545105023098177
2026-09-01 08:00:00+00:00,78632.37,78658.01,77820.0,77883.28,939.11065,-0.0095264838132183,-0.0163767386179261,-0.010113624968082324,-0.009032212094819858,-0.0006045138488335322,-0.009572151023525738,-795.7299999999959,-709.8699999999953,-978.109999999986,0.0,78613.87714285715,-0.009293488241643388,78661.52142857142,-0.009893546608783693,78609.17,-0.009234164411098478,78458.1752,-0.007327409776412843,78553.36060803424,-0.008530260231357967,78563.8753402554,-0.008662955299847093,78477.98199238743,-0.007577947053290849,78600.75485714285,78567.96120359258,-0.008714508981827402,-16.88585858381154,31.1970465590436,29.831369401945267,90.90616250318094,-61.07479310123567,4.425174825171649,32.85348925914509,-158.7948748449368,-1.2444601337581491,-95.57482517475843,398.9028571428571,0.005121803513447969,0.06353557732222383,0.058551163239043226,0.0571887457780273,1.314716683961322,598.7528465,1.5684445685527635,34832.13143,35185.98745512154,30.516573928635566,0.0004072761188280869,77915.0,1,0.001022880528042932
2026-09-01 09:00:00+00:00,77883.28,78062.24,77786.18,77915.0,951.34245,0.00040727611882807047,-0.010545252236353164,-0.01031550631034217,-0.00847899035508315,0.0006114241147674448,0.00040719320442152786,-812.1100000000006,-666.2899999999936,-16.380000000004657,0.0,78537.45,-0.00792551833552005,78591.30285714286,-0.0086053142339704,78608.43714285715,-0.008821408592527244,78454.1152,-0.006871726213795772,78425.68848642739,-0.006511750120188792,78504.88667295946,-0.007514012158463947,78455.90426719577,-0.006894372988852668,78501.21866666667,78572.03473491846,-0.008362195749863355,-58.992996625846004,33.20049489706824,-25.0103058830573,67.72286882593329,-92.73317470899059,8.980570679636964,18.38087064603932,-215.43565269189065,-1.3288533352785075,-91.01942932029333,390.18785714285747,0.005007865714469004,0.06348268409644342,0.05697903225116764,0.0549648927817264,0.013024876248608264,592.156389,1.6065729723949553,35783.47388,35242.89092415758,28.344712342452056,0.0014717320156580665,78029.67,1,0.001072271982558501
2026-09-01 10:00:00+00:00,77915.0,78196.0,77758.69,78029.67,423.94155,0.0014717320156580893,-0.007664782328193787,-0.014527912923454567,-0.007912449778772368,-0.00725787511319953,0.0014706500795117524,-1150.320000000007,-622.3300000000017,-338.2100000000064,0.0,78444.68714285715,-0.005290570438522463,78531.65642857143,-0.006392153831977355,78616.16476190476,-0.007460231158324727,78453.22839999999,-0.00539886514090208,78346.48478914192,-0.004043765205223664,78461.68515723587,-0.005506065238977688,78439.18919789398,-0.005220849451424133,78426.33428571429,78578.14725720645,-0.0069800227716128255,-79.93905722936773,36.11577585702762,-58.5449482757831,42.46930540559001,-101.0142536813731,18.535897997141493,10.647214500650046,-172.5056038742151,-0.7169581572948645,-81.4641020027901,393.7328571428578,0.005045937745768408,0.05339043160598286,0.052275165639332724,0.052203090184114335,-0.5543754512373541,544.9203295,0.7779881333996405,36207.41543,35334.75040090448,33.88583200742073,0.0008881237098657845,78098.97,1,0.0018895947139052063
2026-09-01 11:00:00+00:00,78029.67,78202.52,77890.0,78098.97,337.44732,0.0008881237098656847,0.0027694005696730084,-0.008208988488087932,-0.003974589156417796,-0.006126844320760827,0.0008877295613548335,-646.4199999999983,-311.6499999999942,503.90000000000873,0.0,78354.95285714287,-0.003266964599028884,78469.84571428571,-0.004726346928679926,78592.29952380953,-0.006277072013398338,78455.2076,-0.0045406495106895695,78296.98183131355,-0.002528984217299067,78428.7110520326,-0.004204341083889889,78425.8472685648,-0.0041679787971613935,78368.64276190476,78567.0350176361,-0.00595752426613809,-106.18356901069855,35.4655361802095,-78.62314447206154,18.250815430059706,-96.87395990212124,23.276239465891873,16.930902714223453,-131.96602982618157,-0.6137847826117213,-76.72376053403973,391.8485714285728,0.005017333409500379,0.053573726071663656,0.050691317639904004,0.04995608148980861,-0.20402395094323733,505.80987000000005,0.6671426162548644,36544.86275,35449.99919605644,38.83964610055476,-0.0012160211587937864,78004.0,1,0.0023860280513225284
2026-09-01 12:00:00+00:00,78098.96,78156.0,77742.01,78004.0,474.45626,-0.001216021158793823,0.0011422704228967184,-0.007991238213982288,-0.005685023031870462,-0.008082063520947647,-0.0012167611124501688,-628.3699999999953,-445.99000000000524,18.05000000000291,-1.2804266169913868e-07,78186.95428571428,-0.002339959234704532,78427.76357142857,-0.005403234162639623,78564.85095238096,-0.007138700647709412,78452.3818,-0.005715336994395715,78238.38546505084,-0.002995786066617402,78390.10095639326,-0.004925378991513674,78409.30423842501,-0.005169083469897536,78306.53,78531.96801025765,-0.006722969303261118,-131.07023567434823,39.09260226070127,-101.03388913327944,-5.606125482608125,-95.42776365067132,17.718788042731436,19.843641835254942,-129.66562841802724,-0.8238824187560287,-82.28121195720092,390.23857142857327,0.0050028020541070745,0.05351550461790467,0.05101433243281025,0.05036569747170623,0.40601578936824856,500.719457,0.9475490783635605,36070.40649,35509.08560500344,38.18751195631007,0.0008716219681042669,78071.99,1,0.002725798108645457
2026-09-01 13:00:00+00:00,78004.01,78202.0,77510.0,78071.99,1285.21254,0.000871621968104197,0.0005423577980017136,0.0024229847535954807,-0.007715145373588084,-0.010461313280951345,0.000871242326263319,188.7100000000064,-607.0199999999895,817.0800000000017,1.281985538531509e-07,78090.75428571428,-0.00024028818630210974,78391.38500000001,-0.004074363528594372,78537.82333333333,-0.005931324724346055,78450.5016,-0.0048248461422201174,78205.10637204068,-0.0017021442488346992,78361.18177853934,-0.0036904979222573127,78396.07622907501,-0.004133959818703391,78259.09352380953,78444.02222426156,-0.0047426459494638515,-128.8652525096323,40.762907987982615,-112.01707780937431,-26.888315947961367,-85.12876186141295,32.853192720706446,24.616073409776593,-118.994710033247,-0.43186751998643264,-67.1468072792351,426.1957142857157,0.0054590092334742615,0.05198141904112955,0.05252501171165264,0.052933735646086555,1.708811429740647,534.745158,2.4034112712762457,37355.61903,35684.94593119359,34.043015072697685,0.001229634341330354,78167.99,1,0.002301085975353904
2026-09-01 14:00:00+00:00,78072.0,78424.0,78052.0,78167.99,800.55583,0.0012296343413302768,0.0008837504515104566,0.0032469999358275548,-0.0071020008228422915,-0.010732130201478118,0.0012288789601885722,252.99000000000524,-559.1199999999953,64.27999999999884,1.2808691048814283e-07,78024.41428571429,0.0018401383156810716,78356.81285714287,-0.00240978225450689,78503.09142857142,-0.004268639902879718,78438.1602,-0.0034443719652668464,78197.68309763254,-0.0003797183811119462,78343.61888958121,-0.0022417765744104203,78387.13167107207,-0.0027956332423493308,78229.30752380953,78403.37406738114,-0.0030022185930268716,-109.10377103054587,41.30138635762867,-111.68747260904638,-43.84814728017837,-67.83932532886801,38.465225855082124,29.67906887284001,-55.30477558997048,-0.35946467297191037,-61.53477414485942,428.6235714285732,0.005483364372405734,0.05184878539422098,0.0522037211155085,0.052525958186062364,-0.37710238183639255,551.0971539999999,1.4526582548792248,38156.17486,35920.30106727039,36.15131251184054,-0.0031845516304053302,77919.06,0,0.002626895674125492
2026-09-01 15:00:00+00:00,78168.0,78169.69,77727.61,77919.06,560.10608,-0.003184551630405319,-0.0010889185169991045,-0.0014175377135389189,-0.01592485677252553,-0.012408416632804453,-0.003189633105964018,-110.61000000000058,-1260.9300000000076,-363.6000000000058,1.2792960385397118e-07,78029.52571428572,-0.0014156912178372003,78321.70142857144,-0.005140866723109192,78450.85619047619,-0.006778717483783727,78419.34139999999,-0.006379566457312612,78141.95847810604,-0.002852481335856099,78305.022626892,-0.0049289638639277,78368.77591926533,-0.005738457874200065,78170.94047619047,78357.41250548222,-0.005594269788471503,-63.352053864374234,41.189607335454404,-130.01410702349676,-61.08133922884205,-68.93276779465472,23.913107020288578,31.74384186535906,-96.80359056149169,-0.9658865814401929,-76.08689297965296,430.0464285714302,0.005519142923072027,0.05260586386894607,0.05249920226427382,0.052566188118505684,-0.300353505638701,557.9292905,1.00390155085252,37596.06878,36079.89799229226,35.671999505272524,-0.004145968906709128,77596.01,0,0.003058786345783702
2026-09-01 16:00:00+00:00,77919.07,77976.0,77318.0,77596.01,692.23833,-0.004145968906709152,-0.006096680768608698,-0.006440033716193727,-0.01459615604164266,-0.01608716800110377,-0.004154587265008872,-502.9600000000064,-1149.3800000000047,-392.3500000000058,1.2833830399536515e-07,77983.95571428571,-0.004974686276585502,78260.70285714287,-0.008493315711158316,78388.8538095238,-0.010114241642699879,78395.58739999999,-0.010199265373448615,78032.76878248484,-0.005597120149642492,78240.56693353817,-0.008238142421509893,78338.4713734118,-0.009477608643558316,78074.18161904761,78294.95308309724,-0.008927051560468005,-52.389494943144484,36.10664618932312,-168.6613094049244,-82.59733326405852,-86.06397614086588,14.612032944210771,25.663455273193833,-137.25779281246932,-1.4367350713115106,-85.38796705573667,457.9307142857152,0.0059014724376383445,0.054061729267189065,0.05452542244101364,0.054595616018985216,0.23590575913762613,574.2070365000001,1.2055552892877068,36903.83045,36158.367750169185,35.02363130295582,-0.00425563118516018,77265.79,0,0.002828097630053618
2026-09-01 17:00:00+00:00,77596.01,77721.26,77241.12,77265.79,484.76204,-0.004255631185160147,-0.011541808865751957,-0.009463745448951455,-0.01737935661865464,-0.02151009468580256,-0.004264712156218747,-738.2100000000064,-1366.5800000000017,-235.25,0.0,77874.83,-0.007820755435356973,78159.75857142858,-0.011437708966457428,78312.71428571429,-0.013368509765792418,78364.43059999999,-0.014019633545324131,77879.37302598788,-0.007878633354985136,78151.95084867105,-0.011338947256568945,78296.40543719957,-0.013162998115235426,77941.52657142856,78235.86688023557,-0.01239938814406655,-54.33225588567063,27.741342052584756,-223.36072654815507,-110.75001192087784,-112.61071462727723,1.2462806076305375,13.25714019070997,-155.3230388870665,-2.4175299845326923,-98.75371939231896,458.38214285714326,0.00593253680389649,0.05480577247769053,0.05535065381968535,0.055005521471240264,-0.29971800319118413,578.2095820000001,0.8383846534026508,36419.06841,36183.19638443879,29.088990720673905,-0.001448118242238893,77153.9,1,0.0022046685980986946
2026-09-01 18:00:00+00:00,77265.79,77319.64,76420.0,77153.9,1485.89835,-0.0014481182422388938,-0.009819933659363955,-0.011759531171166682,-0.009365039582308388,-0.018312664653344468,-0.0014491677788183925,-918.0900000000111,-729.3800000000047,-179.88000000000466,0.0,77739.81999999999,-0.0075369353826647755,78047.38642857142,-0.011447999343182762,78226.50380952381,-0.013711514094193975,78320.74999999999,-0.01489835069250456,77734.2784207903,-0.007466183935594062,78061.21895333732,-0.011623171729866006,78251.60130240743,-0.01402784459534958,77807.41209523809,78073.71330784091,-0.011781344435535222,-100.139259247122,25.70954782237773,-272.5966718706477,-143.11934391083182,-129.47732795981588,26.205005338113196,14.02110629665151,-198.3479527574218,-2.0210579946330633,-73.79499466185109,503.9900000000011,0.006532268621547253,0.05314779224797201,0.05955413793900187,0.06158750383724968,2.0652118511589728,635.193843,2.3392833012672334,34933.17006,36064.14625830176,21.524934733917362,0.002049151112257525,77312.0,2,0.0021891257869881293
2026-09-01 19:00:00+00:00,77153.89,77466.55,77112.0,77312.0,445.04268,0.0020491511122575634,-0.0036601108742575494,-0.010950646166033029,-0.007739202977603776,-0.016152572705283808,0.002047054465858761,-855.9900000000052,-603.0,62.10000000000582,-1.2961107597621353e-07,77640.96285714286,-0.004236975496403103,77913.95857142856,-0.007725940030074373,78165.49666666666,-0.010919097339153961,78286.56959999999,-0.012448745742462262,77649.82273663225,-0.004350592502677757,77993.10813939755,-0.008732927250189721,78214.7541925091,-0.011541993602474999,77709.36057142858,78033.2915214545,-0.009243381989803479,-124.19151513646234,18.2697762904469,-295.45336211625545,-173.58614755191655,-121.8672145643389,32.31895767737112,19.923414541038294,-128.45789805515454,-1.6791685154599545,-67.68104232259266,494.0650000000013,0.006390534457781391,0.05413375076868769,0.06013397517858332,0.06220081255631347,-0.7004891485342857,638.6188445,0.6968830998836946,35378.212739999995,35998.81925655873,20.611561033130528,0.001764926531456916,77448.45,2,0.0025438872696829404
2026-09-01 20:00:00+00:00,77312.0,77471.9,77236.48,77448.45,266.37627,0.0017649265314569895,0.002364047529961333,-0.006039728918701082,-0.007448705088718199,-0.015302217362559212,0.0017633708787657832,-470.6100000000006,-581.2200000000012,385.38000000000466,0.0,77551.8857142857,-0.0013337614338196453,77821.31999999999,-0.004791360516629512,78111.5519047619,-0.008489165668739859,78254.8048,-0.010304220962033383,77609.5481893058,-0.002075752185966231,77943.59376308868,-0.006352590882499898,78184.70304770482,-0.009416842668771018,77647.29276190476,77991.46819077594,-0.006962533253607291,-123.35878786383617,25.486882890921464,-299.10913524750504,-198.69074509103427,-100.41839015647076,43.10352053644451,33.875827850642956,-105.00165835740468,-0.5583098195145302,-56.89647946351357,479.837142857144,0.006195568056651073,0.05458105647923368,0.059786487999426936,0.06164393454413419,-0.4014590465795326,625.8022014999999,0.4256556933821754,35644.589009999996,35965.08304260076,23.831700565340483,-0.0030617785120294868,77211.32,0,0.002408725263751442
2026-09-01 21:00:00+00:00,77448.46,77516.3,76920.36,77211.32,414.9871,-0.0030617785120294894,0.0007442267986454976,-0.004957600268364115,-0.01136570687167826,-0.015295122012808804,-0.0030664753454170152,-384.6899999999878,-887.6499999999942,85.9200000000128,1.2911814257500436e-07,77415.21857142857,-0.0026338305980552514,77719.81642857143,-0.006542686948299104,78042.9480952381,-0.010656031269131713,78221.9034,-0.012919442714557822,77529.90255144465,-0.004109157124675212,77877.0234209897,-0.00854813643031796,78146.53116348111,-0.011967404689078831,77565.95942857143,77946.75614155717,-0.009435109014947912,-123.93636362134126,24.344739683070287,-317.481047128138,-222.44880549845502,-95.032241629683,35.35819768453471,36.92689196611679,-117.26380290212782,-0.903138035038162,-64.6418023154206,500.54714285714414,0.006482820690763188,0.05457704070140887,0.06094227478508245,0.06319513518070403,0.557898156618831,624.5043415,0.6645063491513541,35229.60191,35895.03722044831,23.827342005092234,0.0008120570921465542,77274.02,1,0.002979305120271184
2026-09-01 22:00:00+00:00,77211.32,77364.01,77030.0,77274.02,335.29844,0.0008120570921466008,-0.0004912562086092365,0.00010651544493378573,-0.009358238039074873,-0.014990059272155465,0.0008117275521775931,8.230000000010477,-729.9799999999959,392.91999999999825,0.0,77323.06999999999,-0.0006343514296572514,77676.29785714285,-0.005178901006362167,77988.82428571429,-0.009165470723030408,78195.4372,-0.011783516187054255,77478.72604115572,-0.002642093534772084,77822.20492817245,-0.007044068318012754,78112.31503942302,-0.010731919019426302,77506.51990476191,77909.13577441176,-0.008152006412325512,-115.79387203983633,35.376262529045434,-323.2552681499801,-242.61009802876006,-80.64517012122005,42.61576846305279,40.35916222801068,-104.59325566638228,-0.9684136816162165,-57.38423153689731,464.54714285714414,0.006011685982651583,0.05468345157959496,0.061204412743306014,0.06352977758937912,-0.19202683649684527,615.0245170000001,0.5451789818639943,35564.900349999996,35863.595613738944,29.176333883348576,0.002134999576830556,77439.0,2,0.003227724288011523
2026-09-01 23:00:00+00:00,77274.02,77638.18,77218.0,77439.0,341.60079,0.0021349995768304986,-0.00012201664461974904,0.003695211778017793,-0.00810777335123658,-0.01576036607476372,0.0021327237039833347,285.1000000000058,-632.9900000000052,276.86999999999534,0.0,77300.64,0.0017898946244170654,77642.29785714285,-0.0026183905262168704,77940.6819047619,-0.006436714338410849,78171.1572,-0.009366078566891064,77470.78083292457,-0.00041022992905045616,77787.3681165204,-0.004478466426561267,78085.9105280731,-0.008284599919476115,77474.88019047618,77862.41126324836,-0.005437941830709873,-82.78491581488078,39.26176919095569,-310.934612048557,-256.27500083271946,-54.65961121583757,50.848303393188196,42.94075651359191,-67.30289256173967,-0.8450431548584989,-49.1516966067619,474.8414285714285,0.006131812504957738,0.05405281416340133,0.0609493368248619,0.06334081707048984,0.018796240149521637,604.9942364999999,0.5646347839206819,35906.50113999999,35867.681854335235,35.406443060622536,-0.0029151977685662263,77213.25,0,0.0031396509725426756
2026-09-02 00:00:00+00:00,77439.01,77512.0,77132.0,77213.25,352.51719,-0.002915197768566191,2.499633473429519e-05,-0.001277292011589437,-0.012213951004752754,-0.019229208337509185,-0.0029194552338298258,-98.75,-954.7400000000052,-383.8500000000058,1.2913389887215978e-07,77293.13428571429,-0.001033523694601316,77583.98214285714,-0.0047784624173389635,77870.88380952382,-0.008445182298590762,78146.98199999999,-0.01194840768130978,77419.27466633965,-0.0026611546960052636,77735.1755604731,-0.006714149118593918,78051.68854658004,-0.010742093632986123,77417.67380952383,77812.08611051778,-0.0076959266927663535,-47.82154881575129,32.461137892615014,-315.7468089828035,-268.1693624627363,-47.57744652006721,39.58333333331358,44.34913506318486,-78.42079277265998,-1.0137300651248524,-60.41666666663652,470.74785714285724,0.0060967237765908195,0.05429051822943389,0.06143824273654742,0.06368154073840189,0.031956600568751714,600.4137720000001,0.5871237577132272,35553.983949999994,35837.80586344616,30.577321207592803,-0.0024940020009519997,77020.68,0,0.0025660868628788157
2026-09-02 01:00:00+00:00,77213.24,77372.0,76718.48,77020.68,661.59711,-0.002494002000951956,-0.00327846280030486,-0.005523286779787084,-0.011529656543597944,-0.027270905187030348,-0.002497117204569621,-427.7700000000041,-898.3800000000047,-329.0200000000041,-1.2951145036326254e-07,77274.10285714285,-0.0032795315347931655,77506.96142857142,-0.006274035513823694,77789.62523809524,-0.009884933058125388,78133.75559999999,-0.01424577113249606,77339.55573307173,-0.00412306135003273,77670.22141861191,-0.008362811470706838,78011.25683887102,-0.012697870525493645,77342.56685714284,77714.27222522604,-0.008924901506069833,-30.109898986248766,28.00063654486941,-331.2805039143859,-280.7915907530662,-50.488913161319715,29.97405189619228,40.13522954089803,-104.6573702472346,-1.3465904993583468,-70.02594810375781,495.1050000000001,0.0064282086317595955,0.04832094329215294,0.06264324487984654,0.06627528296456778,0.8767797110830255,606.145467,1.0914824015320213,34892.38683999999,35747.76595645129,25.49640386053595,0.0040056774362418526,77329.2,2,0.0019421648994874534
2026-09-02 02:00:00+00:00,77020.67,77343.74,76948.97,77329.2,437.17945,0.004005677436241806,-0.0014178902103592073,0.0015267191391106216,-0.0034384499924673406,-0.01798441788147853,0.0039976760705229455,117.8799999999901,-266.8099999999977,545.6499999999942,-1.2983525976090032e-07,77276.55999999998,0.0006811897424007137,77458.76142857142,-0.0016726504036718797,77701.49238095238,-0.004791315707645746,78121.59879999999,-0.010143146225522273,77337.48458645739,-0.0001071225228191701,77639.21947146537,-0.003993078157867289,77984.50951185646,-0.008403072814823921,77318.86533333332,77650.76691264409,-0.004141194291176097,-5.530303029632494,37.33616586825608,-315.06421927201154,-287.6461164568553,-27.41810281515626,45.36926147702312,38.308882235509664,-72.83173412438116,-1.0730607247288786,-54.63073852292698,493.73214285714283,0.006384808621544467,0.04934778347373445,0.06249403414067038,0.06660466056706134,-0.3392059254914219,604.7691715,0.7228864674350834,35329.566289999995,35707.93741678926,30.70870546970403,0.0030299033224189947,77563.5,2,0.0018171222144937151
2026-09-02 03:00:00+00:00,77329.2,77792.0,77314.51,77563.5,618.37453,0.0030299033224190364,0.0045361385513496,0.0037461490938350828,0.003853063561506387,-0.013593256822858057,0.003025322416150275,289.4799999999959,297.7100000000064,171.60000000000582,0.0,77292.99571428572,0.0034997257282432365,77422.44071428571,0.0018219431525653448,77645.2119047619,-0.0010523753204786212,78120.05,-0.007124291395102739,77382.68766916591,0.0023365992611566,77632.33588315034,-0.0008866908662126499,77967.99933492091,-0.005188017370861731,77332.83047619047,77613.22917410484,-0.0006407306413354401,12.381952860451928,41.017950321108174,-280.0780792328587,-286.132509012056,6.054429779197278,57.0608782434845,44.13473053889998,-6.327234394923653,-0.4563196732609366,-42.939121756465596,478.41000000000037,0.006167978495039473,0.05121819220518501,0.06331659504016052,0.06741762836480007,0.4144638546024981,615.4022480000001,1.0048298198595387,35947.940819999996,35730.794883761715,41.177518397742816,-2.1659672397364933e-05,77561.82,1,0.0036042828748619714
2026-09-02 04:00:00+00:00,77563.5,77612.84,77294.56,77561.82,299.9271,-2.1659672397311702e-05,0.007025905250382269,0.0015860225467787537,0.005287095013991605,-0.004127458422398145,-2.1659906971403085e-05,122.82000000000698,407.9200000000128,-166.65999999998894,0.0,77343.06714285714,0.0028283447401797257,77379.14285714286,0.002360805975770597,77594.23333333332,-0.0004177286370505445,78121.8066,-0.007168121480692717,77418.51413533273,0.001851054186040854,77625.92534831849,-0.0008258239503211068,77952.07073355146,-0.005006290787134658,77351.41438095238,77569.23555475158,-9.559917277172323e-05,17.894680132511084,38.923424954209636,-249.60952986621123,-278.8279131828871,29.21838331667584,65.25841720529654,55.89618564193473,-14.267366324411139,-0.04406154388606751,-34.74158279464631,474.57285714285746,0.00611864003633297,0.03912727575607284,0.05970227853056505,0.06614166515345002,-0.5149750103711419,583.4430705,0.5140640366890533,35648.013719999995,35722.910963403454,33.063096211564314,0.0011506950197919543,77651.07,1,0.0034859157919973588
2026-09-02 05:00:00+00:00,77561.82,77761.93,77438.0,77651.07,341.8285,0.0011506950197919252,0.0041623345385704,0.005670270322774895,0.004385735720198847,-0.0033874093563497354,0.0011500334777177843,437.820000000007,339.070000000007,315.0,0.0,77396.93142857144,0.0032835742546603324,77360.00071428572,0.0037625295117213148,77583.17571428572,0.0008751160942974953,78119.6938,-0.0059987920741182,77465.0253082662,0.002401660504123752,77628.21122574407,0.00029446478148849905,77940.26678321611,-0.0037104926009616304,77387.67133333335,77540.4405115008,0.0014267327831700854,35.03373736949121,44.79952184840166,-215.7739481132303,-266.2171201689557,50.44317205572543,79.11760925444831,67.14563490107646,16.333471142441642,0.4986424134147964,-20.882390745487417,466.1335714285711,0.006002925283947343,0.039369527466636314,0.059887522276461415,0.0663309916407229,0.13970528171679053,552.9673730000001,0.618171191809868,35989.84222,35748.33298784122,38.866500862283694,-0.0005090721866422882,77611.54,1,0.0031055670946002643
2026-09-02 06:00:00+00:00,77651.08,77724.0,77462.0,77611.54,397.05137,-0.000509072186642312,0.0006193634892699418,0.007671446162251572,0.0021057877852945772,-0.005358602695615722,-0.00050920180788083,590.8600000000006,163.0899999999965,153.0399999999936,1.2878122599934786e-07,77421.58,0.0024535794800363076,77361.11,0.0032371562403899034,77568.72523809524,0.0005519590759463024,78119.47899999999,-0.006502078694098715,77494.32824661296,0.001512520413287855,77626.69565976734,-0.00019523772896084648,77927.37553681548,-0.004052947178572346,77421.20990476191,77525.09546056799,0.0011150523442563713,55.31784511113951,50.338628999243454,-189.95901713168132,-250.96549956150085,61.00648242981953,86.84693877544643,77.07432174506376,18.064807613003556,0.5931521284082768,-13.153061224480675,437.8478571428568,0.0056415303335412646,0.038901246095196226,0.05912188206531704,0.06544270742229337,0.1615513919992042,551.622864,0.7197877316399275,35592.79085,35733.51945090396,40.54217266291779,-0.0017740918425273842,77473.85,0,0.0036426144114621237
2026-09-02 07:00:00+00:00,77611.53,77765.99,77473.84,77473.85,515.9071,-0.0017740918425274144,-0.0011341920548022522,0.0018705741168925094,0.003400149097308569,-0.008004202872329724,-0.001775667407200322,144.65000000000873,262.52999999999884,-446.20999999999185,-1.2884681833089746e-07,77458.80857142857,0.00019418615970016293,77375.97142857143,0.0012649737330785026,77542.25761904761,-0.0008821979285627574,78108.636,-0.008126963067182285,77490.23259729038,-0.0002114149969778901,77612.80059978849,-0.0017903051908277777,77909.59022164624,-0.0055928958220237855,77436.2419047619,77511.00249128463,-0.00047931893654450683,47.495420869664194,54.95253601418269,-178.55268639534188,-236.48293692826905,57.930250532927175,76.81122448974035,80.92525750654504,19.120900439936396,0.209346543874177,-23.18877551018676,424.42000000000036,0.0054782355594822614,0.039001566562253606,0.059050054079530304,0.06526463355723083,0.29934597631535675,560.545853,0.9203655637410981,35076.88375,35670.982717484534,40.3528956428695,-0.007999344294881501,76854.11,0,0.00365405017864232
2026-09-02 08:00:00+00:00,77473.86,77546.0,76746.81,76854.11,705.11459,-0.007999344294881472,-0.010263348592620902,-0.00914592559644678,-0.005434038503497107,-0.01474142351674268,-0.008031510704419683,-709.3899999999994,-419.9100000000035,-854.0400000000081,1.2907581067368126e-07,77435.01285714286,-0.007501811334551517,77354.55785714286,-0.006469532901565737,77482.97857142857,-0.00811621575503618,78083.84079999999,-0.015748851329556713,77363.0080778323,-0.006578054427773935,77543.82872708044,-0.008894566316913944,77868.19884040522,-0.013023144948859504,77366.66038095238,77463.60568726473,-0.007868155398360523,3.2216835012935707,44.25335168413495,-217.01926275409642,-232.59020209343456,15.570939339338139,12.634138162295795,58.76410047582754,-108.82905660425254,-0.7674007678655788,-87.36586183761106,417.2450000000005,0.005429052525622834,0.04741230946628269,0.06201960390711851,0.0667165958429454,0.3667472108835099,572.0787695,1.2325480818227907,34371.76916,35547.248092962196,45.46090002983473,-0.0013252381687850632,76752.26,1,0.003856200033307848
2026-09-02 09:00:00+00:00,76854.11,77049.4,76484.64,76752.26,1036.05232,-0.0013252381687850479,-0.011071549411337478,-0.010437609638350609,-0.008868141375792615,-0.016904013846707477,-0.0013261170734782295,-809.5600000000122,-686.7400000000052,-100.1700000000128,0.0,77352.59285714287,-0.007760992036189107,77314.57642857144,-0.007273097190035624,77423.37190476191,-0.008668079008331445,78054.9658,-0.016689595423536704,77240.85846226585,-0.006325647746452022,77471.8679337095,-0.009288635383430263,77824.43653293836,-0.013776862136156455,77286.35399999999,77345.3436602697,-0.007667994376943379,-29.348686865129245,39.03390879789245,-252.80852613771276,-236.6338669022902,-16.174659235422553,20.470260677991565,36.63854111000925,-167.5186439728141,-0.5945501255515464,-79.52973932193194,432.25999999999993,0.005631886279309486,0.04706309455106745,0.06110133246013114,0.06549431888772868,0.4693389339738381,559.6207585,1.8513471922935267,33335.71684,35336.62606887056,34.88755819703235,-0.0009300051881207161,76680.88,1,0.003818465971400014
2026-09-02 10:00:00+00:00,76752.26,76753.83,76264.0,76680.88,924.89427,-0.0009300051881206972,-0.010235324564353054,-0.01249422577177628,-0.00689480108660101,-0.019024539328694523,-0.0009304379112563066,-970.1900000000023,-532.3699999999953,-160.6299999999901,0.0,77226.50428571428,-0.007065246456004663,77259.75,-0.007492517125670065,77357.12857142856,-0.008741903738116744,78018.96740000001,-0.01715079607680102,77128.8627698127,-0.005808237717048504,77399.9599397359,-0.009290443306375924,77779.5911787055,-0.0141259572344767,77201.86114285715,77220.17255773254,-0.006983830000241654,-73.71831648938044,34.568789780551526,-283.66166951645573,-246.03942742512334,-37.622242091332396,27.282722513071455,20.129040451119614,-197.96092435361885,-0.7675801000129043,-72.7172774868631,450.43214285714305,0.00587411285391009,0.04641860224691553,0.06178113363569226,0.06639612866652496,-0.10728999670595785,565.8376805,1.6345575805080472,32410.82257,35057.97811659717,28.19361458811818,0.0019285120358554844,76828.76,2,0.0037615611118078677
2026-09-02 11:00:00+00:00,76680.88,76848.73,76356.0,76828.76,641.75915,0.001928512035855423,-0.0003298457297860047,-0.010085871250589795,-0.0024917983066365945,-0.013992725271583129,0.0019266548438805825,-782.7799999999988,-191.91999999999825,187.4100000000035,0.0,77121.78142857143,-0.003799463953550118,77232.42428571428,-0.005226616792721185,77293.35571428572,-0.006010810502303596,77985.322,-0.014830508746248307,77068.84221585016,-0.0031151657264781086,77348.03267248717,-0.0067134567557252806,77742.30368150136,-0.011750921161842693,77144.39580952382,77154.32533438649,-0.0042196640690654085,-116.2199999859131,42.02275400130577,-292.8050534227077,-255.39255262464022,-37.4125007980675,36.96073298426866,28.237905391777236,-150.06883220171636,-0.7880267048902974,-63.03926701566589,443.0599999999998,0.005766850851165553,0.04670990221218011,0.062118930432042786,0.06706654828296181,-0.3061270127665512,569.920334,1.1260506279793026,33052.58172,34866.98798358792,35.755434092733196,-0.0027968692973827786,76613.88,0,0.003992294884489
2026-09-02 12:00:00+00:00,76828.75,77049.4,76611.67,76613.88,581.91449,-0.0027968692973827647,-0.0018029436527340348,-0.011100132496319692,-0.009250321999968891,-0.012656965222825112,-0.002800787844464243,-859.9700000000012,-715.3199999999924,-77.19000000000233,-1.3015959120986959e-07,76973.61142857143,-0.004673438362772365,77185.27142857143,-0.007402855726175624,77231.20428571428,-0.007993197716178258,77943.39940000001,-0.01705749826456745,76977.84977268013,-0.0047282403152977435,77281.29152044287,-0.008636133109477228,77698.05177242288,-0.013953654534329877,77061.92323809525,77104.73979063616,-0.006366142885236206,-146.30659930886557,37.05607843116904,-313.77328806807054,-267.0686997133263,-46.70458835474426,22.897905759147623,29.04712041882925,-113.6507102513409,-0.7762527804489353,-77.10209424078694,450.46857142857124,0.005879725337348341,0.04562275393840788,0.06066233080564703,0.06554260349639024,-0.09325096494533813,564.404142,1.031024485286235,32470.667230000003,34638.76695943669,37.74730991615102,0.0069454777646034286,77146.0,2,0.003440567449175876
2026-09-02 13:00:00+00:00,76613.87,77443.61,76613.87,77146.0,812.83227,0.006945477764603414,0.0060656580884308475,0.003797975150580779,-0.005382686444010409,-0.0015503627155044608,0.00692146903786029,291.8899999999994,-417.5,1151.8600000000006,-1.3052465179042093e-07,76907.10571428572,0.003106270655949343,77164.34285714287,-0.0002377115707033916,77209.77523809524,-0.0008259995304814305,77920.0108,-0.009933402113953424,77011.4798181441,0.0017467549276232036,77268.99229131169,-0.0015917418833158216,77676.40268330826,-0.006828363119115339,77056.68704761904,77089.44324329765,0.0007336511242383379,-117.1540067198068,44.97795786262237,-284.17730908005615,-270.49042158667226,-13.686887493383892,57.72251308896747,39.19371727746126,-30.585781316928415,0.16270954761760784,-42.27748691096709,479.72285714285783,0.0062183762883733645,0.05085123852207865,0.06350371073835993,0.06811946395020797,0.3968242481812061,580.8076535,1.3994861553569395,33283.499500000005,34509.69386806177,41.2583089755694,-0.0010315505664584262,77066.42,1,0.0020809985833133513
2026-09-02 14:00:00+00:00,77146.0,77490.0,77010.24,77066.42,555.40079,-0.001031550566458428,0.0030933728463142796,0.0040931693737749075,-0.006387163168682819,-0.00113383769323383,-0.0010320829809171244,314.1600000000035,-495.40000000000873,22.270000000004075,0.0,76848.90142857142,0.002830470798997041,77153.855,-0.0011332551043625304,77200.28142857143,-0.001733950007621154,77902.73139999999,-0.010735328337922446,77022.46785451529,0.0005706405768214488,77250.57662846516,-0.002383886781206283,77652.48179376675,-0.007547238416967015,77043.63066666666,77111.9841255819,-0.0005908825469683371,-87.32599325540862,47.35056676879828,-264.0993505101942,-269.2122073713767,5.112856861182479,52.514397905724685,44.37827225127993,-2.803509557116491,-0.3398198869249849,-47.48560209420988,486.84857142857174,0.006317259468242659,0.050723136022523756,0.05987929533648049,0.06344572306528004,-0.31670922710782623,534.2827755000001,1.0395259129946637,32728.098710000006,34340.01813872255,46.79932289573146,0.0028878985166301704,77288.98,2,0.0019835354042819224
2026-09-02 15:00:00+00:00,77066.42,77386.0,76748.01,77288.98,824.93813,0.002887898516630072,0.008811719234164794,0.007930268927534456,-0.004663039414653403,-0.0002977545529802006,0.0028837365486775414,608.0999999999913,-362.09000000001106,293.9399999999878,0.0,76911.0257142857,0.004914175597115821,77173.01928571428,0.0015026069390442697,77206.7138095238,0.001065531563474506,77891.16320000001,-0.00773108495573226,77075.77028361223,0.002766235298112773,77254.06784405923,0.00045191349679134333,77638.22682146217,-0.004498387402191765,77061.64733333333,77106.71193868281,0.0023638417037173762,-30.726329962605664,54.78942933823875,-227.60500290691562,-260.89076647848447,33.28576357156885,67.07984293189301,59.10558464219506,-13.614106639524943,-0.35392936110412826,-32.92015706804155,485.73928571428615,0.006284715954516153,0.051268371994418714,0.06165502943155675,0.06560839965225107,0.4853024065738185,553.277548,1.491002360353341,33553.03684000001,34265.06753884421,45.91441302332171,-0.001520009709016679,77171.5,0,0.0015956571087358904
2026-09-02 16:00:00+00:00,77288.97,77582.0,77171.5,77171.5,1179.92404,-0.0015200097090166675,0.00033054208902605353,0.0044610898314643155,-0.005669775396803023,-0.003575926955284414,-0.0015211660957356644,342.74000000000524,-440.0399999999936,-265.35999999998603,-1.293845512615276e-07,76970.91714285713,0.0026059564389831797,77161.755,0.00012629313576389257,77200.02333333333,-0.00036947311803485776,77862.5904,-0.008875769434971072,77094.91622688979,0.000993369950423461,77246.56167641748,-0.0009717154367582933,77619.9238088558,-0.005777174040521767,77061.44476190476,77120.36956927173,0.0006629951465979733,20.701818179308386,46.97883460004228,-205.79040005068236,-249.87069319292405,44.080293142241686,59.39136125650564,59.66186736470778,32.93276466435837,-0.5032372886556837,-40.60863874342892,486.86285714285725,0.006308842735243593,0.05108574874465941,0.06234706576123661,0.06653795545022977,0.43031822277387044,598.9549365,1.9699713085143429,32373.112800000006,34084.88137324,50.18669814893908,0.0027232851506061627,77381.66,2,0.0016118379658253315
2026-09-02 17:00:00+00:00,77171.51,77406.0,76950.56,77381.66,465.02159,0.0027232851506062694,0.004090497521488601,0.010021421705831868,-0.001189949899224052,0.0022061531910086973,0.002719583728096984,767.7799999999988,-92.19000000000233,425.0399999999936,1.295815164246021e-07,77071.02857142857,0.004030456506539791,77148.76642857143,0.0030187594981729085,77196.84285714285,0.002394102349485504,77838.6152,-0.005870546371179414,77152.26498151183,0.0029732765271782515,77258.84334219771,0.0015896776665204283,77610.58013007716,-0.0029495995223006244,77090.76542857142,77121.9301418708,0.003367782129562948,80.59414140437259,46.4838462666388,-169.5890969576285,-233.81437394586496,64.22527698823646,74.41194681717292,66.96105033519054,15.448502013102075,-0.34694950114660367,-25.588053182760508,485.28785714285704,0.006271354958563188,0.05087550375786796,0.061438864036655765,0.06543107319155332,-0.6058885366891924,601.456661,0.7731589325589443,32838.13439000001,33966.143565312384,44.32771805701532,-5.039953911571206e-05,77377.76,1,0.0015670736899201982
2026-09-02 18:00:00+00:00,77381.65,77524.0,77296.52,77377.76,374.99513,-5.0399539115675296e-05,0.0011486760467016577,0.003004173904026075,0.006813558832442279,0.0013424951879039693,-5.0400809215121966e-05,231.75999999999476,523.6499999999942,-536.0200000000041,-1.292295875962482e-07,77149.45714285714,0.0029592283030599777,77135.61928571427,0.0031391556394824013,77204.76857142856,0.0022406832087241094,77813.379,-0.005598253225836658,77197.36398520946,0.0023368157340850565,77269.65394745246,0.0013990751481953022,77601.44992889767,-0.002882548317107787,77121.2979047619,77127.75338184644,0.003241461175665361,95.58505049346437,46.44397217903752,-139.60472448349174,-214.97244405339035,75.36771956989861,74.15229129350058,69.31853312239305,52.98300572586403,-0.3012180920517694,-25.847708706432844,478.80214285714254,0.0061878522052995115,0.05081086206905004,0.06106474175272351,0.06496833385016679,-0.19359630162547936,603.4414955,0.6214274835187873,32463.139260000007,33823.00029813978,47.99659674514898,-0.00046899781022342337,77341.47,1,0.002720040747861962
2026-09-02 19:00:00+00:00,77377.76,77416.0,77124.0,77341.47,289.4138,-0.0004689978102234704,0.002202497035822759,0.0035689993125411767,0.007676777204997043,-0.0012594429163599319,-0.00046910782409532233,275.0500000000029,589.2100000000064,43.29000000000815,0.0,77253.39857142857,0.001140033062623164,77113.50499999999,0.0029562266687269386,77207.98047619047,0.001728960179844338,77782.26120000001,-0.005666988760671324,77226.18518816758,0.0014928202338561243,77276.18267950224,0.0008448569563605364,77591.25463756835,-0.003219236996941138,77148.74466666667,77123.11193756961,0.002831292163199309,93.77959594822846,43.89358747766704,-117.41668651107466,-195.46129254492723,78.04460603385257,71.73616335656563,73.43346715574638,27.692916766334452,-0.17087055825933903,-28.263836643367796,476.52142857142877,0.006161266763761053,0.05024617213983293,0.060497671088729145,0.06439245933950133,-0.22821984381503846,600.832146,0.4816882750469851,32173.72546000001,33665.92650403123,44.575116853689764,0.0008344811651497391,77406.01,1,0.0031348249068956077
2026-09-02 20:00:00+00:00,77341.48,77520.0,77207.47,77406.01,382.13526,0.0008344811651497253,0.0003146740455037822,0.0015141874042068348,0.009456464245063412,0.0024964627185100063,0.0008341331793205208,117.02999999999884,725.1299999999901,-158.02000000000407,1.2929674073638864e-07,77290.54285714285,0.0014939362383644204,77098.82428571429,0.003984311267151437,77206.40952380952,0.0025852837532733593,77750.06139999999,-0.0044250948977384635,77262.15015053407,0.001861970566255686,77287.98516318385,0.001527078711742128,77583.99014197744,-0.0022940318183138275,77187.74533333333,77126.43269963076,0.0036249219701116166,82.66276093274101,45.985820589190084,-93.54632415078231,-175.07829886609827,81.53197471531595,76.03312938163572,73.97386134390065,48.296289635638345,0.7181138393249066,-23.966870618297694,480.1307142857144,0.006202757567347913,0.04916978880554326,0.06020275360685484,0.06430509043160912,0.32037677539910003,602.3130494999999,0.6344462573350996,32555.860720000008,33560.20595317111,48.78321292867591,-0.0015762341968019638,77284.0,0,0.0037097612587021277
2026-09-02 21:00:00+00:00,77406.0,77431.78,77242.0,77284.0,291.06451,-0.0015762341968019733,-0.0012117176821866416,0.0014577920605405303,0.005925385233342295,0.0034188220618152076,-0.0015774777608608128,112.5,455.24000000000524,-4.529999999998836,-1.2918893500338258e-07,77321.62571428572,-0.0004866130780120041,77085.26357142857,0.0025781377576438217,77209.77857142857,0.0009612957056050102,77717.7802,-0.00558147953896383,77266.52012042726,0.00022622837867547138,77287.62287562167,-4.6875236769845e-05,77572.22582268421,-0.003715580152914999,77212.43542857142,77136.3043162257,0.0019147363240117749,65.33939393147358,46.269213989848886,-83.51140977563045,-156.7649210480047,73.25351127237425,77.38998482543445,75.05309252121195,29.527646315844624,0.6928004465275659,-22.61001517448967,472.81857142857086,0.006117936072519082,0.04862528553790593,0.057660742470661636,0.06113946328962203,-0.23832071921340114,583.7864195,0.49858047442897296,32264.796210000008,33436.833596678625,50.00677439938632,-0.0032344340355054237,77034.03,0,0.004426070647635334
2026-09-02 22:00:00+00:00,77284.01,77284.01,77023.11,77034.03,188.20028,-0.0032344340355053847,-0.003975098999282056,-0.004492408149424643,0.0054839932398671465,-0.003817057463416096,-0.0032396761237815184,-347.63000000000466,420.1499999999942,-460.13000000000466,1.2939288849905777e-07,77285.20428571428,-0.003249965993305999,77098.11499999999,-0.000831213577659986,77210.41428571429,-0.0022844623661981956,77681.1664,-0.00833067305745289,77220.02209634181,-0.0024085993670108054,77264.56897783789,-0.0029837606148299615,77551.12010414757,-0.0066677322449132746,77205.60428571429,77133.21592139511,-0.0012859041362438105,10.818114476803128,54.13685275418107,-94.63822717656149,-144.33958227371608,49.70135509715459,58.424127465812944,70.6157472242944,-24.178590385615376,0.4605450537343723,-41.575872534111184,434.36928571428456,0.005638667556588678,0.047845889578353805,0.057076512260128255,0.060595454827253724,-0.35340698184055486,571.3374610000001,0.32940301108607084,32076.595930000007,33307.287152233046,53.03042394155177,0.003972010811325799,77340.01,2,0.004001388492137868
2026-09-02 23:00:00+00:00,77034.03,77372.62,77007.36,77340.01,192.93523,0.003972010811325699,-0.0008526469714690288,-0.0004878662809572054,0.0025148419879188477,-0.0028813810619686686,0.003964143202985316,-37.75,194.00999999999476,309.88000000000466,0.0,77309.27714285713,0.00039753129609626986,77140.09714285715,0.002591555683066094,77210.92904761905,0.0016717963891009896,77648.6802,-0.003975215022392663,77244.01967707346,0.0012426893800688902,77271.4272525799,0.0008875563692632796,77542.84127653393,-0.002615731809601802,77237.85695238094,77111.28658289455,0.0029661470744566532,8.598787877745393,62.35428148597261,-77.86865987328929,-131.0453977936307,53.176737920341424,81.63960546276013,72.4845725846692,14.194953748502671,0.6654409104090622,-18.36039453716401,420.11928571428456,0.005432107982844573,0.04879346299457844,0.05645541335423938,0.059515683962294924,0.0251591017824202,550.0654959999999,0.35074955873918195,32269.531160000006,33208.45324821085,61.3108423484446,-0.003516937740245961,77068.01,0,0.0038064108366291085
2026-09-03 00:00:00+00:00,77340.01,77394.0,76980.01,77068.01,327.32527,-0.0035169377402459734,-0.0027947570001553013,-0.003535748674029726,2.0631553924399526e-05,-0.0063666633918597615,-0.0035231367042951114,-273.4600000000064,1.5899999999965075,-235.7100000000064,0.0,77264.46999999999,-0.0025426952388334424,77167.74928571428,-0.0012924996081588069,77187.33428571429,-0.0015459049961824276,77618.1774,-0.007088125725559727,77208.81774165877,-0.001823726172442097,77252.93477507263,-0.002393757280691724,77524.22044216006,-0.005884747238450912,77228.24533333333,77102.06453797696,-0.00044168127249286364,-18.613131310875588,57.50441002546949,-85.54072355449898,-121.94446294580437,36.40373939130539,58.07585644367161,66.04652979074824,-7.317324788841712,0.5927516006237827,-41.92414355624682,414.70214285714195,0.00538098937363423,0.050237280409916825,0.056931580592522964,0.059636827073661816,0.696555211819013,551.4354045,0.593587693732143,31942.205890000005,33087.85826171457,66.4057320216692,0.003745912214419476,77356.7,2,0.0029030956489055496
2026-09-03 01:00:00+00:00,77068.0,77546.8,76968.0,77356.7,533.28645,0.0037459122144194446,0.004188668306721155,-0.0006370306388353564,0.0008761921816020646,-0.0037909329517289425,0.003738913756887319,-49.30999999999767,67.72000000000116,224.15000000000873,-1.2975552365710728e-07,77261.46142857142,0.0012326788759571248,77205.45928571429,0.0019589380813863602,77177.56666666667,0.002321054434211613,77593.6856,-0.0030541866669624588,77238.39419332703,0.0015316968705596321,77262.36797733876,0.0012209310318952163,77517.65101305576,-0.0020763143742404044,77253.43876190476,77095.33294971753,0.0033901799276608766,-11.864175082737601,59.704208575658974,-67.54737488816318,-111.06504533427614,43.51767044611296,76.78109509128129,72.16551899923768,42.33498233106944,0.2731185025795172,-23.21890490861566,420.84999999999957,0.005440382022500884,0.05205301524327598,0.05845587759961142,0.06114547758858122,0.6292248074827831,561.008302,0.9505856653063387,32475.492340000004,33029.537697741755,65.90890130946843,0.005937559383996443,77816.01,2,0.002765434588463495
2026-09-03 02:00:00+00:00,77356.69,77900.0,77238.89,77816.01,563.52004,0.005937559383996538,0.006154641045430509,0.00688383106464463,0.008351658319457167,0.00263453089579202,0.005920001544473725,532.0099999999948,644.5099999999948,581.3199999999924,-1.2927128477250428e-07,77329.25285714286,0.0062946055324802136,77291.32571428572,0.006788398062336412,77185.42095238094,0.008169794759661725,77576.9658,0.0030813811488356285,77353.91735466162,0.00597374588309094,77312.69907030795,0.006510068019153343,77529.35136548494,0.003697420776341877,77334.84552380952,77105.29491440076,0.00921746147768756,13.10747474588532,70.27481034443753,-16.040137330332072,-92.06006373348733,76.01992640315525,93.4695559546127,76.10883582985521,153.38189842897162,0.9726544972505363,-6.530444045309543,436.8057142857142,0.005613314204695263,0.05637113519651611,0.06078967314726991,0.06289070935014911,0.05669296491594733,569.3317355,0.9897920752724493,33039.01238000001,33030.44004843302,65.85148093299856,-0.0013880177099801798,77708.0,1,0.0013325997945119441
2026-09-03 03:00:00+00:00,77816.02,77880.0,77642.09,77708.0,385.93335,-0.001388017709980205,0.008304223762881646,0.008748990543529844,0.00421727835768837,0.003022310108507398,-0.0013889818988725962,673.9700000000012,326.3399999999965,141.9600000000064,1.2850825953827622e-07,77372.39428571428,0.00433753817991487,77331.46857142857,0.004869058295765221,77190.01428571428,0.006710527509017183,77562.9134,0.0018705666618241445,77424.7338837293,0.003658599804761071,77348.63551846177,0.00464603517734259,77536.35719428945,0.0022137073744701355,77390.4020952381,77105.81677282392,0.0078098287830901,38.42020201554498,61.06090187647427,15.881147221589345,-70.471821542472,86.35296876406134,83.33318865607927,84.52794656732443,172.98511982726063,0.5421471469800723,-16.666811343833928,394.5321428571427,0.005077111016332136,0.056213926918992296,0.0606097619523339,0.06269701255058262,-0.31513819810205856,562.833048,0.6856977417561209,32653.079030000008,32994.50090382035,63.65204661399177,0.0008750707777834971,77776.0,1,0.0016371009686660361
2026-09-03 04:00:00+00:00,77708.01,77833.1,77547.16,77776.0,336.15526,0.0008750707777835931,0.005420344973350755,0.005637315019742184,0.005146698482871637,0.01199532464821984,0.0008746881265655227,435.99000000000524,398.24000000000524,-237.97999999999593,1.2868687901839168e-07,77442.68000000001,0.004304086583780262,77382.15285714285,0.005089637963216612,77204.40238095238,0.007403692035943232,77549.4336,0.002921573884970233,77494.98710698345,0.003626207365240337,77387.48683496524,0.005020361571674892,77545.75495137615,0.0029691509066901312,77449.67295238095,77128.42236909721,0.008396095900987083,63.170101002443985,64.02941990553362,46.13422033523966,-47.150613166929666,93.28483350216933,89.23601767368712,88.67958742812637,145.000061099223,0.7833202671970768,-10.763982326226078,380.68785714285747,0.004894670041437623,0.04724729814604661,0.05698591187803819,0.06041854991141462,-0.12898105333472742,544.3850815000001,0.6174953565463981,32989.23429000001,32993.999321551746,57.07836973575616,0.0004359956799012998,77809.91,1,0.0021390547048369536
2026-09-03 05:00:00+00:00,77775.99,77829.8,77101.01,77809.91,617.52986,0.0004359956799013798,-7.839003824527957e-05,0.009626562305164121,0.006056776526228491,0.013780050255197906,0.00043590066140236693,741.9000000000087,468.4400000000023,305.9100000000035,-1.2857436734675454e-07,77553.52,0.0033059750221523933,77419.36214285715,0.005044576012163405,77249.91666666667,0.007249112458589379,77532.05159999999,0.003583787533877258,77557.97168558676,0.0032483870959722494,77425.8889408775,0.004959853407892263,77556.1139728908,0.003272418048149123,77506.70723809524,77191.32510559972,0.008013658187031134,81.92350167357215,61.12979382508054,72.01609561989608,-23.317271409564515,95.33336702946059,90.51124873600213,87.69348502192285,99.36703281314689,0.5534257083655151,-9.488751263892548,387.17357142857196,0.004975890235942529,0.046705668820741085,0.05834096535336856,0.062246905634283554,0.8370376236266539,523.4589585,1.1797101758815736,33606.76415000001,33052.357876642054,58.971213687588055,0.0003248943482905819,77835.19,1,0.0023021316548141654
2026-09-03 06:00:00+00:00,77809.91,77856.16,77698.75,77835.19,408.13131,0.00032489434829052755,0.0016367684150924156,0.006185501708320107,0.005544530715379858,0.015053426616908894,0.0003248415815505197,478.49000000000524,429.18000000000757,-263.4100000000035,0.0,77624.26,0.0027173205902382173,77466.76857142858,0.004755864164279896,77301.48476190477,0.00690420423021742,77514.2132,0.004140876708273159,77613.41534846941,0.0028574267803428434,77463.09812807044,0.004803472633051301,77567.05813081664,0.0034567750233759197,77562.15095238095,77274.24096710439,0.00725919822537506,100.68080806860496,64.76145993153784,93.48986006662017,0.04415488567241965,93.44570518094775,93.17387091328264,90.97371244099064,151.79029789923737,0.5911646964192316,-6.8261290866120286,369.0957142857151,0.004742015973568129,0.046339836946596144,0.056885914702555176,0.060381701933602386,-0.339090566405971,497.62081049999995,0.8201652772300604,34014.89546000001,33144.02812267614,53.08953550749885,-0.002210311300068878,77663.15,0,0.0026605165516516752
2026-09-03 07:00:00+00:00,77835.2,78183.91,77600.0,77663.15,696.21966,-0.002210311300068879,-0.0014509617362683525,-0.001964377253472649,0.004905931370011718,0.010860386136649858,-0.0022127576435423263,-152.86000000000058,379.1499999999942,-631.3500000000058,1.284765925895624e-07,77709.28,-0.0005936227951153847,77486.875,0.002274901394590915,77348.25952380952,0.004071073843536661,77483.87640000001,0.002313689096741984,77623.36227877553,0.0005125740506005174,77481.28466188222,0.002347216349230722,77570.82643941208,0.001190184052764036,77588.33514285713,77350.16049298791,0.004046397641805196,94.19346800205108,56.36875376107406,95.52463437596452,19.140250783730842,76.38438359223369,57.171172208421716,80.2854306192355,137.8465369612125,0.41592175581869445,-42.828827791496046,378.2721428571437,0.004870677314236402,0.047265022016588935,0.057474906368805,0.061102866048156824,0.7058717205499376,500.343836,1.391482436487153,33318.675800000005,33160.661234802224,63.36136209213383,0.0023201479723653027,77843.34,2,0.00427552302538142
2026-09-03 08:00:00+00:00,77663.14,78066.0,77663.14,77843.34,363.22912,0.0023201479723653495,0.00042963679048080294,0.0017416482215473206,0.010505876428897665,0.016047483824079833,0.0023174605850133597,135.3399999999965,809.3099999999977,288.1999999999971,-1.2876119491369048e-07,77778.8,0.0008297890942003831,77520.1307142857,0.0041693594004058275,77396.57285714286,0.005772440902283392,77465.8354,0.004873175355958213,77667.35782302043,0.002265844775878344,77514.19878352928,0.004246205490556502,77581.51324570963,0.0033748601095356847,77635.86380952381,77404.17257148073,0.005673691920338091,75.00404039494943,59.75559671747099,110.40436200435215,37.39307302785511,73.01128897649704,71.99052561450058,74.11185624540165,130.58267569191585,0.5649819697462718,-28.00947438541717,390.7992857142869,0.00502033039325242,0.045938700205409994,0.05724947271098215,0.06090764414561024,-0.4782837359117379,489.40956750000004,0.742178216610483,33681.90492000001,33210.30349053535,63.29828543433845,-0.0029302442572478426,77615.24,0,0.004274711635678394
2026-09-03 09:00:00+00:00,77843.34,77975.46,77608.0,77615.24,341.00857,-0.0029302442572478604,-0.002825842655487798,-0.002066961530549194,0.0035587013759115216,0.006082492935473027,-0.002934545828108777,-160.75999999999476,275.2300000000105,-296.09999999999127,0.0,77750.11857142857,-0.0017347699772913968,77539.6857142857,0.0009743950471078584,77444.25666666667,0.002207824578512988,77445.49279999999,0.002191828005257529,77656.93425841635,-0.0005369032246058401,77523.38434866298,0.0011848766937715702,77582.83586352495,0.0004176714619205274,77648.54504761905,77445.55046575419,0.0021910817758451955,53.755757569242384,55.30967444103674,102.60808750233264,50.43607592275062,52.17201157958202,53.23091347217073,60.79753709836436,82.12312737085284,0.4286010040888165,-46.769086527747035,396.1892857142874,0.00510452954489714,0.0415861492932204,0.053400237602763155,0.05753751537687354,-0.06117502363246652,465.8183825,0.7320633594773773,33340.89635000001,33222.74090572246,62.69822563600268,0.0015543339168956948,77735.88,2,0.00848001209707672
2026-09-03 10:00:00+00:00,77615.25,77773.26,77478.0,77735.88,406.3926,0.0015543339168957448,0.0009364801710980419,-0.0009514212264222222,0.008665982163027275,0.008686792509630115,0.001553127190208785,-74.02999999999884,667.8700000000099,86.72999999999593,1.2884067606775655e-07,77754.10142857142,-0.00023434684777565417,77563.24785714285,0.002225695127866588,77472.34619047618,0.003401650040078676,77442.5448,0.003787778420215312,77672.72340673309,0.000813111611088979,77542.70213514815,0.0024912449467541435,77588.83759436711,0.0018951489697735244,77674.7042857143,77470.71247625057,0.0034228099274383333,15.964040402106077,56.26146014024095,104.95427599787945,61.33971593777639,43.61456006010306,63.15270044652736,62.79137984439958,54.929641375068165,0.9110908516664604,-36.847299553390386,394.95571428571566,0.005080738962313291,0.04149552796635072,0.05236460289569564,0.05614414760338844,0.1917372047277286,458.367973,0.8866077560770447,33747.28895000001,33272.69786232032,55.66955452871038,0.0027337440574416185,77948.39,2,0.007818028989105465
2026-09-03 11:00:00+00:00,77735.88,78004.94,77709.52,77948.39,396.769,0.002733744057441534,0.0013495053012884117,0.001454355028875698,0.007648852652711424,0.008531746699206089,0.0027300141753048104,113.19999999999709,591.6900000000023,187.22999999999593,0.0,77778.72857142857,0.002181334558787748,77610.70428571428,0.004351019841832204,77514.34476190477,0.005599547276422883,77443.2126,0.006523197876736766,77727.85672538647,0.0028372488822465364,77579.58285013468,0.004753920249581108,77602.93768870566,0.004451536521466187,77726.05657142858,77520.76400111726,0.00551627688907411,3.4412794608628183,62.19229766945581,122.54876241461898,73.58152523314492,48.96723718147406,80.63014532318924,65.67125308062911,107.12688967298145,0.7866303611804508,-19.369854676728515,402.5014285714299,0.005163691367729657,0.04137814960771375,0.04996034103605192,0.05305954259617251,-0.02368054930134067,436.95951649999995,0.9080223339158973,34144.05795000001,33355.68453733743,61.5389290684812,0.009031488655506615,78652.38,2,0.009784612538379032
2026-09-03 12:00:00+00:00,77948.39,78782.75,77896.07,78652.38,979.94222,0.009031488655506514,0.013362581884691638,0.012737443691120065,0.010748045292993114,0.019189467614339595,0.008990948669956676,989.2300000000105,836.3700000000099,876.0300000000134,0.0,77899.08142857142,0.009670185547942663,77726.30071428571,0.011914619339963961,77579.26857142856,0.013832450967018295,77455.6668,0.015450298854053409,77912.76138030918,0.009492907279727573,77677.1098637588,0.012555437991343394,77644.09228914858,0.012986019684492155,77864.94666666667,77656.03516434069,0.01283023056161408,59.63865319142464,75.45656174757966,191.09579579054844,97.08437934462563,94.0114164459228,92.81609037052357,78.86631204674673,219.5613480363774,2.0558075912430973,-7.183909629421326,447.20000000000124,0.005685778357883074,0.05069223018066874,0.05431687623829757,0.05534340457521775,1.4698054031438947,426.96042550000004,2.29515936717115,35124.00017000001,33524.095549971964,69.09877542948064,0.0023920445891147785,78840.52,2,0.010170654028311576
2026-09-03 13:00:00+00:00,78652.37,79000.0,78450.25,78840.52,1052.74377,0.0023920445891147946,0.014210169100806525,0.012810087542492576,0.014574046430225973,0.018852787598508502,0.0023891882046158577,997.1800000000076,1132.520000000004,7.94999999999709,-1.2714173441812056e-07,78042.7,0.010222865175090004,77833.48,0.012938391036864795,77658.74571428572,0.015217529910438394,77470.4978,0.017684437804141605,78098.31310424735,0.009503494585880826,77782.87442159891,0.013597409278916896,77691.01102290746,0.014795907041981846,78013.50923809524,77804.6735841716,0.013313421522265995,107.97346800038079,74.51164887691735,257.6313256914582,129.19376861399215,128.43755707746604,92.15157480310445,88.53260349893908,248.12393201869216,1.9181531787162427,-7.848425196846332,460.3778571428588,0.005839355919302066,0.050552481055531354,0.05489698299766175,0.056204370780482384,0.07429167609494369,456.3465345000001,2.306895506834824,36176.74394000001,33776.72872997464,72.73986640798837,0.021682378553566074,80549.97,2,0.01015068828916145
2026-09-03 14:00:00+00:00,78840.52,80561.0,78704.0,80549.97,2513.5082,0.02168237855356603,0.0333756733140993,0.03781125974744137,0.03566614379757249,0.04099640516861691,0.021450659283934404,2934.729999999996,2773.970000000001,1937.5499999999884,0.0,78455.10285714285,0.026701477234331392,78082.19142857143,0.031604883601224626,77809.61761904761,0.035218684589468065,77521.4172,0.039067304357794506,78588.64448339789,0.02495685641984095,78034.42856508993,0.032236302375326355,77803.12706122482,0.03530504547219036,78375.7079047619,78294.21592963507,0.028811247977656496,249.69555552528973,88.70340976261014,443.19071435238584,191.9931577616709,251.19755659071495,99.69301419423891,94.88689312262233,350.8997126301704,3.5133644092005887,-0.30698580573325257,563.4500000000013,0.0069950367455133035,0.08908571742125847,0.0737968435825355,0.06550742159797757,1.387578318321466,563.2721880000001,4.462333226357587,38690.25214000001,34244.683340453244,82.45434115120192,0.009907266259689467,81348.0,2,0.00549765037957997
2026-09-03 15:00:00+00:00,80549.97,81370.33,80354.65,81348.0,3056.18534,0.009907266259689518,0.03427258018129886,0.046466573736606565,0.04547094322561218,0.05180312709339496,0.00985851105339346,3612.1199999999953,3538.0899999999965,677.3899999999994,0.0,78955.76857142858,0.03029837429050195,78367.28428571428,0.03803520488752013,77998.67666666667,0.042940771260093054,77586.9374,0.04847546154077163,79140.51558671832,0.02789322759545075,78335.66233189992,0.03845423116915877,77942.14168627483,0.043697263637353684,78811.14904761905,78909.46103878613,0.03090299856458567,404.9350841260015,89.85242431479003,647.1819081539288,283.0309078401225,364.1510003138063,99.47696588681578,97.1071849613864,322.2667397217143,4.684202398723366,-0.5230341131607956,594.6557142857158,0.007310022548626991,0.09276963138185268,0.07809014830464037,0.06872581069974514,0.21590426480406943,701.610765,4.355955598822153,41746.43748000001,34959.13611564817,86.22948462130859,-0.004654447558637025,80969.37,0,0.004438455659768982
2026-09-03 16:00:00+00:00,81348.0,81360.0,80613.52,80969.37,1239.78575,-0.004654447558636976,0.02700197817061567,0.03875615647738195,0.040266876717330424,0.04603466836748216,-0.00466531322857891,3020.979999999996,3134.179999999993,-591.1399999999994,0.0,79434.93000000001,0.019316942810926732,78592.52428571427,0.030242643761446534,78171.43380952382,0.035792309979803136,77642.965,0.04284232319051644,79506.28646937465,0.018402111274419736,78575.0903017272,0.030471230628927804,78060.85652210719,0.037259563979663256,79158.0938095238,79121.25008842313,0.023358072698692847,491.44888882931946,82.00133146039556,769.4246735750494,380.3096609871079,389.11501258794146,90.60834043826857,96.5927735064411,223.86925829950212,4.10585527669198,-9.391659561707995,600.7535714285726,0.007419516434777314,0.09609792134791033,0.08006251772998195,0.07108529579049278,-0.59433554838006,744.4932895,1.665274580018004,40506.651730000005,35487.47093606263,77.11498640688666,0.0008970058677745011,81042.0,1,0.0034620069034249266
2026-09-03 17:00:00+00:00,80969.37,81188.17,80886.0,81042.0,875.49534,0.0008970058677744142,0.006108382163270809,0.030382043111727874,0.04350647636620475,0.04862584752342003,0.0008966037984320785,2389.6199999999953,3378.850000000006,-631.3600000000006,0.0,79907.23285714285,0.014201056678884834,78830.66714285713,0.028051682641927422,78344.57619047619,0.03443025593712617,77705.4238,0.042938781320950116,79813.42917549972,0.015393033944184838,78799.354819752,0.028460197236105114,78177.76410947554,0.03663747515871032,79484.69057142857,79263.63034044426,0.02243613687535462,527.4096295657008,84.07924702625812,862.224393793018,476.69260754828997,385.531786244728,92.30954812473826,94.13161814994089,176.5425002678795,4.153828220595493,-7.6904518752383115,605.3435714285723,0.0074695043487150465,0.09518161857116497,0.08028590588275716,0.07149107243306356,-0.29383335790075016,773.714831,1.131547832509971,41382.147070000006,36048.86866310429,78.00157138069258,0.0026198761136201846,81254.32,2,0.004716853358664761
2026-09-03 18:00:00+00:00,81042.0,81333.33,80904.0,81254.32,595.62382,0.0026198761136202453,-0.0011515956139056538,0.030616236422590815,0.043818520633878366,0.05478474902585262,0.0026164502205007164,2413.800000000003,3410.9800000000105,24.180000000007567,0.0,80379.50857142857,0.010883513026134458,79079.11857142857,0.0275066473661647,78533.63904761906,0.034643510543694835,77778.59,0.04468749047777757,80101.60734039979,0.014390630823444502,79022.53347250182,0.02824240668359203,78298.41336008435,0.037751807642918446,79807.8442857143,79360.3736583275,0.02386513891462435,544.0792591933098,84.5355113126291,942.0420162567461,569.7624892899812,372.27952696676493,97.28270544253024,93.40019800184571,149.57753311417576,4.392781722508753,-2.7172945574463236,615.5857142857151,0.007576036748393284,0.09282972000755188,0.08075370100012902,0.07234069497582711,-0.3196721983694396,794.086008,0.750074694678728,41977.77089000001,36613.52601804674,80.87549742831722,0.006166933647343261,81755.41,2,0.004610184654133704
2026-09-03 19:00:00+00:00,81254.31,81790.0,81171.98,81755.41,1102.96623,0.006166933647343331,0.009707868543376463,0.014965120409107469,0.05334223021148943,0.057090760655448713,0.006147995930585183,1205.4400000000023,4140.169999999998,-1208.3600000000006,-1.2307037963413024e-07,80822.79857142856,0.011538964810123715,79360.94000000002,0.030171895645388726,78758.46666666667,0.03805233215137874,77868.3824,0.049917918931881536,80432.36787231982,0.01644912567761762,79270.97679318346,0.03134101921436326,78433.98185576731,0.04234680001763063,80164.68314285715,79530.03765612557,0.02798153263168993,528.2825588585246,85.84836744759221,1033.8146604518988,662.5729235223648,371.241736929534,99.19782003708282,96.26335786811711,141.96689719780818,5.269242877735395,-0.8021799628939815,607.673571428572,0.007432823973710909,0.09355697197549852,0.08173645429423282,0.07312356768120658,0.851783278244312,839.587558,1.3137000655727755,43080.737120000005,37229.45088489943,85.86599209445194,-0.0034543279765828767,81473.0,0,0.0032420614554513447
2026-09-03 20:00:00+00:00,81755.41,81780.0,81392.74,81473.0,601.53572,-0.0034543279765828494,0.005318230053552586,0.0015366081526282382,0.04807458280526311,0.05715717844537571,-0.003460307942615227,125.0,3737.1199999999953,-1080.4400000000023,0.0,81198.86714285715,0.003376067509175306,79620.78357142858,0.023262976643651838,78955.27571428572,0.031887980415964905,77954.7644,0.04513175848941382,80640.49429785587,0.0103236681445572,79471.16072107588,0.02518950598884612,78553.15903789409,0.03717025512236039,80446.29114285714,79646.88676907704,0.02292761594332554,448.54653193216274,81.57727983702867,1071.4065080640285,744.3396404306976,327.06686763333084,92.64842300554437,96.37631616171916,118.63517055546572,4.662775261184781,-7.351576994432432,624.0914285714285,0.007660101243005914,0.09350118416411517,0.08156290092790673,0.07286907819030523,-0.45462000228239086,853.2980805,0.7049537948647654,42479.201400000005,37729.42712443282,81.77206653349694,0.0014360585715513115,81590.0,1,0.0031961891101926357
2026-09-03 21:00:00+00:00,81473.0,82300.0,81288.0,81590.0,1292.57121,0.0014360585715513796,0.004131226499710872,0.007664997269955398,0.046718219580930365,0.05472441301141351,0.0014350284255563069,620.6300000000047,3641.6100000000006,495.63000000000466,0.0,81347.44285714286,0.0029817426871438634,79901.27285714286,0.021135171975000065,79170.60857142857,0.03055921221558624,78040.3244,0.045485146650671236,80830.3954382847,0.009397511389082097,79663.78247370533,0.024179338043990476,78672.25084032962,0.03708739903211996,80708.85333333335,79868.14772433467,0.021558685467556928,341.3113130899418,84.41507906021744,1097.9823828819062,815.0681889209394,282.9141939609668,85.27581916215567,92.37402073492763,109.16182173176242,5.121107658753543,-14.724180837823573,654.6692857142854,0.008023891233169229,0.09355052665532614,0.08422066595236961,0.07732235644092172,1.1487854619838704,891.2623185,1.4502702326448123,43771.77261000001,38304.88859924874,82.5603436969153,-0.005515381786983699,81140.0,0,0.002826718396135267
2026-09-03 22:00:00+00:00,81590.0,81604.65,80905.05,81140.0,712.57205,-0.005515381786983742,-0.007527452923298927,0.0012092495249376167,0.03162803210786502,0.042716016922481614,-0.0055306476624076995,98.0,2487.6199999999953,-522.6300000000047,0.0,81317.72857142857,-0.002185606688121535,80136.74857142857,0.012519242999697993,79350.76571428572,0.02254841865240043,78114.1554,0.038736187884327526,80892.31635062776,0.0030618933978679604,79797.98406700484,0.016817667121368313,78769.02531717943,0.03010034303805751,80874.01695238096,79991.09527319326,0.014362907807211202,209.9055218600787,77.5873899987136,1070.3938815810398,866.1333274529595,204.26055412808023,75.94359187057735,84.62261134609248,77.50427378904797,4.379084664636139,-24.056408129401895,675.864999999999,0.008329615479418174,0.09703585475593589,0.08426093331106574,0.07752328356410404,-0.44871737472784967,898.714919,0.7928788483806255,43059.200560000005,38757.680214558386,78.23806682388692,0.0016067291101798786,81270.37,2,0.002023198767650107
2026-09-03 23:00:00+00:00,81140.0,81338.0,81078.0,81270.37,407.99233,0.0016067291101797831,-0.0024870816098585546,0.00019752795912864052,0.030819811944416298,0.04584302774489113,0.001605439701931442,16.04999999998836,2429.8499999999913,-81.95000000001164,0.0,81360.72857142857,-0.001110591965130249,80397.8292857143,0.010852789460084703,79515.25904761905,0.022072630755435793,78195.3364,0.03932502552671358,80967.92708050221,0.0037353422571517556,79931.83733364077,0.016745926416930554,78867.11726552533,0.030472176716989638,81025.16647619048,80067.35763259279,0.015025003983864298,66.8339393858381,81.09579205079689,1046.9806240765756,902.3027867776829,144.67783729889277,78.64724180836185,79.95555094703163,70.185591432245,4.261768588164493,-21.3527581916174,668.1892857142842,0.00822180686164313,0.09618202452319477,0.0842849316870993,0.07753911096579608,-0.42743708513405765,899.8178680000001,0.453416568517782,43467.192890000006,39206.205231267115,80.51760832192599,-0.003669849171352364,80972.12,0,0.0023760478049089156
2026-09-04 00:00:00+00:00,81270.37,81427.75,80960.0,80972.12,643.20132,-0.0036698491713523795,-0.007572986885647781,-0.009580895013553303,0.005240846148049316,0.041093910717959314,-0.003676599588224437,-783.2900000000081,422.1499999999942,-799.3399999999965,0.0,81350.74571428572,-0.004654237781857572,80628.9892857143,0.004255674259660945,79670.69333333333,0.01633507394270595,78269.29840000001,0.03453233458395158,80968.76566440177,4.1427525425403566e-05,80026.40848512798,0.011817492909828095,78949.66639236748,0.025617000046348686,81101.73857142858,80147.48091586147,0.0102890206244189,-0.412727272677692,76.72449387412428,992.9134778941516,920.4249250009767,72.48855289317487,71.07317753261714,75.2213370705188,59.689335557110645,2.9493576672440946,-28.92682246736107,680.509999999999,0.008404250747047138,0.09837852560559386,0.08481280714295827,0.07793579016437989,0.576503460248873,915.1701710000001,0.7028215520797357,42823.991570000006,39550.75631114644,79.18628621881267,-5.0758211591848925e-05,80968.01,1,0.0016687406135463718
2026-09-04 01:00:00+00:00,80972.11,81097.92,80759.52,80968.01,505.56595,-5.075821159183924e-05,-0.002119669706679872,-0.006198249726903415,-0.004671165855337667,0.040587375052869135,-5.075949983345399e-05,-504.99000000000524,-379.99000000000524,278.3000000000029,-1.2349929821228822e-07,81309.84428571428,-0.004204094703626674,80844.67642857145,0.0015255620639104993,79822.69380952381,0.014348252806515978,78339.8786,0.03354781047618275,80968.61453152142,-7.466245099122593e-06,80112.00862284361,0.01068505698298378,79028.81712207856,0.024537794548106073,81146.94133333334,80256.70465435345,0.008862877546616901,-14.480673398918883,75.82452167291058,938.9100616213691,924.1219523250553,14.788109296313792,69.75451471752037,73.15831135283314,47.42567784213375,2.698472815755101,-30.24548528245691,683.5799999999987,0.008442593562568603,0.098498472298721,0.08288808845712384,0.07501624016235488,-0.21398489978223312,909.5719755,0.5558284155814387,42318.42562000001,39814.34386437059,76.0962030525674,-0.0016799227250365858,80831.99,0,0.002018265107827597
2026-09-04 02:00:00+00:00,80968.01,80968.01,80669.45,80831.99,433.77504,-0.0016799227250365867,-0.005394093813034129,-0.009290476774114431,-0.001696690983269189,0.03850186528741051,-0.0016813353775373418,-758.0099999999948,-137.3799999999901,-253.01999999998952,0.0,81177.92714285714,-0.004261468049662647,81000.36285714286,-0.002078667936831363,79966.60238095238,0.010821863043836777,78412.2534,0.030859164162217186,80941.28962521715,-0.0013503568540016173,80177.46147531238,0.008163497729211086,79099.52978395784,0.021902282109311624,81145.24980952381,80325.30590946047,0.006307901162687692,-59.72121211397381,70.64630715437507,875.0492646940256,914.3074147988494,-39.25815010482381,61.86739398660658,67.56502874558137,37.787070298733376,0.35011806956601044,-38.13260601336745,641.5714285714275,0.007937098029770386,0.0992077300794553,0.08314950486937016,0.07532836515032248,-0.14200107819761199,910.854162,0.4762288608826972,41884.65058000001,40011.51593252577,72.38807150761204,0.00022280782645577276,80850.0,1,0.002027661490897601
2026-09-04 03:00:00+00:00,80832.0,81021.8,80806.0,80850.0,523.81704,0.0002228078264556732,-0.0015081734305585348,-0.0035740695094897967,-0.00236914192640858,0.04103426142256672,0.0002227830084782662,-290.0,-192.0,468.00999999999476,1.237133960794629e-07,81088.92714285714,-0.0029464829696933623,81143.89714285715,-0.0036219254091251186,80110.16476190476,0.009235223024370194,78488.8398,0.030082750694449278,80923.03170017371,-0.0009024834912797188,80238.60134119306,0.007619757181548098,79168.17567478302,0.02124369181027697,81125.20142857142,80438.60270923852,0.005114426120112425,-96.63999998828669,69.66869734061777,816.4805005521484,894.7420319495093,-78.26153139736084,59.67741935482211,63.76644268631636,36.74561661459777,-0.612184688007073,-40.322580645150076,617.7178571428564,0.007640295079070485,0.09823894520250462,0.08179718946042724,0.07340796335454115,0.2075776420883968,902.234031,0.5805777902423407,42408.46762000001,40239.79704561855,71.4348370886559,0.0027277674706245344,81070.54,2,0.003589855083413478
2026-09-04 04:00:00+00:00,80850.01,81288.0,80820.0,81070.54,602.46481,0.0027277674706245314,0.00126630258048821,-0.0024588297063247166,-0.002261787434809759,0.04145762501968697,0.002724053864640492,-199.83000000000175,-183.7800000000134,90.16999999999825,1.2368583790675555e-07,81014.71857142857,0.0006890282353101463,81181.08071428571,-0.0013616561064856729,80272.42142857143,0.00994262484206665,78563.6666,0.03190881368563779,80952.53336013897,0.0014577263361979793,80314.23212835733,0.00941685989643698,79242.77819734055,0.02306534228403366,81115.42047619048,80510.3384832471,0.006958131431399333,-101.87946126711277,57.19136544331784,778.8816055628995,871.5699466721874,-92.68834110928788,36.80006168553881,52.78162500898918,41.44503886785992,0.1249484836055869,-63.199938314409785,518.5035714285706,0.0063957088657428975,0.09826552075905795,0.08197948162464842,0.07362164176355859,0.1501435883032749,914.1958155,0.6590106843464775,43010.93243000001,40503.71470127393,67.18536773384173,-0.0009175959602587996,80996.15,1,0.003466970623465122
2026-09-04 05:00:00+00:00,81070.54,81143.3,80863.03,80996.15,593.73244,-0.0009175959602587547,0.0020308791111043334,0.00029676881375961806,-0.009286969510641674,0.043559873035244,-0.0009180172091424599,24.029999999998836,-759.2600000000093,223.86000000000058,0.0,80994.16857142856,2.4463842352932594e-05,81155.94857142857,-0.001969030911984573,80422.55523809523,0.00713226233867602,78632.3196,0.03006181697328386,80961.25668811119,0.00043098777509381804,80376.22466214302,0.0077127949273903314,79311.53787587621,0.021240442049682708,81090.76304761904,80577.14395928496,0.005200060713578355,-72.03447810574713,43.92475921754306,734.6133931859949,844.178635974949,-109.56524278895404,22.688084056719568,39.721855032360175,33.91054666733589,-0.056575602773876826,-77.31191594322114,465.97428571428463,0.005753042406512888,0.09716585471222189,0.08169234652548046,0.07343574821098624,-0.01449440673555702,926.8320090000001,0.640604159366446,42417.19999000001,40685.951395438315,53.383087036696885,-0.0024539437985632005,80797.39,0,0.003482029696384953
2026-09-04 06:00:00+00:00,80996.15,81090.0,80573.21,80797.39,435.61525,-0.0024539437985632295,-0.0006507111935682985,-0.0021072519875441342,-0.008292440440391347,0.039383486750262486,-0.0024569596534824004,-170.61999999999534,-675.6100000000006,-194.64999999999418,0.0,80926.59999999999,-0.0015966320097469838,81143.66428571429,-0.00426742233990099,80574.0861904762,0.002771409768097281,78697.031,0.026689177130455783,80928.48335048895,-0.0016198666410342508,80414.51242013002,0.004761299526006069,79369.80658662616,0.01798647967997404,81042.95523809525,80646.6488044708,0.0018691563476453603,-64.92909090122092,46.83383040588551,675.7031596350134,810.4835407069619,-134.78038107194845,12.982470364078088,24.1568720354455,14.079994562667634,-0.5623454851385156,-87.017529635864,449.56785714285587,0.005564138360692719,0.09852494541522842,0.0824236119057338,0.07444150902864839,-0.26631051185278,928.2931415,0.46926475110613614,41981.584740000006,40809.34504730133,57.97657584303502,-0.0017391650893674173,80656.87,0,0.003091046760562298
2026-09-04 07:00:00+00:00,80797.4,80966.75,80641.65,80656.87,705.83482,-0.0017391650893674448,-0.005102593371155484,-0.0021664689932786585,-0.011436818237529178,0.03474709355767325,-0.0017406791927433015,-175.1200000000099,-933.1300000000047,-4.500000000014552,1.237663740717514e-07,80881.56428571428,-0.0027780655295012594,81116.15500000001,-0.005662065713050776,80713.18095238095,-0.0006976673663026112,78757.147,0.02412127752672369,80874.16068039117,-0.00268677509062369,80436.54492739093,0.0027391165645906934,79420.27966166043,0.015570208813259857,80978.04933333333,80708.70148905201,-0.0006422044723274669,-48.57427608838849,43.08263195118757,610.6385246918362,770.5145375039368,-159.8760128121006,4.844827686049884,13.50512736894919,-6.0081702529517225,-1.3436908945842172,-95.1551723138922,451.20571428571355,0.005594138655339687,0.09932988622275395,0.08247293457398,0.07466149787205777,0.6203170573114694,943.7464325000001,0.7479072722208696,41275.74992,40853.76455898691,49.523827192521594,0.00607871344375263,81147.16,2,0.010869168795602872
2026-09-04 08:00:00+00:00,80656.86,81237.0,80502.87,81147.16,754.04554,0.006078713443752548,0.0018644096046540604,0.0036754483611627364,8.824254375161544e-05,0.03171906558962356,0.006060312596520242,297.1600000000035,7.1600000000034925,472.2800000000134,-1.2398199923653355e-07,80907.15714285713,0.0029663983461821067,81108.50071428572,0.00047663667030985727,80865.50333333334,0.003483026198521883,78827.8594,0.0294223465872774,80928.76054431294,0.0026986630490587068,80501.14629762812,0.00802490066394137,79488.00045924238,0.02087308186357437,80982.18333333333,80837.9733691185,0.0038247696966586583,-23.270841748020658,48.25002612854185,591.8145682583854,734.7745436548266,-142.95997539644122,35.851051398599324,17.892783149575774,6.229915885504407,-0.3999361751745885,-64.14894860134504,472.9771428571424,0.005828634580152115,0.09697530417899206,0.0812040675455922,0.07416950977010262,0.06830311941822287,932.4515985,0.8086698990190977,42029.79546,40965.76750194054,50.37174694000547,-0.0011156274600367879,81056.63,1,0.00981239114301861
2026-09-04 09:00:00+00:00,81147.16,81310.0,80934.24,81056.63,968.87345,-0.0011156274600367944,0.003208519483117067,-0.00017157897307684689,-0.0026299867959256318,0.02810876945002394,-0.0011162502355850118,-13.90999999998894,-213.7399999999907,-311.06999999999243,0.0,80939.24857142857,0.0014502411455901071,81058.58785714286,-2.4153605368846086e-05,80979.99142857143,0.000946388979260017,78899.515,0.027340028642761336,80954.33443545035,0.001263620598736686,80551.64481602555,0.0062690859401790845,79549.51534319366,0.01894561708269757,80975.26723809524,80969.29168638105,0.0010786597214810572,6.106531985792436,36.82143934802517,563.1003622976132,700.4397073833841,-137.3393450857709,30.813574977864693,23.83648468750464,15.650175758377314,-0.6537198186052074,-69.18642502207966,455.672857142856,0.005621660524781876,0.09738423913679843,0.080436276337079,0.0731490982437723,0.28490044513757096,928.2580824999999,1.0437543914399006,41060.92201,40974.82983604144,49.612611557262504,0.0015174576095749353,81179.63,2,0.009648073548136786
2026-09-04 10:00:00+00:00,81056.63,81194.0,80831.14,81179.63,483.39639,0.0015174576095748904,0.006481282995484561,0.0022652928565123354,0.0025627339385458914,0.007817010980885497,0.0015163074341910355,183.48000000001048,207.5100000000093,197.38999999999942,0.0,80986.33857142857,0.002386716475655383,81037.63285714285,0.0017522370514878778,81091.37761904762,0.0010883078268441426,78986.0254,0.02777205953700233,80999.39354836028,0.002225158038153823,80608.73437820504,0.007082304742763847,79613.44140816646,0.01967241415684956,80991.40619047619,81128.90334459014,0.0006252599667765936,23.724511781636846,44.11326797177231,543.9983449517167,669.1514348970506,-125.15308994533393,37.65782108137035,34.774149152611464,-12.167445964280905,0.04884150850382569,-62.34217891857401,453.92999999999927,0.00559167367478755,0.06132385307105973,0.0639501890232092,0.06541641868732806,-0.5010737573622231,826.752492,0.5846929941874495,41544.318400000004,41029.06684213273,50.27847122522023,0.0005571594746119923,81224.86,1,0.010727729683582423
2026-09-04 11:00:00+00:00,81179.64,81423.03,81080.01,81224.86,512.44736,0.0005571594746121011,0.0009575196470215097,0.0052906411952169385,0.0031722404934986237,-0.0015137434233171154,0.0005570043189003344,427.47000000000116,256.8500000000058,243.9899999999907,1.231836113907046e-07,81008.38428571427,0.002672263077389874,81011.55142857143,0.002633063651628042,81123.51523809523,0.0012492649216114507,79075.4774,0.02718140529367161,81044.48683868823,0.0022256068037149156,80664.74579836823,0.0069437298300281634,79676.63429412071,0.019431364283838886,81016.3698095238,81155.91198725646,0.0008495747389834504,40.984511779544434,42.45584747208926,526.441056775293,640.6093592726992,-114.16830249740622,65.5294160358103,44.66693736501512,45.11095118207167,-0.05599826849563279,-34.470583964098935,406.14571428571384,0.005000263642014388,0.050032603461180526,0.05876757176473493,0.062202662665686845,0.06009761471325836,699.565593,0.7325222468442176,42056.76576,41126.942929548655,45.536600784059885,-0.02180243831752981,79453.96,0,0.011214218154122223
2026-09-04 12:00:00+00:00,81224.86,81350.0,79177.77,79453.96,3691.19669,-0.021802438317529815,-0.019772225911686703,-0.014913918677974869,-0.017048077128869354,-0.018715842793392,-0.022043623537449413,-1202.909999999989,-1378.0299999999988,-1630.37999999999,0.0,80788.07142857143,-0.016513717990544716,80891.12,-0.017766597866366186,81033.32285714286,-0.01949028870415648,79130.939,0.004082107505384257,80726.38147095058,-0.015762151700165594,80554.67436215293,-0.013664189829684927,79667.90196886109,-0.0026854224044295543,80808.69095238094,80908.24746778779,-0.017974526865963392,-62.61757574998451,27.464901681836324,365.4176423148456,585.5710158811285,-220.15337356628288,12.27522022417444,38.48748578045171,-303.5577806548017,-1.8749169467218718,-87.72477977578112,511.3335714285713,0.006435595802003636,0.09106707207949795,0.07997808339517418,0.07542982607369654,6.2030748485073675,822.13614,4.489763325567358,38365.569070000005,40863.954942924975,33.637726991339804,-0.0009475927946197791,79378.67,1,0.00512076043415268
2026-09-04 13:00:00+00:00,79453.95,79704.0,79000.0,79378.67,1927.84184,-0.000947592794619756,-0.02218487568864269,-0.021793615451237036,-0.018198268398268436,-0.020524296044026613,-0.0009480420444983511,-1768.4900000000052,-1471.3300000000017,-565.5800000000163,-1.2585905106948853e-07,80585.39714285715,-0.014974513815672129,80755.99857142857,-0.017055433599899226,80957.57523809525,-0.019502872133357357,79181.9372,0.0024845666443229614,80456.83917676046,-0.013400590773790607,80447.76487468448,-0.01328930488435351,79656.55953870967,-0.003488595795737638,80607.03095238096,80731.20950200474,-0.01675361375542305,-150.8892929110022,24.33827838421064,229.08935301032034,514.2746833069668,-285.1853302966465,15.597569766237967,31.134068675407576,-328.15380723647417,-1.9629233817157876,-84.40243023372084,543.047857142857,0.006841231493836444,0.09081169856585836,0.08179858766292529,0.07808637933021008,-0.47771901583494325,874.7534650000001,2.2038687666104826,36437.727230000004,40442.40944645593,26.494731041825617,-0.005832297265751516,78915.71,0,0.00513562058228928
2026-09-04 14:00:00+00:00,79378.66,79572.0,78660.0,78915.71,1816.73349,-0.005832297265751518,-0.02842910409448529,-0.026412645085294062,-0.026579692203850924,-0.028781362024812962,-0.005849371531947286,-2140.9199999999983,-2154.829999999987,-372.429999999993,-1.2597842713617127e-07,80336.66,-0.01768744182294832,80609.11214285714,-0.021007577156488526,80856.32333333333,-0.024000761515373996,79227.97379999999,-0.003941332650867087,80148.61334140837,-0.01538271580765302,80308.48715880407,-0.017342838946149394,79627.50661562302,-0.008939079545200101,80361.65914285716,80554.17511775519,-0.020339915533366643,-231.06700333899425,23.29719131024754,82.7374528086657,427.9672372073066,-345.2297843986409,9.254695026833366,12.375828339081934,-273.8602929363532,-2.370695067633464,-90.74530497313044,574.7799999999999,0.007283467385644665,0.09127252381364176,0.08466165690142939,0.08139388769458578,-0.057633540104098935,935.8089485,1.9413508418679741,34620.993740000005,39887.98890298393,24.331385695307333,0.006508463270494497,79429.33,2,0.0036595142310727655
2026-09-04 15:00:00+00:00,78915.71,79555.32,78800.0,79429.33,942.77981,0.006508463270494591,-0.0003099908424955,-0.02156082751301036,-0.019344376245043704,-0.028451695123295262,0.006487374676857261,-1750.300000000003,-1566.8199999999924,390.61999999999534,0.0,80091.25571428573,-0.008264643978701526,80499.20642857144,-0.01329052143539765,80769.41904761904,-0.01659154000883614,79273.6404,0.001963951689545418,80004.75667312671,-0.0071924057650435795,80228.56378073097,-0.009961960467288263,79619.7349836378,-0.002391429507733515,80204.35485714285,80427.9733869236,-0.012416617563136856,-256.60531983421566,32.35482997930002,8.103941792462138,343.9945781243377,-335.89063633187556,27.843707813513557,17.565324202194972,-185.77264424378524,-1.7571675943104275,-72.15629218645026,604.5600000000007,0.007611294215877096,0.09165744952517488,0.0855553601298668,0.08255294294027965,-0.4810577252032713,927.7996275000002,1.0161459242437385,35563.773550000005,39476.158869366416,30.095944698106166,0.003983415194362009,79745.73,2,0.002958524259163847
2026-09-04 16:00:00+00:00,79429.33,79877.07,79378.19,79745.73,1059.83504,0.003983415194362072,0.004624164148882892,-0.018210311473605523,-0.013016014502448714,-0.021200520417807178,0.003975502402386651,-1479.1300000000047,-1051.6600000000035,271.16999999999825,0.0,79903.9842857143,-0.0019805556272190755,80421.61642857143,-0.008404288033326648,80673.72,-0.011503002464743088,79327.2266,0.005275659038355895,79952.95133850139,-0.0025917909849764247,80184.66980066452,-0.005474111220457722,79624.67596467161,0.0015203080434775687,80103.89133333335,80350.10592234966,-0.0075217812772234716,-256.5888888577873,38.03794345910676,-25.222073297642055,270.1512478399418,-295.37332113758384,39.29490450699426,25.46443578244707,-111.02085372279369,-1.6341447830494054,-60.705095492969555,618.8685714285727,0.007760522995131714,0.09326294247103305,0.08599832816402955,0.08307641459179613,0.12415966990213745,950.7145934999999,1.1147772919916636,36623.60859,39204.48741418866,35.879356452131276,-0.003429776114658362,79472.22,0,0.0023352352798854405
2026-09-04 17:00:00+00:00,79745.72,79752.92,79383.0,79472.22,392.51492,-0.003429776114658334,0.007051954547453221,0.00022981862703885803,-0.014687527547250445,-0.025956367201863006,-0.0034356712800145675,18.25999999999476,-1184.6499999999942,1497.3899999999994,-1.2539856359407815e-07,79660.06857142856,-0.002358127162043847,80323.20357142857,-0.010594492420509756,80578.44476190477,-0.013728544465873689,79370.8914,0.001276646869056163,79856.80507080111,-0.004815933600901448,80119.90163696774,-0.008083904544746572,79618.69729939038,-0.0018397349411479879,79977.30514285715,80234.28698717381,-0.009498021553997486,-269.39393936128613,35.63597542911312,-72.86322958422534,201.5483523551084,-274.4115819393337,29.395989185774585,32.17820050209414,-105.13303089888706,-1.881484490312162,-70.60401081418922,629.8771428571438,0.007925752456105238,0.09313893485156363,0.08245150477460063,0.07762736167022351,-0.6296452700790115,905.711779,0.4333772940801807,36231.09367,38921.30705759926,32.659879618688024,0.0018362391285910097,79618.15,2,0.0015556347000739933
2026-09-04 18:00:00+00:00,79472.22,79655.86,79472.22,79618.15,263.34116,0.0018362391285910995,0.002377207512640478,0.0030169313746375437,-0.018842433918821233,-0.018755854079369083,0.0018345553024789031,239.47999999999593,-1529.0100000000093,221.22000000000116,0.0,79430.53857142858,0.002361955891847571,80219.46142857142,-0.007495829788222082,80484.54714285715,-0.010764763841179584,79419.8244,0.0024971800365752757,79809.0740566409,-0.0023922600142609945,80074.28785178886,-0.005696433449812695,79618.67583666918,-6.604438765896888e-06,79883.298,80184.94089966614,-0.0070685454563762795,-221.08208751529068,34.61884680789416,-97.71743203571532,141.69519547694367,-239.412627512659,34.67750983520439,34.45613450932442,-86.58049535425593,-1.4595025903683159,-65.32249016475942,609.5657142857152,0.007656115022588538,0.09237601274918875,0.08053302160833689,0.07566397211795885,-0.329092611307616,883.2502345,0.2981501161432206,36494.434830000006,38690.17636925647,31.047002975674005,0.002200377677702915,79793.34,2,0.0013415616364725058
2026-09-04 19:00:00+00:00,79618.15,79819.99,79618.14,79793.34,391.97239,0.0022003776777028694,0.0005970225615841152,0.011121106304435413,-0.015585276614633603,-0.01817427433885188,0.002197960392052085,877.6299999999901,-1263.2900000000081,638.1499999999942,0.0,79479.02142857143,0.003954736303730687,80133.54642857144,-0.004245493226419092,80420.42047619048,-0.007797527947222496,79468.058,0.004093242092313214,79805.92724531272,-0.00015772318858010929,80048.74713798988,-0.003190645039698142,79625.52541170176,0.0021075476416708354,79826.48180952382,80151.0132634966,-0.004462492100015591,-148.26585856788802,37.52822922639465,-102.10123814972758,92.93590875160942,-195.037146901337,41.018012833721926,35.03050395156698,-62.42178069405565,-1.0706217585681024,-58.981987166241886,603.9642857142868,0.007569106465706026,0.09261595452703379,0.08042461697391519,0.07543128601650417,0.48845850758764797,882.4492375,0.4441868986254927,36886.40722000001,38518.38883123204,34.22749779807465,-0.0012068676408332189,79697.04,1,0.0007241021048146222
2026-09-04 20:00:00+00:00,79793.35,79862.15,79667.99,79697.04,252.17194,-0.0012068676408332202,0.002828913046596604,0.0033704174515887253,-0.018263079050742315,-0.01574714852470216,-0.0012075964920614556,267.70999999999185,-1482.590000000011,-609.9199999999983,1.253237426746781e-07,79524.50285714286,0.002169609826635195,80054.95,-0.00447080411642252,80345.5,-0.008070893827283399,79514.4436,0.0022963928530840227,79784.14979625017,-0.001091818318207783,80016.77376180897,-0.003995834207971798,79628.32990536053,0.0008628850400495157,79768.28095238096,80108.93016959204,-0.005141626142304814,-55.16087541419042,38.34293499322256,-112.05434848804725,51.937857303678086,-163.99220579172533,37.53270865678688,37.74274377523774,-55.70362939139706,-1.7870249556484685,-62.467291343176925,580.9192857142864,0.007289094873715249,0.09205002303670926,0.07965062557565876,0.07467807750271728,-0.3566589218184475,862.8977685,0.29223848896731475,36634.23528000001,38338.94563587661,34.683985670566315,-0.0009164706744440396,79624.0,1,0.0006267829817195123
2026-09-04 21:00:00+00:00,79697.03,79819.3,79512.0,79624.0,645.54178,-0.0009164706744440032,7.347570874238762e-05,-0.0015264767154303804,-0.01970899057259068,-0.01659927173707243,-0.0009168908904559468,-121.72999999999593,-1600.8600000000006,-389.4399999999878,-1.2547517442004353e-07,79625.68714285715,-2.118842446056061e-05,79981.17357142859,-0.00446572056247218,80281.3038095238,-0.00818750790449689,79560.09419999999,0.0008032393707247135,79752.11983700014,-0.0016064756305160328,79981.06705618998,-0.004464394754062438,79628.16010515031,-5.2244145096607164e-05,79710.82095238095,80067.76451682954,-0.005542361767028742,56.83535352846334,38.899099133839194,-124.40194948259159,16.669895946424152,-141.07184542901575,34.889233920719334,37.81331847040939,-57.90452134273896,-1.7674433294352192,-65.11076607924447,579.6478571428577,0.007279813336969386,0.09201069645977343,0.07957626818436059,0.07454075168735912,1.5599270878433185,869.8965599999999,0.742090277951275,35988.69350000001,38115.112099126454,34.855834562560844,0.00015183864161554943,79636.09,1,0.0006486855197180449
2026-09-04 22:00:00+00:00,79624.0,79716.0,79604.0,79636.09,498.99738,0.0001518386416154982,-0.0019707158517239254,0.0020619783869129105,0.002292270894993731,-0.01479488504489379,0.00015182711529570012,163.86999999999534,182.1299999999901,285.59999999999127,0.0,79655.22428571428,-0.00024021382007105227,79873.24,-0.0029690795064780864,80217.87904761905,-0.007252610696347154,79604.6958,0.00039437623226235333,79728.9138696001,-0.0011642434983113194,79949.70550562725,-0.0039226599228083065,79628.47108141892,9.568083472668462e-05,79664.80980952381,80037.12183813893,-0.005010572955758562,59.94693601966901,31.89897436255295,-131.69386536740058,-13.002856316340793,-118.69100905105978,35.326797030783005,35.916246536096416,-52.583313002107246,-1.9013883162561702,-64.67320296918079,535.2100000000002,0.00672069660878621,0.09201350288548402,0.0792423294857277,0.07413803170828032,-0.22700993884547638,873.1576769999999,0.5714859906104091,36487.69088000001,37960.11960206679,33.60009270919484,0.0003099097406716925,79660.77,1,0.0006498631801276166
2026-09-04 23:00:00+00:00,79636.09,79758.0,79600.89,79660.77,152.92964,0.00030990974067179877,-0.00045509845785973724,0.000535305078050774,0.0035538514313733227,-0.014709090909090894,0.00030986172856747353,42.620000000009895,282.1000000000058,-121.24999999998545,0.0,79643.08714285714,0.00022202626464171276,79773.53571428571,-0.0014135729760002445,80162.10666666666,-0.006254035572584532,79652.2312,0.00010720101460270523,79715.2850956801,-0.0006838725548639741,79923.43864147931,-0.003286503257918915,79629.737705677,0.00038970735327168777,79636.48047619047,80007.64854235086,-0.0043355672697621295,56.52430975745794,33.011046361501144,-133.9373451590218,-37.189754084876995,-96.7475910741448,36.22001932659589,35.47868342603275,-46.09556283692794,-1.9256296655974257,-63.779980673367916,519.5921428571435,0.006522559885589066,0.09202597006665254,0.07914979493643004,0.07399934567533707,-0.6935261664099319,854.6133070000002,0.1789460083843757,36640.62052000001,37834.45302282234,29.356163558603114,-0.001097277869646546,79573.36,1,0.0006949308750258978
2026-09-05 00:00:00+00:00,79660.77,79721.57,79562.0,79573.36,179.53978,-0.001097277869646529,-0.0006359891490003156,-0.002756871688790019,0.00833357515252664,-0.018467620913836136,-0.001097880319751904,-219.97999999999593,657.6499999999942,-262.6000000000058,0.0,79657.53571428571,-0.0010567200394904067,79658.80214285714,-0.0010726014019631746,80101.3142857143,-0.006591081437579442,79703.01779999999,-0.001626761490077289,79686.90007654409,-0.0014248273735710988,79891.61331043573,-0.00398356344612899,79627.5268152583,-0.0006802523878955946,79609.79038095237,79965.44569942771,-0.0049031890712079645,9.71144781027092,30.279309032320143,-141.14158322756703,-57.980119913415,-83.16146331415203,33.05646337534049,34.86775991090647,-47.18490676375698,0.15027570683700683,-66.9435366246233,505.07142857142964,0.006347242702475091,0.09111994897650416,0.07830343081698024,0.07294799117320949,0.1740025020656557,833.4670555,0.21541316938085575,36461.08074000001,37703.655662553545,30.07694693861029,-0.0005029321370871367,79533.34,1,0.0007894583345522422
2026-09-05 01:00:00+00:00,79573.37,79710.0,79533.34,79533.34,251.27651,-0.0005029321370871864,-0.0012902441594005998,-0.002054028606332192,0.0013094659113956908,-0.01806024113491811,-0.0005030586498744532,-163.6999999999971,104.00999999999476,56.279999999998836,1.2567019910634895e-07,79645.42,-0.0014072372272002625,79537.97928571429,-5.832793032907714e-05,80028.11428571428,-0.006182505862225506,79746.88440000001,-0.0026777773402268576,79656.18806123527,-0.0015422287235340962,79859.04300948702,-0.004078473735884003,79623.83321465994,-0.0011365091456471542,79593.06209523809,79922.04976467257,-0.004863611053734363,-10.33818181692832,29.20606588079447,-148.36995683424175,-76.05808729758036,-72.31186953666139,32.46617100370528,33.91421790188056,-46.285035647988956,0.1948508333535902,-67.53382899625755,493.1885714285724,0.0062010292970038254,0.09113172653281386,0.07809862000890383,0.07266272813642413,0.3995589723904083,816.3442590000001,0.3078070400194879,36209.80423000001,37561.38409754844,26.536820684623265,0.0004494970285417411,79569.09,1,0.000798591909795138
2026-09-05 02:00:00+00:00,79533.34,79622.0,79472.22,79569.09,226.54938,0.00044949702854180096,-0.0011508801634733112,-0.000689616196121845,-0.002215040228486176,-0.015202223735197418,0.00044939603501552695,-54.91000000000349,-176.63999999999942,108.7899999999936,0.0,79613.38428571427,-0.0005563673258169057,79546.20285714285,0.0002877213749378652,79960.15904761905,-0.004890798771249944,79796.906,-0.002854947784567027,79638.76844898821,-0.0008749312721082945,79832.6836449882,-0.00330182618137182,79621.68642192817,-0.000660579099636957,79597.21019047618,79892.6084085185,-0.004049416021870727,-6.1849158241659845,52.4682808858905,-149.49053493820247,-90.74457682570478,-58.74595811249769,74.69496413511501,46.73919950472027,-46.95479299630089,0.8279466788044887,-25.305035864802818,348.72785714285834,0.004382705107509134,0.09105573146416379,0.07700484106503795,0.07122561340594324,-0.0984060547482134,805.8909655,0.2811166642861675,36436.353610000006,37454.23833682954,36.82715615190449,0.00016224893359976207,79582.0,1,0.0008359406090123624
2026-09-05 03:00:00+00:00,79569.09,79630.74,79510.93,79582.0,222.17902,0.00016224893359972903,0.00010857905208472296,-0.0006792146625982376,0.0013813631983603525,-0.013326453158918672,0.00016223577266504774,-54.08999999999651,109.77999999999884,0.8200000000069849,0.0,79596.95,-0.0001878212670208708,79560.72642857142,0.000267387848044346,79902.28333333333,-0.004008437806428831,79841.412,-0.00324909083521711,79627.41475919058,-0.0005703407466878252,79809.89422271654,-0.0028554632847974607,79620.13009165648,-0.0004789001426220336,79601.98314285713,79849.15012162288,-0.0033456852228979732,-19.130235687916358,54.479009255945414,-147.6350273565622,-102.12266693187627,-45.51236042468594,75.75570838154232,60.97228117345421,-41.23578931539429,0.19220859599344012,-24.244291618375513,307.0000000000021,0.003857656253926745,0.09103187527515412,0.07659299410880206,0.07071078025843616,-0.019290981948394625,781.7081755,0.28422245917743477,36658.53263000001,37378.45684094101,48.47408628688584,-0.001030258098565068,79500.01,1,0.000976614970554245
2026-09-05 04:00:00+00:00,79581.99,79589.84,79500.0,79500.01,283.95874,-0.0010302580985650511,-0.0004190695373789133,-0.0020180573198076424,-0.0014838325180879242,-0.020298307420740347,-0.001030789179237991,-160.7600000000093,-118.13999999999942,-106.6700000000128,-1.2565655543667142e-07,79579.23714285715,-0.0009955755508805487,79602.46214285714,-0.0012870474115898689,79847.19476190477,-0.004348114707599155,79875.09199999999,-0.004695856876133429,79601.93380735247,-0.001280418734539087,79781.7229297423,-0.0035310459513438752,79615.41949982682,-0.0014495872853759954,79593.88761904761,79787.81845873443,-0.0036071729280740157,-27.71353535017608,65.4671650320212,-151.0393444665824,-111.90600243881751,-39.1333420277649,64.99206179722212,71.81424477129316,-44.776903601051096,-0.30812935062478963,-35.00793820268503,248.27428571428754,0.003122946597293314,0.08748602049187289,0.07414697715704206,0.06828228781868154,0.2780627981885957,758.2038355000001,0.3745150402890905,36374.57389000001,37282.84894085139,61.26588581088314,0.0009750942169693322,79577.53,1,0.0007762285999007389
2026-09-05 05:00:00+00:00,79500.01,79600.01,79442.0,79577.53,486.56078,0.0009750942169692856,0.00010607134001405782,5.240447305476792e-05,-0.002704611688143399,-0.01824773618148212,0.0009746191214201676,4.169999999998254,-215.80999999999767,164.93000000000757,0.0,79570.87142857142,8.368101679711779e-05,79613.04785714285,-0.0004461311066320138,79772.45047619047,-0.002443456043119102,79912.4826,-0.004191492856961998,79597.05304588197,-0.00024527347602577203,79763.15993612936,-0.002327264068750606,79613.93363708851,-0.0004572520842200396,79590.56333333334,79692.98842502825,-0.0014487902550782935,-17.03050504844074,55.100706251103716,-145.80136676685652,-118.68507530442533,-27.116291462431192,39.95750481069497,60.23509166315315,-40.84194496435613,0.13251171289791117,-60.042495189104585,205.60928571428667,0.002583760588124362,0.08776693867404653,0.07360850179282785,0.06748047787622997,0.713491121984835,734.088202,0.6628096987170177,36861.13467000001,37242.685676960784,57.963987562178296,0.0008354117047864633,79644.01,1,0.0007036541608774661
2026-09-05 06:00:00+00:00,79577.53,79715.72,79576.0,79644.01,255.76484,0.000835411704786404,0.0007791963006709146,0.0013914919202437925,-0.00066539485029804,-0.01891632174228941,0.0008350629426546186,110.66999999999825,-53.029999999998836,106.5,0.0,79568.47714285714,0.0009492811708239927,79605.78214285713,0.0004802145788136207,79705.18285714286,-0.0007674890759928243,79949.8428,-0.0038253083344399015,79606.44443670558,0.0004718909826990001,79752.32812375396,-0.0013581813384292269,79615.11310230073,0.0003629574407830172,79594.6916190476,79646.149832709,-2.6866743885218594e-05,-6.545185184392363,45.771603398147,-134.7327361842472,-121.89460748038971,-12.838128703857478,54.47354690586522,53.14103783792745,-4.873430681258466,0.03248003124915645,-45.52645309392608,179.9550000000007,0.0022594919567711174,0.08755030849855013,0.07308231866887376,0.06674135742980232,-0.47434143787750427,722.7066245,0.35389856869873776,37116.89951000001,37230.706042012134,50.45312481400586,0.0008280597624355133,79709.96,1,0.0005719768100202812
2026-09-05 07:00:00+00:00,79644.01,79763.41,79639.22,79709.96,273.27755,0.0008280597624354957,0.0026408801709585372,0.001770411098078517,0.0010795739977897956,-0.0186506938885459,0.0008277171100951101,140.8700000000099,85.9600000000064,30.20000000001164,0.0,79587.99142857143,0.0015324996804076411,79622.76357142857,0.0010951193435180242,79635.19857142857,0.0009387987964188868,79987.8438,-0.0034740753944412796,79627.14754936447,0.0010400027275144792,79748.47647613997,-0.00048297444467779833,79618.83258848503,0.0011445459390992127,79608.58200000001,79589.71276166849,0.0015108389534159651,3.240942760550009,61.94361272344188,-119.26434770858032,-121.36855552602783,2.1042078174475165,63.777222420414695,52.73609137899164,63.54810238255426,-0.10449493654481573,-36.222777579347294,162.40285714285815,0.002037422389157592,0.0876169984455417,0.0726020895362326,0.06599693759725105,0.06847192131647195,710.748134,0.3844928138771807,37390.17706000001,37245.89375801098,58.05626247438316,-0.0007522271997126382,79650.0,1,0.0007210545707622172
2026-09-05 08:00:00+00:00,79709.96,79727.95,79568.0,79650.0,377.92884,-0.000752227199712685,0.0009106842094748213,0.0008544645774171133,0.00017466954994915795,0.0024673408348683257,-0.0007525102645542962,68.0,13.910000000003492,-72.8700000000099,0.0,79604.65714285713,0.0005696005581871251,79625.03857142858,0.00031348717713998236,79560.20523809524,0.0011286391436024828,80024.14,-0.004675339216391388,79631.71803949158,0.0002295813899099299,79739.52406921815,-0.0011227063399631204,79620.054839917,0.0003761007216487608,79612.21352380952,79454.89909745949,0.0024554924209417707,9.130976429869627,51.75136644995074,-110.569235966017,-119.20869161402567,8.639455648008664,49.50612876341969,55.91896602989988,48.39825079471918,-0.05902352207810103,-50.4938712363423,160.7107142857151,0.0020177114160164857,0.04003761814843543,0.04427668516654559,0.046135119726381034,0.3829487274018666,545.0847415,0.6933396061671021,37012.24822000001,37223.64180200993,50.72449303695792,-0.00023502824858758525,79631.28,1,0.0008309462366419736
2026-09-05 09:00:00+00:00,79650.01,79735.97,79612.0,79631.28,391.22508,-0.00023502824858756544,-0.00015983625133886292,0.0016511947608559563,-0.00037019476462507583,0.0031823410495539495,-0.00023505587205466401,131.27000000000407,-29.49000000000524,63.270000000004075,1.2554927802587803e-07,79613.54142857144,0.00022280847089910615,79613.46285714286,0.00022379560212206021,79568.64904761905,0.0007871310262345112,80063.50259999999,-0.0053984972673427395,79631.63043159326,-4.400658273184507e-06,79729.68369928923,-0.001234216601941845,79620.49504227319,0.00013545454246522754,79613.04571428572,79482.80890026131,0.0018679649322030497,15.527272725390945,39.236470868801575,-103.99011154130858,-116.16497559948226,12.174864058173682,45.05057717471164,52.77797611951535,51.05164159007667,0.009142971968249201,-54.949422825050355,155.14785714285765,0.0019483280583064305,0.03986365718131043,0.040171209010558206,0.04064390412895047,0.03518186122022349,468.2539035,0.8354977440122173,36621.02314000001,37166.249548485175,50.7117689078225,-0.00016664305785369862,79618.01,1,0.0010339352246612039
2026-09-05 10:00:00+00:00,79631.29,79664.0,79593.92,79618.01,324.09358,-0.00016664305785374367,-0.001153557221707402,0.0005086863088110682,0.0005611174393036489,0.008899368706180244,-0.00016665694435085608,40.479999999995925,44.64999999999418,-90.79000000000815,1.2557879258956008e-07,79618.68571428572,-8.486880682116663e-06,79607.81785714286,0.00012802942137450087,79580.04619047619,0.0004770518659028763,80098.996,-0.006004894243618214,79628.90634527462,-0.00013683906730274016,79719.5315448084,-0.0012734839610960508,79620.39758963503,-2.998716041763657e-05,79613.652,79588.73147109972,0.0003678727925310617,15.04168349986048,44.100389673454174,-98.70902988046873,-112.67378645567956,13.964756575210828,46.649880731387995,47.06886222317312,14.221961174874536,-0.022703274357143248,-53.350119268346965,146.28500000000142,0.001837335547572711,0.03305615595276154,0.031833297856330454,0.03140118522730044,-0.17159303795145242,393.62190799999996,0.8233626569362005,36296.92956000001,37083.457168629444,49.917721364881416,-0.00010964855815908895,79609.28,1,0.0010666932548377814
2026-09-05 11:00:00+00:00,79618.0,79674.33,79608.0,79609.28,224.00252,-0.00010964855815909225,-0.0005112366603892138,-0.0004360654366850625,0.0009548197020268212,0.002265535917273853,-0.00010965457000170936,-34.729999999995925,75.94000000000233,-75.20999999999185,-1.2559972291145164e-07,79634.29571428572,-0.00031413242323976106,79606.76642857143,3.157484647774143e-05,79613.07333333333,-4.764711591339359e-05,80138.87680000001,-0.006608487929294352,79624.9810762197,-0.00019718781728403272,79709.50867709855,-0.001257424349516127,79619.96160572777,-0.00013415738355501854,79613.84695238095,79633.1597100239,-0.00029987143685944196,10.461212119944229,48.784435488070635,-94.14295131563267,-108.9676194276702,14.824668112037529,52.04567374987603,47.91537721865856,2.559583059077676,-0.06463658335213755,-47.95432624981284,129.07285714285848,0.0016213292865210796,0.024086156589973436,0.024554874065396075,0.024937180363817382,-0.30883382509459145,357.6830435,0.6262598243614357,36072.92704000001,36987.21620399807,60.39399032442317,0.0011915696260536533,79704.14,1,0.0014582462216166092
2026-09-05 12:00:00+00:00,79609.29,79774.0,79609.28,79704.14,350.25887,0.0011915696260536013,0.0009149670832868662,-7.301471484877364e-05,0.0016972671171682219,-0.0005215326262609787,0.0011908602704085766,-5.820000000006985,135.0500000000029,28.90999999998894,1.2561349625020077e-07,79652.38285714285,0.0006497877527403021,79611.62714285715,0.0011620520828803285,79626.15952380952,0.0009793323784146987,80178.242,-0.0059131004643378565,79640.81286097577,0.0007951593755675932,79709.02061554413,-6.123040411783999e-05,79623.26271922865,0.0010157493929449524,79626.8300952381,79630.99975392428,0.0009184896121076042,13.25521885361222,54.94369778311764,-81.92550570140884,-103.55919668241793,21.633690981009096,78.95783132506321,59.21779526877575,84.81044530974579,0.16435148647738035,-21.04216867463559,132.83857142857283,0.0016666458157452192,0.019794242474027286,0.021070711810614654,0.021714346459962394,0.5636380787144717,322.204235,1.0870709691289842,36423.18591000001,36933.49903314111,58.92239307931807,-0.0011350727829194465,79613.67,1,0.001506007537614792
2026-09-05 13:00:00+00:00,79704.13,79762.0,79545.96,79613.67,488.89817,-0.0011350727829194662,-5.451027977210199e-05,-0.00045612052730703567,0.0003979543112764272,0.0017798672290769701,-0.001135717465918318,-36.330000000001746,31.669999999998254,-30.50999999999476,-1.2546399716201925e-07,79648.04857142856,-0.00043163105744808126,79608.26285714285,6.792187975324752e-05,79619.87095238094,-7.78819697490826e-05,80211.5476,-0.007453759687838258,79635.38428878062,-0.0002726713630448911,79700.35237776738,-0.0010876034444179511,79622.88653416085,-0.00011575232401169618,79627.10247619048,79637.41157984828,-0.0002981209381030509,9.7036363624603,46.87682350981851,-78.63678898711805,-98.57471514335796,19.93792615623991,51.70783132514494,60.90377880002806,7.4923492032292796,0.10100166797974376,-48.292168674553864,137.04785714285805,0.0017214111237788224,0.015840818621132804,0.019472525243268753,0.02080526339850439,0.39581952628351713,327.0233975,1.4949944674784472,35934.28774000001,36838.33605284196,50.826309270767055,0.0013325600992894376,79719.76,1,0.0013758112070258247
2026-09-05 14:00:00+00:00,79613.67,79756.32,79613.67,79719.76,292.28201,0.0013325600992895037,0.0013877779072992702,0.0011111211574144075,0.00276415059570434,0.0012762165410775683,0.0013316730290425572,88.47999999999593,219.75,124.80999999999767,0.0,79649.44857142857,0.0008827610213568553,79618.72,0.0012690482841220296,79631.65857142856,0.0011063618434169207,80232.8952,-0.006395571276854507,79652.2594310245,0.0008474407312192135,79702.11670706126,0.0002213654250060098,79626.68549360553,0.0011688858555080315,79641.96876190476,79642.26236631017,0.0009730717258304173,6.081885521147955,59.47303033332488,-66.7009933963127,-92.19997079394892,25.498977397636224,83.66265060215606,71.44277108412142,80.12291345655461,0.18935745023601044,-16.33734939754273,135.83928571428675,0.0017039600434608062,0.015191736624369272,0.019223255274711196,0.020669715421698265,-0.4021617835059599,328.47044,0.8898274377417651,36226.56975000001,36780.072595428435,56.111560370514965,0.001081914948063065,79806.01,1,0.002230991138168537
2026-09-05 15:00:00+00:00,79719.75,79816.0,79678.62,79806.01,383.76927,0.0010819149480629786,0.0012781017397589522,0.0023612747919723454,0.002871162248941239,0.00015878518182099732,0.001081330099884871,188.0,228.47999999999593,99.52000000000407,-1.2543941420246606e-07,79671.73571428572,0.0016853440496865557,79638.19642857143,0.002107199546879142,79640.60428571429,0.002076901798639082,80252.205,-0.005559909537688109,79683.00954481961,0.0015436221081885806,79711.56155187386,0.0011848776549768904,79633.71782718964,0.002163558069513179,79666.94076190476,79643.48379488525,0.0020406717206559372,10.470033668764007,66.64753647849858,-49.70911943318788,-83.70180052179671,33.99268108860883,97.32887700508596,77.56645297746233,175.8313274771114,0.2814832499811414,-2.671122994646665,133.03357142857254,0.001666961816892874,0.013534162247303945,0.01881182684607097,0.020575834962827153,0.3130102328227453,328.060284,1.1698132590741468,36610.33902000001,36763.90749300668,62.870591861779594,0.0029570454656235195,80042.0,2,0.0021607618228320245
2026-09-05 16:00:00+00:00,79806.0,80200.0,79754.0,80042.0,716.52557,0.0029570454656235867,0.005380106205379098,0.005435547212586211,0.0049971115216322914,0.004328391619061511,0.002952682006528961,432.72000000000116,397.99000000000524,244.72000000000116,-1.253038460983225e-07,79730.41,0.0039080446218700314,79671.97571428571,0.004644346803212702,79652.44523809523,0.004890681770538483,80242.04560000001,-0.0024930271717799983,79754.80763585569,0.003600941092549207,79741.60141079442,0.0037671501937621096,79649.72889279004,0.00492495219585696,79720.78123809524,79676.15811864131,0.004591610464123172,31.00787878411956,73.20028650102006,-17.004498870228417,-70.36234019148306,53.35784132125464,79.15567282311457,86.71573347678554,375.39756045799885,0.6817483419184456,-20.844327176753506,154.19214285714406,0.001926390430738139,0.016352891211696998,0.02163991463705285,0.023379896422411495,0.867073854037349,351.27796550000005,2.0397680480131344,37326.864590000005,36817.52245462509,70.94134367524558,0.00020739111966225007,80058.6,1,0.0018674961444756339
2026-09-05 17:00:00+00:00,80041.99,80162.29,79973.85,80058.6,894.70031,0.0002073911196622813,0.004250389113063191,0.004447196845734913,0.004373857420076455,0.00545815332060684,0.00020736961709693326,354.4600000000064,348.6399999999994,-78.25999999999476,-1.2493440936959579e-07,79793.35142857142,0.003324193891843556,79706.01857142858,0.004423523278301238,79669.66238095239,0.004881878589968783,80216.2576,-0.001965407072293901,79815.56610868455,0.0030449435262353986,79770.41946435857,0.0036126240475668567,79665.7630538571,0.004931063622366015,79772.33114285715,79726.13464287494,0.004170092512503055,52.076835010522984,73.2969654299364,10.136779335749452,-54.26251628603656,64.39929562178601,81.34564643788818,85.9433987553629,297.16877311803614,0.6045299470843101,-18.6543535619799,159.09428571428518,0.001987222930631852,0.015797349777819873,0.02063585658438824,0.022173323617449007,0.2486648731879868,363.73589200000004,2.459752610824395,38221.564900000005,36951.24078275603,74.36414572935018,-0.0007322136534989356,79999.98,1,0.0019015121505990265
2026-09-05 18:00:00+00:00,80058.6,80078.0,79930.0,79999.98,332.81067,-0.0007322136534989587,0.002430518704042539,0.004852307398967914,0.00439397363465166,0.004569410677997876,-0.0007324818528436168,386.3099999999977,349.9799999999959,31.84999999999127,0.0,79849.16571428571,0.0018887396551382784,79741.73071428572,0.003238571365344222,79687.5661904762,0.003920483765020989,80196.8698,-0.002455080859028765,79852.44888694765,0.0018475465074492005,79791.28860396233,0.002615465919763372,79678.86960076466,0.004030057163765853,79811.526,79744.28306336545,0.0032064610378572437,60.45609426876653,75.01075526903077,26.609555373623152,-38.088101954104616,64.69765732772777,73.61213720306857,78.03781882135712,191.47002988521348,0.446951377762115,-26.3878627967995,163.24857142857113,0.002040607653009027,0.016193745924867484,0.020794401813036063,0.022321805359482493,-0.6280199455837899,355.42655649999995,0.9363697335290806,37888.754230000006,37040.527777731644,73.71359773943485,-0.0030747507686876415,79754.0,0,0.00198466590782347
2026-09-05 19:00:00+00:00,79999.99,79999.99,79712.86,79754.0,243.22911,-0.003074750768687684,-0.003598110991729353,0.00042950455445422975,0.0015411029434664325,0.0011703376705998192,-0.0030794875268917057,34.24000000000524,122.72000000000116,-352.06999999999243,1.250000313664216e-07,79856.28857142858,-0.0012809081571213466,79754.33571428571,-4.209354672775496e-06,79693.18095238095,0.0007631650147757394,80171.10979999999,-0.005202744492879477,79832.75910955812,-0.000986551265878584,79787.89873087483,-0.00042486055421979565,79681.81589093077,0.0009059044182431504,79813.1619047619,79748.42812338976,6.986816845612645e-05,47.82727272147591,57.55456047603455,19.589997507297085,-26.55248206182428,46.14247956912136,31.80845208239214,62.25541190778298,70.17499342015479,0.055250309998892286,-68.19154791745497,172.471428571429,0.002162542675871139,0.019981747157451515,0.021759841975351003,0.0225726080153152,-0.2691667307421364,359.94153,0.6757461691050884,37645.525120000006,37098.146572233396,68.1842640274499,-0.00020274845148830471,79737.83,1,0.0013206828692030768
2026-09-05 20:00:00+00:00,79753.99,79840.25,79694.0,79737.83,651.64016,-0.00020274845148826603,-0.004006690099502164,-0.000854321623145804,0.0015049358807135427,0.0020668977657849474,-0.00020276900773410144,-68.17999999999302,119.82000000000698,-102.41999999999825,-1.2538556053315425e-07,79874.0257142857,-0.0017051314625467582,79761.03714285714,-0.00029095838881295423,79696.85047619048,0.0005141925128116198,80140.78,-0.0050280269296105184,79813.7732876465,-0.00095150604360981,79783.34702806802,-0.0005705078786930822,79684.01252265897,0.0006753861362807759,79810.96114285714,79752.21671901655,-0.0001803927164461725,31.58269359886578,54.19716192692004,12.577181543572806,-18.72654934074486,31.303730884317666,29.33612623076629,44.918905172075675,28.456330137001242,0.11026993094789785,-70.66387376908081,172.93785714285747,0.0021688307437367593,0.019542519778160558,0.021691565309508273,0.022607007408216404,1.6791207680692497,383.546549,1.6989858511236429,36993.88496,37088.216894877834,59.34846847038613,0.002109287398465726,79906.02,2,0.0013229412804684712
2026-09-05 21:00:00+00:00,79737.83,79938.0,79724.87,79906.02,164.28133,0.002109287398465831,-0.0011745002936249804,-0.0016988580994976576,0.003727454889681292,0.004685833639075154,0.002107065974999727,-135.97999999999593,296.74000000000524,-67.80000000000291,0.0,79900.63428571427,6.74051505833085e-05,79775.04142857142,0.001641848992906584,79712.69142857142,0.0024253173235509557,80103.7922,-0.002468949279032881,79832.2226301172,0.0009244058032145738,79794.49911642548,0.0013976011480667492,79692.71869824098,0.002676546932307541,79830.29219047619,79759.77218041898,0.0018336037777315442,23.271043768223723,58.03590458167653,20.35634645468963,-10.909970181657961,31.26631663634759,55.051678796319905,38.732085703159456,73.84208701148732,0.3450151749413067,-44.9483212035272,179.29071428571478,0.0022437697971405975,0.020635775543626705,0.02192130191820762,0.022463071347683196,-0.7478956330745484,379.19678999999996,0.4332350229008183,37158.16629,37094.87874203233,58.59239874150044,-0.0015271690418318775,79783.99,0,0.0010357648823852996
2026-09-05 22:00:00+00:00,79906.02,79947.99,79749.41,79783.99,517.56847,-0.0015271690418319217,0.0003760312962359791,-0.003430112442635802,0.0010018300178635808,0.0027007975081783098,-0.0015283363530788564,-274.6100000000006,79.85000000000582,-138.63000000000466,0.0,79897.48857142856,-0.0014205524285921475,79784.61214285714,-7.797780053324389e-06,79724.62714285713,0.0007445987428263388,80070.012,-0.0035721488339478906,79822.57610409378,-0.0004833983814736208,79793.54374220497,-0.00011973076713867098,79696.29796497662,0.0011003275843743839,79831.48533333333,79770.10632430836,0.00017404609735879986,10.593804712521646,55.22594132407702,16.484565727456356,-5.431062999835098,21.915628727291455,36.39379854437607,40.260534523820766,50.640180263173356,0.20847042019765177,-63.60620145547104,182.05000000000084,0.002281786107714073,0.021535944015526682,0.02219322159252743,0.022601612419388357,2.150500851192281,393.7477445,1.3144671359474558,36640.59782,37051.61389231497,57.214774678110366,0.0005986163389421205,79831.75,1,0.000770393215010196
2026-09-05 23:00:00+00:00,79783.99,79912.83,79706.04,79831.75,584.91964,0.0005986163389422039,0.001177859994434316,-0.0021028755257188614,0.0027392280747766673,0.003138272473675041,0.0005984372396525227,-168.22999999999593,218.08000000000175,106.38000000000466,0.0,79867.45285714285,-0.0004470263651291496,79798.93142857144,0.00041126580069484166,79737.13476190476,0.0011865893899719482,80034.84700000001,-0.0025376071500456078,79824.41088327504,9.194075651490102e-05,79797.01703836815,0.0004352664162263719,79701.60980948733,0.001632842684404306,79837.77038095238,79778.70120054446,0.0006649493994918723,-6.965791244946013,57.64563199303815,17.073175519748474,-0.9302152959183831,18.003390815666858,43.696104213742196,45.0471938514794,39.281199167234654,0.2794523452542196,-56.30389578610492,187.96571428571562,0.0023545232853559297,0.021598679725238667,0.022643888004153987,0.023178225670679533,0.13012997101620183,411.8847755,1.4201050264325195,37225.51746,37068.176136856404,49.083543083883185,0.00045407998697260176,79868.0,1,0.0014092291979493634
2026-09-06 00:00:00+00:00,79831.75,79940.68,79829.98,79868.0,147.80921,0.00045407998697255536,-0.0004758089565717327,0.0014293953908268708,0.0018595138771115849,0.004628804449207102,0.00045397692385335713,114.0,148.24000000000524,282.2299999999959,0.0,79840.2242857143,0.00034789123570473657,79816.78785714286,0.0006416211956412026,79750.75380952381,0.0014701577712508674,80009.407,-0.0017673796782421438,79833.12870662003,0.0004368022892866626,79803.47003488014,0.0008086110176869892,79708.13491499763,0.0020056307323317872,79846.97952380952,79789.25992004879,0.0009868506115999767,-17.40700336489295,59.37001026931913,20.2315088268806,3.302129528641414,16.929379298239184,49.23857868012726,43.10949381274852,66.45545666966198,0.20558530585738521,-50.76142131971984,190.86714285714385,0.0023897824267183534,0.021154074779852518,0.02270848603251342,0.023355059207013328,-0.7472999709840483,405.077299,0.36489136854750065,37373.32667,37097.23809239389,52.98710508662414,0.0010440977613061478,79951.39,1,0.0015563646579076847
2026-09-06 01:00:00+00:00,79868.01,80067.45,79868.01,79951.39,305.00919,0.0010440977613062064,0.00209816530860385,0.0026782770486730723,0.0018216673155317942,0.004698059866899529,0.001043553070346062,213.55999999999767,145.38000000000466,99.55999999999767,1.2520659080935024e-07,79833.28285714285,0.0014794223490532075,79841.22428571428,0.0013798099324163918,79772.24809523809,0.0022456669962220145,79983.02739999999,-0.00039555141920011826,79856.78096529603,0.0011847338893498033,79816.91730443649,0.0016847643344907316,79717.67433009576,0.0029317923768882636,79864.92647619046,79811.24584954197,0.0017559449043336966,-18.40188551965504,62.14318673845875,29.127621716208523,8.467227966154837,20.660393750053686,61.988563390523076,51.641082094797525,101.40825323434204,0.4241985076180974,-38.011436609324036,200.37571428571496,0.002506219270055373,0.021187624942269025,0.022934680439970583,0.023645196975478566,1.063533050477707,395.99971949999997,0.7702257728473714,37678.33586,37152.580736927805,53.622138890674286,-0.0005517102329302916,79907.28,1,0.0019190546754655343
2026-09-06 02:00:00+00:00,79951.38,80019.11,79876.0,79907.28,258.24501,-0.0005517102329303247,0.0009461147976839168,1.576852407358942e-05,-0.001683116363908943,0.003305584437549136,-0.0005518624810213465,1.2599999999947613,-134.72000000000116,-212.3000000000029,-1.2507599923855214e-07,79855.18000000001,0.0006524310633322798,79855.7342857143,0.000645485446308462,79787.95047619047,0.0014955832691195433,79961.7306,-0.0006809582482947887,79866.88077223682,0.0005058320466826081,79825.13209494227,0.0010290982664460456,79725.1098465626,0.0022849783937331594,79873.7339047619,79820.61057833974,0.0010858025393729626,-6.547340066546735,57.47993224773193,32.24682558431232,13.223147489786335,19.023678094525984,55.24432756397828,55.49048987820955,76.72775653665573,0.235223989635696,-44.755672435868824,198.83214285714348,0.0024882857088508203,0.021238532233047402,0.022947242196969714,0.023702463681828132,-0.15332056060343624,396.123728,0.6519301716744119,37420.09085,37178.05789055373,48.59567764185268,0.0015108761054061148,80028.01,2,0.0019386063535524007
2026-09-06 03:00:00+00:00,79907.28,80107.99,79893.86,80028.01,248.71269,0.0015108761054061226,0.0020034306605898333,0.0030585083548715364,-0.00038209511532816265,0.003990091075192881,0.0015097358804511192,244.01999999998952,-30.59000000001106,242.75999999999476,0.0,79896.63428571427,0.0016443210087663212,79885.33,0.0017860600938869654,79806.2361904762,0.0027789032550599706,79942.93059999999,0.0010642517025764538,79899.10661778945,0.001613326952792728,79843.5755408566,0.0023099473926867426,79736.9882839523,0.003649770605974295,79896.704,79830.60122871325,0.0024728458542003532,15.668215486315987,64.92407215241099,43.95404427772155,19.36932684737338,24.58471743034817,70.66668940686792,62.63319345378977,107.35348131856591,0.2781745384840029,-29.333310592961542,198.6957142857157,0.002482827128722971,0.021655110765458906,0.023411525598948043,0.024163721548118213,-0.03691192329330961,394.895485,0.629819026670741,37668.80354,37224.795571453375,54.95021504629965,-0.002024291245027835,79866.01,0,0.0017394660695098493
2026-09-06 04:00:00+00:00,80028.01,80028.01,79854.0,79866.01,362.36734,-0.0020242912450277872,-0.0010678988820582713,0.0004291525614807945,-0.0016746254186563725,0.002711989956057703,-0.002026342891771398,34.25999999999476,-133.97000000000116,-209.75999999999476,0.0,79890.91857142856,-0.0003117822635408885,79895.77642857144,-0.00037256573378510505,79813.66714285714,0.0006558132086471343,79923.61099999999,-0.0007207006700434794,79892.48729423157,-0.00033141156482040316,79845.61503714236,0.00025542996754611896,79742.04795909143,0.0015545379643642243,79894.128,79843.25136235959,0.0002850414687788598,24.135353532427093,55.06381269552658,39.70238890330074,23.435939258558854,16.26644964474189,35.94115616242248,53.95072437775624,50.00841009729367,-0.21987206716474228,-64.05884383738572,200.9357142857147,0.0025159102637744416,0.022835586769671533,0.023479874165108102,0.023897681620193144,0.45697165673371964,394.11740999999995,0.9194400724369944,37306.436200000004,37232.5708694102,49.26398319848999,0.001541581957080489,79989.13,2,0.001540842853173586
2026-09-06 05:00:00+00:00,79866.01,80107.99,79794.04,79989.13,642.22052,0.00154158195708054,0.0010243121778141795,0.0015166274352682585,0.002948190686360652,0.004493837095171704,0.0015403949393821307,121.13000000000466,235.13000000000466,86.8700000000099,0.0,79920.22428571428,0.0008621811925775092,79908.85642857142,0.001004564137397392,79829.81619047618,0.0019956679988301037,79906.3936,0.0010354165201620091,79911.81583538526,0.000967493527790736,79858.66185194759,0.0016337382198351028,79751.73745089177,0.002976644229906695,79906.57514285715,79861.5904087445,0.0015970079058373451,23.647878785011734,56.18255972504884,45.74040946291643,27.89683329943037,17.843576163486063,58.326086956407394,54.97797750856594,69.49728391579946,-0.08677393809034918,-41.67391304339498,213.54785714285805,0.0026697109612625535,0.02331800379638666,0.024705799226869597,0.02533200312769888,0.7722913991089813,406.66718199999997,1.5792287856619343,37948.656720000006,37300.76952184732,51.4332034987179,-0.0025563473436954554,79784.65,0,0.0015259099067579547
2026-09-06 06:00:00+00:00,79989.12,79989.13,79676.66,79784.65,290.41612,-0.0025563473436954753,-0.0030409352925306887,-0.0020855172123962484,0.0005871742433922744,0.002092993783692876,-0.002559620378765857,-166.74000000000524,46.81999999999243,-287.8700000000099,-1.2501698679949512e-07,79913.49571428572,-0.0016123148303558402,79890.4742857143,-0.0013246170668087616,79837.11952380952,-0.0006572071252380495,79880.6758,-0.0012021155184067918,79886.38266830822,-0.0012734669528174569,79851.93350177053,-0.0008426032886109618,79753.0281390921,0.0003964973073215883,79890.0142857143,79869.43924814541,-0.001061598139959221,6.403164982387928,41.12237224248442,33.63799925221247,29.04506648998679,4.592932762225676,22.23709408392614,38.83477906758535,-22.755306749907486,-0.26916256729064064,-77.76290591586795,204.01000000000099,0.002557008146303812,0.025308602355447806,0.026009179579628765,0.02648764366340788,-0.5477937702769136,404.983309,0.7171063931409649,37658.240600000005,37334.814386433296,42.61697540060738,0.0002550615939282283,79805.0,1,0.000913702959262494
2026-09-06 07:00:00+00:00,79784.65,79865.89,79577.0,79805.0,339.23106,0.0002550615939282963,-0.000763904444456398,-0.0012799835008775462,-0.0012642351602545343,0.0024585073498968324,0.00025502907125002095,-102.27999999999884,-101.02000000000407,64.4600000000064,0.0,79904.49571428572,-0.0012451829324032259,79872.36,-0.0008433455578375265,79846.02380952382,-0.000513786505157477,79856.8528,-0.000649321857572537,79870.10613464657,-0.000815150220744845,79847.66681979138,-0.0005343527430510491,79755.06625128457,0.0006260887372107386,79878.61771428572,79870.99236421744,-0.0008262369386436213,2.219730639461025,41.27430875694826,25.396076730976347,28.315268538184704,-2.9191918072083567,42.938661744960996,41.16728092843152,-72.92206440084641,0.06394663590540833,-57.06133825485068,211.18500000000182,0.0026462627654908737,0.025300542179512553,0.027073995768319144,0.027923032574508292,0.16808619301160022,410.744736,0.8258926536776704,37997.47166,37397.92460296345,29.66605654907066,0.00040310757471334195,79837.17,1,0.0009238351249520647
2026-09-06 08:00:00+00:00,79804.68,79889.99,79752.7,79837.17,578.27369,0.0004031075747132906,-0.0018997581296359423,-0.0023846650691425886,0.0006665497676914267,0.0016690475551206507,0.000403026348682714,-190.8399999999965,53.179999999993015,-88.55999999999767,-4.009773823782732e-06,79888.17857142857,-0.0006384996170986573,79860.73071428572,-0.00029502252327255445,79856.87571428572,-0.00024676290062018415,79837.6484,-5.992160460568313e-06,79863.51890771725,-0.0003299242016583592,79846.71256344671,-0.00011951103734079743,79758.28600613617,0.0009890382280501454,79873.92571428571,79875.22087969602,-0.000476379023143236,-7.692727271794985,44.294295346267376,21.21558385271055,26.89533160108987,-5.67974774837932,48.99715625520362,38.057637361363604,-27.4349959527826,0.12458327496496363,-51.00284374460805,210.4200000000024,0.002635614463789232,0.0250124381862368,0.026963483869243444,0.02788389854753672,0.704660210064491,422.145477,1.3698445713742187,38575.745350000005,37510.09800744313,39.142640857723656,0.0006087390121669621,79885.77,1,0.0011188534324219981
2026-09-06 09:00:00+00:00,79837.17,79990.0,79806.01,79885.77,684.16607,0.0006087390121669589,0.0012674117139075403,0.0002474143881734392,0.0006766731281726557,0.0034177547649794082,0.0006085538057322684,19.760000000009313,54.020000000004075,210.60000000000582,0.0,79885.10571428572,8.315513991592055e-06,79870.14285714286,0.00019565687875505364,79865.52476190476,0.00025349158044851423,79822.2264,0.0007960639895156285,79867.96912617382,0.00022287875879332099,79850.263239497,0.0004446667933518083,79763.28537844456,0.0015356015110749386,79877.2642857143,79889.98455972005,-5.2754544180600873e-05,-11.8381818167466,55.35933623396515,21.575418961190735,25.831349073110047,-4.255930111919312,58.14987099557798,50.028562998580874,12.490991061940875,-0.025342270832660347,-41.850129004233686,203.0528571428596,0.0025417900727858923,0.02464792976968217,0.02678989414106515,0.027731758356104697,0.1831181010500409,431.908872,1.5840519015743117,39259.911420000004,37676.746903877116,48.003110263591964,0.0014791119870283397,80003.93,1,0.0018624289038554561
2026-09-06 10:00:00+00:00,79885.78,80020.0,79885.77,80003.93,223.38098,0.0014791119870283254,0.002492700958586447,0.00018502514029083983,0.001701933189762972,0.003564611835258802,0.0014780191783514637,14.799999999988358,135.92999999999302,-4.960000000020955,1.2517873952721723e-07,79881.66571428571,0.001530567554156691,79889.15000000001,0.001436740783948544,79884.10857142857,0.0014999407355754633,79799.3618,0.002563531780024733,79895.16130093906,0.0013613928214155386,79864.23294499727,0.0017491817031402045,79772.72242242713,0.0028983287839735917,79895.10257142856,79898.66432274703,0.001317489824707729,-6.864781143949037,59.99369056676697,31.03733628023474,26.87254651453499,4.1647897656997515,80.40264411743814,62.516557122739925,65.2340312135535,0.2756693416811882,-19.59735588237353,202.19428571428787,0.0025273044175990523,0.02474477037350362,0.02675712280621516,0.02765172988975045,-0.6734988918699227,428.4638205,0.5213531908920619,39483.292400000006,37848.79885588882,56.01947635724675,-0.001059447954619164,79919.17,1,0.0020944225490939807
2026-09-06 11:00:00+00:00,80003.92,80003.93,79890.0,79919.17,224.08052,-0.0010594479546192082,0.0010270905143556774,0.001686038605170248,-0.00040299486975770016,0.001417938323191592,-0.0010600095663040891,134.52000000000407,-32.220000000001164,119.72000000001572,-1.2499385961116143e-07,79889.26,0.000374393253861697,79890.08928571429,0.0003640090347340261,79893.60428571429,0.0003199970074485678,79776.6126,0.0017869572968055975,79899.96304075124,0.00024038758614890635,79869.22722272479,0.0006253068799067968,79778.4654646849,0.00176369067135526,79899.10523809525,79905.71855534735,0.0001683414515987006,-2.6820202016950025,50.52688094437285,31.335336045522126,27.765104420732417,3.5702316247897095,64.44000828628609,67.66417446643409,32.93800214577283,0.10950530334108567,-35.55999171352559,195.10857142857276,0.002441323795386893,0.024875633012153935,0.02667744647032384,0.027548881702636047,0.0031316005507722178,420.479383,0.5329167827461997,39259.21188,37983.12390580417,52.360123085695065,3.591128386337525e-05,79922.04,1,0.002087607244300948
2026-09-06 12:00:00+00:00,79919.17,80010.0,79858.1,79922.04,269.79443,3.591128386326581e-05,0.00045402328850285834,0.001466574776016527,0.00018471408362286112,-0.001498713175582922,3.5910639068548345e-05,117.0399999999936,14.759999999994761,-17.480000000010477,0.0,79879.67571428571,0.0005303512481173865,79899.95,0.00027647076124573584,79899.12952380952,0.0002867425005380953,79751.4608,0.002138884959458833,79904.37843260099,0.0002210337874525741,79874.02838429526,0.000601091702470961,79784.09583861883,0.0017289681600225965,79903.36533333332,79898.17903616019,0.0002986421483899589,-1.1587878786475292,56.11517164935885,31.440659667365253,28.500215470058986,2.9404441973062667,64.9805081073731,69.94105350369911,30.606376533054426,0.06766164170881069,-35.01949189243858,191.7742857142865,0.002399516900648233,0.02242233601833356,0.02422332925386048,0.025063958599211626,0.2040066222623902,398.142826,0.6776322776171844,39529.006310000004,38130.35080144187,54.86945205626071,-0.0011518724997509784,79829.98,1,0.0021706671720569544
2026-09-06 13:00:00+00:00,79922.04,79968.0,79760.39,79829.98,380.28916,-0.0011518724997510166,-0.002174268189075179,-9.005830241726187e-05,-0.002474508612671955,-0.0028556582303463918,-0.001152536414758119,-7.190000000002328,-198.02999999999884,-124.22999999999593,0.0,79886.15142857144,-0.0007031435056883978,79899.82357142857,-0.0008741392447022607,79889.03333333333,-0.0007391919875526792,79723.56319999999,0.0013348224254984755,79889.49874608079,-0.0007450133874286313,79870.02398572296,-0.0005013643883482789,79785.89521749652,0.0005525385456075508,79894.036,79875.8336771577,-0.0005740619539952026,3.5292255887973885,49.924555644943396,23.821062394825276,27.564384855012246,-3.7433224601869703,47.643081790526566,59.02119939472859,-33.93589512855585,-0.1518547707550825,-52.356918209285105,191.8328571428574,0.0024030177277115064,0.022713289055962992,0.024337374943667944,0.02509230213677618,0.4095515611645504,372.42226850000003,1.021123579775893,39148.717150000004,38227.338072733124,57.13169656190097,-0.0035941384427253804,79543.06,0,0.0024962805172817465
2026-09-06 14:00:00+00:00,79829.99,79840.25,79233.0,79543.06,699.69504,-0.003594138442725381,-0.00470612995605435,-0.004290000584584841,-0.00404364760428122,-0.005711501427875354,-0.0036006128762938595,-342.7100000000064,-322.9499999999971,-335.5200000000041,1.2526622215504876e-07,79848.73142857142,-0.0038281313065675966,79876.61357142856,-0.00417586019880882,79864.48380952381,-0.004024615125421707,79725.3452,-0.0022864146845988967,79820.21099686463,-0.003472190732188254,79840.29998702087,-0.00372293174085258,79776.37226779078,-0.0029245785582678943,79846.46752380952,79840.25604373722,-0.0037223833998529226,-18.504781142538768,38.5883460227149,-5.308377774766996,20.989832329056398,-26.298210103823394,35.43583355234248,49.353141150080724,-282.0660903008036,-0.45580327599687614,-64.56416644754324,227.30071428571475,0.0028575807152215653,0.025766291437688063,0.029011390544543138,0.030245751651884655,0.8399026677489307,390.766487,1.7905707456387103,38449.022110000005,38248.45083818711,48.74868506505059,0.002180454209330171,79716.5,2,0.0017580009289509867
2026-09-06 15:00:00+00:00,79543.07,79734.59,79383.32,79716.5,342.10102,0.002180454209330218,-0.0025717561763938246,-0.00359269850868571,-0.0034083381079405006,-0.000470195852245614,0.002178080468979232,-287.429999999993,-272.63000000000466,55.28000000001339,1.2571807030447534e-07,79831.49285714285,-0.001440444779713975,79859.83571428571,-0.001794841086306801,79850.98476190477,-0.001684196660889813,79732.1018,-0.00019567777153472465,79799.4687974917,-0.0010397161628012011,79829.04544274624,-0.0014098307467168179,79774.02433572055,-0.0007210910593962445,79825.11904761905,79830.91884766406,-0.0014332648216462591,-16.557777775770784,42.24155585023398,-14.234424884576583,13.944980886329802,-28.179405770906385,55.2577743745008,46.11222990578995,-183.47281799401244,-0.3892512134188903,-44.74222562538492,238.14499999999992,0.0029873990955447986,0.0249599184626007,0.029521176374488502,0.031292887987226,-0.5110712518413736,395.7100825,0.8645243958350126,38791.12313000001,38300.13391359786,49.07830184002933,-0.0004327836771559213,79682.0,1,0.0015860028325588701
2026-09-06 16:00:00+00:00,79716.51,79786.0,79606.04,79682.0,222.29132,-0.0004327836771559346,-0.0018536895537240028,-0.002967623412505338,-0.0012865883349740814,-0.0007001695431140265,-0.0004328773550406888,-237.16999999999825,-102.64999999999418,50.25999999999476,1.2544454403744752e-07,79802.38285714285,-0.0015085120623320983,79843.74428571427,-0.0020257602791708203,79847.55619047619,-0.0020734033497687675,79747.4276,-0.000820435241223939,79775.97503799337,-0.0011779867052531994,79815.67767522385,-0.0016748297968200458,79770.41553824132,-0.0011083750491299458,79801.40761904762,79833.1778386344,-0.0018936718132399237,-28.17656565315042,42.5114349533327,-23.817687721195398,6.3924471648247625,-30.21013488602016,51.314872169908696,47.33616003225067,-114.96768844075906,-0.23039838850093106,-48.68512782997701,240.7771428571432,0.003021725645153738,0.0249953020360841,0.02965459831086413,0.031455959808172014,-0.35021731300304215,374.2426405,0.5939764632443214,38568.83181000001,38325.72418944568,53.43511497574875,0.0007949097663210827,79745.34,1,0.0015062487975643973
2026-09-06 17:00:00+00:00,79682.0,79773.88,79584.73,79745.34,205.07571,0.000794909766321128,0.0025430251237505974,-0.0022109045264609994,-0.0007475722072551871,-0.00201086226044056,0.000794593992882678,-176.6999999999971,-59.66000000000349,60.470000000001164,0.0,79765.44142857143,-0.000252006736393904,79823.55357142857,-0.0009798307382867864,79847.91380952382,-0.001284614771132363,79753.7478,-0.0001054220050082807,79769.8480303947,-0.00030723426206559625,79809.28334111259,-0.00080120179552663,79769.43218380048,-0.00030202275659897807,79788.28704761904,79829.07991662166,-0.001048990126268845,-33.06666666265864,40.23099732468664,-26.001751906907884,-0.08639264952176706,-25.91535925738612,58.553812043498546,55.04215286263602,-94.0357958019347,-0.3047789118346519,-41.44618795638717,238.99285714285776,0.0029969507577854047,0.023912575435773974,0.02954003834824605,0.0316008367596501,-0.07744616388980019,376.28235950000004,0.5450048476148533,38773.90752000001,38368.40831616514,53.05549532987122,0.0026333827155292085,79955.34,2,0.0015423672540119547
2026-09-06 18:00:00+00:00,79745.34,79970.0,79745.34,79955.34,218.34399,0.0026333827155291534,0.002996117491359973,0.0015703373594733172,0.0014801376351389894,0.00214767398822735,0.002629921438512349,125.36000000000058,118.16999999999825,302.0599999999977,0.0,79770.60857142857,0.002315783117111465,79829.93428571429,0.0015709109046347476,79850.26238095238,0.0013159332970793251,79757.94,0.002474988697049995,79806.94642431577,0.0018594067600989038,79822.56121919326,0.0016634242096307066,79776.72268639655,0.0022389652970026554,79805.85857142857,79831.06710188872,0.0015566984461408055,-22.043030300358513,52.988085122967576,-10.664460292784497,-2.202006178174313,-8.462454114610184,82.55408633231998,64.14092351524242,30.254113449555714,0.2139383954181665,-17.445913667565726,242.61071428571555,0.003034327842089253,0.025146827624883905,0.029672772509197306,0.031419945769775616,0.06469942247182758,361.32113549999997,0.6042934346955624,38992.25151000001,38427.82195367323,58.603806925541285,-0.0015677501965471134,79829.99,0,0.001854150195858922
2026-09-06 19:00:00+00:00,79955.34,79955.34,79799.52,79829.99,213.50154,-0.0015677501965470908,0.0018572575989559414,0.003607228587886979,-0.0006982470094486493,-2.2046366264016903e-05,-0.001568980402825355,286.93000000000757,-55.779999999998836,161.57000000000698,0.0,79757.45857142856,0.0009093999466706072,79818.56714285714,0.00014311027561324152,79852.45285714285,-0.0002813045352912775,79765.0954,0.0008135713957912324,79811.55513945263,0.0002309798438981398,79823.23656290297,8.460490187862599e-05,79778.8116006555,0.0006415036563928661,79805.86600000001,79833.22969607553,-4.0580796841892574e-05,-16.607878785864855,44.68470273839303,-8.525961617400753,-3.466797266019601,-5.059164351381153,75.85641677245827,72.32143838275894,9.902620610758575,0.03131382745442632,-24.143583227414652,231.31571428571417,0.00289760419969627,0.025755189075955514,0.029449233952096563,0.030962120771782335,-0.022178077811988217,342.7502305,0.6229070646806673,38778.74997000001,38461.243669513875,50.59494470944447,0.001027308158249735,79912.0,1,0.002101323711712483
2026-09-06 20:00:00+00:00,79830.0,79973.56,79776.59,79912.0,235.83849,0.0010273081582496957,0.002089902682714806,0.0024524408372168516,-0.0011490685520072486,0.0005509089998496641,0.0010267808383394891,195.5,-91.92999999999302,-91.43000000000757,1.25266206281138e-07,79769.17571428571,0.0017904696198172013,79827.66357142858,0.0010564812346781972,79856.27428571427,0.0006978251212465499,79770.9724,0.0017679062415440667,79831.64411156211,0.0010065668737273086,79831.30596627542,0.0010108068851919323,79784.03467513961,0.0016038963858048432,79818.32371428571,79834.0829904574,0.0009759867793797642,3.3014141410146203,54.63249256053748,-0.21122947438561823,-2.8156837076928047,2.6044542333071865,86.2770012705384,81.56250145843889,26.87325259775013,0.09372827218199344,-13.722998729334531,223.06571428571417,0.002791391959727092,0.025968679562387104,0.029768540229791283,0.03131674787080873,0.10462196197741713,347.15169449999996,0.6793528412384595,39014.58846000001,38513.9431733697,56.04660924413649,0.00040519571528687374,79944.38,1,0.002670813515392319
2026-09-06 21:00:00+00:00,79912.0,80034.0,79875.24,79944.38,381.14031,0.0004051957152868546,-0.00013707652296879314,0.003292839035164752,0.00031544371644498526,-8.767827551203755e-05,0.00040511364567176705,262.38000000000466,25.210000000006403,66.88000000000466,0.0,79826.50714285715,0.001476612986860427,79837.61928571427,0.00133722316923887,79859.91142857142,0.0010577093051766968,79773.9932,0.0021358690115064385,79854.19128924969,0.0011294173705125722,79841.58542388675,0.0012874816496630183,79790.32272709491,0.001930776410467817,79833.8859047619,79834.87201187412,0.0013716811384077538,20.132727270287965,55.02610777696604,8.888588922243798,-0.47482918170548416,9.363418103949282,88.81148564283602,83.64830122861092,70.27090761399452,0.07336725927533758,-11.188514357039134,213.77071428571384,0.0026739930222200877,0.02573536042029843,0.029594198057136693,0.031159136320712898,0.6161073198865885,350.95825049999996,1.0859990026047672,39395.728770000016,38597.92275400116,63.38217843448661,0.0013858385042199788,80055.17,1,0.0026762234114876943
2026-09-06 22:00:00+00:00,79944.39,80093.79,79647.04,80055.17,486.73578,0.0013858385042200272,0.002820744434516298,0.0038852426988209565,0.001665748271690859,0.001850770042479244,0.001384879116308988,309.83000000000175,133.13000000000466,47.44999999999709,1.2508696664807687e-07,79874.88857142857,0.0022570476378218256,79853.19071428571,0.0025293827824234044,79864.85333333333,0.002382983987616371,79781.15580000001,0.003434572954632315,79894.38703139976,0.002012443859629897,79861.0022035334,0.0024313218105095125,79800.70889465982,0.0031887073293555674,79862.89266666667,79837.85818941637,0.002721914333774524,43.55164982637142,57.4393589860605,24.754730527332867,4.571082760102187,20.18364776723068,95.51342371531375,90.2006368762294,57.46958382789604,0.06404685369831782,-4.486576284570077,235.87499999999895,0.002946405585048361,0.026103942025707857,0.03167706988684749,0.033763283861785995,0.2770514354674267,362.382789,1.3431536893399671,39882.46455000002,38720.260067905816,52.50272540133375,0.003580780604175889,80341.83,2,0.0028467669282684666
2026-09-06 23:00:00+00:00,80055.18,80559.99,80010.0,80341.83,896.09908,0.0035807806041758816,0.005378791670837879,0.004833823481958932,0.006411751575034819,0.0039213770278681,0.003574384872568844,386.49000000000524,511.8500000000058,76.66000000000349,1.2491385621642156e-07,79969.15000000001,0.004660297127079484,79885.76642857143,0.005708946559789855,79885.54619047619,0.0057117192193423694,79795.51239999999,0.006846470228318286,79983.8756251198,0.004475331710079966,79904.713821394,0.005470467982440303,79821.92933016336,0.006513256121462536,79928.04457142857,79885.33776297882,0.005714343204952088,75.73164982247069,63.388013432700596,59.770827448388445,15.61103169775944,44.159795750629,83.55978568031122,89.29489834615367,267.77314451319546,0.5288593462619772,-16.44021431961343,262.0178571428561,0.0032612881377341394,0.028516855115648637,0.03441146700038759,0.03659770971265917,0.8410380268325455,394.75210849999996,2.2700298762247906,40778.56363000002,38916.288978581455,54.56038383547051,-0.0022630801414407287,80160.01,0,0.0020525379055346704
2026-09-07 00:00:00+00:00,80341.83,80443.99,80059.11,80160.01,473.2372,-0.002263080141440721,0.00269725026324541,0.004134035341855746,0.007756176340211196,0.00368116549205344,-0.0022656447773523438,330.0199999999895,616.9499999999971,-56.470000000015716,0.0,80028.38857142857,0.001644684229196294,79896.91500000001,0.003292930646946547,79891.8319047619,0.003356764876261476,79805.9908,0.004435997804816311,80019.10250009585,0.0017609232733393524,79927.92256490364,0.002903709087495582,79835.18739564715,0.004068664644614429,79964.61038095238,79903.79309943774,0.0032065674309528624,68.74531985698705,54.41677514247459,72.01978284296638,26.89278192680083,45.12700091616555,69.85809991027004,82.97710310196501,185.35889620441228,0.29775265996713574,-30.141900089654595,279.9214285714282,0.0034920333539307778,0.028775007635009325,0.03559696697103943,0.03807162634376969,-0.47189188052731845,400.29560150000003,1.1822193354748058,40305.326430000016,39048.57825966893,47.68667889480289,-0.002917539556195107,79926.14,0,0.0021683993007114003
2026-09-07 01:00:00+00:00,80160.01,80243.81,79826.28,79926.14,429.2219,-0.0029175395561951145,-0.0016117634876048337,0.00017694463910311597,0.002629819422578672,-0.0007874819991167126,-0.002921803870950448,14.139999999999418,209.63999999999942,-315.8799999999901,0.0,80024.21714285715,-0.0012255932811196405,79897.41285714286,0.00035955035125485543,79894.69523809523,0.0003935775937446422,79811.2982,0.0014389165768511861,80000.51000007668,-0.0009296190746360456,79927.76051354875,-2.0274727308037997e-05,79838.7541644453,0.0010945290475688897,79968.50704761904,79904.0841888465,0.0002760285832371122,52.12336699704896,50.18188840313856,62.139508205189486,33.942127182478565,28.19738102271092,52.23400327052008,68.55062962036713,63.990432627735764,0.1204559991121159,-47.76599672940457,301.60714285714283,0.003773573237205488,0.030300325669295223,0.03634213004892377,0.038649194595360335,-0.09300896041139617,389.6456705,1.101569791467498,39876.10453000002,39127.39028541475,45.88965102106333,-0.0006493495119368229,79874.24,1,0.0019132974593546483
2026-09-07 02:00:00+00:00,79926.14,80426.0,79800.0,79874.24,411.23362,-0.0006493495119368475,-0.005820006838280878,-0.0008773599845292024,0.002412590045430596,0.0011228977002470941,-0.0006495604306427556,-70.13999999999942,192.24000000000524,-84.27999999999884,0.0,80030.53857142858,-0.0019529866250877978,79893.99857142857,-0.000247309832801793,79889.22428571428,-0.00018756328964579372,79817.3158,0.0007131810864530206,79975.25600006134,-0.0012630906747114485,79922.89501231704,-0.0006087743982438576,79840.14576583961,0.00042703121134558494,79965.41733333333,79914.00736621999,-0.0004976269809338918,26.976969693700063,48.7837397708533,49.55023880857334,37.06374950769752,12.486489300875817,48.322896178533334,56.80499978644116,75.04824052865321,0.4163531048466119,-51.67710382139131,335.471428571429,0.004199995249675299,0.028922688786597244,0.03909744138961424,0.042564619916355184,-0.04190904518152505,395.68654549999997,1.0392913903082426,39464.87091000002,39159.53129728002,52.084845719967376,-0.0034785933487442985,79596.39,0,0.002398122627958059
2026-09-07 03:00:00+00:00,79874.25,79986.02,79568.6,79596.39,424.23144,-0.003478593348744341,-0.007031186747606388,-0.005730797898499285,-0.0018678207403717284,-0.0026139966167533224,-0.003484657722331448,-458.77999999999884,-148.9499999999971,-388.6399999999994,1.251968093187639e-07,79985.45142857144,-0.004864152438007737,79877.31357142857,-0.0035169381501214568,79880.25952380952,-0.003553688051362791,79818.5768,-0.002783647728482088,79899.48280004908,-0.0037934263079972296,79893.21273847004,-0.0037152434893523148,79830.58671619884,-0.0029336714889923034,79925.7361904762,79910.54427709372,-0.00393132445706256,-12.906060604496254,44.56977073937788,16.957503653873573,33.04250033693273,-16.08499668305916,27.384531910543725,42.64714378653239,-87.48702755444927,-0.15067144192231102,-72.61546808938093,350.4578571428574,0.004402936579697307,0.03150588317147621,0.03991678058109185,0.04292673027636337,0.03160690023349755,399.9365645,1.0607468225099965,39040.63947000002,39148.208266110494,51.68595553666475,0.0016032134120655545,79724.0,2,
2026-09-07 04:00:00+00:00,79596.38,79732.15,79540.38,79724.0,680.36024,0.001603213412065596,-0.0025290849777056534,-0.00769001652065926,-0.0028933652211347027,-0.0014175101647515564,0.001601929637369997,-617.8300000000017,-231.3399999999965,-159.0500000000029,-1.256338383532367e-07,79953.96857142857,-0.002876262123538285,79890.23785714286,-0.0020808281662662628,79876.40238095238,-0.0019079775304041392,79821.675,-0.0012236651260450458,79864.38624003927,-0.0017578077870319256,79877.8297622455,-0.0019258129909559144,79826.40684497537,-0.0012828692787618969,79905.29438095239,79895.95557993864,-0.0021522438612877454,-27.49353535020315,54.54276130756234,1.4083521377615398,26.715670697098496,-25.307318559336956,28.952892484698683,34.88677352459192,-102.18257426873932,0.05270952034336421,-71.04710751521634,320.78071428571377,0.004023640488255854,0.03205786798949009,0.040078150870870785,0.042998995814651254,0.6037478033216961,405.040892,1.679732228118637,39720.99971000002,39202.75983219521,51.85298383231086,0.000444909939290567,79759.47,1,
2026-09-07 05:00:00+00:00,79724.01,79926.04,79666.79,79759.47,625.29002,0.00044490993929047207,-0.0014368837813042434,-0.004996755863678093,-0.000883377287157372,-0.0015810074810570507,0.00044481099620951795,-400.5399999999936,-70.52000000000407,217.29000000000815,1.2543274289751121e-07,79911.72571428571,-0.001905298789693023,79893.30714285714,-0.0016751984320517001,79872.70238095238,-0.00141766057209781,79825.22439999999,-0.0008237295979338317,79843.40299203142,-0.0010512201244703347,79867.06978385955,-0.0013472359027411572,79823.78187066261,-0.0008056730607779865,79887.85866666665,79887.43101385902,-0.0016017665386789187,-46.10080807522011,51.15912708008085,-7.960565456218319,19.780423466435135,-27.740988922653454,21.487627622304757,25.941684005849066,-41.555564083344166,0.017718903700209288,-78.51237237759717,314.2078571428574,0.003939442641016214,0.03201718040056987,0.04037483824621917,0.04339174688204936,-0.08094273704177646,402.0970895,1.5550722358522444,40346.28973000002,39311.667441509955,54.16445351445336,-0.001256277154299008,79659.27,1,
2026-09-07 06:00:00+00:00,79759.47,79825.7,79644.55,79659.27,564.03546,-0.0012562771542989903,0.0007899855759789798,-0.00333895769268977,-0.0031626038642506016,-0.0043080383676150635,-0.001257066931965584,-266.86999999999534,-252.72999999999593,133.66999999999825,0.0,79814.21714285715,-0.0019413476496274356,79891.68357142857,-0.0029091084458217654,79861.91666666667,-0.0025374631003721826,79828.4096,-0.002118789549328474,79806.57639362515,-0.001845792668746867,79848.17889441777,-0.002365851006665453,79817.33042475427,-0.0019802770139408575,79856.65371428573,79873.28388946965,-0.002679417685715754,-63.756228948500755,49.40784160443323,-23.203329206968192,11.183672931754469,-34.387002138722664,11.660340718498519,20.700286941833994,-68.23420577397506,-0.37029421674648466,-88.3396592814034,314.2928571428565,0.003945464942659562,0.03172465113968075,0.04050648110729921,0.04359522706443019,-0.09796183857212382,419.1298135,1.3457297520512799,39782.25427000002,39356.48523469949,47.65841845215526,-0.00390463030856306,79348.23,0,
