timestamp,open,high,low,close,volume,Dividends,Stock Splits,return_1,return_3,return_5,return_10,return_20,log_return,momentum_5,momentum_10,acceleration_5,gap,sma_7,close_to_sma_7,sma_14,close_to_sma_14,sma_21,close_to_sma_21,sma_50,close_to_sma_50,ema_9,close_to_ema_9,ema_21,close_to_ema_21,ema_50,close_to_ema_50,wma_14,vwap_20,close_to_vwap,trend_slope_10,rsi_14,macd,macd_signal,macd_hist,stoch_k,stoch_d,cci_20,roc_12,williams_r_14,atr_14,atr_pct,hist_vol_20,parkinson_vol_20,garman_klass_vol_20,vol_change_1,vol_ma_20,rel_volume_20,obv,obv_ema_20,mfi_14,target_return_1,target_price_1,target_direction,target_volatility
2026-07-17 14:30:00+00:00,331.8800048828125,334.7666931152344,331.8500061035156,334.6549987792969,6533789,0.0,0.0,0.00848301130807605,0.005000175962496467,0.00527186817359393,0.02322204267534267,0.06826383156891458,0.008447232765111954,1.7550048828125,7.595001220703125,1.055023193359375,0.00012056577074276602,332.57928466796875,0.006241260977496471,330.4739292689732,0.012651737822586369,326.23571341378346,0.025807368780648942,319.6590753173828,0.04691224063317461,331.6237660512758,0.009140577480635756,327.52072996367673,0.02178264812853092,321.64544908687725,0.04044686386613624,331.6883800688244,328.1917813033267,0.019693416606240167,0.6139043428338364,73.78255185113821,4.395071321317687,4.0741082616927695,0.32096305962491734,96.69030584940006,87.04016114591998,95.33774175703579,2.344111065725414,-3.3096941404166422,3.276151384626116,0.009789638273943519,0.12200428243220582,0.10354636408601052,0.10414349038322099,-0.6050791698585529,6691695.4,0.9764026318352743,66797746.0,47570499.1785439,51.85667204774739,-0.008695533228919453,331.7449951171875,0,0.00564678868955889
2026-07-17 15:30:00+00:00,334.6698913574219,334.8699035644531,330.0,331.7449951171875,6252902,0.0,0.0,-0.008695533228919472,-0.004575851252006435,0.0014640624804231894,0.01274532985199861,0.053593547374113815,-0.008733559980391095,0.4849853515625,4.17498779296875,-1.27001953125,4.450128693513726e-05,332.66571044921875,-0.00276768931425239,330.72928510393416,0.003071122089872007,327.115475609189,0.014152554229856526,320.0926751708984,0.03640295717492277,331.64801186445817,0.00029242826508688513,327.9047540685413,0.011711452795319223,322.04150971551684,0.03013116355780452,331.857855515253,328.64154062391196,0.009443281233937487,0.3157564413285194,59.23528711864984,4.165969516273208,4.092480512608858,0.07348900366435007,65.06466027929804,78.10243049553986,74.03143751218585,1.206561051024699,-34.93533970990284,3.3832877022879466,0.010198458912944915,0.1289829356767169,0.10741370267716646,0.10830392643650132,-0.042989909836390505,6872013.75,0.9099082492377142,60544844.0,48806151.06630163,45.317883487358316,-0.003632267524759397,330.5400085449219,0,0.010234273598271098
2026-07-17 16:30:00+00:00,331.7200012207031,333.5,329.1600036621094,330.5400085449219,6274349,0.0,0.0,-0.003632267524759425,-0.003917513884146295,-0.007357523533151,0.0005146152200476983,0.048601000142412865,-0.003638880226034821,-2.449981689453125,0.170013427734375,-2.934967041015625,-7.53406889393182e-05,332.3285696847098,-0.005381906050025764,330.9828578404018,-0.0013379825721732824,327.8616667247954,0.0081691215898274,320.4714752197266,0.03141787679624381,331.42641120055094,-0.0026745082035421128,328.1443226573032,0.0073007080183841114,322.3747841794151,0.025328359307833365,331.832618640718,328.93355663957345,0.004883818853130257,0.09575676194388555,59.158986041670715,3.842874079020362,4.042559225891159,-0.19968514687079697,52.051860048690855,71.26894205912964,50.87065234595982,1.0640283166069646,-47.94813994051002,3.5125732421875,0.010626771801815026,0.13081693547005419,0.11085187046204215,0.1127545701213216,0.003429927416102263,7089275.3,0.8850480104785886,54270495.0,49326564.774272904,45.152375340301305,0.005551495757369841,332.375,2,0.01036915412457734
2026-07-17 17:30:00+00:00,330.51080322265625,333.2300109863281,330.0799865722656,332.375,4577738,0.0,0.0,0.005551495757369906,-0.0068129828856987595,-0.002685477370226619,0.0052777881360344114,0.052802502769206505,0.005536142999103758,-0.894989013671875,1.7449951171875,1.55499267578125,-8.835639108893987e-05,332.48785400390625,-0.00033942293694910346,331.3103572300502,0.0032134303884961894,328.67857142857144,0.011246332717557823,320.8365771484375,0.035963551768563376,331.6161289604408,0.002288402080851288,328.5289296884574,0.011706945611085396,322.76694950571255,0.02976776435434768,332.01823759533113,329.23550313546775,0.009535717851275992,0.003938925386201847,61.22949602427487,3.692324276118825,3.9725122359366924,-0.2801879598178676,71.86816155726827,62.99489396175238,60.597556940791605,1.46685977602667,-28.13183843193261,3.641145978655134,0.010954933369369476,0.13123825739900502,0.11246207792550429,0.11432237680658962,-0.27040430808040805,7206920.25,0.6351864376465106,58848233.0,50233390.31958025,45.539578623187275,0.0013688952907578036,332.8299865722656,1,0.009464049149884498
2026-07-17 18:30:00+00:00,332.375,334.6700134277344,332.1099853515625,332.8299865722656,5792451,0.0,0.0,0.0013688952907577878,0.003270558624991038,0.0029833360815463283,0.005103496554538456,0.05687149873261732,0.0013679592077682767,0.989990234375,1.689971923828125,1.884979248046875,0.0,332.4649963378906,0.0010978305638015364,331.72249930245533,0.003338595579545473,329.4940476190476,0.010124428581680583,321.21067687988284,0.03617348528141133,331.8589004828058,0.0029262017322546786,328.9199348597127,0.011887548604217875,323.16157841028325,0.029918185848434996,332.2208548409598,329.6824239815719,0.00954725627369239,-0.046027083985372134,64.32475429087407,3.5685896069480805,3.8917277101389702,-0.32313810319088976,76.78161827850728,66.90054662815547,88.57736478370582,0.744617093388908,-23.2183817106936,3.6911468505859375,0.01109018718111629,0.12996058552345097,0.11337130977573147,0.1156517104513518,0.2653522329150335,7345698.05,0.788550109271099,64640684.0,51605513.52723927,46.22740489302877,0.0027341396473355042,333.739990234375,2,0.009169698985640093
2026-07-17 19:30:00+00:00,332.7799987792969,334.3800048828125,332.260009765625,333.739990234375,6369671,0.0,0.0,0.0027341396473354873,0.009681072205267593,-0.00273418460282826,0.0025232693099772607,0.027809426925337277,0.0027304086866277466,-0.915008544921875,0.839996337890625,-1.904998779296875,-0.00015019017211583555,332.53213936941967,0.003632283084703171,332.16321236746654,0.004746997283851374,330.3902369907924,0.01013877793146113,321.6091766357422,0.03771911524879956,332.2351184331196,0.004529538624177034,329.35812171195477,0.013304267402396595,323.5764180896594,0.03141011389114265,332.48985363188245,330.5443921881238,0.009667681926434827,0.06676691227883885,65.0194932489201,3.503571686974567,3.8140965055060896,-0.3105248185315226,84.85933598099389,77.83637193892315,93.39570311901444,0.9406240527550994,-15.140664006796106,3.654717581612723,0.010950793098049713,0.07579357788141003,0.09981856686713557,0.10815895750196039,0.09965038979181706,6986614.9,0.9116963066047906,71010355.0,53453593.6675022,53.07082520183472,-0.020135439016414788,327.0199890136719,0,0.009391004273098079
2026-07-20 13:30:00+00:00,333.0249938964844,333.7099914550781,326.1099853515625,327.0199890136719,11178368,0.0,0.0,-0.02013543901641479,-0.016111353099144465,-0.01424288587035516,-0.012799675864747617,0.004299471523487197,-0.020340919946419095,-4.725006103515625,-4.240020751953125,-3.80999755859375,-0.00214237537846862,331.84356689453125,-0.014535698027793625,331.9239262172154,-0.014774280538967713,330.50023687453495,-0.010530243166432952,321.88437622070313,0.015954837116516355,331.1920925492301,-0.012597231725650158,329.14556419392903,-0.006457857590929994,323.7114600866795,0.010220611053115768,331.80409051804315,330.66388467766143,-0.011019938471752623,-0.3605052806275987,43.15205305557673,2.8766365048654166,3.6266045053779554,-0.7499680005125389,10.259312650011603,57.300088969837596,-56.37031307342979,-1.2441944351326144,-89.74068733871448,3.869718279157366,0.011833277503363104,0.10728741530187628,0.11035462997419358,0.11486821371489454,0.7549364794508224,7231632.6,1.5457599436121796,59831987.0,54061059.69916866,41.463877551321936,-0.006482769214143874,324.8999938964844,0,0.005887675015408713
2026-07-20 14:30:00+00:00,327.0199890136719,328.0199890136719,324.4200134277344,324.8999938964844,7312927,0.0,0.0,-0.006482769214143924,-0.023825956180962837,-0.017063031713666188,-0.024295013589436976,-0.009964406854528374,-0.006503873621934789,-5.6400146484375,-8.089996337890625,-0.915008544921875,0.0,330.4499947684152,-0.016795282069238818,331.514639718192,-0.019952801563486017,330.4659511021205,-0.01684275547013713,322.140576171875,0.008565880639415437,329.933672818681,-0.015256638945572745,328.75960325779766,-0.011739913672651038,323.7580692556915,0.003527092447192384,330.86756620861235,330.5877679941946,-0.01720503493581445,-0.7310106681168851,39.114685914974956,2.1835493698775963,3.337993478277884,-1.1544441084002877,4.545270640843454,33.22130642394965,-154.92216862504642,-2.4031241053322394,-95.45472934968686,3.998288835797991,0.012306213945512016,0.10586994528251546,0.11067272464082677,0.11569273443648474,-0.3457965420354743,7231492.75,1.0112610567161253,52519060.0,53914202.58496212,35.63767719187224,0.0003078058029988382,325.0,1,0.0060763855455252015
2026-07-20 15:30:00+00:00,324.94000244140625,326.5450134277344,324.8699951171875,325.0,4701093,0.0,0.0,0.0003078058029988284,-0.026188022083410423,-0.02218879277924035,-0.02481468264858555,-0.006085783338348194,0.00030775844051136495,-7.375,-8.269989013671875,-1.7349853515625,0.00012314110702784097,329.4864240373884,-0.013616415457729769,331.07606724330356,-0.01835248102914059,330.3149980817522,-0.01609069558634049,322.35137634277345,0.008216573129819405,328.94693825494477,-0.011998707985765663,328.41782114345244,-0.010406929598224016,323.806772422135,0.003684998831049001,329.99894757952006,330.5629574579821,-0.016828738164567036,-0.9657582496988054,38.151224455720566,1.623626325140492,2.995120047650406,-1.3714937225099137,5.4922983551138005,6.7656272153229535,-155.21276405772812,-1.8897571638771673,-94.5077016354165,3.7765045166015625,0.011620013897199823,0.10525086872455784,0.10998632679802946,0.11505115796424778,-0.3571530250472895,7168182.3,0.6558277682195666,57220153.0,54229055.00544192,35.62901172962354,-0.0008615347055288461,324.7200012207031,1,0.00608314689002277
2026-07-20 16:30:00+00:00,325.0199890136719,325.1449890136719,323.70001220703125,324.7200012207031,4126525,0.0,0.0,-0.0008615347055288547,-0.007033171886237755,-0.024366750830011608,-0.021456108955406616,-0.009365774563558804,-0.0008619060398468575,-8.1099853515625,-7.1199951171875,-0.7349853515625,6.150465745173383e-05,328.65499441964283,-0.011973021149051343,330.49178205217635,-0.01746421891526652,330.2069033668155,-0.016616557952456038,322.5477764892578,0.006734582873526488,328.10155084809645,-0.010306411593124717,328.0816556959298,-0.010246395727568613,323.8425853161965,0.0027093901305389185,329.15147210984003,330.47300048843465,-0.017408379078506446,-1.2120205142417668,33.258257113804405,1.1441012299166573,2.624916284103656,-1.4808150541869987,9.042456772721657,6.360008589559637,-166.84394989484775,-2.4835548383379957,-90.9575432184131,3.6575731549944197,0.011263775379506746,0.10476642343672302,0.1100447309555354,0.11523356347484358,-0.12222008796677708,7179691.2,0.574749649399963,53093628.0,54120919.10016174,30.645371710805932,0.0037570867705002385,325.94000244140625,2,0.006182574924015274
2026-07-20 17:30:00+00:00,324.7300109863281,326.489990234375,324.20001220703125,325.94000244140625,5044844,0.0,0.0,0.0037570867705001287,0.0032010112787297373,-0.023371450893526657,-0.026041733635176034,-0.003424433209649358,0.003750046548306759,-7.79998779296875,-8.714996337890625,0.30999755859375,3.082583637392209e-05,327.7357090541295,-0.005479130174433207,330.11178152901783,-0.012637474095217148,330.11880783807663,-0.01265848929972942,322.7721484375,0.009814520922054865,327.6692411667584,-0.0052773910642007265,327.8869599455185,-0.005937892450586763,323.9248369681655,0.006221089719750575,328.54456816173735,330.3927371834927,-0.013477096318857794,-1.07993242141529,38.921243866785964,0.8526887742855251,2.27047078214003,-1.417782007854505,19.858071600926593,11.464275576254016,-127.25697710876922,-2.199413932810773,-80.14192839020815,3.5204293387276784,0.01080085080796347,0.10557014742985461,0.11040226241411454,0.11551729941964557,0.2225405153246376,7204617.55,0.7002237058370988,58138472.0,54503543.18586063,36.13027429142947,0.00944955068170655,329.0199890136719,2,0.006148290926141072
2026-07-20 18:30:00+00:00,325.9800109863281,329.0799865722656,325.30999755859375,329.0199890136719,5761535,0.0,0.0,0.009449550681706498,0.012369196965144269,0.006115834099414519,-0.008214158898020574,0.004426478789365973,0.009405182962011456,2.0,-2.725006103515625,9.79998779296875,0.00012274818869139736,327.19142368861606,0.005588671317957447,329.82821001325334,-0.0024504301786270445,330.21214076450894,-0.003610260204465479,323.06134826660156,0.01844430099429473,327.93939073614115,0.0032951158294883707,327.9899625880779,0.0031404205709930277,324.124646852303,0.0151032703279257,328.39899582635786,330.4672869022702,-0.004379549643659425,-0.8593606145054731,42.172696563340565,0.8603538558459718,1.9884473968812186,-1.1280935410352468,47.16292005220066,25.3544828086163,-67.32466598162019,-0.8498093524985536,-52.83707993893408,3.5204293387276784,0.010699743043790245,0.11084814840925249,0.11179485123533009,0.1156139410241262,0.14206405589548465,7091788.2,0.8124234449077313,63900007.0,55398444.50149295,34.62898276688047,-0.007051172828725073,326.70001220703125,0,0.0047668069254321235
2026-07-20 19:30:00+00:00,329.010009765625,329.760009765625,326.32000732421875,326.70001220703125,5528498,0.0,0.0,-0.0070511728287250275,0.006097594785922533,0.005540222666548855,-0.011617342042177459,-0.011108705283161213,-0.0070761498285348955,1.800018310546875,-3.839996337890625,-0.199981689453125,-3.0330218163219253e-05,326.1857125418527,0.001576708130988383,329.35892595563615,-0.008072997386914539,330.17071242559524,-0.010511835507928674,323.2871484375,0.01055675669761587,327.69151503031924,-0.00302572015999018,327.8726943716191,-0.003576638691525591,324.22564157209627,0.007631631548108577,327.9819027855283,330.43902308006454,-0.011315282432958972,-0.8319513082298602,38.01096183239838,0.6714852843924746,1.72505497438347,-1.0535696899909954,26.595747556641523,31.205579736589595,-66.97601079841992,-2.3770708942818226,-73.40425243449322,3.556856427873884,0.010887224655532003,0.10916656916230677,0.11001007988669373,0.11325804598717651,-0.04044703364641544,6728064.7,0.8217070207425322,58371509.0,55681593.50135077,35.632047617419175,0.000122369225130043,326.739990234375,1,0.0034579641136410215
2026-07-21 13:30:00+00:00,323.3450012207031,327.0299987792969,322.22039794921875,326.739990234375,9697821,0.0,0.0,0.00012236922512998127,0.0024544019972281284,0.005353816105769127,-0.016953771389620176,-0.011765461667086918,0.00012236173862709062,1.739990234375,-5.635009765625,-0.060028076171875,-0.0102693935138018,326.14571271623885,0.0018221227352185926,328.994639805385,-0.0068531498638910735,329.9978550502232,-0.009872381792731736,323.4983483886719,0.010020582367234718,327.50121007113046,-0.0023243267913049957,327.76972126823324,-0.0031416295253593896,324.32424348042093,0.007448554348026884,327.6327113560268,330.08488273401986,-0.010133431352353131,-0.6144766758645962,40.196035848657665,0.5190482088322028,1.4838536212732165,-0.9648054124410137,35.7293986205738,36.496022076471995,-108.15266887469083,-1.5086903966793581,-64.27060137152075,3.473299298967634,0.010630162829060378,0.10908521162959538,0.11386312518060301,0.11617204146932528,0.754151127485259,6948577.95,1.3956554952369784,68069330.0,56861377.92979355,38.470537600675,0.005034643999560645,328.385009765625,2,0.0035420022460292853
2026-07-21 14:30:00+00:00,326.7200012207031,328.45001220703125,326.2099914550781,328.385009765625,4005270,0.0,0.0,0.005034643999560551,-0.0019299108542019106,0.011286673229687683,-0.013355097154611473,-0.00831975829238707,0.0050220125582594805,3.665008544921875,-4.444976806640625,1.925018310546875,-6.117712636728499e-05,326.64357212611606,0.005331308460070508,328.5467834472656,-0.0004923916160210973,329.8909505208333,-0.004564965340292492,323.80344848632814,0.014149204712611826,327.67797001002936,0.0021577274650836195,327.82565658617796,0.0017062519915926595,324.4834892170956,0.012023787582939406,327.5514273507254,330.00793494829907,-0.004917836848145501,-0.18770879364307233,37.37921627467392,0.5249290015973997,1.292068697338053,-0.7671396957406533,48.73401382971511,37.019720002310144,-47.39204356115013,-0.6519630675805109,-51.26598616237944,3.424251011439732,0.010427549704151422,0.11067447284751097,0.11055986365204631,0.11114472232289337,-0.5869927894111471,6918497.9,0.5789219073117011,72074600.0,58310256.222194165,36.59382601000538,0.0007155788010244858,328.6199951171875,1,0.0026213224832645292
2026-07-21 15:30:00+00:00,328.3800048828125,329.6000061035156,327.7550048828125,328.6199951171875,3516853,0.0,0.0,0.0007155788010244635,0.005876898801398189,0.008222349683092434,-0.01534126945228198,-0.012856710296689666,0.000715322896586809,2.67999267578125,-5.1199951171875,-0.985015869140625,-1.5240899138656922e-05,327.1607142857143,0.00446044029050001,328.32356916155135,0.0009028470188486334,329.7709495907738,-0.003490163324001317,324.1090484619141,0.013917990493219989,327.866375031461,0.0022985586297218437,327.89786917990614,0.002202289203907435,324.64570513474627,0.012241929954931757,327.561188906715,329.89362948056095,-0.0038607425229005062,0.3805733111912436,42.950571362104284,0.542299633642358,1.1421148845989142,-0.5998152509565562,51.40397451229344,45.28912898752744,-21.646153826667145,-1.1297494946374433,-48.59602547967419,3.208186558314732,0.00976260302469092,0.10871439028506298,0.10939143950225796,0.11010622312467097,-0.12194358932106952,6809865.75,0.516434997268485,75591453.0,59956084.4867471,42.014173292359445,-0.004716656977662046,327.07000732421875,0,0.004653723561934781
2026-07-21 16:30:00+00:00,328.6210021972656,328.8299865722656,327.0,327.07000732421875,3845150,0.0,0.0,-0.004716656977661993,0.0010100296863173597,-0.0059266359326639595,0.0001529518446188316,-0.012648681754162783,-0.004727815505308674,-1.949981689453125,0.050018310546875,-4.629974365234375,3.0645733463747565e-06,327.4964294433594,-0.001302066467912661,328.07571193150113,-0.0030654649847694235,329.49333118257067,-0.007354697740458408,324.36334838867185,0.008344527669307662,327.7071014900126,-0.001944096307022808,327.8226090112073,-0.0022957589449253946,324.74077580884324,0.007172587149140233,327.39404732840404,329.75238907076863,-0.008134533169268638,0.4260950569638193,42.29228378413695,0.42608330052172505,0.9989085677834765,-0.5728252672617514,38.95388884081971,46.363959060942754,-41.392112706264626,-1.7306070607850519,-61.04611115114792,3.028900146484375,0.00926070895724969,0.10860682679098697,0.10665269638457285,0.10636088437659325,0.09334965095214387,6662182.65,0.5771606997295398,71746303.0,61078962.44039024,43.29913656528768,0.0005197141478880665,327.239990234375,1,0.0052449991158384016
2026-07-21 17:30:00+00:00,327.07000732421875,327.8699951171875,326.7200012207031,327.239990234375,3598490,0.0,0.0,0.0005197141478880951,-0.003486820339537511,0.0016528252438556823,0.00720220493028445,-0.01726778632580772,0.0005195791432641877,0.53997802734375,2.339996337890625,2.489959716796875,0.0,327.68214198521207,-0.001349331239587888,327.70892551967074,-0.0014309506051771053,329.3019016810826,-0.006261462312167955,324.6189483642578,0.008074210958160218,327.6136792388851,-0.0011406391985130182,327.7696436678589,-0.0016159319318142043,324.83878421768765,0.007391992992655755,327.2826177687872,329.49093309750293,-0.006831577554988445,0.324208474681872,37.682820751037156,0.3437348579979016,0.8678738258263615,-0.5241389678284599,40.31925558998507,43.5590396476994,-45.16802746038168,-1.9476239558273434,-59.68074440198256,2.886040823800223,0.008819340269886853,0.10651779346160897,0.10415228075950635,0.10351690590891488,-0.06414834271744929,6443341.65,0.558481948570894,75344793.0,62437612.969876885,38.10159021851785,0.0021238459386365757,327.93499755859375,2,0.005252095988972302
2026-07-21 18:30:00+00:00,327.25,328.489990234375,327.17999267578125,327.93499755859375,2991406,0.0,0.0,0.0021238459386365705,-0.002084467070695095,0.0036573647546527255,0.009030761718749947,-0.01600801641596139,0.0021215937661322438,1.19500732421875,2.93499755859375,0.655029296875,3.058845472339809e-05,327.5271432059152,0.0012452535954276416,327.3592834472656,0.0017586613254519426,329.0611877441406,-0.0034224339651357316,324.8808465576172,0.00940083428533393,327.6779429028268,0.000784473478711892,327.78467583974384,0.0004585989825922918,324.9602043487036,0.009154330807500506,327.31276070731025,329.2467314492754,-0.003984045293035027,0.2403363057368616,38.392209680244626,0.3307418208243007,0.7604474248259494,-0.4297056040016487,46.996581716117156,42.08990871564064,-26.579520250781442,0.27980202301359103,-53.003418275658895,2.7967529296875,0.008528375899187954,0.1068844845082851,0.10279493836416452,0.10152959074167248,-0.16870520690623014,6182711.7,0.4838339785437512,78336199.0,63951764.0203648,35.79156400320069,-0.0010520414816094215,327.5899963378906,1,0.0049034174196489425
2026-07-21 19:30:00+00:00,327.92999267578125,328.1000061035156,327.1400146484375,327.5899963378906,3687722,0.0,0.0,-0.0010520414816094226,0.0015898401015914665,-0.0024209796552583374,0.008838368768164795,-0.012807377190519609,-0.0010525952656855531,-0.795013427734375,2.8699951171875,-1.990020751953125,-1.5261813620824327e-05,327.65428379603793,-0.0001962051507531255,326.9199981689453,0.0020494254640152734,328.7907119024368,-0.0036519144886878636,325.1094464111328,0.007629891884511065,327.66035358983964,-0.00021472616744129156,327.76697770321175,-0.0005399609398138942,325.0633334463188,0.007772832650106715,327.34352242606025,328.79005898208055,-0.0036499359132134896,0.07528573494457814,35.0145821351627,0.28927148838636185,0.6662122375380319,-0.3769407491516701,46.73445048744487,44.683429264515695,-29.46440810629432,0.827947827618312,-53.2655495038516,2.713895525251116,0.008284427349984158,0.10609082037879612,0.09555920744688798,0.09129607120167606,0.23277214794648393,5539870.1,0.6656693989990847,74648477.0,64970498.58985387,28.46619205136146,-0.009508807561883126,324.4750061035156,0,0.005118497287021117
2026-07-22 13:30:00+00:00,327.875,328.99951171875,324.3299865722656,324.4750061035156,6559605,0.0,0.0,-0.009508807561883104,-0.008449407814977161,-0.01261331956442202,-0.004494681005452805,-0.030419365355109806,-0.009554304919293082,-4.144989013671875,-1.464996337890625,-3.3499755859375,0.0008700011150967498,327.3307146344866,-0.008724230276254573,326.7382136753627,-0.0069266693552068525,328.4399980817522,-0.012072195839063372,325.2923486328125,-0.0025126398844903764,327.02328409257484,-0.007792344193846602,327.4677075577848,-0.009138920831550896,325.0402617858167,-0.0017390328176385061,327.017523484003,328.32820984492554,-0.011735829045022069,-0.22683479486149896,42.47710490324815,0.0049946965444860325,0.5339687293393227,-0.5289740327948367,29.90350443628671,41.21151221328291,-72.48397689609868,-0.1615365835331568,-70.09649555045002,2.5024326869419644,0.007712250989636822,0.10482396989824491,0.09855043920909633,0.09459644116681776,0.7787688442892386,5541160.9,1.1837961608369825,68088872.0,65267486.53367731,30.372595495132245,0.004083463023436766,325.79998779296875,2,0.003233063552350408
2026-07-22 14:30:00+00:00,324.4949951171875,325.80999755859375,324.07000732421875,325.79998779296875,3700418,0.0,0.0,0.004083463023436762,-0.006510466347049548,-0.0038830204629280995,-0.009786643146989182,-0.017920413003122193,0.0040751483158198406,-1.27001953125,-3.220001220703125,2.874969482421875,6.160417072443601e-05,326.96142578125,-0.003552217162934521,326.802498953683,-0.0030676361530922493,328.01833089192706,-0.006762863200113149,325.40454833984376,0.001215224111467525,326.77862483265363,-0.002994801267013894,327.3160966700742,-0.004631941088522241,325.0700549625678,0.0022454631524973174,326.89242669968377,327.9983146677565,-0.006702250519207223,-0.20077566022398002,52.79156099819159,-0.11208966025890277,0.40475705141967766,-0.5168467116785804,47.47711063169081,41.37168851847412,-91.42237691421818,0.33259009860875877,-52.5228893550459,2.3695765904017856,0.007273102146032835,0.10302516808232684,0.0941659229971084,0.08985407213453424,-0.43587792252734725,5413536.7,0.6835490743047884,71789290.0,65888610.67332709,32.01494049603318,-0.002808404117943606,324.885009765625,0,0.003337404948852249
2026-07-22 15:30:00+00:00,325.7650146484375,325.8900146484375,324.3699951171875,324.885009765625,4081820,0.0,0.0,-0.002808404117943586,-0.008257231913381124,-0.007196493518604852,-0.00555556282090397,-0.017108363989554176,-0.0028123550837947466,-2.35498046875,-1.81500244140625,-1.0849609375,-0.00010734544457185959,326.4278564453125,-0.00472645532303476,326.7942853655134,-0.005842438761580806,327.69166492280505,-0.00856492690417576,325.5578485107422,-0.0020667256163321213,326.39990181924793,-0.004641214795638014,327.0950887696697,-0.0067566866025133565,325.0627982881779,-0.0005469359258844247,326.6367614746094,327.703313417853,-0.008600168313299262,-0.35865285336035685,49.66049278496464,-0.2755347435794988,0.2686986924198424,-0.5442334359993413,35.34149875268937,37.5740379402223,-92.67325974003039,-0.32367695522971834,-64.65850123404735,2.3585052490234375,0.007259507758507003,0.10277484167801745,0.09048093766328981,0.08459719351044406,0.10306997749983915,5303910.25,0.7695869288135107,67707470.0,66061835.37110546,32.31625352484883,-0.0037551785525076855,323.6650085449219,0,0.00699506240401772
2026-07-22 16:30:00+00:00,324.885009765625,324.95001220703125,323.3399963378906,323.6650085449219,2995117,0.0,0.0,-0.003755178552507732,-0.002496332670798518,-0.013020839634259929,-0.00941109683956165,-0.02620531464483833,-0.003762246936399287,-4.269989013671875,-3.074981689453125,-1.915008544921875,0.0,325.9414280482701,-0.006984136741906013,326.7189287458147,-0.009347239881713178,327.3642839704241,-0.011300180278142747,325.6837487792969,-0.006198467814053642,325.85292316438273,-0.0067144237903626405,326.78326329469263,-0.00954227189704381,325.0079830041286,-0.004132127607418035,326.21952456519716,327.41310779640844,-0.011447615144979948,-0.5630637017283617,47.04895134639557,-0.49777204591146074,0.11540454475358179,-0.6131765906650425,19.16027815076685,33.99296251171568,-118.70510637342427,-1.6275547527634278,-80.83972183596987,2.370293753487723,0.007323293191736616,0.1003769469237111,0.08881977095243859,0.08263693364280154,-0.2662300150423096,5224779.2,0.5732523586834061,64712353.0,65933313.240523994,32.877589002921354,0.0008186987282024882,323.92999267578125,1,0.006946636252332057
2026-07-22 17:30:00+00:00,323.6650085449219,324.0199890136719,323.55499267578125,323.92999267578125,1648241,0.0,0.0,0.0008186987282023939,-0.005739702846078054,-0.011172513516970461,-0.013566444744306017,-0.02674036071131458,0.0008183637772021185,-3.660003662109375,-4.45501708984375,0.6099853515625,0.0,325.4685712541853,-0.004727272352198062,326.57535661969865,-0.008100317094623475,326.96214076450894,-0.009273697809870574,325.83294860839845,-0.00584028085784052,325.46833706666246,-0.004726556213550803,326.52387505660977,-0.007943928695477076,324.96570887360525,-0.003187155350670104,325.84766642252606,327.02011698918056,-0.009449340125739426,-0.5881477124050352,44.0602059408533,-0.645078639340511,-0.036692092065236756,-0.6083865472752743,22.6748374845461,25.7255381293341,-115.2137585590237,-0.8478786127152477,-77.32516250219061,2.2399379185267856,0.006914882749871839,0.10020120239372104,0.08735194394186684,0.08047502730820859,-0.4496906130879027,5017568.7,0.3284939576412775,66360594.0,65974006.64618838,26.527040879232203,0.001574444408225775,324.44000244140625,2,0.006839203728693837
2026-07-22 18:30:00+00:00,323.9299011230469,324.70001220703125,323.8299865722656,324.44000244140625,2532403,0.0,0.0,0.0015744444082257392,-0.0013697379406325538,-0.00010787783789489858,-0.012719836704673582,-0.027865967714680084,0.0015732062700445657,-0.035003662109375,-4.17999267578125,3.625,-2.8263123651643987e-07,324.9692862374442,-0.0016287194465804732,326.2482147216797,-0.005542443448496629,326.56261771065846,-0.006499872165792078,325.9849383544922,-0.004739286179538717,325.26267014161124,-0.0025292410587550366,326.3344320915913,-0.005805178564937711,324.94509293508764,-0.0015543872015963576,325.5629525320871,326.5243419113418,-0.006383412206662159,-0.5049154878254773,34.0417296362813,-0.7124539248052315,-0.17184445861323572,-0.5406094661919958,29.439240984041543,23.75811887311816,-92.06541247258974,-0.7039198940147787,-70.56075900269518,2.0327976771763394,0.006265558075062573,0.09965963116712599,0.08648259617101021,0.07934145964553715,0.5364276219315016,4825705.3,0.5247736532937475,68892997.0,66252005.72750377,22.41147787459495,0.004407572016460906,325.8699951171875,2,0.006841665024113193
2026-07-22 19:30:00+00:00,324.44000244140625,326.9100036621094,323.9800109863281,325.8699951171875,5469385,0.0,0.0,0.0044075720164609145,0.006812557780584427,0.00021487822848920146,-0.0036689766109971877,-0.0035165859431188773,0.004397887118416477,0.07000732421875,-1.20001220703125,0.105010986328125,0.0,324.72357177734375,0.0035304592566698496,326.18892778669084,-0.0009777544310483964,326.18785603841144,-0.0009744719655827225,326.1757385253906,-0.000937357908912579,325.3841351367265,0.0014931889050316942,326.2922105484637,-0.001293979499434544,324.9813636088955,0.0027344075931649806,325.5125232514881,326.16967030006134,-0.0009187708427863165,-0.3935347534113687,46.91670402825248,-0.6430482065194951,-0.2660852081944876,-0.3769629983250075,49.45516199730973,33.856413488632455,-28.062247329715255,-0.7658737681798745,-50.54483798913941,1.996368408203125,0.006126272556879857,0.07293785419092266,0.0737271312146647,0.07056591116943112,1.1597609069330592,4540256.15,1.2046423856504216,74362382.0,67024422.51536056,31.8077191372402,-0.013440957892540514,321.489990234375,0,0.005828938272010562
2026-07-23 13:30:00+00:00,321.7300109863281,323.29998779296875,319.3500061035156,321.489990234375,7808169,0.0,0.0,-0.013440957892540517,-0.007532499294835016,-0.010449911289225677,-0.017571202088967675,-0.010495548556999412,-0.01353210522682389,-3.39501953125,-5.75,-3.46502685546875,-0.01270440418841837,324.2971409388951,-0.008656106854301166,325.81392778669084,-0.01327118696759162,325.9245227632068,-0.013606010653086168,326.25713806152345,-0.014611627673368727,324.60530615625623,-0.009597242752316585,325.85564506536474,-0.013397511742049515,324.8444470059731,-0.010326347895139185,324.8859982445126,325.7912604538925,-0.013202534081214369,-0.5188557531068263,35.25274828008348,-0.9307444212320206,-0.39901705080199423,-0.5317273704300264,20.87789395756679,33.25743231297269,-204.03552911472497,-2.1696807828897353,-79.12210603267711,2.1185389927455356,0.006589751025201354,0.08423704007662153,0.07462570501390876,0.07326340920793062,0.42761370793974085,4565018.25,1.7104354402088093,66554213.0,66979640.65675479,32.92506271118248,-0.0006531819386508286,321.2799987792969,1,0.0017794763953907819
2026-07-23 14:30:00+00:00,321.4649963378906,322.9100036621094,320.7149963378906,321.2799987792969,3963966,0.0,0.0,-0.0006531819386508264,-0.009739870664315142,-0.007368759991532969,-0.020293652183639765,-0.011446157602163498,-0.0006533953549114744,-2.385009765625,-6.654998779296875,1.010009765625,-7.774393369471946e-05,323.65142822265625,-0.007327109465806594,325.3064270019531,-0.012377339912253557,325.75214204334077,-0.013728668784732516,326.3838983154297,-0.015637718534707176,323.94024468086434,-0.00821215006545433,325.4396772211768,-0.012781718803881795,324.704664722574,-0.010547017999241305,324.2814743768601,325.62593012401294,-0.013346392110258518,-0.527980406212307,28.29191878156631,-1.1622921195317417,-0.5516720645479438,-0.6106200549837979,18.82919683505325,29.72075092997659,-164.74168477207175,-1.7702658193188097,-81.17080315519065,2.115323747907366,0.006584050535165442,0.08418174374575366,0.0752344958868788,0.07411178496025404,-0.4923309165055213,4528161.9,0.8754028869859973,62590247.0,66561603.16563529,32.78790962169836,-0.002863872584551445,320.3598937988281,0,0.0026472292345445904
2026-07-23 15:30:00+00:00,321.2900085449219,321.54998779296875,320.07000732421875,320.3598937988281,4791936,0.0,0.0,-0.0028638725845514523,-0.016908894347200887,-0.011021205067992645,-0.022070584022367612,-0.013427283214721197,-0.0028679813141020256,-3.570098876953125,-7.2301025390625,-1.185089111328125,3.1155894120396356e-05,323.0049830845424,-0.008189004579578794,324.7164197649275,-0.013416401822980697,325.5311846051897,-0.015885700206011093,326.5050964355469,-0.018821153800620723,323.2241745044571,-0.00886159183486634,324.977878728236,-0.014210151618521375,324.5342815490938,-0.012862701993537588,323.62193661644346,325.4150333325305,-0.015534437613154746,-0.528795030317848,25.776854971272016,-1.4038573275300905,-0.7221091171443732,-0.6817482103857173,10.465693637334747,16.724261476651595,-176.9309472356771,-2.1024619975688807,-89.53430635230202,2.0892508370535716,0.006521574259101882,0.08457535685159406,0.07527809834993665,0.07392492885207962,0.20887414271464477,4561432.45,1.0505331499538042,57798311.0,65727003.911765255,25.947338219280454,0.0015922758379976743,320.8699951171875,2,0.009771425028284632
2026-07-23 16:30:00+00:00,320.30999755859375,321.04998779296875,320.0,320.8699951171875,2240708,0.0,0.0,0.001592275837997592,-0.0019285051977372403,-0.011003597883597838,-0.011110288677144031,-0.015555032479114606,0.001591009510875296,-3.57000732421875,-3.605010986328125,9.1552734375e-05,-0.00015575058301633689,322.60569545200894,-0.005380253229516429,324.2735617501395,-0.010495973259651757,325.3478509812128,-0.013763287049558835,326.6570965576172,-0.017716135670700864,322.7533386270032,-0.0058352409856443944,324.60443476359524,-0.01150458603289253,324.39058404196027,-0.01085293192205148,323.1090799967448,325.2867122429569,-0.013577920522179203,-0.6320593219851501,30.637223106143708,-1.5364276009642026,-0.884972813908339,-0.6514547870558636,15.751988486484098,15.015626319624028,-148.63576235094348,-2.1543911122576564,-84.24801150315268,2.033536638532366,0.006337571818715378,0.08341622473805305,0.07409732939527351,0.07261446022081258,-0.5324002657798435,4421225.65,0.5068069755724862,60039019.0,65185291.063025706,26.71994148099303,-0.001869935215651722,320.2699890136719,0,0.009639503697351691
2026-07-23 17:30:00+00:00,320.8700866699219,321.39898681640625,320.0,320.2699890136719,2551049,0.0,0.0,-0.001869935215651708,-0.0031437057067433827,-0.01718478591900363,-0.016973600326869676,-0.02659412890454027,-0.0018716857270761054,-5.600006103515625,-5.529998779296875,-2.029998779296875,2.8532656766887155e-07,322.0828377859933,-0.005628517137943117,323.7757045200893,-0.01082760521393308,325.0778503417969,-0.014789876711240327,326.76509643554687,-0.0198769926552919,322.25666870433696,-0.006164898615276299,324.2103942408749,-0.01215385224282266,324.22899208006663,-0.012210515293477803,322.5752702985491,324.9749443475422,-0.014477901806559453,-0.6249884916119542,28.801899324103402,-1.6706477881122055,-1.0421078087491122,-0.6285399793630932,9.533990100057212,11.91722407462535,-130.13593580016433,-2.234502703387264,-90.46600988957955,2.0513218470982144,0.00640497679289033,0.07418912640295874,0.07052343776373972,0.07041782666976856,0.13850131297786228,4260701.35,0.5987392193071687,57487970.0,64452212.86654706,27.259642506583234,0.0004680499231652981,320.4198913574219,1,0.008459580613450134
2026-07-23 18:30:00+00:00,320.2749938964844,321.20001220703125,319.760009765625,320.4198913574219,3757792,0.0,0.0,0.00046804992316529237,0.00018728174080195892,-0.003328560482312337,-0.013743688609777038,-0.01922289750521844,0.0004679404219666909,-1.070098876953125,-4.465118408203125,4.5299072265625,1.5627073981854485e-05,321.508536202567,-0.0033860526939658267,323.2389112200056,-0.00872116494866023,324.66832188197543,-0.013085448250429786,326.86909423828126,-0.019730231442861082,321.889313234954,-0.004564991185199695,323.86580306965186,-0.010639936910777376,324.0796155811394,-0.011292670219765714,322.1278285435268,324.5981359679649,-0.012872053618146747,-0.6021307228463115,26.3602310610315,-1.7448093114405197,-1.1826481092873937,-0.5621612021531259,11.087461849923894,12.1244801454884,-115.88653686726825,-1.2497464118353603,-88.91253813971288,2.06060791015625,0.006430961265919827,0.07124996312395027,0.0675688655837388,0.06807122670633031,0.47303795419060934,4172166.05,0.9006813139663986,61245762.0,64146836.59354258,21.486551148427196,0.003714170144365661,321.6099853515625,2,0.009632112701790055
2026-07-23 19:30:00+00:00,320.3800048828125,321.9800109863281,320.0400085449219,321.6099853515625,4281719,0.0,0.0,0.0037141701443657027,0.0023061995376187916,0.0010270996436734237,-0.006349228798621098,-0.015700572431102455,0.0037072896460665548,0.329986572265625,-2.055023193359375,1.40008544921875,-0.00012448189293204012,320.89996337890625,0.0022125959915292076,322.811767578125,-0.0037228575512444073,324.42593965076264,-0.008679806251691145,326.9871942138672,-0.016444707797245675,321.83344765827576,-0.000694341462450596,323.66072873164376,-0.006336089608743515,323.9827673368423,-0.0073237907212685615,321.9106384277344,324.32123546151934,-0.008359767457379971,-0.5373802312848209,32.13870975051327,-1.6880929292000815,-1.2837370732699314,-0.4043558559301501,23.420673948773864,14.68070863291832,-84.28178100070748,-1.2860658681350068,-76.57932604086291,2.130608694893973,0.006624821342404247,0.07309087051318217,0.06110593753513796,0.06277229794082118,0.13942416184823436,3901360.95,1.0974936835823916,65527481.0,64278326.53701472,28.841414391192245,0.022356278625946954,328.79998779296875,2,0.010187080733303943
2026-07-24 13:30:00+00:00,324.375,329.4389953613281,323.2300109863281,328.79998779296875,8571059,0.0,0.0,0.022356278625947024,0.026633774852169223,0.026345663603698943,0.0150340975744776,0.0012636935761469736,0.02211004025447592,8.440093994140625,4.8699951171875,8.110107421875,0.008597415423549035,321.94424874441967,0.021294802051178497,323.1206948416574,0.017576382577652237,324.52403477260043,0.013176074996575762,327.26479370117187,0.004690984552386619,323.22675568521436,0.01724248382817924,324.12793410085516,0.014414227224998848,324.17167794296495,0.01427734180653448,322.7090677897135,324.45248533886326,0.013399504243437976,0.01043351812268314,60.389021043698406,-1.050858042612333,-1.2371612671384118,0.18630322452607873,93.6662875441044,42.72480778093405,76.30218783747424,1.2050349845799289,-6.33371244598379,2.356286185128348,0.007166320780415705,0.10860412357723255,0.07187726179706012,0.07182127060390478,1.0017798926085528,4129650.4,2.0754926373428604,74098540.0,65213584.962060936,42.67803422960005,0.009017721914684803,331.7650146484375,2,0.005174631863709547
2026-07-24 14:30:00+00:00,328.7950134277344,331.92999267578125,328.7099914550781,331.7650146484375,6271725,0.0,0.0,0.009017721914684751,0.0354070505515538,0.03395462242354874,0.02257740152851273,0.00957038396318044,0.008977305057353108,10.89501953125,7.32501220703125,2.454925537109375,-1.512884859804805e-05,323.4421081542969,0.025732291140473526,323.54676818847656,0.025400490031005783,324.6849873860677,0.021805835001325383,327.40589416503906,0.013314117311485477,324.93440747785905,0.02102149545681111,324.8222141506354,0.021374155446650108,324.4694558529835,0.02248457802061068,323.8616437639509,324.74574347742737,0.02161466720340991,0.7101352061428792,63.28206113921658,-0.30309799151490324,-1.0503486120137102,0.747250620498807,98.68856753238232,71.92517634175353,164.80144245678434,2.502589371617658,-1.3114324596685443,2.462001255580357,0.0074209188638586655,0.113146505431035,0.0738579238299981,0.07188504795459821,-0.26826720012077854,4267394.0,1.469685011508194,80370265.0,66657078.29900752,51.30086612499096,0.005892684538595101,333.7200012207031,2,0.0035675928027082845
2026-07-24 15:30:00+00:00,331.7749938964844,334.3699951171875,331.6700134277344,333.7200012207031,6621698,0.0,0.0,0.00589268453859515,0.03765435285195751,0.041995855585635455,0.02408937987890747,0.020332019896561082,0.005875390578370208,13.45001220703125,7.850006103515625,2.55499267578125,3.007926576411218e-05,325.35069492885043,0.025723953943473887,324.17783900669644,0.029434961511296077,324.92784481956846,0.027058796410599602,327.56789428710937,0.018781165800646895,326.69152622642787,0.02151410254021205,325.6311038842779,0.024840677809681914,324.83222233799216,0.027361136831541764,325.21807483491443,325.2590121022997,0.026013081278486637,1.535592949164141,68.8016874706122,0.4421613533320965,-0.7518466189445489,1.1940079722766455,95.67247421519785,96.00910976389486,199.2811527423496,3.0222606014412468,-4.32752577814435,2.5462842668805803,0.007630001970391295,0.11292544452487208,0.07491450774673333,0.07299317943015522,0.05580171324476124,4406221.4,1.5028064636062086,86991963.0,68593733.98481633,59.81001677748807,-0.003955433655131067,332.3999938964844,0,0.00676840633671252
2026-07-24 16:30:00+00:00,333.69500732421875,334.2200012207031,332.1505126953125,332.3999938964844,3846747,0.0,0.0,-0.003955433655131069,0.010948924078982625,0.037388760380356434,0.03393574914775943,0.01576825515247604,-0.003963277072407439,11.9801025390625,10.910003662109375,-1.46990966796875,-7.489481119763807e-05,326.99783761160717,0.016520464857865874,324.801766531808,0.02339342992430694,325.18165370396207,0.022197870360397144,327.6524938964844,0.014489436486588734,327.8332197604392,0.013930175042567,326.24645752175115,0.018861618978051577,325.1289976932271,0.022363419611361096,326.31436215355285,325.51047964770447,0.021165260965530713,1.8508814542948004,68.5100779760296,0.91571539704006,-0.4183342157476271,1.334049612787687,86.88413673419613,93.74839282725877,168.32793605144985,2.4534556143369413,-13.115863259146074,2.579103742327009,0.007759036671710746,0.1143029717597033,0.07570603210521085,0.07362744566014254,-0.4190693988158324,4418634.25,0.8705737525118761,83145216.0,69979589.41483381,58.92366559816901,-0.00040607476090661444,332.2650146484375,1,0.005778618733219936
2026-07-24 17:30:00+00:00,332.3949890136719,333.19000244140625,332.1400146484375,332.2650146484375,2780581,0.0,0.0,-0.000406074760906594,0.001507090795965338,0.03313028134131968,0.03419140908515361,0.013203888337871339,-0.0004061572315892475,10.655029296875,10.985015869140625,-1.3250732421875,-1.5056807774922998e-05,328.71141270228793,0.010810704492810647,325.3971252441406,0.021106177256860807,325.42094058082216,0.02103144946781475,327.75799438476565,0.013751061273480825,328.7195787380389,0.010785593982563613,326.79359907872265,0.016742725638209565,325.40884149539227,0.021069412624184172,327.30946190243674,325.65192097451313,0.020307246013210618,1.995498400102713,67.76038221596704,1.2655304440093005,-0.08156128379624161,1.347091727805542,85.98547264119964,89.51402786353121,143.4587383940665,1.962445032391103,-14.014527352142576,2.6208888462611606,0.007887947062456694,0.11426918862199438,0.07552557943976394,0.07350990025888482,-0.27716041632059507,4408093.0,0.6307900037499208,80364635.0,70968641.37532583,57.84386395430205,0.0006770968233761891,332.489990234375,1,0.006546726139767316
2026-07-24 18:30:00+00:00,332.2650146484375,333.2300109863281,332.05999755859375,332.489990234375,6248052,0.0,0.0,0.0006770968233762442,-0.0036857574668252013,0.011222635579079432,0.03786396696449157,0.014957703077814077,0.0006768676967435741,3.69000244140625,12.130096435546875,-6.96502685546875,0.0,330.4357125418527,0.006216875520850052,325.9721243722098,0.01999516331250093,325.6378449939546,0.021042226343582854,327.8519940185547,0.01414661585234605,329.4736610373061,0.009154993414536426,327.3114528201456,0.015821436645723358,325.68653360280337,0.02088958532085953,328.255177234468,326.05038391639596,0.019750341160802005,1.937647963780285,67.36394894084091,1.5431268330314083,0.2433763395692884,1.29975049346212,87.48331385611489,86.78430774383689,128.44047716951238,3.421568426421763,-12.516686137227314,2.6423165457589284,0.00794705592155839,0.11408614919445742,0.07563937967117783,0.07369233932578644,1.2470311060889792,4536109.5,1.3774032571303667,86612687.0,72458550.48243766,60.189509614046344,0.001744464816624678,333.07000732421875,2,0.007308222263166397
2026-07-24 19:30:00+00:00,332.4800109863281,333.45001220703125,331.8500061035156,333.07000732421875,4719723,0.0,0.0,0.0017444648166247134,0.002015684235972204,0.003933484900944473,0.038021667319113384,0.026488946942067715,0.0017429450051249119,1.30499267578125,12.20001220703125,-2.385009765625,-3.001367962930412e-05,332.07285853794644,0.0030028012245853475,326.48641095842635,0.020164993533561097,325.8987978980655,0.022004405884228737,327.97219421386717,0.015543430816003286,330.1929302946886,0.008713321108824808,327.83495777506135,0.01596855193439551,325.9760815918785,0.021762105052848903,329.2015616280692,326.4167911202259,0.020382579527049912,1.7893670590476272,66.12169198113276,1.7893005599959793,0.5525611836546266,1.2367393763413528,91.3449484370535,88.27124497812268,112.51208606849124,3.669698888720527,-8.6550515562887,2.5473175048828125,0.007647994262045761,0.1074422933495849,0.0699844750024048,0.06930033368896071,-0.2446088796956235,4444115.4,1.0620163013768722,91332410.0,74256060.9126817,59.815743182178316,0.013870943091823577,337.69000244140625,2,0.007630637690648742
2026-07-27 13:30:00+00:00,334.8999938964844,338.1400146484375,334.0199890136719,337.69000244140625,11270804,0.0,0.0,0.013870943091823573,0.016327291631075935,0.011896204021878853,0.0543916508736344,0.03649482840371698,0.013775622011460799,3.970001220703125,17.420013427734375,2.665008544921875,0.0054943000931295975,333.34286063058033,0.013041052694482327,327.6435546875,0.0306627357997556,326.52808343796505,0.0341836416821636,328.1745941162109,0.028994957244608637,331.6923447240322,0.018081990171784138,328.73087092654725,0.027253696890650714,326.435451036958,0.034477111381936175,330.69537382579983,327.6543385963312,0.030628814158351027,1.7123310331073647,85.8880715549348,2.3303274430630267,0.9081144355363067,1.42221300752672,97.55162084626222,92.12662771314353,143.48592979866086,5.409574974265216,-2.448379148297079,2.4437473842075894,0.007236658966900792,0.11604227624463648,0.07382751272014437,0.07288413213864797,1.3880223479216895,4822634.7,2.337063597207559,102603214.0,76955789.77814059,72.60306231297409,0.0031093244851124577,338.739990234375,2,0.0033414744908719482
2026-07-27 14:30:00+00:00,337.70001220703125,339.5,336.1199951171875,338.739990234375,7762742,0.0,0.0,0.0031093244851123636,0.018797558373394363,0.0190733948685482,0.05717528583928466,0.04264579790475742,0.00310450053263785,6.339996337890625,18.320098876953125,2.3699951171875,2.9641877321219148e-05,334.3392857142857,0.013162391343495297,328.89069693429127,0.029947010942731417,327.14427403041293,0.03544526719379056,328.3419940185547,0.03166818867281723,333.10187382610076,0.016926102346697555,329.6407908636225,0.027603378049439815,326.91798198587634,0.0361620005624935,332.17489856538316,328.57190667117516,0.03094629624968153,1.4754215328598816,87.29143984194455,2.811412176038232,1.2887739836366918,1.52263819240154,96.14989796062297,95.01548908131291,138.3980248785082,5.569232209015169,-3.8501020343111745,2.5283900669642856,0.007464102674170306,0.11480703717218584,0.07619805124278928,0.0761230283728756,-0.31125215202038825,5006680.8,1.550476715032442,110365956.0,80137710.37069863,74.08164097453141,-0.0038078954708503695,337.4501037597656,0,0.0034932445597707596
2026-07-27 15:30:00+00:00,338.7300109863281,339.57000732421875,336.75,337.4501037597656,6554357,0.0,0.0,-0.0038078954708503643,0.013150678053347464,0.015605281575655328,0.049252570285987174,0.042590625649700176,-0.003815163962446767,5.185089111328125,15.840118408203125,-1.1549072265625,-2.9459905339020867e-05,334.87215750558033,0.007698299773204151,330.1114262172154,0.0222309104129558,327.74261183965774,0.029619254773094576,328.47839599609375,0.027312930996385074,333.9715198128337,0.010415810153126166,330.3507283996355,0.021490418363843595,327.3310063691661,0.030913959245144673,333.31615280877975,329.2954968921256,0.02476379708978121,1.0017568670529224,85.93404698606763,3.053394602177775,1.6416981073449084,1.4116964948328667,89.298819653683,94.33344615352273,117.33138674921527,5.3642599479736806,-10.701180341269051,2.6241062709263394,0.00777627934228372,0.11484293408957456,0.07752463951628834,0.07795226842483359,-0.15566471228851864,5184642.8,1.2641868018371485,103811599.0,82392366.4306321,72.12558818075611,-0.004149105160132453,336.04998779296875,0,0.003504054980953028
2026-07-27 16:30:00+00:00,337.4599914550781,338.1300048828125,335.67999267578125,336.04998779296875,3314628,0.0,0.0,-0.004149105160132449,-0.004856568558679997,0.010707081906689231,0.02204987916412282,0.03741547677345913,-0.004157736580334113,3.55999755859375,7.25,-1.625091552734375,2.9301206911199697e-05,335.3935852050781,0.0019571113367815524,331.1957114083426,0.014656821382045224,328.3323727562314,0.02350549527580015,328.5765954589844,0.02274474943512675,334.3872134088607,0.004972601575138501,330.8688428899385,0.015659210633918997,327.6729272093152,0.025565311894921235,334.1079610188802,329.6113516277638,0.01953402433923667,0.7624945334592389,80.7661191101137,3.0964952908083774,1.9326575440376024,1.163837746770775,82.23109557857923,89.2266043976284,91.02555544755144,4.878004411424958,-17.76890441637281,2.7241080147879466,0.008106258335763098,0.11692016896555449,0.07900017999171227,0.07946485053560491,-0.4942863197717182,5267962.15,0.6292049763493459,100496971.0,84116614.4848576,71.02706712625124,-0.002678154825700624,335.1499938964844,0,0.002697956710279617
2026-07-27 17:30:00+00:00,336.07000732421875,336.79998779296875,335.04998779296875,335.1499938964844,3140907,0.0,0.0,-0.0026781548257006627,-0.010598088331426947,0.0062448930450855755,0.010202942138531013,0.033010699588477355,-0.002681747498258404,2.079986572265625,3.384979248046875,-1.480010986328125,5.95730753672097e-05,335.80572509765625,-0.0019527100110613897,332.2585688999721,0.008702333866290922,328.8666585286458,0.019106027336219453,328.62159545898436,0.019866005544650723,334.5397695063854,0.0018240712935191931,331.2580384359881,0.011749014390292571,327.96614551077283,0.02190423762947102,334.63519868396577,329.9172045190626,0.015860916938339253,0.590675636502477,79.7957995974089,3.0231815560750874,2.1507623464450996,0.8724192096299879,77.68796580899216,83.07262701375146,72.95326416301381,4.210070943561887,-22.312034185959877,2.749180385044643,0.008202835849925635,0.11802901065180577,0.07957164082579776,0.08009843279057544,-0.05241040623563187,5298387.35,0.5928043369649069,97356064.0,85377514.43868068,70.38879849260931,0.0017007529004902937,335.7200012207031,2,0.0010609843601567432
2026-07-27 18:30:00+00:00,335.1499938964844,336.239990234375,334.70001220703125,335.7200012207031,3486673,0.0,0.0,0.00170075290049021,-0.005126987722884779,-0.005833756422933933,0.005993048042323812,0.030226796732155226,0.0016993082580305755,-1.970001220703125,2.0,-4.04998779296875,0.0,336.2671552385603,-0.001627140829342577,333.35143389020647,0.007105316160930846,329.40380132765995,0.019174641784844612,328.71079528808593,0.021323321390929434,334.77581584924894,0.0028203511925023067,331.6636714164167,0.012230250563623821,328.2702182837113,0.022694056670503594,335.09672299339655,330.3339635592963,0.016304825587283873,0.5526275120331832,80.13009892430384,2.976760478588403,2.3159619728737604,0.6607985057146428,80.28670586298367,80.06858908351835,65.6429837487894,2.1046270330370462,-19.713294131896003,2.756321498325893,0.008210179579100115,0.11758086636275719,0.07783992840816027,0.07821734031521327,0.11008476214036267,5199251.75,0.6706105354486824,100842737.0,86850392.77785395,70.4805240402361,0.003574443591885844,336.9200134277344,2,0.0025392692649450145
2026-07-27 19:30:00+00:00,335.7200012207031,337.2200012207031,335.6499938964844,336.9200134277344,3614510,0.0,0.0,0.0035744435918858564,0.0025889768378792866,-0.005372784020514887,0.013598133616866459,0.047995345615925666,0.0035680704508304012,-1.819976806640625,4.52001953125,0.1500244140625,0.0,336.81715611049106,0.000305380279409736,334.44500732421875,0.00740033802062082,329.92999267578125,0.0211863756163598,328.7893957519531,0.02472895349061216,335.20465536494606,0.005117345583746858,332.1415206901729,0.01438691774403157,328.60942593641806,0.02529016770474204,335.5725335984003,331.26140557891193,0.017082001565852156,0.46259305286901226,80.13785774147831,3.0021949617042765,2.4532085706398634,0.548986391064413,83.78216345632124,80.58561170943237,71.87322173715168,1.5538102426935978,-16.217836537558806,2.729893275669643,0.008102496636778369,0.10354887193833745,0.07396805528785833,0.07241449545156205,0.03666446494982467,4989568.8,0.7244133000029982,104457247.0,88527236.03710596,70.3012374820542,0.003086720841434413,337.9599914550781,2,0.0024033452998820995
2026-07-28 13:30:00+00:00,340.0299987792969,342.8900146484375,335.6000061035156,337.9599914550781,13575047,0.0,0.0,0.003086720841434465,0.00838429840300603,0.0015110017440549406,0.01713986292738756,0.05191730807755501,0.003081966699285411,0.5098876953125,5.694976806640625,2.329864501953125,0.009230634060331139,336.85572596958707,0.0032781556029938923,335.09929330008373,0.008536867167977235,330.71427844819567,0.021909283871441736,328.88319580078127,0.02759884290277776,335.75572258297245,0.006565096955434274,332.6704725778916,0.015900175438420216,328.9761147802871,0.027308598622011702,336.0411981491815,332.54768222652416,0.016275287779185136,0.36471341831911297,73.79225496905855,3.0708704254526538,2.576740941602422,0.4941294838502319,65.23261544226196,76.43382825385562,92.10805463553451,1.2705232586758293,-34.767384550685875,2.6913931710379466,0.007963644333881826,0.10295149733064049,0.08578190937020053,0.0876372375423075,2.755708795936379,5470122.85,2.4816713211477506,118032294.0,91337241.55738159,72.21064631599728,0.0038761912407252377,339.2699890136719,2,0.0027099568893520936
2026-07-28 14:30:00+00:00,337.9800109863281,339.6687927246094,336.6000061035156,339.2699890136719,5797429,0.0,0.0,0.0038761912407252463,0.010574251698024284,0.009581911434815682,0.020391587652060172,0.05902766101776291,0.0038686981682707743,3.220001220703125,6.779998779296875,2.710113525390625,5.9236394117975865e-05,336.9314400809152,0.006940726375039769,335.63536289760043,0.010829091680573331,331.5709446498326,0.023219900561392406,329.0317956542969,0.031116121586318664,336.4585758691124,0.00835589682114332,333.270428617508,0.018002078435322328,329.3797961227728,0.030026713864327557,336.5972909109933,333.3768642384815,0.01767706582949028,0.2861924090825238,71.32708115548938,3.1941815435997114,2.70022906200188,0.49395248159783156,67.73596041359318,72.25024643739214,85.60229535944018,2.066785572597296,-32.26403957749417,2.6805921282087053,0.007901058787999023,0.10100892341900006,0.0873850175951943,0.0896404113908379,-0.5729348856029743,5520397.5,1.0501832522024002,123829723.0,94431763.59953572,65.042457526747,0.001591677903759751,339.80999755859375,2,0.0024331408605185005
2026-07-28 15:30:00+00:00,339.2401123046875,340.1400146484375,339.0,339.80999755859375,4043365,0.0,0.0,0.0015916779037596918,0.008577656463495398,0.013904233170144886,0.02023595666425204,0.05902702879553767,0.0015904125270218825,4.660003662109375,6.739990234375,1.44000244140625,-8.806175008625054e-05,337.26856776646207,0.00753532951189193,336.07036263602123,0.011127535594715859,332.4971400669643,0.02199374554059227,329.1348956298828,0.03243381990307957,337.1288602070087,0.007952856216257449,333.86493488487946,0.017806789670039503,329.7888236300599,0.030386638995822127,337.1539088657924,333.85724841811077,0.017830222853242175,0.19205030445378346,68.81956292318509,3.297469493952576,2.819677148392019,0.47779234556055705,72.10131606300709,68.35663063962073,99.20621837962655,2.270772599431429,-27.898683927934943,2.5691659109933034,0.007560595419335004,0.10100902538624042,0.08739905491472488,0.08966573040539487,-0.3025589446632292,5610530.35,0.720674294186823,127873088.0,97616651.63767517,63.96265012556696,-0.0022953967949762254,339.0299987792969,0,0.002646065027468421
2026-07-28 16:30:00+00:00,339.8299865722656,340.57989501953125,338.93011474609375,339.0299987792969,3106607,0.0,0.0,-0.0022953967949762566,0.0031660769063577288,0.009859399340397701,0.00396812558323556,0.05857560935821615,-0.0022980352565168203,3.30999755859375,1.339996337890625,-1.350006103515625,5.8824089389451974e-05,337.6942836216518,0.003955397596062537,336.543934413365,0.007387042557335066,333.36190214611236,0.01700283264727471,329.280595703125,0.029608191929208556,337.50908792146635,0.004506281200285539,334.3344861480083,0.014044356253443307,330.15122265552014,0.026893058436478837,337.54852701822915,334.3139682907586,0.014106591216142461,0.30208312779114055,71.1957305846725,3.2785929770036546,2.911460314114346,0.36713266288930857,65.03611519787731,68.2911305581592,91.67992729590235,1.9669790781647587,-34.96388479306473,2.539186750139509,0.007489563635296444,0.1012858932615905,0.08751724534343586,0.08976982925434561,-0.23167782280353122,5638308.25,0.55098211418292,124766481.0,100202349.67218229,64.50282380302902,0.002389161907530919,339.8399963378906,2,0.003181588208865081
2026-07-28 17:30:00+00:00,339.0400085449219,340.159912109375,339.0,339.8399963378906,3223079,0.0,0.0,0.0023891619075309123,0.001680099456706774,0.008666694745880887,0.003247346446324517,0.06060830024689712,0.002386312397944743,2.91998291015625,1.100006103515625,-0.3900146484375,2.952471952632921e-05,338.3642839704241,0.004361312459299548,337.0850045340402,0.008172988316850646,334.2938072567894,0.01659076225969176,329.4665954589844,0.03148544047211654,337.97526960475125,0.00551734668431387,334.83498707436127,0.01494768903108349,330.53117456463275,0.028163218750821478,337.98800194149925,334.93155373500593,0.014655061752567929,0.5209364970696423,73.21481674721629,3.291055990028269,2.987379449297131,0.30367654073113837,72.37304392600731,69.83682506229724,91.30215339425891,2.0326024153419104,-27.62695606493472,2.5470384870256697,0.0074948167210011,0.100910656541142,0.08729569672352809,0.08932464514666212,0.037491707190513646,5611572.6,0.5743628800240417,127989560.0,102848750.65578398,68.1614032964807,-0.0018831924957504469,339.20001220703125,0,0.0035617793862462747
2026-07-28 18:30:00+00:00,339.8399963378906,339.8900146484375,338.2799987792969,339.20001220703125,3590020,0.0,0.0,-0.0018831924957504187,-0.0017950777079691616,0.003669134759455517,0.005185680572531215,0.05469365895539746,-0.001884967932080847,1.240020751953125,1.749908447265625,-1.679962158203125,0.0,338.8614283970424,0.0009991807317507118,337.56429181780135,0.004845655861337161,335.18809872581846,0.011969140600312707,329.603095703125,0.029116584853077693,338.2202181252072,0.002896911625367156,335.2318075409676,0.011837196163334974,330.8711289819817,0.025172589855907108,338.27000296456475,335.59320513419607,0.010747556916064955,0.5906409060600359,70.05388459829598,3.2122626822151688,3.032356095880739,0.1799065863344298,66.57609070629462,67.99508327672642,80.3557151665348,0.44715856397985465,-33.423909284647415,2.578467232840402,0.0076016130307773365,0.10230621060094143,0.08693108262654577,0.0891347154549778,0.11384796959677379,5576987.65,0.6437202707450856,124399540.0,104901206.78380455,62.43890532406551,0.0028301633859971467,340.1600036621094,2,0.0034411163705050127
2026-07-28 19:30:00+00:00,339.1600036621094,340.5299987792969,339.1000061035156,340.1600036621094,6415578,0.0,0.0,0.0028301633859970643,0.0033330527884882777,0.002623322655283866,0.012230370535447621,0.03454992789200939,0.0028261660139692023,0.8900146484375,4.110015869140625,-0.350006103515625,-0.00011794971545383605,339.3242841448103,0.0024628933334460896,338.07072012765065,0.006180019179607351,336.0714329310826,0.012165778850513146,329.74969604492185,0.0315703327160543,338.60817523258766,0.004582962087230164,335.6798253701623,0.013346581931140295,331.2353985772809,0.0269433916880093,338.6160978771391,336.5086567333628,0.010850677555165942,0.5912465309942008,70.71892178232679,3.190503566445159,3.0639855899936235,0.1265179764515354,69.22206203869126,69.39039889033107,96.08860164771315,0.41920454291436693,-30.77793795003481,2.5663234165736606,0.007544459633517991,0.07128824408134511,0.07740969103802324,0.08140741712766106,0.7870591250188022,5469213.6,1.1730348216789337,130815118.0,107369198.32820413,63.29814175793601,0.0029397930069207327,341.1600036621094,2,0.003427234248792287
2026-07-29 13:30:00+00:00,339.69000244140625,343.6700134277344,339.55999755859375,341.1600036621094,10935247,0.0,0.0,0.002939793006920821,0.00388420238477849,0.003972826324166068,0.017932298597866714,0.028318202941402637,0.0029354802657691236,1.350006103515625,6.010009765625,0.459991455078125,-0.001381706301863193,339.7814287458147,0.004057240330582932,338.3185773577009,0.008398670645259444,336.6600051153274,0.013366596799126957,329.8980963134766,0.034137533603399,339.11854091849204,0.006019908961869417,336.17802339670294,0.01481947039563823,331.6245987766859,0.02875361152510827,339.0280023484003,337.29756581694033,0.011451128726063292,0.5304382529081372,62.86142166451873,3.216868890939338,3.0945622501827668,0.12230664075657138,72.01773216538729,69.27196163679105,128.08271593587838,1.0993921356070686,-27.98226782346443,2.4977525983537947,0.007321352361164498,0.06609972088239904,0.0788557627691031,0.08510735485995935,0.704483524321581,5702389.7,1.917660415246611,141750365.0,110643595.15408945,63.21545984471849,-0.003957105431540251,339.80999755859375,0,0.004852639692807318
2026-07-29 14:30:00+00:00,341.1700134277344,341.739990234375,339.5199890136719,339.80999755859375,4890702,0.0,0.0,-0.003957105431540264,0.00179830580663487,0.0023006777633405306,0.012182760404560566,0.01824882031527708,-0.003964955489085419,0.779998779296875,4.089996337890625,-0.57000732421875,2.9340384328534892e-05,339.8585728236607,-0.0001429278792741629,338.39500645228793,0.0041814775020953075,337.0430995396205,0.008209329972173945,330.153896484375,0.029247272793118364,339.25683224651243,0.0016305207721734097,336.50820286596576,0.009811929291760285,331.9455948073489,0.02369184250143579,339.226858375186,337.66920014208,0.006339925037896949,0.34909129539907896,53.87965559847434,3.0931732150809808,3.09428444316241,-0.0011112280814291609,56.96749894747809,66.06909771718554,88.76734687311955,1.118884065524874,-43.032501041373635,2.4148951939174106,0.007106604311999094,0.06647687590497006,0.07818272576407485,0.08476668134874464,-0.5527579761115593,5615839.9,0.8708763225247925,136859663.0,113140363.52036664,55.34988591925238,0.004296493527464204,341.2699890136719,2,0.0066396246301189165
2026-07-29 15:30:00+00:00,339.8299865722656,341.55999755859375,339.760009765625,341.2699890136719,3546410,0.0,0.0,0.004296493527464307,0.0032631271743079893,0.004207841016922176,0.012911003836435953,0.026684703008598154,0.004287289951800246,1.42999267578125,4.3499755859375,0.649993896484375,5.8824089389451974e-05,340.06714303152904,0.003537083798853731,338.6678553989955,0.0076834384284951,337.40262276785717,0.011462170074665087,330.4812963867187,0.03264539550309655,339.65946359994433,0.004741588521201051,336.94109251575725,0.012847635963842363,332.31125732524396,0.026958857068247778,339.61018938337054,337.9332970352014,0.009873818317799632,0.2900343358365825,63.681456026936644,3.0774773661374297,3.0909230277574142,-0.013445661619984506,73.24387861558385,67.40970324281642,96.65712361443371,1.826046614537455,-26.75612137326788,2.342036655970982,0.006862709090632324,0.06489617761431844,0.07787227686702997,0.08428993053745999,-0.27486688005116644,5600823.05,0.6331944373782706,140406073.0,115737097.7565222,62.51369770652448,0.004248871139305367,342.7200012207031,2,0.009882963363334126
2026-07-29 16:30:00+00:00,341.25,343.44891357421875,340.04998779296875,342.7200012207031,3813347,0.0,0.0,0.004248871139305388,0.004572627335702517,0.010377325728170739,0.014084536294165728,0.03146580624303108,0.00423987017328233,3.519989013671875,4.760009765625,2.089996337890625,-5.85724333088534e-05,340.5942862374442,0.006241193904734998,339.144284929548,0.010543348215015253,337.894051688058,0.014282434119574576,330.8356964111328,0.03592207533362923,340.2715711240961,0.007195517652301552,337.46644785257047,0.015567631690639119,332.71944336036006,0.030057028706560004,340.15047549293155,338.2057946208281,0.013347514062917457,0.3373067836159956,73.80450851845114,3.1457795709033576,3.101894336386603,0.04388523451675441,89.40900692708186,73.20679483004794,127.71085894206702,2.0850708848226573,-10.590993061769865,2.409816196986607,0.00703144312673982,0.06535076895553477,0.0804260514464224,0.08704037214808777,0.07526963887424176,5652461.35,0.6746347765827713,144219420.0,118449699.87494865,67.29105249833034,0.0025318227583377715,343.58770751953125,2,0.008882316665132194
2026-07-29 17:30:00+00:00,342.69500732421875,344.56988525390625,342.3500061035156,343.58770751953125,5124505,0.0,0.0,0.002531822758337743,0.011117124240248799,0.010076739829844028,0.012726497025014938,0.03337759815666441,0.0025286230946142915,3.427703857421875,4.317718505859375,-0.09228515625,-7.292803570050943e-05,341.12967354910717,0.00720557067007257,339.7469787597656,0.01130467377156602,338.4332275390625,0.01523041935904057,331.2130505371094,0.03736162256383687,340.93479840318315,0.007781279965452621,338.0229260041123,0.01646273399613956,333.1456497979746,0.03134382132216807,340.7429318382626,338.76161089652254,0.014246291397134231,0.47009647248089736,80.18278629847973,3.232662090545034,3.1280478872182895,0.10461420332674454,90.04872980016228,84.23387178094266,164.3446438542879,1.9790139576280268,-9.95127018970588,2.4433789934430803,0.007111369062285429,0.0653507046693713,0.08125251276841934,0.08792355852486833,0.34383390758826815,5596284.0,0.9156978094750015,149343925.0,121392007.02971545,72.32286604037932,-0.005988889285619755,341.5299987792969,0,0.008907209290293374
2026-07-29 18:30:00+00:00,343.5899963378906,343.94000244140625,341.3299865722656,341.5299987792969,4812676,0.0,0.0,-0.005988889285619803,0.0007618887508289429,0.0010845207914640387,0.005061655728379577,0.025400039838600508,-0.006006894606967348,0.3699951171875,1.720001220703125,-3.057708740234375,6.661525745178851e-06,341.46252877371654,0.00019759124323959665,340.1619785853795,0.004021672850100772,338.8637041364397,0.007868339424678381,331.5248504638672,0.030179180539257777,341.0538384784059,0.0013961440897834075,338.3417508018564,0.009423158595931598,333.4744477972422,0.024156426482572456,340.98066784086683,339.16380279942234,0.006976558112443674,0.4600260827120212,68.78386638602376,3.099745280894581,3.122387365953548,-0.022642085058967254,66.11006208329916,81.85593293684776,116.59284505144214,1.0563402220593068,-33.88993790555242,2.519810267857143,0.007378005671115625,0.07074659890783092,0.08222247387028771,0.08825901126980955,-0.060850560200448656,5600931.65,0.8592634762825572,144531249.0,123595744.36021873,70.99628732654159,-0.010130856637615709,338.07000732421875,0,0.009423227054167755
2026-07-29 19:30:00+00:00,341.55999755859375,341.55999755859375,337.35009765625,338.07000732421875,8640481,0.0,0.0,-0.010130856637615704,-0.013567909313497828,-0.005120479817769308,-0.0028315826284831536,0.001125306879283361,-0.01018252301167293,-1.739990234375,-0.959991455078125,-2.1099853515625,8.783644014876989e-05,341.16395786830356,-0.009068808333118432,340.2441210065569,-0.006389864065542099,339.10179937453495,-0.0030427206585640987,331.70585083007813,0.019186144827398825,340.4570722475685,-0.007011353612319513,338.31704684934385,-0.0007302012340938366,333.654665817908,0.013233267682542184,340.7017383393787,339.4127837584409,-0.0039561751898357115,0.15931655419470406,53.243920243746814,2.6842727324056455,3.034764439243968,-0.3504917068383224,27.536616480726988,61.231802788062815,-10.680634524295424,-0.3536952068581673,-72.4633835081246,2.7083740234375,0.008011281582965392,0.06509531919423421,0.08231979208390405,0.08736968537302656,0.7953589645344918,5469415.5,1.5797814227132678,135890768.0,124766698.99257886,62.22505296297236,-0.019995887298993542,331.30999755859375,0,0.009662159703156297
2026-07-30 13:30:00+00:00,334.1099853515625,334.4800109863281,330.3500061035156,331.30999755859375,13578994,0.0,0.0,-0.019995887298993598,-0.035733845222735705,-0.029185078605546866,-0.025100043759463175,-0.021934205851043553,-0.020198510692645288,-9.959991455078125,-8.529998779296875,-8.220001220703125,-0.011713615188722621,339.7568141392299,-0.024861360329184883,339.7691214425223,-0.024896682335315345,338.7979896182106,-0.022101642539357747,331.79805053710936,-0.0014709338337705363,338.62765730977355,-0.021609752166415825,337.68004236836657,-0.018864143599002032,333.56271804303293,-0.006753513994755863,339.5105218796503,338.6316618371906,-0.021621322232105406,-0.47816153883356033,35.81812902103114,1.788910011033579,2.7855935536018905,-0.9966835425683116,6.751052135237331,33.465910233087826,-231.27733404604336,-2.5013978579336302,-93.24894785773026,2.7390877859933034,0.008267446820709403,0.09538134460312475,0.08380389402922726,0.08761585424170473,0.5715553335514538,5760228.1,2.357370882587097,122311774.0,124532896.61233327,45.78898575710806,-0.00027163785745616903,331.2200012207031,1,0.0015839789796069025
2026-07-30 14:30:00+00:00,331.29998779296875,333.03228759765625,329.5899963378906,331.2200012207031,6768257,0.0,0.0,-0.0002716378574562084,-0.030187677789488276,-0.03355508858263068,-0.02352597493851949,-0.018462292557176907,-0.0002716747577014971,-11.5,-7.980010986328125,-1.540008544921875,-3.021268811303985e-05,338.5296718052455,-0.02159240738202124,339.1941223144531,-0.023509019081215114,338.4398949032738,-0.02133286823237191,331.8876507568359,-0.002011673331647824,337.1461260919595,-0.017577318594556232,337.0927659003972,-0.01742180572754236,333.4708467950984,-0.0067497521778014866,338.3706391834077,338.2408198071688,-0.020756863676144984,-1.0536180488516658,31.890119466594456,1.059849367493996,2.440444716380312,-1.3805953488863159,10.88128818472733,15.056318933563881,-203.18360830623362,-2.303630235286317,-89.11871180859706,2.7657666887555803,0.008350240560817781,0.09486997346507405,0.08483888679878027,0.08937549814041329,-0.5015641806749455,5770923.1,1.172820514624428,115543517.0,123676765.22068249,45.33030457395182,0.002626638228310955,332.0899963378906,2,0.0014078549240881017
2026-07-30 15:30:00+00:00,331.2349853515625,332.6000061035156,330.6300048828125,332.0899963378906,6061981,0.0,0.0,0.0026266382283108847,-0.017688676477570886,-0.03346368606911532,-0.023724151097537338,-0.011783935720651728,0.0026231946428371235,-11.497711181640625,-8.07000732421875,0.002288818359375,4.5239208997361625e-05,337.21824428013394,-0.015207504425436644,338.64269365583147,-0.0193498854122071,338.1846516927083,-0.018021679352667904,331.96175048828127,0.0003863271880580644,336.13490014114575,-0.012033572835027257,336.637968667442,-0.013509980313690424,333.41669579677654,-0.003979103253097379,337.42342238653276,337.95449897553164,-0.017352935544285374,-1.3977622085058687,32.88657071812584,0.5459712730150272,2.061550027707255,-1.515578754692228,16.689042314327544,11.440460878097403,-160.9390905982455,-2.280484958654381,-83.31095767899683,2.8250514439174106,0.008506885106633886,0.09485441761694902,0.08436638007258922,0.08905126208352647,-0.10435123843553817,5908290.75,1.0260126416425934,121605498.0,123479501.67585558,46.55139219188383,0.0,332.0899963378906,1,0.042285022068240766
2026-07-30 16:30:00+00:00,332.0899963378906,332.8500061035156,331.4049987792969,332.0899963378906,4068798,0.0,0.0,0.0,0.0023542868764740987,-0.02764033166968316,-0.02658578739259787,-0.009130233072714544,0.0,-9.44000244140625,-9.07000732421875,2.057708740234375,0.0,335.69967215401783,-0.01075269389736058,338.14697919573103,-0.017912278477923378,337.99608067103793,-0.01747382490768601,332.0311505126953,0.0001772298325150021,335.3259193804947,-0.009650083263986056,336.2245166374828,-0.012296903095968193,333.3646683670163,-0.0038236566441363245,336.5497294108073,337.81533259815524,-0.01694812433827028,-1.559145326778605,34.064574155155185,0.13713833548291632,1.6766676892623873,-1.539529353779471,16.689042314327544,14.753124271127474,-135.9492084024218,-2.0961130935278547,-83.31095767899683,2.8104248046875,0.008462840903583024,0.09454286101101302,0.08414497464221844,0.0889661877321799,-0.3288006016515064,5954685.3,0.6832935402984268,121605498.0,123301025.13529791,50.75602474977991,0.003041373654018016,333.1000061035156,2,0.04196339838095479
2026-07-30 17:30:00+00:00,332.0799865722656,333.9800109863281,331.7200927734375,333.1000061035156,3594892,0.0,0.0,0.0030413736540180203,0.005676000470635101,-0.014701100698166214,-0.019746303826511546,-0.007804107910344915,0.003036758033349677,-4.970001220703125,-6.709991455078125,4.470001220703125,-3.0141725843452544e-05,334.20142909458707,-0.0032956860599073616,337.6655513218471,-0.013520909078362807,337.8984622047061,-0.014200881737867377,332.15175048828127,0.0028548867011464383,334.8807367250989,-0.005317506880187537,335.94047022530395,-0.008455260302144814,333.35428945472216,-0.0007628020974972748,335.87679966517857,337.7342661141555,-0.01372161629895072,-1.6371612033079743,34.664694668857365,-0.10416462100073431,1.3205012272097632,-1.4246658482104975,23.431480600887415,18.936521743180833,-108.1160916019766,-2.0754931451570338,-76.56851939243697,2.8889966692243303,0.008673060991532556,0.09506408749471237,0.08481808685347184,0.08967118328047742,-0.1164732188720109,5960096.25,0.6031600580275863,125200390.0,123481917.02717431,50.92963213007015,0.00018011875561210554,333.1600036621094,1,0.04118661056195806
2026-07-30 18:30:00+00:00,333.1199951171875,334.0899963378906,332.8999938964844,333.1600036621094,4768291,0.0,0.0,0.0001801187556120798,0.003222040218068045,0.005583912701543126,-0.023764132835124907,-0.011159947808892845,0.0001801025361766053,1.850006103515625,-8.1099853515625,6.82000732421875,6.0009046249020836e-05,333.0057155064174,0.0004633198425945208,337.234122140067,-0.012080979386342674,337.7765575590588,-0.013667478673763717,332.27015075683596,0.0026781006456458815,334.536590112501,-0.004114905487392562,335.6877005377408,-0.007529906134704229,333.34667040403144,-0.0005599778203731837,335.27605997721355,337.5960535641181,-0.013140111844207545,-1.513023093711279,35.88480709691089,-0.28724645264850324,0.99895169123811,-1.2861981438866132,23.83200131853839,21.317508077917783,-88.96038592729138,-2.3449407650669056,-76.16799867478599,2.8589957101004466,0.008581449389679611,0.09395101893249058,0.08457543827726793,0.08969858552283337,0.32640730236123927,6017785.3,0.7923664209156813,129968681.0,124099704.07220532,55.70336067006446,0.002071084265283086,333.8500061035156,2,0.04143827576715787
2026-07-30 19:30:00+00:00,333.1600036621094,334.75,332.30999755859375,333.8500061035156,6035501,0.0,0.0,0.0020710842652831296,0.005299797600148981,0.007940356479438693,-0.025881171468237207,-0.012161159472951377,0.0020689425269034716,2.6300048828125,-8.8699951171875,0.779998779296875,0.0,332.4028581891741,0.004353596482956837,336.78340802873885,-0.00871005475710429,337.63036673409596,-0.011196743548682029,332.38845092773437,0.004397129839191137,334.39927331070396,-0.0016425490454829643,335.5206374073567,-0.004979220702325236,333.3664090589132,0.0014506471901778643,334.82484450567335,337.2373566213723,-0.010044410713519351,-1.130432950791534,35.065396560017916,-0.37237024049233014,0.724687304892022,-1.0970575453843523,28.438193295185677,25.233891738203827,-73.5604888699029,-1.7539188069453135,-71.56180669813871,2.9311392647879466,0.008779808929733311,0.09349850358975524,0.0727841882820556,0.07506175437686041,0.26575768970476,5640808.0,1.0699710041540147,136004182.0,125233463.87485243,55.44941373304031,-0.09318560820841938,302.739990234375,0,0.041398446448777146
2026-07-31 13:30:00+00:00,304.80999755859375,306.8999938964844,300.3299865722656,302.739990234375,42271625,0.0,0.0,-0.09318560820841937,-0.09114384663117003,-0.08837967547102188,-0.11888585182528466,-0.10767235523984053,-0.09781748950913363,-29.350006103515625,-40.84771728515625,-31.980010986328125,-0.08698519698642918,328.32142857142856,-0.07791583524804938,334.03912135532926,-0.09369899847020183,335.9532238188244,-0.09886267262689542,331.8914508056641,-0.08783432203642573,328.0674166954382,-0.07720189562287062,332.54057857344924,-0.08961489291570014,332.1653730265783,-0.0885865450814473,330.2857221330915,327.58504974758944,-0.07584308115490065,-2.449562560532734,12.50641050881012,-2.916529798985266,-0.003556115883435629,-2.9129736831018302,5.447579524080242,19.239258045934772,-383.2016409771637,-11.290180800996362,-94.55242047365935,5.031853812081473,0.016621041072800775,0.34049169649785,0.08397247011225296,0.08893944251050633,6.003830336537099,7464517.8,5.663008131617021,93732557.0,122233377.50581887,32.512987495928954,-0.0033361276363422293,301.7300109863281,0,0.006801892996224064
2026-07-31 14:30:00+00:00,302.7550048828125,304.25,301.6400146484375,301.7300109863281,10897816,0.0,0.0,-0.0033361276363422787,-0.09433903328821402,-0.09142095722953425,-0.11653438331983323,-0.11206258452033757,-0.003341704917948821,-30.3599853515625,-39.79998779296875,-1.009979248046875,4.9595854270281164e-05,324.1085728236607,-0.06904649772852248,331.3191223144531,-0.0893069833136671,334.1656058175223,-0.0970644323246397,331.4365509033203,-0.08962964354998956,322.79993555361625,-0.06527239397085689,329.739617883711,-0.08494462108334233,330.97182941715675,-0.08835138169382961,325.977840750558,325.52465932571056,-0.073096300564748,-3.4321882969456143,12.589964505414414,-4.95714854068018,-0.9942746008427845,-3.9628739398373956,3.16461939505268,12.3501307381062,-286.4062298746642,-11.960197854883546,-96.83538060268693,5.059709821428571,0.016768997571279264,0.33958850587848444,0.08565904699231615,0.09090969503264888,-0.7421954798283719,7807240.35,1.3958601902143308,82834741.0,118481126.41002661,31.1821922406304,-0.003943931322960681,300.5400085449219,0,0.0070501172792667
2026-07-31 15:30:00+00:00,301.7300109863281,302.82000732421875,300.3999938964844,300.5400085449219,9857216,0.0,0.0,-0.00394393132296067,-0.09977533907327663,-0.0977484147762977,-0.11101250618575143,-0.11352974773017466,-0.003951729129529141,-32.55999755859375,-37.529998779296875,-2.20001220703125,0.0,319.6014317103795,-0.059641232091448455,328.4098379952567,-0.08486295544731055,332.2956063406808,-0.0955643023552543,330.93135131835936,-0.09183579208277812,318.3479501518774,-0.05593860930596153,327.0851079438211,-0.08115655147276632,329.77842467706915,-0.08866079144107115,321.8739589146205,323.78915933922013,-0.0718033637743545,-4.207204285185532,9.773198284831054,-6.594361156528578,-2.1142919119799433,-4.480069244548634,0.47473429847311316,3.0289777392020114,-227.29608351222575,-12.528882155086132,-99.5252656992665,5.103997366768973,0.01698275511291567,0.33942002955513684,0.0867346028014465,0.09204697758502918,-0.09548702235383677,8144770.8,1.2102508765501416,72977525.0,114147450.08526218,26.960961011639696,0.0021960592378526,301.20001220703125,2,0.009614832141028073
2026-07-31 16:30:00+00:00,300.55999755859375,301.83428955078125,300.0,301.20001220703125,7813750,0.0,0.0,0.00219605923785271,-0.005086800809339875,-0.09592985683687272,-0.09088160808137824,-0.11370051950106852,0.0021936514242544653,-31.959991455078125,-30.1099853515625,0.600006103515625,6.651032509310894e-05,315.1885768345424,-0.04438157235250959,325.4441244942801,-0.07449546776992276,330.4941784086682,-0.08863746509121555,330.4576513671875,-0.08853672789545473,314.91836256290816,-0.04356160829806476,324.7319174222947,-0.0724656368920741,328.65770261942066,-0.08354494720028317,318.24598214285714,322.42096322106136,-0.06581752874243037,-4.937506986591118,8.342891363094395,-7.749278313773857,-3.2412891923387264,-4.507989121435131,2.692428307068959,2.1105940001982506,-172.70679040083698,-11.808621999910917,-97.30757169068738,4.992237636021206,0.01657449347171073,0.3393590979102636,0.08739983385275014,0.09294216394456586,-0.20730660665242595,8374304.35,0.9330625773112724,80791275.0,110970671.5057134,23.243814649593745,0.0017596240299372161,301.7300109863281,2,0.010239696354118949
2026-07-31 17:30:00+00:00,301.20001220703125,302.4200134277344,300.5,301.7300109863281,9575659,0.0,0.0,0.0017596240299371235,0.0,-0.0962108567619081,-0.08903444878235123,-0.11046580151015217,0.0017580777052747046,-32.1199951171875,-29.489990234375,-0.160003662109375,0.0,310.70714896065846,-0.028892601938290515,322.4542890276228,-0.06427043691595949,328.6794172014509,-0.08199298405875911,330.0189514160156,-0.08571913918343822,312.2806922475922,-0.033785890460576895,322.640835019025,-0.06481146142396713,327.60171471224055,-0.07897304123868427,315.0841003417969,320.9232262220854,-0.05980625167470861,-5.236833257072513,7.717543360985118,-8.523537969520476,-4.297738947775077,-4.225799021745399,3.937211857454294,2.368124820998789,-135.28241570910913,-10.749251797108416,-96.06278814026989,4.970818655831473,0.01647439258549669,0.3401602317491786,0.08786708252714848,0.09356294118694768,0.22548827387617987,8673586.3,1.1040022741227578,90366934.0,109008410.79088356,25.21843466747295,0.013008277765073219,305.6549987792969,2,0.010474729183269691
2026-07-31 18:30:00+00:00,301.760009765625,305.7099914550781,301.7449951171875,305.6549987792969,11851963,0.0,0.0,0.013008277765073295,0.017019332165256307,0.009628752853777733,-0.07960190866965178,-0.10143757205825787,0.012924396768276294,2.915008544921875,-26.43499755859375,35.035003662109375,9.942259041025545e-05,306.7778625488281,-0.0036601851261313548,319.8917890276228,-0.04450501931155244,327.08203560965404,-0.06550967187896278,329.65345153808596,-0.07279903379365547,310.95555355393316,-0.01704602060982291,321.09666808814063,-0.048090406545598124,326.7410591854584,-0.06453446793207754,312.84419497535345,319.1450634614278,-0.042269382254502864,-4.836665811177205,15.078354107995821,-8.719912884760106,-5.182173735172083,-3.537739149588023,13.606831355531373,6.745490506684875,-101.79510893266801,-7.743502752186713,-86.39316864206248,5.068673270089286,0.016582988304839143,0.3453860125953961,0.09173132458802186,0.09464534975157245,0.23771773827785636,8945405.55,1.32492181978267,102218897.0,108361790.42984703,32.0187312879393,0.011041860965725521,309.0299987792969,2,0.008943120274162155
2026-07-31 19:30:00+00:00,305.6600036621094,310.6600036621094,305.0199890136719,309.0299987792969,20642958,0.0,0.0,0.011041860965725458,0.02599597030189904,0.024193774325284245,-0.0694390009120629,-0.09417869778965826,0.0109813446863187,7.29998779296875,-23.05999755859375,4.384979248046875,1.6374287456353635e-05,303.2321472167969,0.019120174479177784,317.8175027029855,-0.02764952794897924,325.59965442475817,-0.050889659802263204,329.3452514648437,-0.06168375768324609,310.5704425990059,-0.004960046444899508,319.999698150973,-0.03428034287228126,326.0465077969815,-0.05219043483277555,311.3959562755766,316.65726854708714,-0.024086829911602048,-3.875926007658347,21.684858383111077,-8.505164879494771,-5.846771964036621,-2.6583929154581503,25.985607997228833,14.509883736738166,-73.05242702330638,-6.699475381788102,-74.01439199989348,5.170824323381696,0.016732434856778628,0.34906379626072276,0.09634490120496687,0.09831680260986522,0.7417332470578923,9430791.1,2.188889328701173,122861855.0,109742748.96033779,42.71414332430078,-0.011260683201506572,305.55010986328125,0,0.007225190531387109
2026-08-03 13:30:00+00:00,309.79998779296875,310.0299987792969,304.3399963378906,305.55010986328125,15181869,0.0,0.0,-0.011260683201506527,0.012660652695651864,0.016670330657858168,-0.08270758251404187,-0.10082071728747488,-0.011324564713645489,5.010101318359375,-27.549896240234375,-2.289886474609375,0.002491631934475379,303.6335928780692,0.006311939884647013,315.97751072474887,-0.03300045258764643,323.90394519624255,-0.05666443896441168,328.9388537597656,-0.07110362193179766,309.56637605186097,-0.012973845027322704,318.6860992157283,-0.041219210328699254,325.242727485856,-0.06054744951482607,309.7603038969494,315.3099705719278,-0.030953225776249933,-2.7407006668210974,23.1667154033876,-8.517588038134306,-6.380935178856158,-2.136652859278148,15.971539174450461,18.52132617573689,-70.45728912345855,-7.991775352222895,-84.02846082267185,5.025824410574777,0.016448445764942254,0.349822214332265,0.1031921833167524,0.10348542673736358,-0.2645497316808957,9945349.45,1.5265294674990026,107679986.0,109546295.34506752,42.587356832151606,-0.00436954032184123,304.2149963378906,0,0.0052315707643653215
2026-08-03 14:30:00+00:00,305.54998779296875,306.44000244140625,303.8999938964844,304.2149963378906,9512430,0.0,0.0,-0.004369540321841225,-0.0047112019995001475,0.010009907067291213,-0.0868801987214971,-0.1085796989734622,-0.004379114663647765,3.014984130859375,-28.94500732421875,-1.9951171875,-3.9950996108042967e-07,303.9885907854353,0.0007447830586983844,314.048581804548,-0.03131230655499703,322.20894513811385,-0.05584559048307715,328.5933538818359,-0.07419005057733977,308.4961001090669,-0.013877335141834342,317.3705444086521,-0.04145169834595837,324.4181105780927,-0.06227492726635734,308.1919686453683,314.3820464648397,-0.03233979243167052,-1.3109046600499619,22.580965004797136,-8.536759534385794,-6.812100049962086,-1.7246594844237082,12.129485864084405,18.0288776785879,-69.4592877592636,-8.393808999761069,-87.8705141330379,4.961375645228794,0.016308780648347464,0.3480977021961403,0.10409889475517398,0.10470672162024434,-0.3734348517959153,10243650.45,0.9286172001310332,98167556.0,108462605.88363251,42.02735695157042,0.0070508983432540666,306.3599853515625,2,0.00554293598286458
2026-08-03 15:30:00+00:00,304.2149963378906,306.3599853515625,302.55999755859375,306.3599853515625,8017561,0.0,0.0,0.0070508983432540084,-0.00863998135547106,0.015344759210724312,-0.08234242998165286,-0.10609248290042372,0.007026156990626725,4.629974365234375,-27.490020751953125,1.614990234375,0.0,304.8200160435268,0.005052060976897168,312.2107238769531,-0.018739710323588208,320.54656401134673,-0.04425746600496332,328.2949536132812,-0.06681482008855505,308.068877157566,-0.0055471095352612925,316.3695844943712,-0.031638942658709264,323.7099488045033,-0.053597251233589056,307.1668224516369,313.52079531012663,-0.022839984031866222,0.6898337212442457,24.5348212702157,-8.283384693784171,-7.106356978726503,-1.177027715057668,18.30211611907764,15.46771371920417,-61.528839079837276,-8.027625416363097,-81.69788387804468,5.092088971819196,0.016621260005477423,0.34927742416405366,0.10533278145218364,0.1056947696048695,-0.15714901449997531,10453861.15,0.7669473398352912,106185117.0,108245702.18042941,42.527093793047634,0.0028235435217183243,307.2250061035156,2,0.007259471732896397
2026-08-03 16:30:00+00:00,306.3500061035156,307.5400085449219,305.8999938964844,307.2250061035156,6899047,0.0,0.0,0.002823543521718319,0.005481576298512314,0.005136534100502077,0.0148147453716585,-0.10583237007671054,0.0028195648103257523,1.57000732421875,4.485015869140625,-3.059967041015625,-3.257360139703222e-05,305.6807294573103,0.005051926724140935,310.43465314592635,-0.010339203468021405,318.8563261486235,-0.03647824769720856,328.032255859375,-0.0634304992394281,307.90010294675596,-0.0021925840127273006,315.5382591861116,-0.026346260209498946,323.0634804632881,-0.04902588908226439,306.50206008184523,312.5751109723965,-0.017116221609007807,0.8087879526718514,25.805210162444723,-7.921469591233517,-7.269379501227906,-0.6520900900056112,20.79138446995025,17.074328817704096,-48.40165487362204,-7.7845471465473866,-79.20861552717207,5.10601806640625,0.01661979970689372,0.3493662455292342,0.1050479821468043,0.1052695158384102,-0.1395080124741177,10542588.25,0.6543978420100015,113084164.0,108706508.06800756,43.38657363418001,-0.005548740760666203,305.5202941894531,0,0.007282288052357255
2026-08-03 17:30:00+00:00,307.2250061035156,307.2300109863281,305.5,305.5202941894531,4746952,0.0,0.0,-0.005548740760666249,0.004290708437373336,-0.011357164688565735,0.012561836957268202,-0.10543643228574451,-0.005564192206567026,-3.50970458984375,3.790283203125,-5.0797119140625,0.0,306.2221984863281,-0.0022921404795023235,308.4646737234933,-0.009545273040471342,317.04359218052457,-0.03634609963816501,327.72526184082034,-0.06775482465579552,307.4241411952954,-0.0061929001360587895,314.62753509550623,-0.028946102582088462,322.3755123741181,-0.052284424646535016,305.84681222098214,311.7509980897411,-0.019986155420340896,0.6892087787858829,23.521635482394515,-7.683633129773,-7.352230226936925,-0.331402902836075,15.885738674228108,18.326413087751998,-47.096077194448604,-8.485760490054792,-84.11426132289421,5.068167550223214,0.016588644507732293,0.34935879908801526,0.10448105160384219,0.10460553538402305,-0.31194091009961233,10539302.05,0.4504047779900187,108337212.0,108671337.0139116,40.845498904683886,-0.001555643833676163,305.0450134277344,0,0.006918121085078851
2026-08-03 18:30:00+00:00,305.5299987792969,305.9700012207031,304.79998779296875,305.0450134277344,5628929,0.0,0.0,-0.0015556438336761236,-0.004292244374927479,-0.0016530723414659443,0.014989701053858662,-0.09768684941285688,-0.0015568551039111178,-0.505096435546875,4.5050048828125,3.004608154296875,3.176414146060104e-05,306.1350577218192,-0.0035606647020210054,306.45646013532365,-0.0046057006171820025,315.3062119256882,-0.03254359765147815,327.42076232910154,-0.06833943193501031,306.9483156417832,-0.006200725389429532,313.7563967620724,-0.027764799137836537,321.69588496445596,-0.051759665929545756,305.39085751488096,310.44256571831573,-0.017386637293358525,0.40162879605032864,23.221265972009036,-7.447645385919486,-7.371313258733438,-0.0763321271860482,14.51802425205524,17.065049132077867,-46.69553950520925,0.7613870871724809,-85.48197574506707,5.066739763532366,0.01660981016074231,0.3491160308687643,0.10141006087861376,0.1027954252834421,0.18579859244416208,10388724.45,0.5418306190612264,102708283.0,108103427.10782479,37.663002451170485,-0.005818893395820109,303.2699890136719,0,0.007417873173314162
2026-08-03 19:30:00+00:00,305.0450134277344,305.0799865722656,302.67999267578125,303.2699890136719,10186067,0.0,0.0,-0.005818893395820091,-0.012873356697114535,-0.003106379815573379,0.0068724326784483925,-0.08463375313617838,-0.005835889118933353,-0.94500732421875,2.069976806640625,-0.439910888671875,0.0,305.3121991838728,-0.006688924241000659,304.2721732003348,-0.0032937096288453292,313.64906819661456,-0.033091375793290585,327.07776428222655,-0.07278934207199364,306.212650316161,-0.00960986196828002,312.80308696676326,-0.030476355094519396,320.97330080952327,-0.0551550915641485,304.9659946986607,308.66999862014075,-0.017494442707717772,-0.005312730165601824,21.463225697953362,-7.319478640877719,-7.360946335162295,0.04146769428457553,30.675308536601992,20.359690487628445,-51.367734436046035,0.5103827830399095,-69.32469145401716,5.063882010323661,0.016697603435065496,0.3445739305416885,0.09932751798809385,0.1008281913008953,0.809592375387929,10219078.1,0.9967696596819237,92522216.0,106619502.24041289,33.06883953437237,0.011672795440244785,306.80999755859375,2,0.005944777882888473
2026-08-04 13:30:00+00:00,303.7900085449219,307.1400146484375,302.45001220703125,306.80999755859375,16371244,0.0,0.0,0.011672795440244688,0.004221334535442933,0.0014689000801291208,0.01683619920888746,-0.0736972512896169,0.011605193920795466,0.45001220703125,5.079986572265625,1.39501953125,0.001714708181114624,305.49218314034596,0.004313741859764911,304.5628880092076,0.00737814631344985,312.48240152994794,-0.01815271498031033,326.78176452636717,-0.06111652832482589,306.3321197646476,0.001559998978597977,312.2582606569297,-0.017447939045251874,320.4178771526241,-0.04246916468866706,305.3043712797619,307.7097524137135,-0.0029240374998160622,-0.18632759066291568,57.82392499023011,-6.853256393846891,-7.259408346899214,0.40615195305232277,63.88363244339982,36.35898841068568,-37.86306140447969,2.08624104458087,-36.11636754721932,3.0045950753348216,0.009793015544583807,0.3489490508385728,0.10223218334662339,0.10247908469697752,0.6072193516889295,10699227.45,1.5301332807912218,108893460.0,106836069.64608786,49.981766834369786,-0.003702970592477284,305.67388916015625,0,0.00413545958659508
2026-08-04 14:30:00+00:00,306.8599853515625,306.89990234375,305.2250061035156,305.67388916015625,5755639,0.0,0.0,-0.0037029705924772616,0.002061583388482058,-0.005048797827468365,6.180295082636178e-05,-0.07954502535167263,-0.003709843560259393,-1.551116943359375,0.018890380859375,-2.001129150390625,0.00016292752311319495,305.70059640066967,-8.736404451866274e-05,304.8445935930525,0.002720387976465494,311.2659200032552,-0.017965445247017382,326.3192425537109,-0.06326734896760879,306.2004736437493,-0.0017197376520194652,311.65968142995024,-0.019206181057206055,319.83968154507636,-0.04429029042438993,305.4525047665551,306.9792159631165,-0.004252166710572374,-0.21387499668598653,57.544875259479966,-6.50051249540644,-7.10762917660066,0.6071166811942197,53.22595882205593,49.26163326735258,-31.28050080308533,1.4853508538489057,-46.77404116856321,2.937802995954241,0.009610905936441903,0.3481789620674792,0.10211333797307616,0.10211582757313473,-0.6484299543761,10683910.35,0.5387202635971201,103137821.0,106483855.4893176,55.818338881730575,0.002718962110043986,306.5050048828125,2,0.0032405699418816608
2026-08-04 15:30:00+00:00,305.6700134277344,306.7300109863281,305.489990234375,306.5050048828125,4275297,0.0,0.0,0.0027189621100440764,0.010667115066881117,0.0032230614858885787,-0.008170708042773756,-0.0770423431516023,0.002715272419139466,0.984710693359375,-2.524993896484375,2.53582763671875,-1.2679304838600888e-05,305.7213134765625,0.0025634176346279393,305.27066476004467,0.004043428554571503,310.04758707682294,-0.011425930539885918,325.8140423583984,-0.05926398179697402,306.261379891562,0.0007954806163805698,311.1910744711195,-0.015058496122538562,319.316753048517,-0.04012238018629032,305.67389293852307,306.4863071196499,6.100684672756339e-05,0.05869383120868946,61.57027187188652,-6.083766449004372,-6.902856631081403,0.8190901820770309,61.02253890703712,59.377376724164286,-24.387209169876687,1.5825386015993326,-38.97746108358203,2.853517804827009,0.009309857129115064,0.34871561016129915,0.10205726153093471,0.10186043971290626,-0.2571985491098382,10694235.3,0.39977584933071364,107413118.0,106572356.68081115,61.18506772485514,0.007813865925574568,308.8999938964844,2,0.005871954181956267
2026-08-04 16:30:00+00:00,306.5050048828125,310.4200134277344,306.3399963378906,308.8999938964844,5070397,0.0,0.0,0.007813865925574648,0.006812021624202469,0.012637415132384255,0.01096345222949524,-0.07265089091445631,0.007783495778140782,3.85498046875,3.349884033203125,2.870269775390625,0.0,305.9605974469866,0.00960710782373698,305.82066345214844,0.01006907253933052,308.94330124627976,-0.00014017895717609614,325.31764221191406,-0.05046651698245328,306.7891026925465,0.006880593819678256,310.98279441887996,-0.0066974783163838,318.9082526896138,-0.03138287801801995,306.15780349004837,306.09350621871647,0.009168726617001095,0.25265061089635377,63.99373943662183,-5.4968720873536085,-6.621659722335845,1.124787634982236,82.67707547177827,65.64185773362378,10.729098315721066,1.061652886468899,-17.322924518379214,3.0139269147600447,0.009756966572683995,0.35035742498843625,0.10488901236353902,0.10458896627046839,0.1859753836984892,10768010.55,0.47087593167337666,112483515.0,107135324.13978152,66.19123404972889,0.0013597068178483871,309.32000732421875,1,0.005335848257869389
2026-08-04 17:30:00+00:00,308.8999938964844,310.1300048828125,308.6600036621094,309.32000732421875,5054926,0.0,0.0,0.0013597068178483607,0.01192813090473721,0.019949281266581576,0.01678093140634651,-0.07155719797046567,0.0013587832536227002,6.050018310546875,5.105010986328125,2.195037841796875,0.0,306.50341360909596,0.009189436691578876,306.36280604771207,0.009652611929780019,307.81092035202755,0.004902642734248774,324.8560424804688,-0.04782436871906506,307.295283618881,0.006588853826478826,310.83163195572894,-0.004863162162725516,318.53224306744147,-0.02892088930929147,306.6243826729911,305.56688888540236,0.01228247750433342,0.32804916840247134,63.8492198841419,-4.940906805929387,-6.285509139054554,1.3446023331251666,84.96920858809945,76.22294098897162,55.745990841088215,0.09384478725900489,-15.030791400683508,2.981783185686384,0.009639800578923885,0.35054758739181635,0.1051019951525252,0.10484243832586765,-0.003051240366385488,10782342.3,0.46881520353884504,117538441.0,108126097.17408805,65.05976943145293,0.0008404863632838776,309.5799865722656,1,0.005275191208250017
2026-08-04 18:30:00+00:00,309.30999755859375,309.79998779296875,308.25,309.5799865722656,4685626,0.0,0.0,0.0008404863632838211,0.01003240286607654,0.009028353168781145,0.010510514997603249,-0.07269737632931084,0.0008401333524070922,2.769989013671875,3.220001220703125,-3.280029296875,-3.2360550200284145e-05,307.1512669154576,0.00790724284223323,306.6431623186384,0.009577334878140617,306.6880623953683,0.009429529647488328,324.4023419189453,-0.04569127108933595,307.75222420955794,0.005939071171284758,310.71784601177774,-0.003662034395878633,318.1811741852777,-0.027032358639724426,307.0533400762649,304.85598306902943,0.015495853011193893,0.5093377623277822,58.26757275221019,-4.428275755898881,-5.91406246242342,1.4857867065245394,86.84508873582105,84.83045759856624,132.11028860606822,1.3188922467657955,-13.15491125199866,2.8082122802734375,0.009071039479513777,0.3503171859079431,0.1044870237001602,0.10406913591119198,-0.07305744930786329,10714848.55,0.4373021212698334,122224067.0,109468760.96703203,59.16837942588045,-0.0006136440728340805,309.3900146484375,1,0.0055713949158085205
2026-08-04 19:30:00+00:00,309.5799865722656,310.4200134277344,308.8800048828125,309.3900146484375,5711308,0.0,0.0,-0.0006136440728340409,0.0015863410865502026,0.012157157088200643,0.007046980232437106,0.02196612482187832,-0.000613832429417979,3.71612548828125,2.165008544921875,0.946136474609375,0.0,308.0255562918527,0.004429692045706616,306.6688777378627,0.008873208558489299,305.52330089750745,0.012656035528414704,323.9403424072266,-0.04491668944540688,308.07978229733385,0.00425289949677667,310.59713406965585,-0.0038864473905407997,317.8364228308919,-0.026574701877140748,307.41958705357143,305.3717641169958,0.013158552962640825,0.699821497771339,50.87585655561337,-3.9913315168254258,-5.5295162733038214,1.5381847564783957,87.07655429848514,86.29695054080189,127.23655801466124,1.7011055907257076,-12.923445688967819,2.515354701450893,0.008130044870067904,0.10257128262452099,0.0943492686862221,0.09088528746539082,0.21889967317067138,8886832.7,0.6426708134158978,116512759.0,110139617.9225528,53.448222009184065,-0.00860566268287958,306.7275085449219,0,0.006041227523256597
2026-08-05 13:30:00+00:00,309.3599853515625,309.3800048828125,305.6700134277344,306.7275085449219,10544948,0.0,0.0,-0.008605662682879545,-0.008381283841686682,0.0007259381039943502,0.0039513393330270485,0.016562812370759517,-0.008642905216373314,0.222503662109375,1.20721435546875,-3.493621826171875,-9.705968341940669e-05,308.0137721470424,-0.004175993797778313,306.7529776436942,-8.302804089421272e-05,305.7131827218192,0.0033179001771158592,323.41349243164063,-0.051593344981406594,307.8093275468515,-0.003514575112287411,310.2453499310437,-0.011338901249905444,317.40077913340286,-0.0336271089743022,307.42740449451264,305.6579380028057,0.0034992401934703854,0.5735079061410268,52.98304698323246,-3.815904676614366,-5.186793953965931,1.3708892773515648,53.66995837143119,75.8638671352458,48.0283850716593,0.11996448979341254,-46.33004161602175,2.374640328543527,0.007741856411251769,0.10719973217831044,0.09605150616817175,0.09170581104631118,0.8463280215320204,8869189.3,1.1889415868032038,105967811.0,109742302.97754776,55.85859728690124,0.006088442098461951,308.5950012207031,2,0.004431741673218969
2026-08-05 14:30:00+00:00,306.70001220703125,311.70819091796875,306.2699890136719,308.5950012207031,7426689,0.0,0.0,0.0060884420984619325,-0.0031816829067939922,-0.0009873508637344708,0.011637586705903535,0.026801731705472065,0.006069982424081699,-0.30499267578125,3.54998779296875,-0.527496337890625,-8.964418620610408e-05,308.4310738699777,0.0005314877929388009,307.06583513532365,0.004979929091429499,306.0400870186942,0.008348299162013151,322.83159240722654,-0.04409912635973055,307.96646228162183,0.0020409330757077144,310.09531823010366,-0.004838244633807714,317.0554545093754,-0.026684459038049516,307.67300763811386,306.0419316822788,0.008342221356341727,0.5089109272452372,60.80564234577287,-3.4860021276503517,-4.846635588702815,1.3606334610524637,66.37362709091501,69.04004658694379,94.23788583918628,0.44592565382566485,-33.626372898283726,2.5816541399274553,0.008365832659981177,0.10717257968878831,0.10169114847771543,0.09923349303548003,-0.2957111784714348,8747662.95,0.848991215419428,113394500.0,110090131.26540036,64.41129919019468,0.00014547013802653687,308.639892578125,1,0.0040477513718736105
2026-08-05 15:30:00+00:00,308.5950012207031,309.44000244140625,307.8299865722656,308.639892578125,3930602,0.0,0.0,0.00014547013802657105,-0.0024245193276999366,-0.002198741529773951,0.0177066764235978,0.024700797043726297,0.00014545955827205545,-0.68011474609375,5.369903564453125,-0.3751220703125,0.0,308.7360578264509,-0.0003114804568103376,307.2286856515067,0.004593343631377169,306.42579578218005,0.007225556158828086,322.2295904541016,-0.04217396005370937,308.10114834092246,0.0017485953561090014,309.9630068071965,-0.0042686198030407,316.7254324728558,-0.025528546386619028,307.8828819638207,306.33132044216745,0.007536193597891824,0.2677400633619069,56.27481937541376,-3.1842238727115273,-4.514153245504558,1.329929372793031,66.85851033651484,62.30069859962035,78.78233177978794,1.0210773058261071,-33.141489652683894,2.425227573939732,0.007857790364276985,0.10720376557320341,0.10146869694948421,0.09902805336209315,-0.47074638509839306,8553505.55,0.4595311217165223,117325102.0,110779176.097267,58.820060819178146,0.003564340458586493,309.739990234375,2,0.004421004434712245
2026-08-05 16:30:00+00:00,308.6300048828125,309.9800109863281,308.45001220703125,309.739990234375,2598651,0.0,0.0,0.003564340458586557,0.009821361324075406,0.0005168411042359988,0.00954986049703832,0.026546843059671144,0.0035580032513126913,0.160003662109375,2.92999267578125,0.840118408203125,-3.203634899518093e-05,308.8560573032924,0.0028619575694826846,307.4083273751395,0.007584904674304822,306.83246140252976,0.009475949247825553,321.6753881835937,-0.037103858074369014,308.42891671961297,0.004250812565508087,309.94273257330366,-0.0006541283844429361,316.45149356154286,-0.021208632171746768,308.2177225748698,306.6587727697646,0.01004770689183477,0.28314270632615945,56.833382211908685,-2.823743388455057,-4.176071274094658,1.3523278856396015,78.74095169435485,70.65769637392823,98.82555645864937,1.5391095084193145,-21.2590482948439,2.4173692975725447,0.007804511441146356,0.10751021345114191,0.10110791891665688,0.09827283477724835,-0.33886692165729326,8204655.15,0.3167288511815149,119923753.0,111650088.18324158,56.90451345000105,-0.005003862236392514,308.1900939941406,0,0.006684399808261429
2026-08-05 17:30:00+00:00,309.75,310.2200012207031,308.0799865722656,308.1900939941406,2656326,0.0,0.0,-0.005003862236392487,-0.0013120991103576785,-0.0038783431833130377,0.008231664277566164,0.008293975969535072,-0.005016423475693449,-1.199920654296875,2.516204833984375,-1.35992431640625,3.231667185562143e-05,308.69464111328125,-0.0016344537673844413,307.59902736118863,0.0019215490959795184,307.1400844029018,0.0034186667405418886,321.11819030761717,-0.04025961998929969,308.3811521745185,-0.0006195520674010668,309.78340179337977,-0.005143296219261959,316.12751710791923,-0.02510829549533909,308.32195812406997,306.87113304049296,0.004298093928141884,0.08099488536739202,57.31557201295531,-2.632774693304725,-3.867411957936672,1.2346372646319468,62.00011865949521,69.19986023012163,68.3180742116004,1.6223514223923823,-37.999881329703534,2.4466552734375,0.007938786226776249,0.10033836044631965,0.09831625409709571,0.09778687806812898,0.02219420768698832,7744873.3,0.3429786256154765,117267427.0,112185072.83245668,58.208845278286326,0.004639969627993421,309.6200866699219,2,0.006060945410374345
2026-08-05 18:30:00+00:00,308.2091979980469,309.8789978027344,308.0849914550781,309.6200866699219,4050737,0.0,0.0,0.004639969627993512,0.003175850288208437,0.009430448995989993,0.010163233022248308,0.0019094841696789544,0.004629238151930529,2.892578125,3.115081787109375,4.092498779296875,6.198772860801691e-05,308.7003696986607,0.002979319306147768,307.92581830705916,0.0055021965100948865,307.3288981119792,0.007455167971546921,320.60759216308594,-0.03427088366497789,308.6289390735992,0.0032114538555410395,309.7685549639745,-0.00047928781560614296,315.8723237574095,-0.01979355776756676,308.5914326985677,306.7353719683526,0.009404571383627448,-0.006810865818829322,61.91295802635877,-2.3390787250385188,-3.5617453113570416,1.2226665863185229,77.44584206011845,72.72897080465617,79.2262771679989,0.9159053269710686,-22.554157929080286,2.4912261962890625,0.008046074216550587,0.09371468519846321,0.09107009911761886,0.0902413341051358,0.5249397099602986,6915262.25,0.5857676619567103,121318164.0,113054891.03888936,63.82430191888444,0.004198457444391581,310.9200134277344,2,0.005890142507978385
2026-08-05 19:30:00+00:00,309.6099853515625,311.55499267578125,309.3900146484375,310.9200134277344,6126779,0.0,0.0,0.004198457444391623,0.0038097218007480116,0.007534186224126271,0.006539396475115922,0.0175745430654759,0.004189668513316567,2.32501220703125,2.02001953125,-0.56756591796875,-3.262488060120962e-05,308.91894095284596,0.0064776619676013576,308.47224862234935,0.007935121607564086,307.4188988095238,0.011388742304904536,320.11159240722657,-0.028713671099328725,309.08715394442623,0.005929911547316388,309.8732330061345,0.0033780924265109456,315.67811550918697,-0.015072638385979744,308.99065871465774,306.930790725023,0.012997140799315634,0.1196194529789771,70.4251310489962,-1.9786210173686527,-3.245120452559364,1.2664994351907115,91.4866895989154,76.97755010617635,119.26513106793485,1.7162487388029022,-8.513310390283335,2.4744393484933034,0.00795844346333938,0.0844395355383428,0.0833991762263688,0.08443981353004902,0.5125096988523323,6462507.75,0.9480497721646831,127444943.0,114425372.17804275,74.08802392312853,0.006175166689945169,312.8399963378906,2,0.00578639065182414
2026-08-06 13:30:00+00:00,314.3399963378906,316.2893981933594,312.1199951171875,312.8399963378906,10486977,0.0,0.0,0.006175166689945222,0.015087773534468107,0.013608428011950835,0.011379765066351855,0.028351659529697315,0.00615617847827482,4.200103759765625,3.519989013671875,1.875091552734375,0.010999558608150327,309.79215349469865,0.00983834744941108,308.9029628208705,0.01274521125033817,307.76603626069567,0.016486419810406012,319.6299920654297,-0.021243299740557137,309.8377224231191,0.009689826956131234,310.14293876356686,0.008696175979589632,315.56681671815574,-0.008641023820612584,309.5730250767299,307.63179676406213,0.016929978073124827,0.3663188278833123,67.62439764624577,-1.5205017149098126,-2.900196705029454,1.3796949901196416,68.82429845085412,79.25227670329599,203.97500091710967,2.066847638419328,-31.175701540107887,2.5229666573660716,0.008064718983799674,0.08403159456685905,0.08626025796918572,0.08823241587264487,0.7116623596183247,6511235.1,1.6105971968359734,137931920.0,116664091.01822916,72.25888351586558,-0.008758439670276704,310.1000061035156,0,0.005014167473458583
2026-08-06 14:30:00+00:00,312.79998779296875,313.6400146484375,309.6600036621094,310.1000061035156,5738168,0.0,0.0,-0.008758439670276674,0.0015500268046413357,0.001162316395981744,0.0016797582331071759,0.012207928354811992,-0.008797020238582736,0.360015869140625,0.52001953125,-3.840087890625,-0.00012788820288354335,310.0071541922433,0.00029951538219800516,309.2191140311105,0.0028487633281092787,308.04627482096356,0.006666957046434097,319.07279235839843,-0.028121439589170627,309.8901791591984,0.0006771009810180463,310.1390357944713,-0.0001258457867309464,315.3524319881699,-0.01665573292561334,309.73263084774925,307.9479070015488,0.006988516736205691,0.41880865124079675,61.82767721599047,-1.3628234001710666,-2.5927220440577767,1.22989864388671,42.68767219668304,67.66622008215086,104.40848376426412,0.38847919415288235,-57.3123277940572,2.687617710658482,0.008666938593199034,0.08857652202539835,0.08645275326536563,0.08778118314727598,-0.45282916134935736,6397265.45,0.8969720023107685,132193752.0,118143106.34982637,64.92680172151279,0.0034085998553146004,311.1570129394531,2,0.0017829922046819703
2026-08-06 15:30:00+00:00,310.1050109863281,311.260009765625,309.2300109863281,311.1570129394531,3774543,0.0,0.0,0.003408599855314609,0.0007622523526418234,0.009626912101103668,0.005711232448867065,0.012798459623474256,0.003402803746171184,2.9669189453125,1.766998291015625,2.606903076171875,1.613957663326573e-05,310.3667428152902,0.002546246150576451,309.5514003208705,0.005186901486838976,308.2747047061012,0.009349804539073251,318.5105328369141,-0.02308721106313639,310.1435459152494,0.003267735335938358,310.2315791712878,0.0029830417994016136,315.18790575096534,-0.012788856228145686,309.9910173688616,308.0851277849423,0.009970897253583662,0.5142838705447753,62.28302432548808,-1.1394358743587532,-2.3020648101179724,1.1626289357592192,51.66965537366626,54.39387534040114,77.23833503128988,0.5938851583250317,-48.330344616917,2.744044712611607,0.008818842573015514,0.08879349576821659,0.08682579840839905,0.08819816148049674,-0.3422041669048379,6241040.25,0.6047938883265493,135968295.0,119840743.36412862,59.86763690519483,0.00014005501965330891,311.2005920410156,1,0.0023552723813269416
2026-08-06 16:30:00+00:00,311.1600036621094,311.760009765625,310.7099914550781,311.2005920410156,3748424,0.0,0.0,0.0001400550196533068,-0.005240392264626914,0.005104660321275212,0.014583248556067074,0.018592211252716817,0.00014004521286469106,1.58050537109375,4.47308349609375,-1.38641357421875,9.611618995784427e-06,310.57540021623885,0.0020130114115267123,309.7157287597656,0.004794277924441339,308.4640183221726,0.008871614049895345,317.9383447265625,-0.021192010329299425,310.35495514040264,0.0027247410959741307,310.319671250354,0.0028387526549938672,315.0315405074379,-0.012160523547069015,310.2109095982143,308.25687398494745,0.009549561759983246,0.39137961642983277,56.935642896878306,-0.947955737778841,-2.031242995650146,1.083287257871305,52.08002850280893,48.81245202438608,95.52564171135162,0.5234852183723011,-47.919971487774326,2.527616228376116,0.00812214466492679,0.08577007012169478,0.0862874945905179,0.08831953656858571,-0.006919778102938534,6191113.85,0.6054522806102168,139716719.0,121733693.4246878,59.194494270505345,0.0033399621335629863,312.239990234375,2,0.0029731357342802586
2026-08-06 17:30:00+00:00,311.2099914550781,312.4200134277344,311.18011474609375,312.239990234375,2450423,0.0,0.0,0.0033399621335630236,0.006900948367427606,0.004245390292147988,0.011811562077329363,0.02358660686103997,0.003334396848487575,1.319976806640625,3.644989013671875,-0.260528564453125,3.0203715233391883e-05,311.1539568219866,0.003490340998640279,309.92429896763394,0.007471796417535548,308.7840038481213,0.01119224552817953,317.40254455566406,-0.016265006093444924,310.7319621591971,0.004853147596063613,310.49424570344684,0.005622469836654888,314.92206794770993,-0.008516639468313643,310.54747779482886,308.4711010836122,0.012217965110867873,0.40955843422802907,58.485997639383555,-0.7042178177655387,-1.7658379600732248,1.061620142307686,61.867772484230855,55.20581878690202,114.84006519564412,0.9211595238995479,-38.1322275063524,2.5111803327287947,0.008042468649950311,0.08564461965591666,0.08631736620568073,0.08812849784294381,-0.346279129575523,6032188.55,0.40622453686398774,142167142.0,123679736.1461461,57.77137061876123,0.0010888942753150082,312.5799865722656,1,0.003925226378735125
2026-08-06 18:30:00+00:00,312.2477111816406,312.82000732421875,311.8800048828125,312.5799865722656,3027688,0.0,0.0,0.001088894275315111,0.004573169087110918,-0.0008311269935707966,0.01276599068651918,0.030698710376429794,0.0010883018599564982,-0.260009765625,3.940093994140625,-1.579986572265625,2.4727605390343306e-05,311.57679966517856,0.0032197099018985947,310.13858468191967,0.007871970825049082,309.14281209309894,0.011118403355017861,316.8573443603516,-0.013499317166554187,311.1015670418108,0.004752208561686077,310.68385850970304,0.006103078774841663,314.8302216192611,-0.007147455652175813,310.9015694754464,309.00696525173277,0.011562915151800971,0.40257761529737274,58.678180557219406,-0.47810757065542475,-1.508291882189665,1.0301843115342402,65.06943006950998,59.67241035218325,126.16819342644209,1.9080381981675256,-34.93056992107328,2.4676099504743303,0.007894331231906773,0.0815705321212052,0.08490216279966709,0.08712623899747603,0.2355776941368899,5674269.6,0.5335819785510367,145194830.0,125728792.703656,63.28649321555278,-0.00041581153886295315,312.45001220703125,1,0.004252405961178419
2026-08-06 19:30:00+00:00,312.5899963378906,312.94000244140625,311.7799987792969,312.45001220703125,3796760,0.0,0.0,-0.0004158115388629424,0.00401483865381258,0.0075782201137111205,0.008749344799183323,0.018382760318494507,-0.00041589801245284333,2.350006103515625,2.71002197265625,2.610015869140625,3.202305347419871e-05,311.79537091936385,0.0020995862951236873,310.3571559361049,0.006743380105437211,309.5799560546875,0.009270807415669644,316.32234436035156,-0.012241728168582195,311.3712560748549,0.0034645334504272616,310.84441793673284,0.0051652665373583696,314.7368800736835,-0.007265967261636439,311.20975981212797,309.70860938661895,0.00885155509829975,0.41614303840704997,58.88256966972734,-0.3058754737569984,-1.2678086005031317,0.9619331267461333,63.845495085603346,63.59423254644806,109.77379166290984,1.2492136849483766,-36.15450490497991,2.440466744559152,0.007810742996336557,0.0723958575912919,0.07870833307598839,0.08161763309863695,0.2540129630265735,5045545.4,0.7524974406136548,141398070.0,127221104.82711732,56.8768326955642,0.005216752445361865,314.0799865722656,2,0.004431654816054764
2026-08-07 13:30:00+00:00,312.0,314.135009765625,310.739990234375,314.0799865722656,7215243,0.0,0.0,0.005216752445361905,0.00589289135100679,0.009393886402236706,0.01911123262202241,0.027500214150463664,0.005203192331716241,2.9229736328125,5.889892578125,0.572967529296875,-0.0014402694493467613,311.9725123814174,0.006755320123411612,310.882332938058,0.010285736098211894,309.92614600771947,0.01340267872859392,315.80074401855467,-0.0054488707796790095,311.91300217433707,0.006947400021209831,311.13856053996307,0.009453749568000923,314.7111195442161,-0.002005435883112482,311.70613723028276,310.151816655892,0.012665313260825437,0.3771890453562161,72.70376520799078,-0.03742359122526295,-1.021731598647558,0.984308007422295,77.94868357754656,68.95453624421997,119.43844092071176,1.7626023482191195,-22.051316412472808,2.4172537667410716,0.007696299891993269,0.07176033337702166,0.08121273268820786,0.0841116523196656,0.900368472065656,5118525.6,1.4096330787131355,148613313.0,129258457.98643948,70.382175162486,-0.0022924135617837663,313.3599853515625,0,0.004171065546332125
2026-08-07 14:30:00+00:00,314.0899963378906,314.80999755859375,313.0,313.3599853515625,4161883,0.0,0.0,-0.0022924135617837793,0.0024953573894805903,0.006938911318852048,0.01207899242540944,0.022364987062351238,-0.002295045164336404,2.159393310546875,3.739898681640625,-0.763580322265625,3.1870116062505043e-05,312.438223702567,0.0029502204886111194,311.2226889474051,0.006867418347226304,310.29215058826264,0.009886923525051671,315.24474365234374,-0.00597871443926057,312.20239880978215,0.0037078079674907637,311.3405082501084,0.006486393668456672,314.65813388960225,-0.004125583921790765,312.03649088541664,310.460658342909,0.00933879037723929,0.3211988455129397,65.83608014401568,0.11589244262506782,-0.7942067903930328,0.9100992330181006,65.37096226472747,69.05504697595912,135.6005431877283,1.168720614485919,-34.629037723451376,2.1580963134765625,0.006886955624051617,0.07270674628349694,0.08168248028474467,0.08479808811313622,-0.4231818665012391,5112854.9,0.8140037379116702,144451430.0,130705407.70201667,68.90915425618726,-0.005329279385441237,311.69000244140625,0,0.004049971703941651
2026-08-07 15:30:00+00:00,313.3599853515625,313.4200134277344,311.5400085449219,311.69000244140625,3258407,0.0,0.0,-0.005329279385441255,-0.0024324203422383395,-0.001761426499392038,0.002476485849794985,0.009032077047747888,-0.0053435306500227596,-0.54998779296875,0.769989013671875,-2.709381103515625,0.0,312.51436505998885,-0.0026378391227607047,311.4405539376395,0.0008009506167777497,310.53905523390995,0.0037062881080309126,314.68234375,-0.00950908548895735,312.099919536107,-0.0013134162139763327,311.3722804493173,0.0010203926683179177,314.5417365779083,-0.009066313957310522,312.0987993512835,310.61390328887796,0.0034644268692764378,0.20991942534808214,59.14860970874395,0.10147312084143323,-0.6150708081461396,0.7165439289875728,43.97411209623227,62.431252646168765,65.43549308510019,1.135633012046393,-56.02588789158659,2.1773812430245534,0.0069857269272757235,0.07160911210823537,0.07772392868601108,0.080447720745348,-0.21708346918930688,5022255.4,0.6487935679256772,141193023.0,131704228.20658651,69.59501871233653,0.0033686925623035804,312.739990234375,2,0.010126304521101005
2026-08-07 16:30:00+00:00,311.69500732421875,312.9032897949219,311.610107421875,312.739990234375,2173574,0.0,0.0,0.0033686925623035435,-0.004266417457905458,0.0005118806992858715,-0.00031967173215152744,0.01105645554499013,0.0033630312281472743,0.160003662109375,-0.100006103515625,0.709991455078125,1.6057245254200275e-05,312.7342790876116,1.826197876376384e-05,311.6548396519252,0.0034818987045356466,310.72191220238096,0.006494804366011745,314.11174377441404,-0.004367087723468958,312.2279336757606,0.0016400087992912236,311.49661770250435,0.003991608451601688,314.4710798585541,-0.005504765732200962,312.27205752418155,310.7185395457618,0.006505729241524599,0.2941263628773323,59.02543908475298,0.17277925254876436,-0.4575007960071588,0.6302800485559232,56.76416138725512,55.36974524940496,66.52178198470487,1.007655413445155,-43.23583860056374,2.160465785435268,0.006908185242984927,0.07229591437553125,0.07756523239628657,0.07995082191162962,-0.332933546975562,4878187.8,0.4455699717013764,143366597.0,132814929.9964354,69.40068781443142,-0.0026251324178384883,311.91900634765625,0,0.009604061106825155
2026-08-07 17:30:00+00:00,312.739990234375,313.25,311.82000732421875,311.91900634765625,2366404,0.0,0.0,-0.0026251324178384605,-0.00459847801655211,-0.0016994906021099432,0.005865850397737127,0.007555461841344258,-0.0026285841200509785,-0.531005859375,1.819000244140625,-0.691009521484375,0.0,312.6884242466518,-0.002460653607010864,311.9211905343192,-7.002367037589483e-06,310.8456740606399,0.0034529426547641223,313.49572387695315,-0.00502947060901772,312.16614821013974,-0.0007916997531594264,311.5350166702454,0.0012325730876541127,314.37099854440123,-0.007799676840708533,312.307279750279,310.8327831684328,0.0034945579682673297,0.12696134520767471,61.73294483421621,0.16118529352081623,-0.3337635781015638,0.49494887162238005,46.73116551159682,49.156479665028066,57.102569906870066,0.3213022246156737,-53.2688344762146,2.1097499302455356,0.006763774849575224,0.073158929665683,0.07744142914597685,0.07959651532842774,0.08871563609060473,4762226.7,0.49691124532143743,141000193.0,133594478.85391775,69.69038321397915,0.004355265189323667,313.2774963378906,2,0.009584465348573906
2026-08-07 18:30:00+00:00,311.91009521484375,313.3900146484375,311.67999267578125,313.2774963378906,2613734,0.0,0.0,0.00435526518932372,0.00509318195659092,-0.0025550505243362442,0.006814834023522787,0.012564987573598696,0.004345808469628076,-0.802490234375,2.1204833984375,-0.271484375,-2.8568739419935604e-05,312.78806849888394,0.0015647266897166245,312.18243408203125,0.0035077638467259854,311.02174595424106,0.007252709538754224,312.8895196533203,0.0012399798018130131,312.38841783568995,0.002846067432197396,311.6934239127586,0.005082149007963437,314.32811610493025,-0.0033424301333755202,312.4881205240885,310.9667669766467,0.0074307919900972776,0.09592753707801888,61.559978802157616,0.25863440981652275,-0.2152839805179465,0.47391839033446925,57.33479737388253,53.61004142424483,69.91548506139537,0.13984784718066187,-42.66520261195194,2.1037510463169644,0.006715295771009398,0.07437401574756752,0.0775939232887221,0.07922800719739367,0.10451723374368882,4607348.0,0.5672968484256018,143613927.0,134548712.0106875,68.99768009281811,7.179403353589902e-05,313.29998779296875,1,0.00931598430541455
2026-08-07 19:30:00+00:00,313.2799987792969,314.17999267578125,312.92498779296875,313.29998779296875,4253428,0.0,0.0,7.17940335359657e-05,0.0017906170495627372,-0.00019146528401337015,0.0067461174742122765,0.02142774633819422,7.17914564676847e-05,-0.05999755859375,2.099395751953125,0.74249267578125,7.987938602340471e-06,312.9094935825893,0.001247946190150212,312.35243225097656,0.0030336102560833875,311.2079351515997,0.006722362784044071,312.3249194335938,0.0031219678568721087,312.5707318271457,0.002333091014497098,311.83947517459586,0.004683539880736646,314.2877973475984,-0.0031430095694553154,312.6371276855469,311.5460726731008,0.005629713463609152,0.040926230069218535,58.18319557384958,0.33383022202229995,-0.10546114000989723,0.4392913620321972,57.65340087890824,53.9064545881292,92.72840019231931,1.0319192603867953,-42.34659910692622,2.038752964564732,0.006507350922418324,0.0659790405529413,0.07370343422186675,0.07626612679527645,0.6273377474524953,4292772.0,0.9908348265409854,147867355.0,135817154.20014584,68.04080330410855,-0.020491487903914724,306.8800048828125,0,0.009407540597530921
2026-08-10 13:30:00+00:00,306.8299865722656,307.4559020996094,304.6300048828125,306.8800048828125,14208722,0.27,0.0,-0.02049148790391475,-0.01615483943683582,-0.015431991789656374,-0.017166235969771737,-0.0055574339542333595,-0.020704351389170646,-4.80999755859375,-5.3599853515625,-4.75,-0.02065113780010073,311.8809247698103,-0.016034709050169654,311.92671857561385,-0.01617916450322225,311.21519688197543,-0.013929885309530913,311.7011193847656,-0.015467106795938153,311.4325864382791,-0.014618192680213374,311.3886142389792,-0.01447904370932464,313.9972956823127,-0.022666726425180663,311.907470703125,310.9603236761925,-0.013121670138264247,-0.35444718173576145,34.35027394932351,-0.12319540195449008,-0.10900799239881581,-0.014187409555674269,22.102176999909336,45.69679175090004,-208.7609982885706,-1.3745497863675424,-77.89782299026747,2.274509974888393,0.007411724252772815,0.09856919903952617,0.06642210978280351,0.06772464891949231,2.34053427024038,4631873.65,3.0675970619362634,133658633.0,135611580.7525129,47.48587758007786,-0.0010476495060981455,306.5585021972656,1,0.002500605332712825
2026-08-10 14:30:00+00:00,306.8970947265625,307.20989990234375,306.2250061035156,306.5585021972656,3672651,0.0,0.0,-0.0010476495060981472,-0.0214474203195818,-0.019765582369164925,-0.01926381929000398,-0.006743750341127841,-0.0010481986744327557,-6.181488037109375,-6.021484375,-1.371490478515625,5.5689010290749855e-05,310.90928431919644,-0.01399373496177128,311.6737540108817,-0.016412199448212282,311.1182207380022,-0.014655903244451058,311.2060894775391,-0.014934114200853244,310.4577695900764,-0.012559735251421612,310.94951314427794,-0.014121298671919148,313.70557829074227,-0.022782751050827506,311.19170851934524,310.88840679106266,-0.01392752029088396,-0.6719323359744248,39.34780450282004,-0.5055069124420015,-0.18830777640745297,-0.3171991360345485,18.943995105730124,32.8998576615159,-178.15155352300349,-1.491671276487567,-81.05600488444668,2.060573032924107,0.006721630677825529,0.09859506084721653,0.06584137889618975,0.066890353255467,-0.7415213697614746,4618976.1,0.7951223215898432,129985982.0,135075809.44274977,55.11533350949229,-0.003354998835774987,305.5299987792969,0,0.0026586163521328406
2026-08-10 15:30:00+00:00,306.5205078125,307.2471923828125,305.04998779296875,305.5299987792969,4150321,0.0,0.0,-0.003354998835774947,-0.024800476592442,-0.020482905620821223,-0.02214758571732467,-0.013592017782051657,-0.00336063946410356,-6.389007568359375,-6.920013427734375,-0.20751953125,-0.0001239384472887732,310.02928379603793,-0.014512451732419357,311.2718244280134,-0.018446339173965248,310.9701305571057,-0.017494065324040173,310.6922894287109,-0.01661544500795193,309.4722154279205,-0.012738515614914953,310.45683002018876,-0.015869617816285854,313.3849673295091,-0.025064918132872777,310.37254115513394,310.71132269432496,-0.016675684265644714,-0.9802813287953194,33.045900887932845,-0.8813238168222028,-0.32691098449040296,-0.5544128323317998,8.840810843971438,16.628994316536964,-177.23285593946355,-2.1489852885339737,-91.15918914620536,2.072516305106027,0.00678334799652963,0.09803736719106228,0.06676754779633819,0.06823725205756317,0.13006136439318627,4696559.6,0.8836938852005625,125835661.0,134195795.30534503,54.83170603351531,0.0030766289567698774,306.4700012207031,2,0.003995055234824851
2026-08-10 16:30:00+00:00,305.54998779296875,306.7900085449219,305.1700134277344,306.4700012207031,2973562,0.0,0.0,0.0030766289567698557,-0.0013360390236761832,-0.021729920587226448,-0.024229450066572622,-0.005581272101076062,0.0030719058189830075,-6.8074951171875,-7.6099853515625,-0.418487548828125,6.542406229068482e-05,309.1335710797991,-0.008616242648068052,310.93392508370533,-0.01435650311166958,310.81441679454986,-0.013977522724450835,310.17988952636716,-0.011960441121173055,308.87177258647705,-0.0077759496947676175,310.09439103841737,-0.011688021204013119,313.1137921879873,-0.021218455184734152,309.7322980608259,310.62022470145763,-0.013361085823468174,-1.0177228008025656,36.477281818265205,-1.0907377344229872,-0.4796763344769198,-0.6110613999460673,18.074633217441587,15.286479722381051,-151.78163641946657,-1.9546949945659369,-81.92536677273522,2.1132289341517856,0.006895385929218753,0.09748940188623406,0.06608729584239285,0.06790513819489462,-0.2835344543229307,4712421.4,0.6310051134221568,128809223.0,133682788.4191217,54.21290927400894,0.0007994097830510587,306.7149963378906,1,0.0038091322340510184
2026-08-10 17:30:00+00:00,306.4700012207031,306.989990234375,306.0,306.7149963378906,2554763,0.0,0.0,0.0007994097830510416,0.0005104870342962364,-0.021018166969829388,-0.021205608004534415,-0.009382757957587806,0.0007990904252375962,-6.584991455078125,-6.644989013671875,0.222503662109375,0.0,308.39014107840404,-0.005431901080398359,310.5392826625279,-0.012314984087797142,310.74417404901413,-0.01296622124434428,309.67238952636717,-0.009550070618146556,308.44041733675977,-0.005594017197103278,309.7871733383695,-0.009917056821178692,312.8628590173953,-0.019650343600367073,309.1697742280506,310.57087640684415,-0.012415459277932913,-0.9911581224466735,33.455000035919625,-1.2228346379023947,-0.6283079951620147,-0.5945266427403799,20.481266748193434,15.798903603202154,-123.96832338661075,-1.8354986862097527,-79.51873324198337,2.0953783307756697,0.006831678776020713,0.09586795728503417,0.06528200663384666,0.06754905170276478,-0.14084085013192926,4637622.7,0.5508777158607576,131363986.0,133461950.09349106,54.25890114030304,0.0016791309671410307,307.2300109863281,2,0.0037985552623351596
2026-08-10 18:30:00+00:00,306.71990966796875,307.6698913574219,306.6000061035156,307.2300109863281,3143432,0.0,0.0,0.001679130967141118,0.0055641417007279426,0.0011405308196905661,-0.014309061632211129,-0.011868011971072123,0.0016777228028465201,0.350006103515625,-4.459991455078125,6.93499755859375,1.6019203941030134e-05,307.5262145996094,-0.0009631816710843195,310.15714154924666,-0.009437572671349656,310.63036092122394,-0.010946611673117165,309.1549896240234,-0.006226581172214338,308.19833606667345,-0.003141889384284998,309.5547040336385,-0.007509797192583511,312.641963016177,-0.01731038270621248,308.72853800455727,310.4482036833639,-0.010366279008358292,-0.9675880713526239,34.14529587043286,-1.2713101357626897,-0.7569084232821497,-0.51440171248054,25.54035337810975,21.365417781248254,-92.13835373770142,-2.1809653205456954,-74.45964661206706,2.1046556745256697,0.006850423458834813,0.09465588154637869,0.06399927119321182,0.0663800680756941,0.23042019944707204,4488455.35,0.7003371438238769,134507418.0,133561518.46553953,54.3067971346109,0.0031246669294974737,308.19000244140625,2,0.0036776810706389907
2026-08-10 19:30:00+00:00,307.2200012207031,308.2300109863281,306.8699951171875,308.19000244140625,4503724,0.0,0.0,0.0031246669294975327,0.00561229880201064,0.005321986610864915,-0.01454878792302472,-0.014863808818940227,0.003119795303288855,1.631500244140625,-4.54998779296875,1.281494140625,-3.258068960396209e-05,306.7962166922433,0.004543034344378948,309.85285513741627,-0.005366588264184938,310.5003603980655,-0.00744075772952367,308.65558959960936,-0.001508435855010959,308.19666934162,-2.1631967107169365e-05,309.4306402525264,-0.004009421336244116,312.4673763269703,-0.013689025509896554,308.46625279017854,309.8906438039283,-0.005487875792702468,-0.7479926214371119,37.9673686378253,-1.2182211346981262,-0.8491709655653451,-0.3690501691327811,34.97053162634852,26.997383917550565,-66.3059754712856,-1.6498542097962772,-65.02946836382829,2.1189422607421875,0.006875441266587387,0.09236010246744825,0.0581767497708179,0.05901811561279374,0.4327410295498677,4189292.7,1.0750559396339145,139011142.0,134080530.23072624,61.05017595050782,-0.00648950317711959,306.19000244140625,0,0.0046086920812599685
2026-08-11 13:30:00+00:00,307.75,309.9700012207031,305.6700134277344,306.19000244140625,8080038,0.0,0.0,-0.006489503177119604,-0.0017116668658287981,0.002160192664374394,-0.01836695997891391,-0.012608847420674252,-0.006510651547458566,0.660003662109375,-5.72900390625,-0.97149658203125,-0.0014276986207184853,306.69764491489957,-0.001655188691235376,309.2892848423549,-0.010020658822753397,310.1836940220424,-0.012875246692817695,308.1023895263672,-0.006206985567020598,307.7953359615773,-0.005215587543425971,309.13603681515184,-0.009529896300953241,312.2212048020462,-0.019317081184298566,307.9778724307106,309.5626217078116,-0.01089478842047604,-0.6491436170825111,28.170609977484375,-1.3222884856054407,-0.9437944695733642,-0.37849401603207644,15.324152070873554,25.27834569177727,-69.894836436415,-1.764573761398165,-84.67584791930327,2.1835828508649553,0.007131463579630373,0.09006767931902912,0.0594152393100334,0.06265082565622328,0.7940792997084192,4306386.2,1.8762920055799914,130931104.0,133780584.87541899,48.553893523721214,0.0016819103391787732,306.7049865722656,2,0.005678887150175324
2026-08-11 14:30:00+00:00,306.19000244140625,306.94000244140625,306.04998779296875,306.7049865722656,2532263,0.0,0.0,0.0016819103391787493,-0.001708896902281709,0.0007667482971467354,-0.020979833669687253,-0.014307973730464552,0.0016804975119282348,0.2349853515625,-6.572509765625,-0.425018310546875,0.0,306.7185712541853,-4.429037949699161e-05,308.81392778669084,-0.006829164829233704,310.0220264253162,-0.010699368336136413,308.181689453125,-0.004791663266805413,307.57726608371496,-0.0028359687390195026,308.91503224761675,-0.007154218618835184,312.0048825185254,-0.01698658015689257,307.63329932803197,309.42933671511094,-0.008804433903255892,-0.34129626337403474,31.376192834741232,-1.3476725650727417,-1.0245700886732396,-0.32310247639950207,21.72758472805138,24.00742280842448,-77.48378215691955,-1.9297192078209437,-78.2724152614774,2.1178697858537947,0.00690523427583033,0.08924845325024587,0.058085488022533056,0.06124215804199525,-0.6866025877601071,4244272.2,0.5966306779287152,133463367.0,133750373.64918861,42.927835519464566,-0.0004890494222500473,306.55499267578125,1,0.00552863776570891
2026-08-11 15:30:00+00:00,306.70001220703125,307.6099853515625,306.45001220703125,306.55499267578125,2657630,0.0,0.0,-0.0004890494222500319,-0.005305200534322485,-0.0005216688587770246,-0.021528871305429687,-0.014927990126130886,-0.0004891690459215817,-0.160003662109375,-6.7449951171875,-0.394989013671875,-1.621872956795479e-05,306.864998953683,-0.001010236680487495,308.4471413748605,-0.0061344342198768045,309.8028826032366,-0.01048373049389734,308.27818908691404,-0.005589744821815379,307.37281140212826,-0.002660673605494732,308.7004831956317,-0.006950071790084794,311.79116134822175,-0.016793832929008937,307.3321079799107,309.2679570739627,-0.008772213015019376,0.04764523489531909,34.29365111987492,-1.3641676097871596,-1.0924895928960237,-0.2716780168911359,20.156966003500727,19.06956760080855,-63.45059085576008,-1.719681572042206,-79.84303398602806,2.066438947405134,0.006740842578884047,0.08919735653638847,0.05819849766973792,0.061382518589542835,0.04950789076805995,4189732.5,0.6343197328230381,130805737.0,133469932.0635516,47.821007534144734,-0.0011906191159672974,306.19000244140625,1,0.00635150444652893
2026-08-11 16:30:00+00:00,306.57000732421875,306.5899963378906,305.6986999511719,306.19000244140625,2318016,0.0,0.0,-0.0011906191159672952,0.0,-0.0033851137835885226,-0.0022484437904963794,-0.019376082443595677,-0.0011913284660066594,-1.040008544921875,-0.69000244140625,-0.8800048828125,4.897864590752504e-05,306.8249991280692,-0.002069572845972085,307.97928510393416,-0.0058097500353579586,309.5642830984933,-0.010900096817702263,308.39118896484376,-0.007137644012524978,307.1362496099839,-0.0030808710133569867,308.4722576725203,-0.007398575315416321,311.5715080577584,-0.017272136498878096,307.03115612211684,309.103374252626,-0.009425234578090573,0.029753508387597216,29.08945653174169,-1.3906610383336897,-1.1521238819835569,-0.23853715635013284,16.33507384772742,19.40654152642651,-72.07528627508067,-2.262369298565071,-83.66492614180136,2.0377328055245534,0.006655125213984892,0.08789127985842957,0.05791132191246891,0.06137785611382448,-0.1277882925764685,4183112.15,0.5541367089572292,128487721.0,132995435.77178478,44.064738325628866,-0.009438631651569175,303.29998779296875,0,0.006309216459484246
2026-08-11 17:30:00+00:00,306.1650085449219,306.5199890136719,302.7900085449219,303.29998779296875,4171291,0.0,0.0,-0.009438631651569218,-0.011101869641413797,-0.01586688279859827,-0.01062933952554368,-0.029688397139755573,-0.009483457823428675,-4.8900146484375,-3.258514404296875,-3.850006103515625,-8.162871512787654e-05,306.33714076450894,-0.00991441313302926,307.36364092145647,-0.01322099489806902,309.1385686965216,-0.018886614271885406,308.4331884765625,-0.016642828577986164,306.3689972465809,-0.010017362987717774,308.0020513198338,-0.015266338346451802,311.2471347140412,-0.02553323720826652,306.4072498139881,308.743712628775,-0.017631856498188762,-0.17781267260313127,25.6949990158696,-1.62611248805797,-1.2469216031984396,-0.37919088485953045,4.477435983605911,13.656491944944683,-105.39141170802816,-3.1918290423222633,-95.52256400761443,2.2020176478794644,0.007260196955152177,0.09245688794180415,0.06319644389939987,0.06503713597609675,0.7995091492034567,4240292.3,0.9837272303138157,124316430.0,132168863.79351957,42.83583157713449,0.006132594606005272,305.1600036621094,2,0.005505566806196182
2026-08-11 18:30:00+00:00,303.27569580078125,305.20001220703125,302.9700012207031,305.1600036621094,3965892,0.0,0.0,0.006132594606005348,-0.004550534315215793,-0.00336392034711841,-0.001210994398801346,-0.02333175951387534,0.006113866775497499,-1.029998779296875,-0.3699951171875,3.860015869140625,-8.009229530204109e-05,306.0414254324777,-0.0028800734054870913,306.78382001604353,-0.005293031274739157,308.78523617699034,-0.011740303907507101,308.5017883300781,-0.010832302418883876,306.1271985296866,-0.003159454214520835,307.7436833509497,-0.008395557175045313,311.00842369239683,-0.01880469975968573,306.11343151274184,308.3800889713951,-0.010441936507690534,-0.3049503415955068,27.738926937300548,-1.64367446636561,-1.3262721758318738,-0.31740229053373614,20.80771219477201,13.87340734203511,-93.25974953832844,-0.5604800551780272,-79.19228779644834,2.239159720284598,0.007337657928319421,0.09630728193448312,0.06461828069416138,0.06554390948075237,-0.04924111024620437,4248748.9,0.9334258374271068,128282322.0,131798716.95604151,43.985326179714335,-0.00085204405067742,304.8999938964844,1,0.004353438632207115
2026-08-11 19:30:00+00:00,305.1600036621094,305.29998779296875,303.75,304.8999938964844,4718904,0.0,0.0,-0.000852044050677403,-0.004213098189477127,-0.00588511030079375,-0.005122874401948807,-0.02922820003900206,-0.0008524072465301159,-1.80499267578125,-1.57000732421875,-0.774993896484375,0.0,305.57142421177457,-0.002197294190777036,306.18382045200894,-0.004192992802902213,308.4257114955357,-0.011431334897288382,308.4866882324219,-0.01162673941127595,305.8817576030462,-0.0032096183644684103,307.48516612781646,-0.00840746974522036,310.7688774258905,-0.018885042730145272,305.8622546968006,307.76383874035827,-0.009305332476960165,-0.3732332685127352,27.260440311444867,-1.6594440378945592,-1.392906548244411,-0.26653748965014823,29.387012585483507,18.224053587953808,-84.64039765718022,-0.5410087434823829,-70.6129874005889,2.260229928152902,0.0074130205752409835,0.0933395375161177,0.0612915454274878,0.06266323406694284,0.1898720388754913,4123931.95,1.144273003825875,123563418.0,131014402.76975185,44.28505446703274,-0.008379772800679974,302.3450012207031,0,0.004340887098266516
2026-08-12 13:30:00+00:00,305.1300048828125,305.6600036621094,302.17999267578125,302.3450012207031,7719258,0.0,0.0,-0.00837977280068003,-0.003148653513687205,-0.013733234022160201,-0.014247738680417621,-0.03515121472354399,-0.008415080482033405,-4.209991455078125,-4.3699951171875,-2.404998779296875,0.0007543817347712409,305.0221383231027,-0.008776861630794042,305.85989161900113,-0.011491831700067724,307.8669026692708,-0.017936002216132056,308.35298828125,-0.01948412140908945,305.1744063265776,-0.009271436421956507,307.017878408988,-0.015220211970993975,310.4385293394125,-0.02607127451578155,305.3504121326265,307.0835783181865,-0.0154309036107363,-0.5570715701266049,34.47449414448408,-1.8567051516858442,-1.4856662689326978,-0.37103888275314634,2.1182074955265375,17.43764409192735,-114.05514575700022,-1.0424500282487958,-97.8817924916365,1.8895176478794642,0.006249541551024094,0.09650230258970745,0.06481828478215229,0.06450104859443148,0.6358158589367362,4301800.7,1.7944248323731031,115844160.0,129569617.7440612,49.37806539131344,-0.0041840104626505,301.0799865722656,0,0.003097345941580719
2026-08-12 14:30:00+00:00,302.3599853515625,303.19000244140625,301.0299987792969,301.0799865722656,4848995,0.0,0.0,-0.004184010462650489,-0.013370091233716797,-0.016689035658891238,-0.020017655157836045,-0.03404028292866135,-0.0041927879263151235,-5.110015869140625,-6.1500244140625,-0.9000244140625,4.955971092238253e-05,304.21856689453125,-0.010316859862611261,305.46856907435824,-0.014366723605563382,307.28214082263764,-0.020183907316408928,308.2635858154297,-0.02330343113390588,304.3555223757152,-0.010762202630236209,306.478070060195,-0.017613278127376467,310.07152766226955,-0.028998280357326215,304.71309145972845,306.5984811639277,-0.01799909305060628,-0.7205730398826704,32.382520667847814,-2.0910082737431708,-1.6067346698947926,-0.48427360384837814,0.559147419598417,10.688122500202818,-154.61693763408658,-1.758741353786962,-99.44085256921589,1.9734540666852678,0.006554584013192262,0.09602649678412448,0.0653392810393292,0.06561837041781554,-0.37183146359403974,4381330.1,1.1067403937448126,110995165.0,127800622.24462679,42.12338492258194,0.0014282689402743156,301.510009765625,1,0.00235498032138909
2026-08-12 15:30:00+00:00,301.08990478515625,301.82000732421875,300.57000732421875,301.510009765625,3572317,0.0,0.0,0.0014282689402742577,-0.01111834765077202,-0.005901675237011794,-0.021674916846308956,-0.03590836100088757,0.0014272499343523236,-1.78997802734375,-6.67999267578125,3.320037841796875,3.2942119479640256e-05,303.4978550502232,-0.006549783636074533,305.1814270019531,-0.012030277439827942,306.7973792666481,-0.017234076489324936,308.20948608398436,-0.021736762237461033,303.7864198536972,-0.0074934557284063105,306.0264282152341,-0.014758262794276878,309.73578186240115,-0.02655738399770635,304.1852835518973,306.24378962869866,-0.01545755382924701,-0.7040734081506637,36.55525907865797,-2.216446097266612,-1.7286769553691566,-0.48776914189745546,10.000032464465889,4.225795793196945,-163.16536050532997,-1.697010786689613,-89.99996752489581,1.9057965959821428,0.006320840218396958,0.09490512272533763,0.06534179748456409,0.06596429828958587,-0.2632871347567898,4451267.25,0.802539321807739,114567482.0,126540323.17370996,42.585653628621124,0.0021560990619319265,302.16009521484375,2,0.005328695474423454
2026-08-12 16:30:00+00:00,301.5150146484375,302.510009765625,301.4100036621094,302.16009521484375,2585592,0.0,0.0,0.0021560990619318154,-0.000611572888960743,-0.009830608242446082,-0.013161459206473158,-0.031286683190877684,0.0021537780160205693,-2.999908447265625,-4.0299072265625,-1.209930419921875,1.6599391895393068e-05,302.92215401785717,-0.0025156918795908815,304.87357657296315,-0.008900349412409959,306.29357474190846,-0.013495155850181313,308.12548828125,-0.019360271361069013,303.46115492592656,-0.00428740117131667,305.6749433970168,-0.011498646709803799,309.43869611151655,-0.023521947927372958,303.78243931361607,305.9602392591867,-0.012420385255063657,-0.7063565751064054,35.300583042709235,-2.237606281032299,-1.8304628205017852,-0.407143460530514,16.915839605497393,9.158339829853897,-129.32027440422476,-1.6502019953036056,-83.0841603838643,1.868654523577009,0.006184319349787609,0.09587280948063,0.06507472787762149,0.06568411123857297,-0.2762142889334849,4462226.65,0.5794398632799164,117153074.0,125646299.44288044,42.160949021218364,-0.003425651604020611,301.125,0,0.006719723328871106
2026-08-12 17:30:00+00:00,302.1700134277344,302.2976989746094,301.05999755859375,301.125,3113898,0.0,0.0,-0.003425651604020641,0.00014950654225431848,-0.012381088789939487,-0.018193335017560486,-0.03879147554468243,-0.0034315325831081227,-3.774993896484375,-5.579986572265625,-0.77508544921875,3.282436379807223e-05,302.6114414760045,-0.004912046513341854,304.4742911202567,-0.011000242772296422,305.77957443963913,-0.015221992666298007,308.0034881591797,-0.022332500843634917,302.9939239407413,-0.00616818950171637,305.2613121791062,-0.013550070100811685,309.1126688130257,-0.025840638766673828,303.28262910388764,305.6065886299507,-0.014664568097262595,-0.6789509679311708,31.90966135930887,-2.3112566839583906,-1.9266215931931063,-0.38463509076528424,5.904181234945026,10.940017768302766,-128.71385755980867,-2.2924177894857376,-94.09581875441667,1.8863481794084822,0.006264336004656598,0.09344164076858671,0.06461552462905014,0.06531893575830491,0.20432690076392568,4487234.85,0.6939458495246799,114039176.0,124540859.11498708,37.352122613704346,0.0018430640955790784,301.67999267578125,2,0.006391278132861275
2026-08-12 18:30:00+00:00,301.1199951171875,302.0398864746094,301.0400085449219,301.67999267578125,4654586,0.0,0.0,0.0018430640955791056,0.00056377202961988,-0.0021995023639780342,-0.015902530105441515,-0.03708903788680029,0.0018413677369608587,-0.665008544921875,-4.875,3.1099853515625,-1.662061540052596e-05,302.11429704938615,-0.0014375498870630079,304.0778612409319,-0.007885705836515476,305.22731236049106,-0.011621894702884892,307.92668212890624,-0.020286288313559237,302.7311376877493,-0.0034722064601388544,304.93573767880395,-0.010676823345781046,308.82119131744753,-0.023124056387382044,302.9100559779576,305.02807543279124,-0.010976310138824314,-0.5538687657156927,32.08539290181264,-2.298347963579374,-2.00096686727036,-0.2973810963090142,11.808362469890051,11.54279443677749,-114.5507317987894,-1.47294481519635,-88.19163751947164,1.88134765625,0.0062362360843255145,0.09416113414891246,0.06443857221966959,0.06494707555822839,0.4947779278576241,4507292.75,1.0326788735876984,118693762.0,123983992.72308354,38.869721746213955,0.0018065945404609806,302.2250061035156,2,0.006437589348161287
2026-08-12 19:30:00+00:00,301.6700134277344,302.25,301.0,302.2250061035156,5484429,0.0,0.0,0.0018065945404610595,0.00021482283630369636,0.0038030409934775022,-0.012949463752166102,-0.015168791401298565,0.0018049646113297046,1.14501953125,-3.964996337890625,1.810028076171875,-3.307891901723402e-05,301.7321559361049,0.0016334028631454695,303.6517900739397,-0.0046987504011485,304.6999322800409,-0.008122503205030355,307.8702819824219,-0.018336540449884173,302.6299113709026,-0.0013379552125282312,304.6893075355959,-0.008087915693543961,308.56251738748944,-0.020538824150163042,302.6630086263021,304.5865262314671,-0.007753199582272682,-0.35713519467735483,30.21589721578266,-2.2185654395477172,-2.0444865817258315,-0.1740788578218857,17.60638142264949,11.772975042494854,-94.50333120664841,-1.4606806751998547,-82.3936185667122,1.8734893798828125,0.006198988641048853,0.06416686697241439,0.06199119581122942,0.06142360534479043,0.17828502900150522,4071078.1,1.3471687020693606,124178191.0,124002487.7970756,39.76628517006463,0.011316015687281897,305.6449890136719,2,0.006442782664519304
2026-08-13 13:30:00+00:00,304.25799560546875,305.9599914550781,302.04998779296875,305.6449890136719,11220852,0.0,0.0,0.0113160156872818,0.01501034126582601,0.013714235395571706,0.00773162319513121,-0.0029798983784371513,0.011252468532795813,4.134979248046875,2.345001220703125,2.989959716796875,0.006726741536569199,302.2035827636719,0.011387708307481741,303.6128605433873,0.006693156761017701,304.641122000558,0.0032952446029551894,307.9177819824219,-0.007381168291451226,303.2329268994565,0.007954486139980363,304.7761876699664,0.002850620812421889,308.4481045100849,-0.009087802633302493,302.928768484933,304.49635140670915,0.003772254089917617,-0.11380446718422739,48.34796440028542,-1.8579558174643012,-2.0071804288735255,0.14922461140922438,72.08803307369246,33.834258988744,-1.1534423838050338,-0.2968484232350588,-27.911966912102947,1.8456333705357142,0.006038487254398005,0.07712220089444247,0.06743759008551542,0.06822997382657037,1.045947171528704,4448488.15,2.522396738316589,135399043.0,125087874.00687793,55.552684691220385,-0.006298116645657302,303.7200012207031,0,0.003546194235560221
2026-08-13 14:30:00+00:00,305.6600036621094,306.0,303.54998779296875,303.7200012207031,4294720,0.0,0.0,-0.00629811664565727,0.006762160549089735,0.005162514940135532,-0.004718843964232944,-0.005924123869424758,-0.0063180334519161085,1.559906005859375,-1.44000244140625,-2.5750732421875,4.91244711254836e-05,302.58072771344865,0.003765188602261632,303.39964730399,0.0010558809792916872,304.5059552873884,-0.0025810794601404063,307.8559820556641,-0.013434791188172127,303.33034176370586,0.0012846042856455315,304.6801707200334,-0.0031514013434415884,308.262688694815,-0.01473641683114772,302.94305390857517,304.42548562628264,-0.0023174288582502502,0.11905677871031635,41.664479325478915,-1.7078139053854784,-1.9473071241759161,0.23949321879043772,44.74437113016748,44.8129285421698,-3.067090184014538,-0.8066890496098832,-55.255628855627926,1.957061767578125,0.006443638086744081,0.07942371232149704,0.06787800418500016,0.06776143579995005,-0.6172554454866708,4455708.1,0.9638692444866394,131104323.0,125660869.14908004,54.06438331418439,-0.0009548549445419484,303.42999267578125,1,0.002092440786140188
2026-08-13 15:30:00+00:00,303.7300109863281,303.9849853515625,302.57000732421875,303.42999267578125,3040931,0.0,0.0,-0.0009548549445419496,0.003987051196726377,0.007654604153694455,-0.004821256969923748,-0.00991943267795603,-0.000955311108928172,2.30499267578125,-1.470001220703125,0.745086669921875,3.2957215806453535e-05,302.8550109863281,0.001898537810481145,303.17643301827565,0.0008363435606800073,304.4059549967448,-0.0032061209872546385,307.81110412597656,-0.01423311697159578,303.350271946121,0.00026280091706712926,304.5665181705559,-0.0037316166648839995,308.0731712038725,-0.015071674401025604,302.9470999581473,304.3307964140052,-0.00295994933419603,0.33447573879310644,41.34120063221858,-1.59385367123906,-1.8766164335885451,0.28276276234948505,47.50814901143779,54.78018440509924,-37.70253670125432,0.04286346457119284,-52.49185097195088,1.9752764020647322,0.006509825823872428,0.0784436232489637,0.06766801605211847,0.06775983749696331,-0.29193730906787874,4459076.55,0.681964295948227,128063392.0,125889680.84916766,49.68271180975055,-0.00029659671114578055,303.3399963378906,1,0.0021232106608844257
2026-08-13 16:30:00+00:00,303.43499755859375,303.760009765625,302.8500061035156,303.3399963378906,2276605,0.0,0.0,-0.0002965967111457912,-0.007541405089674602,0.005502531498313257,0.0032909263032967484,-0.011003700635106695,-0.00029664070464942315,1.660003662109375,0.9949951171875,-0.644989013671875,1.6494357622159278e-05,303.0235682896205,0.0010442357670563138,302.97286115373885,0.0012117758097292708,304.2569071451823,-0.0030136072041616778,307.7478039550781,-0.014322791456268384,303.3482168244749,-2.709917556229973e-05,304.45501618576816,-0.0036623467789853197,307.8875565032458,-0.014770197980678832,302.96890840076264,304.24052842509946,-0.002959934667046081,0.3749796549024646,41.98095463766846,-1.493584207950505,-1.8000099884609373,0.30642578051043223,46.55458046394298,46.26903353518275,-33.26975851509974,-0.5964108344381862,-53.44541951925024,1.9766126360212053,0.00651616225976656,0.0783016329071177,0.06761993384713771,0.0677126912294767,-0.2513460515874908,4445168.65,0.5121526716427282,125786787.0,125879881.43496121,49.7304944891586,-9.889490228469358e-05,303.30999755859375,1,0.001998807049688687
2026-08-13 17:30:00+00:00,303.3301086425781,303.8999938964844,302.92999267578125,303.30999755859375,2056919,0.0,0.0,-9.889490228465192e-05,-0.0013499396169547317,0.003590012186835745,0.007406706143826991,-0.012759213903451694,-9.889979270792882e-05,1.084991455078125,2.230010986328125,-0.57501220703125,-3.259608172953722e-05,303.33571079799106,-8.476825669347045e-05,302.9735761369978,0.0011103985564824479,304.0947643461682,-0.0025806652385455134,307.6360040283203,-0.014062094205703764,303.3405729712987,-0.00010079565817832815,304.35092358329774,-0.0034201507011878064,307.70804438776923,-0.0142929211938926,303.01385992140996,304.11563135176783,-0.002649103532069231,0.30656006677681424,50.033566752999526,-1.4003976740022495,-1.7200875255691999,0.3196898515669504,50.4602933645058,48.17434094662885,-25.33637416264087,-0.5214812626153167,-49.53970661707797,1.7794712611607142,0.005866840115651273,0.07788608968396118,0.06755559079541465,0.0677227407626367,-0.09649719648336008,4390843.0,0.4684565127926459,123729868.0,125675118.2506792,54.6338513621808,0.003593670985672203,304.3999938964844,2,0.0020366424475440352
2026-08-13 18:30:00+00:00,303.30999755859375,304.6099853515625,303.0299987792969,304.3999938964844,3700940,0.0,0.0,0.0035936709856720928,0.003196787542817381,-0.004073337243987396,0.009585035445774714,-0.012297636246790478,0.003587229178639179,-1.2449951171875,2.889984130859375,-2.329986572265625,0.0,303.72428240094865,0.002224752957491512,302.9192897251674,0.004888114496292057,303.9600016276042,0.0014475334469098906,307.5376037597656,-0.010202361678417652,303.55245715633583,0.0027920602194606856,304.3553845208601,0.00014657002271975105,307.5783169175228,-0.010333378025084727,303.2040489560082,303.92248005378644,0.001571169867434131,0.30602061463830643,47.31259140749085,-1.224478058638283,-1.6209656321830166,0.3964875735447335,70.53391781986593,55.849597216104904,8.2707726184822,0.6796846871876568,-29.46608216171784,1.7330409458705358,0.005693301513186587,0.07820314221357307,0.06780702739297134,0.06796534051425066,0.7992638504481704,4350703.8,0.8506531747805951,127430808.0,125842326.79823357,54.43934600033039,0.003022383200333568,305.32000732421875,2,0.0017931633487358292
2026-08-13 19:30:00+00:00,304.3800048828125,305.32000732421875,303.9700012207031,305.32000732421875,3755421,0.0,0.0,0.003022383200333545,0.006527365366361337,0.005268030083909192,0.010457741308057988,-0.0028413570340330985,0.0030178249823734496,1.600006103515625,3.159912109375,2.845001220703125,-6.566693190738659e-05,304.1664254324777,0.0037926010081390385,302.94929068429127,0.00782545697520784,303.8233351934524,0.004926126328672039,307.4524041748047,-0.006935697433566447,303.9059671899124,0.004652887034027994,304.4430775029836,0.0028804393531452945,307.48975575700103,-0.007056327543119547,303.52414463588167,303.63775639691744,0.005540321952243385,0.3704716845747282,51.41894492355546,-0.9993037497033015,-1.4966332556870738,0.49732950598377235,87.47709771895437,69.49043630110869,56.66057024886772,1.4082705397362394,-12.522902262629401,1.7187565394810267,0.005629360992547904,0.07597023958253923,0.06164581007382469,0.05994182447624052,0.01472085470177853,4134472.95,0.9083191607288177,131186229.0,126351269.86506847,53.733469233180486,-0.001080889171777418,304.989990234375,1,0.0016406877153331354
2026-08-14 13:30:00+00:00,306.02801513671875,307.489990234375,304.760009765625,304.989990234375,6735349,0.0,0.0,-0.0010808891717773994,0.005538863503688818,0.005141210810562846,0.012835168897882943,-0.005591680647443753,-0.0010814737537617554,1.55999755859375,3.864990234375,-0.040008544921875,0.002318904085921395,304.0728541782924,0.0030161720899354624,303.13821847098217,0.006108671393290466,303.7661917550223,0.004028751429769447,307.3644036865234,-0.007725076240651219,304.12277179880493,0.00285154061446254,304.492796842201,0.0016328576482878632,307.3917257365059,-0.007813273100857167,303.7962379092262,303.71591838032623,0.004194945924596312,0.2956902603150636,60.516665992593055,-0.8378232042892932,-1.3648712454075178,0.5270480411182246,63.872743139733004,73.96125289285109,104.55288780940471,1.1541840589118673,-36.12725684581609,1.6651829310825892,0.005459795351963813,0.0757282200311027,0.06421296864864316,0.06323360748658272,0.7935003825137048,4344627.25,1.5502708546515696,124450880.0,126170280.35410957,65.61557315751516,0.001780083714965671,305.53289794921875,2,0.0014649850938637818
2026-08-14 14:30:00+00:00,305.0199890136719,305.95989990234375,304.29998779296875,305.53289794921875,2774970,0.0,0.0,0.0017800837149657411,0.0037217610888640174,0.007229187175453955,0.01277149750390727,-0.0033341317250816793,0.001778501243625594,2.192901611328125,3.8529052734375,0.632904052734375,9.835988149553218e-05,304.3318394252232,0.0039465424526725894,303.45628356933594,0.006843207711668587,303.7103780110677,0.00600084840722382,307.3405114746094,-0.005881468462168882,304.4047970288877,0.0037059235969277553,304.5873514882935,0.003104352351803026,307.3188305291613,-0.005811334687372051,304.1155285063244,303.6689099754582,0.006138224600948044,0.2428691619681413,68.78371168205533,-0.6584503871336551,-1.2235870737527454,0.5651366866190903,71.7182497228271,74.35603019383815,89.77813785268144,1.116230365219367,-28.281750262721992,1.6294621058872767,0.005333180540685243,0.07606856468759458,0.06475282361101421,0.06389331488990227,-0.5879990777018385,4350494.25,0.6378516647849838,127225850.0,126270810.79657532,67.86251980303325,-0.0002876633763170338,305.44500732421875,1,0.0013232080751218458
2026-08-14 15:30:00+00:00,305.5450134277344,305.91680908203125,304.9700012207031,305.44500732421875,1655298,0.0,0.0,-0.00028766337631702665,0.00040940651448129195,0.007039035253734172,0.01065431766291458,-0.0024331137896315136,-0.00028770475936251174,2.135009765625,3.220001220703125,-0.057891845703125,3.9653597360239116e-05,304.6196986607143,0.0027093082526517525,303.73735482352123,0.005622135287521964,303.6575215657552,0.0058865189613641926,307.2775115966797,-0.005963678444715624,304.6128390879539,0.002731888251177262,304.6653202006503,0.0025591594181195603,307.2453472662224,-0.005859616615895605,304.3806916736421,303.6360753285542,0.005957566121552525,0.1732017439815311,67.09235606593259,-0.5174236385115591,-1.0823543867045082,0.5649307481929491,68.49020049352835,68.02706445202948,104.30963832375208,1.4346226066266181,-31.509799491063305,1.6078055245535714,0.005263813406652546,0.07597315286457043,0.06479255670574649,0.06400357293061999,-0.4034897674569454,4317358.35,0.3834052830013519,125570552.0,126204119.48261577,72.98757622284174,-0.0008204761759176055,305.19439697265625,1,0.0026452739173796467
2026-08-14 16:30:00+00:00,305.44500732421875,305.56500244140625,305.0799865722656,305.19439697265625,1717424,0.0,0.0,-0.0008204761759176282,0.0006702080226441698,0.0026097342053232886,-0.0014742333661994511,0.006245991612042534,-0.00082081295071832,0.794403076171875,-0.450592041015625,-1.340606689453125,0.0,304.8846130371094,0.0010160694318415906,303.954090663365,0.004080571202645379,303.61011178152904,0.005218156871738203,307.20860168457034,-0.006556472380209065,304.7291506648944,0.0015267535342292928,304.71341808901445,0.0015784630905217047,307.1649178429453,-0.006415188570753847,304.57496396019343,303.6415201773715,0.005114178042490819,0.29831086742754054,63.6538661440988,-0.42102773941940086,-0.9500890572474867,0.5290613178280859,64.6287100679111,68.27905342808884,88.36363897769309,1.1649444385396546,-35.37128991668055,1.5638776506696428,0.005124201709393221,0.06764144816318696,0.0593996234562255,0.059957784134873786,0.03753161062237731,4194665.0,0.4094305504730413,123853128.0,125980215.53189045,69.52948670409195,0.0025708431785661074,305.97900390625,2,0.0026614437168123966
2026-08-14 17:30:00+00:00,305.19500732421875,306.25,305.0400085449219,305.97900390625,2580373,0.0,0.0,0.00257084317856604,0.0014600914010425292,0.002158379949635858,0.007437780444052189,0.002683838754463652,0.002567544214112171,0.65899658203125,2.259002685546875,-0.135406494140625,1.9998780074349934e-06,305.2658996582031,0.0023360101761873172,304.3008052280971,0.005514933412316983,303.73768397739957,0.007379130239927104,307.1333819580078,-0.0037585561178494382,304.97912131316554,0.003278528014560263,304.8284713451268,0.0037743605642952117,307.1184114140553,-0.0037099941438074034,304.84495239257814,303.6691186714379,0.007606585894905334,0.3344488175625752,72.34597932758388,-0.27811612304145683,-0.8156944704062808,0.537578347364824,76.71820335123057,69.94570463755666,104.6102047693841,1.2421201842696514,-23.281796633361086,1.5618983677455358,0.005104593281893901,0.06469956982882334,0.057923492463928014,0.05924145416957355,0.5024670669560924,4125389.05,0.6254859768922884,126433501.0,126023385.57647231,74.7783918144687,-0.0001111075648892116,305.94500732421875,1,0.0022584905451794642
2026-08-14 18:30:00+00:00,305.9800109863281,306.17999267578125,305.2699890136719,305.94500732421875,1983226,0.0,0.0,-0.00011110756488919016,0.0016369558775248816,0.0031313063392992557,0.008288615855865045,0.0034273973389751244,-0.00011111373779191966,0.95501708984375,2.5150146484375,0.2960205078125,3.291337200477558e-06,305.4866158621652,0.0015005287899712103,304.6054491315569,0.0043976829583206554,303.7750651041667,0.007143253246611378,307.0884802246094,-0.0037235942538468274,305.17229851537616,0.0025320411210296317,304.9299746159533,0.003328740342895119,307.07239556739506,-0.0036714086301684727,305.0641793387277,303.6640298071176,0.007511516983234748,0.3166199757612851,70.6238082757353,-0.1656908959781731,-0.6856937555206594,0.5200028595424863,76.19437233148658,72.51376191687608,99.53621186342832,0.09815908041354254,-23.80562765310507,1.555478777204241,0.005084177678868841,0.06460198316890871,0.05725086467189073,0.05835775243663193,-0.23141886851242044,3988605.15,0.497222945219333,124450275.0,125873565.52157018,73.53853475277339,1.6358766094183003e-05,305.95001220703125,1,0.0030013063792519515
2026-08-14 19:30:00+00:00,305.92999267578125,306.0400085449219,305.5,305.95001220703125,2812891,0.0,0.0,1.6358766094182187e-05,0.0024758489732126243,0.0013652024401045182,0.008604258919530539,0.01192350120482577,1.6358632291027358e-05,0.4171142578125,2.610015869140625,-0.53790283203125,-4.90762982823886e-05,305.5766165597098,0.0012219378940837942,304.87152099609375,0.0035375269143219875,303.82506597609745,0.006993979328532365,307.01507873535155,-0.0034691016894154714,305.3278412537072,0.0020377144474191906,305.0227053060513,0.003040124177137793,307.0283805336553,-0.0035122757210463798,305.24345441545756,303.7731501434523,0.007166077918814685,0.25855581363921964,69.00509757305917,-0.07532098787254426,-0.5636192019910363,0.48829821411849206,71.69159307100276,74.86805625123996,90.24246541850427,0.7342325093368838,-28.3084069106149,1.5047651018415178,0.004918336466083715,0.05617355518460372,0.051922877609198004,0.05484929477942348,0.4183411270324209,3743286.8,0.7514495015450057,127263166.0,126005908.42427778,72.17448632671633,-0.004755734701063402,304.4949951171875,0,0.003107770949500264
2026-08-17 13:30:00+00:00,306.2099914550781,307.6600036621094,304.05499267578125,304.4949951171875,7901505,0.0,0.0,-0.0047557347010633855,-0.0048500347086468665,-0.003110256132040301,0.003906885919132463,0.011342529218899777,-0.004767079189211426,-0.95001220703125,1.18499755859375,-1.36712646484375,0.0008497441989644428,305.5059029715402,-0.0033089634095991864,304.78937857491627,-0.0009658586500101607,303.9274466378348,0.0018673814610337843,306.88657836914064,-0.007793052614600209,305.1612720264033,-0.0021833599813936375,304.9747316525182,-0.001573036994670483,306.92903208595067,-0.007930292394346138,305.19325096493674,304.06333026630796,0.001419654420347424,0.07493493692536563,42.661223968423485,-0.11972973384149554,-0.47484130836112814,0.3551115745196326,37.81904081660509,61.90166873969813,65.22824709624773,0.35098786115738684,-62.180959163748525,1.4829799107142858,0.004870293221531204,0.056851746046887565,0.05563295097731532,0.05912439346784486,1.8090334819230462,3895912.3,2.028152687112592,119361661.0,125373122.95529895,53.501500657858315,0.00013139311175370015,304.5350036621094,1,0.002989786935951064
2026-08-17 14:30:00+00:00,304.48419189453125,304.9100036621094,303.6499938964844,304.5350036621094,4144849,0.0,0.0,0.00013139311175369706,-0.004608683352741116,-0.002160568205339497,0.00044352749123555135,0.010032814163734693,0.0001313844804348445,-0.659393310546875,0.135009765625,0.290618896484375,-3.547914688074531e-05,305.3633466448103,-0.002712647054073942,304.84759303501676,-0.0010253955748650142,304.0919712611607,0.00145690265714615,306.720478515625,-0.00712529813491793,305.03601835354453,-0.0016424771544612418,304.93475638066286,-0.0013109450798489738,306.835148618349,-0.007496354203843652,305.1593343098958,304.205026400291,0.0010847199525989976,-0.041480273103663166,56.8486755735211,-0.1499669046343115,-0.40986642761576486,0.25989952298145336,38.605063875525296,49.3718992543777,9.582503404181452,0.39394980505099336,-61.394936104828325,1.397979736328125,0.004590538754207166,0.05677845582599161,0.0556298420992278,0.0591991669818444,-0.4754355024770598,3924538.9,1.0561365565773853,123506510.0,125195350.29288952,53.672222053543564,-0.0032180569541867057,303.55499267578125,0,0.0031989671132153365
2026-08-17 15:30:00+00:00,304.5400085449219,304.5950927734375,303.04998779296875,303.55499267578125,2930675,0.0,0.0,-0.0032180569541867543,-0.007828140008797724,-0.007922148904084492,-0.005780867961801217,0.00461641852457606,-0.0032232460349624873,-2.42401123046875,-1.7650146484375,-1.764617919921875,1.6434507535418266e-05,305.09334455217635,-0.005042233479881662,304.8565216064453,-0.004269316345280626,304.18935139973956,-0.0020854073985075473,306.58957824707034,-0.009897875813749011,304.7398132179919,-0.00388797423511984,304.80932331658266,-0.0041151321329319,306.70651505197384,-0.010275368215273362,304.98698759533113,304.2589352215054,-0.002313629820630744,-0.15095925891215223,50.94125422429519,-0.2501254857359072,-0.37791823923979334,0.12779275350388614,14.656692930321732,30.360265874150695,-31.175747595499146,0.0807738350726022,-85.34330704888824,1.4072745186941964,0.004635978826388903,0.057899672605826645,0.05614182791283531,0.05962398329356532,-0.2929356413225186,3941793.05,0.7434877891420504,120575835.0,124755396.45547147,53.792941488145665,0.0028331468428825493,304.4150085449219,2,0.005523461229796602
2026-08-17 16:30:00+00:00,303.55999755859375,304.42498779296875,302.9389953613281,304.4150085449219,2489734,0.0,0.0,0.0028331468428826057,-0.0002626859999286246,-0.005000894744706441,-0.0018852477388233702,0.010925723685917488,0.0028291410465884144,-1.529998779296875,-0.574981689453125,0.894012451171875,1.648756546010459e-05,304.9820033482143,-0.0018591090525534228,304.93330819266185,-0.001699714769797499,304.2967282249814,0.0003887005970456656,306.45473815917967,-0.006655891915730981,304.67485228337796,-0.0008528558773651278,304.773476519159,-0.0011761783811702208,306.6166520516973,-0.00718044337134387,304.928119187128,304.3584204194833,0.00018592594008204894,-0.20899054014196577,57.25370025507076,-0.25714162113206385,-0.35376291561824746,0.09662129448618362,31.395611408071517,28.21912273797284,-30.88429103049479,0.004932539007394534,-68.60438857078688,1.4484165736607142,0.004758032728344327,0.05690277490962263,0.056428928369746806,0.0601642261745329,-0.15045714724423553,3910584.85,0.6366653826728754,123065569.0,124594460.50733134,58.79796444724891,0.0009525746734033271,304.7049865722656,1,0.005543921103454137
2026-08-17 17:30:00+00:00,304.4150085449219,304.94000244140625,303.9599914550781,304.7049865722656,2462965,0.0,0.0,0.0009525746734033724,0.0005581719937353125,-0.0040693759931055284,-0.0027097290750364156,0.010027161130752749,0.000952121262065094,-1.245025634765625,-0.827911376953125,0.28497314453125,0.0,304.8000008719308,-0.00031172670404553467,305.032950265067,-0.0010751746410192044,304.4672037760417,0.0007809799980889416,306.3248260498047,-0.005287979751502151,304.6808791411555,7.912354453612532e-05,304.7672501603505,-0.00020429881508564663,306.54168477799413,-0.005991675184576301,304.8976763044085,304.5338534688905,0.0005619509996185631,-0.20148814805796356,59.0937122180161,-0.23657605413438887,-0.3303255433214758,0.09374948918708692,37.40707700664679,27.819793781680005,-0.35399788512230684,-0.20143480191195637,-62.592922972171294,1.4491315569196428,0.004755851137248134,0.05672180185907474,0.056403410954334855,0.06023398427700796,-0.010751750990266484,3801003.8,0.6479775158341067,125528534.0,124683419.8875855,59.155254825357034,0.0047258906314771795,306.1449890136719,2,0.005593924523819125
2026-08-17 18:30:00+00:00,304.70001220703125,306.1600036621094,304.69049072265625,306.1449890136719,2925518,0.0,0.0,0.004725890631477103,0.008532214591696397,0.005418788232789629,0.002291678281420184,0.012970412212726101,0.004714758668861043,1.649993896484375,0.699981689453125,2.89501953125,-1.6325184862634092e-05,304.8285696847098,0.0043185562636709205,305.1575927734375,0.0032356928472830953,304.67982264927457,0.004808872316034824,306.20292602539064,-0.00018921116290629514,304.9737011156588,0.00384061935086342,304.8924991470161,0.0041079720562352,306.52612808135405,-0.0012434146154737256,305.0459481375558,304.7811428264412,0.004474837828148778,-0.10207297583990024,60.87891253518495,-0.10289541738143271,-0.2848395181334672,0.1819441007520345,67.909087368775,45.570591927831096,80.39002623048044,0.3787005528953618,-32.090912610043084,1.4412405831473214,0.004707705939548305,0.05852806290398736,0.056643595586794764,0.05977684962796325,0.18780331835815778,3673058.25,0.7964801538336614,128454052.0,125042527.70781545,58.495849505177134,-0.0014861800408083965,305.69000244140625,1,0.0059010449524191655
2026-08-17 19:30:00+00:00,306.1499938964844,306.32000732421875,305.0299987792969,305.69000244140625,3981136,0.0,0.0,-0.0014861800408083603,0.004188341115566985,0.003792663455457479,0.0016239009420424555,0.0001472735668908154,-0.001487285501776983,1.154998779296875,0.49560546875,-0.4949951171875,1.6348080132254405e-05,304.7914254324777,0.002948170236910665,305.18402099609375,0.0016579552352032167,304.8448224748884,0.002772492442723648,306.06512634277345,-0.0012256342493128828,305.11696138080833,0.001878102934699984,304.9649994465061,0.002377331812547665,306.4933388405718,-0.002621056634385201,305.11693609328495,304.87406620431176,0.002676305817842222,-0.05822383995506378,52.44865964332081,-0.03328250355474438,-0.23452811521772263,0.20124561166297825,58.27160013762658,54.52925483768278,73.68956840355902,0.051419828516501495,-41.728399841191504,1.4369550432477678,0.004700693616954315,0.0432300707827297,0.05037515416847801,0.052277838619400614,0.3608311416986667,3311072.45,1.2023705491554553,124472916.0,124988278.97373779,58.70384536715046,0.012986717381212657,309.659912109375,2,0.005574482606094998
2026-08-18 13:30:00+00:00,307.5299987792969,310.2699890136719,305.739990234375,309.659912109375,12040495,0.0,0.0,0.012986717381212598,0.01626138644086228,0.020111411707578908,0.012029937205275676,0.019557193681016605,0.012903113019882874,6.10491943359375,3.680908203125,4.949920654296875,0.0060191577192233855,305.5292707170759,0.01351962573861079,305.517586844308,0.013558385649217457,305.03600928896947,0.015158547448770278,306.0093243408203,0.011929661870292927,306.02555152652167,0.01187600370201926,305.39180968858506,0.013975824777777273,306.61751818444645,0.009922439992774534,305.7137215750558,305.49969038104916,0.013617760866216208,0.27767009282198274,70.85727673263824,0.3383247671565641,-0.11995753874286529,0.4582823058994294,91.67811439833109,72.61960063491088,250.39761533490804,1.3799226322493081,-8.321885588028193,1.5690983363560267,0.0050671665107130115,0.0576839041601823,0.056807075983059827,0.06044935034245312,2.0243867579504946,3698361.2,3.255629817877171,136513411.0,126085910.59528658,62.969477240805546,0.0024868590873146335,310.42999267578125,2,0.0020173642115643192
2026-08-18 14:30:00+00:00,309.6400146484375,311.489990234375,309.6000061035156,310.42999267578125,5798137,0.0,0.0,0.002486859087314608,0.013996648045472293,0.01975915760399105,0.014659449391862811,0.02306957179239566,0.0024837719703451823,6.014984130859375,4.4849853515625,-0.089935302734375,-6.425585023872177e-05,306.3714120047433,0.013247256473661605,305.8673793247768,0.014916966173580973,305.35553269159226,0.01661820219677354,305.93632446289064,0.014688246715276842,306.90643975637363,0.011480869942622197,305.84982632378467,0.01497521318561372,306.7670269880282,0.011940545643727438,306.3687090192522,305.9641327370643,0.014596024373027346,0.6081427884889961,71.436892078733,0.6870454401945381,0.04144305704461537,0.6456023831499227,87.6038101389705,79.18450822497606,316.5795804082413,1.7154953547777372,-12.396189849334943,1.5855320521763392,0.005107534998485762,0.05744984641764994,0.057414688385538384,0.06102040081026249,-0.5184469575378753,3836221.5,1.5114187228240077,142311548.0,127631209.39573547,70.03556018105847,0.0005959397060804135,310.614990234375,1,0.001767461361645139
2026-08-18 15:30:00+00:00,310.42999267578125,310.6400146484375,309.0119934082031,310.614990234375,3765824,0.0,0.0,0.0005959397060804061,0.016111052875904086,0.019395821934498292,0.015247517049246095,0.02398296955334822,0.0005957622045304112,5.910003662109375,4.66497802734375,-0.10498046875,0.0,307.3799830845424,0.010524456138486774,306.2366638183594,0.014297198648292094,305.6976754324777,0.016085548556836683,305.88142456054686,0.015475165517531095,307.6481498519739,0.009643615226741772,306.28302304292924,0.014143673875206708,306.9179275074928,0.01204576988022285,307.0017238071987,306.2397975026859,0.014286819568695748,0.8897943463515317,72.44066943630801,0.967187705052936,0.22659198664627953,0.7405957184066565,89.7672725350858,89.68306569079579,235.65706270791839,1.5151321721180206,-10.232727453219654,1.6341901506696428,0.005261143866338521,0.05723931339708422,0.058146514392427844,0.06196352863297166,-0.35051137977595215,3910682.45,0.9629582683196379,146077372.0,129387986.78661782,64.54235083375765,-0.0006921634327061911,310.3999938964844,1,0.00869640527675681
2026-08-18 16:30:00+00:00,310.6199951171875,310.94000244140625,310.20001220703125,310.3999938964844,3345582,0.0,0.0,-0.0006921634327061721,0.0023899825523685525,0.01389865924809408,0.0193927613720688,0.023375412597538725,-0.0006924030884086168,4.2550048828125,5.904998779296875,-1.654998779296875,1.6112818021781386e-05,308.23498099190846,0.007023903963144688,306.60849217006137,0.01236593839777821,306.0338657924107,0.014266813552657676,305.8556243896484,0.014857890927752688,308.198518660876,0.007143042884069163,306.65729312052514,0.012204832103817084,307.0544791305905,0.010895508755826148,307.556834484282,306.4936247974262,0.012745351886608724,0.9878087925596637,72.66532897504521,1.1584995983718045,0.4129735089913845,0.74552608938042,87.25298804471427,88.20802357292352,192.39026029061517,1.4561396543823923,-12.747011943591183,1.652402605329241,0.00532346210636518,0.05745508180465105,0.057968700227610734,0.06171251244696044,-0.11159363793953192,3975115.6,0.8416313729341605,142731790.0,130658825.1878923,68.43398097907789,0.0007335427025380617,310.627685546875,1,0.00844317099842971
2026-08-18 17:30:00+00:00,310.3999938964844,310.64990234375,309.75,310.627685546875,3979233,0.0,0.0,0.0007335427025381147,0.0006368356014498922,0.01615258289781707,0.02000650766414247,0.020458908591530545,0.0007332737915869662,4.93768310546875,6.092681884765625,0.68267822265625,0.0,309.0810808454241,0.0050038802026171015,306.9405408586775,0.012012569854313102,306.382327125186,0.013856407650890733,305.8133782958984,0.015742631266780688,308.6843520380758,0.006295536187571898,307.01823788655696,0.011756460088993058,307.19460487240553,0.011175589089151594,308.0927269345238,306.8006558709016,0.012473994441430696,1.0230577255704374,71.27212695380976,1.3133489957511415,0.593048606343336,0.7203003894078055,89.91573844679546,88.9786663421985,145.83296666973237,1.528901177707147,-10.084261541509994,1.6302533830915178,0.005248255255213745,0.056742264803121466,0.05723385537314606,0.061246163254536225,0.18939933321018576,3989030.25,0.9975439519417029,146711023.0,132187605.93190256,62.553508190489694,-0.002954321634857596,309.7099914550781,0,0.00951182579221035
2026-08-18 18:30:00+00:00,310.6099853515625,311.239990234375,309.3699951171875,309.7099914550781,3801923,0.0,0.0,-0.0029543216348576484,-0.0029135708441309083,0.00016172369669020803,0.0202763878961163,0.014378304813145393,-0.002958694257230915,0.050079345703125,6.154998779296875,-4.887603759765625,-5.698202747537127e-05,309.59036690848217,0.000386396217008049,307.20946829659596,0.008139472954199096,306.6351841517857,0.010027574988786455,305.7691979980469,0.012888130926266589,308.88947992147627,0.0026563272203630494,307.2629427564225,0.007964021553316724,307.29324748349075,0.0078646178898199,308.46198701404387,307.0489371323759,0.008666547904532623,0.8480391067864119,65.93928204626378,1.3464964422639127,0.7437381735274513,0.6027582687364614,79.18372298760991,85.45081649303988,113.9780596649534,1.7126706256260344,-20.81627700069555,1.698824201311384,0.00548520954498268,0.05789801699065906,0.05789225178637218,0.06214070641722667,-0.04455883834899843,3991355.35,0.9525393423063669,142909100.0,133208700.60505469,57.524033119878716,0.0015821922620284598,310.20001220703125,2,0.009856999418731919
2026-08-18 19:30:00+00:00,309.69500732421875,311.0690002441406,309.6014099121094,310.20001220703125,5897762,0.0,0.0,0.0015821922620284923,-0.0006442709194118823,-0.0007408448738076556,0.01900367425956162,0.017082599886811156,0.0015809419145378196,-0.22998046875,5.785003662109375,-0.280059814453125,-4.8381167132930525e-05,310.23465401785717,-0.00011166325353134653,307.5130397251674,0.008737751362532556,306.86756533668154,0.010859560431818984,305.7076483154297,0.014694967287673543,309.1515863785873,0.0033913001732317136,307.5299490701142,0.008682286538211702,307.4072382569629,0.009084932306391486,308.86072620210194,307.4019854324149,0.009102175350856397,0.6835279881326363,67.28287193006098,1.396211949604833,0.8742329287429277,0.5219790208619054,84.91429304607628,84.67125149349387,102.14379258720082,1.8602158953092855,-15.085706942229171,1.7650800432477678,0.005690135312000058,0.057569938312969124,0.05560328756403673,0.05953649605500615,0.5512576135813376,3949476.0,1.4933024026478445,148806862.0,134694239.78552568,59.568374397560376,0.01872984310108952,316.010009765625,2,0.010017627813358096
2026-08-19 13:30:00+00:00,310.1300048828125,317.80999755859375,309.6000061035156,316.010009765625,12465429,0.0,0.0,0.018729843101089605,0.017327252106566604,0.017368831836413134,0.03710153654042081,0.03429127235309237,0.018556599464150773,5.39501953125,11.305023193359375,5.625,-0.00022568446635585747,311.14181082589283,0.01564623837212493,308.3355407714844,0.02488999151675313,307.392328171503,0.028034797242193803,305.7618487548828,0.03351680745142349,310.5232710559949,0.017669331805483447,308.300863678797,0.02500526918677327,307.7446018455379,0.026858011060121863,309.9936555408296,308.46287381748556,0.02446691835134928,0.8147052802437351,84.57881224559989,1.8827271871004427,1.0759317804144308,0.8067954066860119,87.8959886497853,83.99800156115715,181.04452414269463,4.103051305469906,-12.104011343490212,2.0940072195870534,0.00662639522442181,0.08573689865761222,0.07791163254354355,0.07726798867004096,1.1135863061276465,4433998.95,2.8113288118843593,161272291.0,137225482.75833276,73.52499594182922,0.006866817009263916,318.17999267578125,2,0.0056825139683344805
2026-08-19 14:30:00+00:00,315.9599914550781,319.2799072265625,315.7550048828125,318.17999267578125,5409560,0.0,0.0,0.006866817009263837,0.02734816910784632,0.025064429549864764,0.03931145076352016,0.041693218242866203,0.006843347799268473,7.779998779296875,12.035003662109375,2.384979248046875,-0.00015828077909245272,312.2489536830357,0.01899458404189606,309.3101828438895,0.02867610031558425,307.99457077752976,0.03307013455628587,305.9878485107422,0.03984519066472401,312.05461537995217,0.019629183463129692,309.1989663148865,0.029046107326631508,308.1538328584886,0.0325362164872515,311.30624912806917,309.05976539046867,0.029509591045474654,1.0318073309986697,86.32780565392463,2.415548563303446,1.3438551369922338,1.0716934263112121,93.26895242575765,88.69307804053973,209.24561293193753,4.521782351208511,-6.7310475681227455,2.2557852608816966,0.007089651495382379,0.08728320636948243,0.08115811594658168,0.08030043634359853,-0.5660349916557224,4621712.05,1.1704666888539712,166681851.0,140030851.16230106,79.77747214177033,-0.005091442436602986,316.55999755859375,0,0.004474377112864137
2026-08-19 15:30:00+00:00,318.18499755859375,318.2300109863281,315.96600341796875,316.55999755859375,3124257,0.0,0.0,-0.005091442436602978,0.02050285332457613,0.019097821243057034,0.03555888328167045,0.037240528327771916,-0.005104447993121554,5.93231201171875,10.8699951171875,-1.847686767578125,1.572972194258657e-05,313.0982404436384,0.011056456625368472,310.2391117640904,0.020374238949244557,308.5238560267857,0.02604706694410137,306.18787841796876,0.0338750155433404,312.9556918156805,0.0115169841519436,309.86815097340536,0.021595786995679732,308.4834863761398,0.026181340457816,312.27289109002976,309.3905912193172,0.023172670865647754,0.954937559069856,83.48293271749597,2.676243209803033,1.6103327515543937,1.0659104582486394,83.35521486662586,88.17338531405625,162.8310959950203,3.8906521089957993,-16.64478512725453,2.307135445731027,0.007288145891827975,0.09041231988380169,0.08250354804926012,0.08141924164388516,-0.42245635504551204,4692053.7,0.6658613050400508,163557594.0,142271493.33732,79.41835473381477,-0.004738438247309997,315.05999755859375,0,0.003843920283792755
2026-08-19 16:30:00+00:00,316.54998779296875,316.54998779296875,314.489990234375,315.05999755859375,3532239,0.0,0.0,-0.004738438247310017,-0.003006272515658104,0.01727424445811465,0.017438761809476233,0.02967848622425784,-0.004749700236064201,5.350006103515625,5.40008544921875,-0.582305908203125,-3.162043752263935e-05,313.76395525251115,0.004130628405150735,310.9994681222098,0.01305638707644114,308.993646530878,0.019632607646804547,306.3784783935547,0.02833593015583482,313.37655296426317,0.005371954533296515,310.34013702660434,0.015208669356131611,308.74138877545175,0.020465700462716608,312.9156758626302,309.71220407604585,0.01726697692938684,0.9348288384020493,76.53243308210338,2.730334534441738,1.8343331081318626,0.8960014263098754,72.45474628164733,83.02630452467693,116.66983629171877,2.912021710240904,-27.545253711825225,2.348850795200893,0.007455249201405223,0.09331049107172702,0.08324259814458893,0.08199143687065451,0.1305852879580649,4739647.0,0.7452536022197432,160025355.0,143962337.3051943,74.80865454383198,-0.0006982835726779625,314.8399963378906,1,0.0028672859282532683
2026-08-19 17:30:00+00:00,315.05999755859375,315.8190002441406,314.7749938964844,314.8399963378906,2825989,0.0,0.0,-0.0006982835726779824,-0.010497191573242692,0.014958039807434265,0.014206113346513005,0.029073816538034203,-0.0006985274862057345,4.639984130859375,4.410003662109375,-0.71002197265625,0.0,314.365713936942,0.001508696336529496,311.723397391183,0.009997962850336082,309.4155985514323,0.017531106420735663,306.54587829589843,0.027056694052037138,313.6692416389887,0.0037324498021570596,310.7492151458122,0.013164252692145273,308.9805498563317,0.01896380365775269,313.4277462913876,309.9538938143979,0.015763965612262364,0.8857012917828989,75.34974744510774,2.7240488989949654,2.0122762663044833,0.7117726326904821,69.5675910809813,75.12585074308481,101.24070123463642,2.9932264134834723,-30.432408912164412,2.353421892438616,0.007474977511768918,0.09346640890349826,0.08330001422635552,0.08205815331602206,-0.19994400152424563,4781785.15,0.5909903752158332,157199366.0,145223006.7046996,71.04307896795203,0.005839186396937696,316.67840576171875,2,0.003244503512491911
2026-08-19 18:30:00+00:00,314.8599853515625,316.7300109863281,314.2900085449219,316.67840576171875,5086965,0.0,0.0,0.00583918639693759,0.0003740466389885455,0.0021151102035961156,0.019520679033451005,0.03506583796907248,0.005822204423253729,0.66839599609375,6.06341552734375,-3.971588134765625,6.348943560004055e-05,315.36120169503346,0.0041768107795165715,312.4757843017578,0.013449430871382397,309.92671276274183,0.02178480499073263,306.745146484375,0.032382775705360085,314.2710744635347,0.007660047308794557,311.28823247453096,0.01731569884387291,309.2824265585038,0.0239133509313437,314.08841407412575,310.38127716172596,0.020288364870318338,0.9023020322585804,75.83142612878059,2.8347347067538067,2.1767679543943483,0.6579667523594583,81.74373207176372,74.5886898114641,104.60273125127048,2.266516710061612,-18.256267921218694,2.4227425711495534,0.007650482404426621,0.09456049736509911,0.08483227334563676,0.08324234448312777,0.8000653930358539,4895488.85,1.0391127742023147,162286331.0,146848085.20901394,71.92419144580882,0.0006366052039728945,316.8800048828125,1,0.0018560783876558243
2026-08-19 19:30:00+00:00,316.6600036621094,316.8800048828125,315.20001220703125,316.8800048828125,5339532,0.0,0.0,0.0006366052039727954,0.005776700750085739,-0.004085699361661033,0.02087632446439147,0.040673935415123985,0.0006364026568370811,-1.29998779296875,6.480010986328125,-1.9683837890625,-5.810973932704256e-05,316.3154863630022,0.001784669243669811,313.2750701904297,0.011507250449836252,310.44718860444567,0.020721129114628384,306.9381463623047,0.032390429923103224,314.7928605473903,0.006630214966712508,311.79657542073835,0.016303673172799498,309.58037080651593,0.023579124403966735,314.67564348493306,311.1263736119564,0.018492907573350408,0.8335330846527536,77.78692196423606,2.9052316688542987,2.3224606972863384,0.5827709715679603,82.27535408114029,77.86222574462842,101.14079196762222,2.0777670841061364,-17.724645911474134,2.450598580496652,0.007733522288334951,0.09153528469308017,0.08181430417678316,0.07989532429289728,0.04964984032718922,4767390.2,1.1200115316761776,167625863.0,148826921.18910784,72.47881704566117,-0.0012938767223921281,316.4700012207031,1,0.003101968006399949
2026-08-20 13:30:00+00:00,317.4549865722656,320.2799987792969,316.2200012207031,316.4700012207031,7715714,0.0,0.0,-0.0012938767223921177,0.00517724844928269,-0.0002842947263858031,0.01880809710680631,0.03919088910986401,-0.0012947145036135454,-0.089996337890625,5.842315673828125,1.209991455078125,0.0018145092167110648,316.3811994280134,0.00028067973966206634,313.7615051269531,0.008632340326916347,311.0174269903274,0.01753141064512684,307.10374633789064,0.03049866696343317,315.1282886820529,0.00425767088146014,312.2214323116442,0.013607550505388099,309.85055239138603,0.02136335978170021,315.1016342889695,311.9190525718145,0.01459015924596729,0.6695086032043062,70.54267270735882,2.894649433421762,2.436898444513423,0.45775098890833865,66.18747121802446,76.73551912364282,107.70153586452248,1.884973736100556,-33.812528773100865,2.413456508091518,0.007626177832889666,0.09206177245409848,0.08576292028762235,0.0851686732573741,0.44501690410320616,4945933.45,1.5600116900076766,159910149.0,149882466.6949071,70.94143670414383,0.0023698928717005227,317.2200012207031,2,0.0034513919199328368
2026-08-20 14:30:00+00:00,316.42999267578125,317.7799987792969,316.0,317.2200012207031,2996499,0.0,0.0,0.0023698928717004186,0.0017102380494864455,0.0068558486600878155,0.024248522723924637,0.04501658307269918,0.002367089104467005,2.160003662109375,7.510009765625,2.25,-0.0001264212872228828,316.24405779157365,0.0030860451132005127,314.2465057373047,0.00946230245715024,311.62147449311755,0.01796579243030076,307.32434631347655,0.03219938487105939,315.54663118978294,0.005303083175394271,312.67584766701316,0.014533113406682978,310.1395503846926,0.022829886827414336,315.5627671014695,312.3152223543598,0.0157045783082663,0.4042769409100666,70.50694296389554,2.9132001101236256,2.532158777635464,0.38104133248816163,72.84348508412931,73.76877012776468,86.08129538540963,2.19716735125684,-27.156514906996005,2.4056004115513394,0.007583381887291779,0.09002369566120144,0.0859135124687801,0.08550067127494311,-0.611636849162631,4949224.65,0.6054481685328225,162906648.0,151122864.91443977,65.44568129320709,-0.0023800670824889497,316.4649963378906,0,0.002899094408912556
2026-08-20 15:30:00+00:00,317.2298889160156,317.25,315.9599914550781,316.4649963378906,2014832,0.0,0.0,-0.002380067082488946,-0.0013096709749021995,0.005161351857773555,0.020196595371756665,0.03958407915091522,-0.002382903944322412,1.625,6.264984130859375,-0.535003662109375,3.116983568003189e-05,316.23048618861606,0.0007415798271073536,314.6643633161272,0.005722392592480169,312.2362365722656,0.013543462514264356,307.51954650878906,0.029089044682292443,315.7303042194045,0.0023269610444908396,313.020315728002,0.011004655087214406,310.38760708873957,0.019579999685341666,315.8585658482143,312.61402835273617,0.012318602608571741,0.028440327753286695,67.07991405242123,2.8343069446926847,2.5925884110469086,0.2417185336457761,65.0320700138155,68.02100877198974,71.01992324940778,1.8791984947252742,-34.9679299770186,2.3814566476004466,0.007525181853130553,0.09144291069003022,0.08571910105782228,0.08528920070064792,-0.3276046479574998,4925479.55,0.40906311345866814,160891816.0,152053241.20830265,67.0776801600027,0.0006478349650551957,316.6700134277344,1,0.004305887323513994
2026-08-20 16:30:00+00:00,316.4649963378906,317.6300048828125,316.2900085449219,316.6700134277344,2026222,0.0,0.0,0.0006478349650551607,0.0006320100049286292,-2.6501124900435435e-05,0.002088553025895834,0.03926757809272363,0.0006476252105701573,-0.008392333984375,0.660003662109375,-1.633392333984375,0.0,316.46048845563615,0.0006620888854721374,315.11222185407365,0.0049436088657239755,312.8198082333519,0.012308060720688239,307.72184692382814,0.029078749504880427,315.9182460610705,0.0023796262990020333,313.3521064279777,0.010588430496185977,310.6339759647786,0.01943134985215126,316.12598586309525,312.90471465437696,0.012033371812580044,0.011022291599568846,68.31687576209083,2.756550905500035,2.625380909937534,0.13116999556250075,66.91123610921275,68.26226373571917,69.95915810770101,2.2472707257309437,-33.08876388162134,2.424314226422991,0.007655648225652334,0.09149375973846798,0.08591798264617075,0.08558002391034547,0.005653076782580424,4903642.4,0.4132075373196054,162918038.0,153087983.75989285,66.45123493304254,-0.0057789402603520236,314.8399963378906,0,0.007683357426732518
2026-08-20 17:30:00+00:00,316.6600036621094,316.8599853515625,314.82000732421875,314.8399963378906,2545448,0.0,0.0,-0.005778940260351972,-0.007502694892043138,-0.006437795106940536,-0.010497191573242692,0.028401599360590613,-0.005795702947192292,-2.040008544921875,-3.339996337890625,-2.0316162109375,-3.160945211268849e-05,316.46048845563615,-0.005120677546977812,315.41310119628906,-0.0018169976333353502,313.3024277460007,0.004907617866056027,307.8948468017578,0.02255688787341734,315.7025961164345,-0.002732317659570379,313.48736914706063,0.004314774131110666,310.79891794019477,0.013002228014385992,316.0896891276042,313.18930650377007,0.005270581721140005,0.03454466539985317,61.25218674037274,2.518232976965521,2.6039513233431317,-0.08571834637761055,50.13748289745452,60.693596340160916,39.55854661057027,1.4958039807386068,-49.86251709337958,2.5057482038225447,0.007958798859613066,0.09479537416026158,0.08640765698154368,0.08595435594852747,0.2562532634627399,4884638.9,0.5211128298552425,160372590.0,153781755.7827602,67.85631126319646,-0.004669042173172621,313.3699951171875,0,0.007966838357067591
2026-08-20 18:30:00+00:00,314.8100891113281,315.70001220703125,313.29998779296875,313.3699951171875,3156936,0.0,0.0,-0.004669042173172655,-0.009779916441054248,-0.009795576489266433,-0.010077086384914447,0.025123466958175467,-0.004679976198137911,-3.100006103515625,-3.19000244140625,-1.05999755859375,-9.499182730998434e-05,315.9878583635603,-0.008284695683947834,315.6745300292969,-0.007300351130286619,313.646475655692,-0.0008815037309939351,308.0962469482422,0.017117210031494266,315.2360759165851,-0.005919629579088719,313.4766987807085,-0.00034038786275241654,310.8997444961553,0.007945489389280679,315.81727498372396,313.52836605827974,-0.0005051247613821971,-0.10604046650124593,59.49661167505089,2.1855537848443305,2.5202718156433717,-0.33471803079904117,35.29954680463395,50.78275527043373,3.011455813026227,-0.8354212103556986,-64.70045318600275,2.543607439313616,0.008116946353955472,0.09674200065800638,0.08746427759052482,0.08689948497584023,0.2402280463006905,4843428.9,0.6517977377555804,157215654.0,154108793.70821163,68.48452091182543,-0.006477961550012914,311.3399963378906,0,0.007875196861503484
2026-08-20 19:30:00+00:00,313.3900146484375,313.6499938964844,310.6499938964844,311.3399963378906,5485508,0.0,0.0,-0.006477961550012901,-0.016831455028374798,-0.018536047097236885,-0.011807278770803897,0.005425578716570234,-0.006499034599168135,-5.8800048828125,-3.720001220703125,-2.779998779296875,6.388464614313069e-05,315.19642857142856,-0.012235012468270294,315.7559574672154,-0.013985361241424254,313.91552298409596,-0.008204521463972374,308.2198468017578,0.010123129864928967,314.45686000084623,-0.0099118959050132,313.28245310408863,-0.006200336938585007,310.91700927426257,0.001360450059049602,315.2393371582031,314.09107210200955,-0.008758847380471477,-0.4378039426947232,52.73902589636043,1.7380638737531626,2.36383022726533,-0.6257663535121676,16.292054564398825,33.90969475549576,-59.81212455500358,-2.1497254683888753,-83.70794542623787,2.6530652727399553,0.00852144055995979,0.08987472445379434,0.08418255794138209,0.08241873554868405,0.737605070232656,4515679.55,1.2147691037996704,151730146.0,153882255.8312391,59.792916328834245,-0.011386211061392048,307.7950134277344,0,0.008206420232541112
2026-08-21 13:30:00+00:00,312.04998779296875,312.3800048828125,307.010009765625,307.7950134277344,13705396,0.0,0.0,-0.011386211061392038,-0.022376391157734266,-0.02739634086071019,-0.022376391157734266,-0.00848815936029379,-0.011451530261366765,-8.66998291015625,-7.04498291015625,-2.78997802734375,0.0022804376675886707,313.9571446010045,-0.019627300347254958,315.16917201450894,-0.023397461558872578,313.82671828497024,-0.019219857665973356,308.27774719238283,-0.0015659053209106228,313.12449068622385,-0.017020314338213247,312.78359495169275,-0.0159489871094834,310.7945780645948,-0.009651277237620817,314.177877952939,313.6008811714705,-0.018513556856184665,-0.9506102281439285,27.851198712524806,1.0848687098515484,2.108037923782574,-1.0231692139310256,5.9156315897582195,19.169077652930323,-127.21250789893392,-2.7688224028398696,-94.08436840270598,2.4502083914620534,0.007960520101243826,0.09845030103469987,0.0910208873794882,0.08699367752836241,1.4984734321780224,4911042.5,2.7907304813591,138024750.0,152372017.18064493,39.68260541493422,0.009113184273337228,310.6000061035156,2,0.006425650319141657
2026-08-21 14:30:00+00:00,307.82000732421875,310.6400146484375,307.6000061035156,310.6000061035156,6775783,0.0,0.0,0.009113184273337183,-0.008839356214164651,-0.01916824159798114,-0.019194234742916927,-4.8240205175131834e-05,0.009071909781388525,-6.07000732421875,-6.078399658203125,2.5999755859375,8.120305850946473e-05,313.0114310128348,-0.007703951582562483,314.62774440220426,-0.012801599256062342,313.8348141624814,-0.010307358881098218,308.4428472900391,0.006993706718836959,312.6195937696822,-0.006460208209623607,312.5850868745857,-0.006350529357979891,310.78694779161134,-0.0006015107436894717,313.5686558314732,313.46462255822746,-0.009138563807692787,-1.062356556978763,30.239892036842832,0.7845030403629494,1.8433309470986492,-1.0588279067356998,27.05349894352866,16.420395032561892,-111.3559083869525,-1.4156006759425293,-72.94650104893554,2.4155731201171875,0.007777118714235818,0.10408322647675049,0.09272999373650097,0.08724422288590111,-0.5056120231768568,5061540.45,1.338680006004891,144800533.0,151650923.44915494,40.7812376247996,0.0019419829999604038,311.20318603515625,2,0.004703730785667144
2026-08-21 15:30:00+00:00,310.614990234375,311.92999267578125,310.3999938964844,311.20318603515625,4259150,0.0,0.0,0.001941982999960512,-0.00043942411621888944,-0.01155129699223889,-0.01791472721592402,0.002587603590416654,0.0019400997886898038,-3.636810302734375,-5.67681884765625,2.433197021484375,4.824253240462881e-05,312.2597438267299,-0.0033835863010140154,314.245115007673,-0.009680115385191593,313.8628234863281,-0.008473884933617361,308.6453112792969,0.00828742463395603,312.336312222777,-0.003627904099760597,312.45945952554666,-0.004020596759317122,310.8032708599856,0.0012867148214457031,313.11204804920015,313.46592980048956,-0.007218467942485019,-1.0407492896465758,35.253674540850895,0.5883505241666853,1.5923348625122564,-1.003984338345571,31.598943035258674,21.522691189515175,-74.29057310967653,-1.1551296992202187,-68.40105695720553,2.3631439208984375,0.007593572389146049,0.10426470956219704,0.09318220829870578,0.08782440373016014,-0.37141582013473573,5107218.85,0.8339470316608812,149059683.0,151404138.64447352,46.40242488192086,-0.0004601125020176502,311.05999755859375,1,0.007254905596418351
2026-08-21 16:30:00+00:00,311.20001220703125,311.6400146484375,310.2699890136719,311.05999755859375,2476819,0.0,0.0,-0.00046011250201760667,0.01060765765663052,-0.007371470129837743,-0.017094838819608937,0.0013917368986529066,-0.00046021838625521643,-2.30999755859375,-5.410003662109375,1.326812744140625,-1.0198572082199885e-05,311.45831298828125,-0.0012788723661429705,313.95940072195873,-0.009234962089647525,313.89425223214283,-0.00902932963373907,308.83631103515626,0.007200210739394438,312.0810492899404,-0.003271751789051268,312.3322357103691,-0.004073348845589698,310.8133385736565,0.0007935920191469149,312.68736572265624,313.52849127289943,-0.007873267607278462,-0.9817352807495834,38.09976899454099,0.41654248600605115,1.3571763872110154,-0.9406339012049643,30.51990313248118,29.724115037089494,-81.14897800730623,-1.774168399513407,-69.48009685998302,2.313145228794643,0.007436331405331166,0.10426213861845013,0.09344995247441558,0.08822714977149597,-0.41847105643144755,5032098.15,0.4922040322285843,146582864.0,150944969.63071412,47.16906649723461,-0.008326356195649209,308.4700012207031,0,0.007394719614926171
2026-08-21 17:30:00+00:00,311.0199890136719,311.1600036621094,308.4005126953125,308.4700012207031,3310276,0.0,0.0,-0.008326356195649254,-0.006857710370110626,-0.009218202450522184,-0.027583380512984257,-0.004003714018231297,-0.008361213926174327,-2.8699951171875,-8.75,-0.55999755859375,-0.00012862002583347303,310.5483136858259,-0.006692396556429791,313.50440107073103,-0.016058466269747898,313.79150535946803,-0.016958725930620172,308.96250915527344,-0.001594070218795387,311.35883967609294,-0.009278164250566328,311.98112348403583,-0.011254277900249693,310.72144299118776,-0.007245852583599255,311.95544578915553,313.52006480214106,-0.016107624832907806,-0.9512731891339575,33.391048590137345,0.07057873130770531,1.0998568560303534,-1.0292781247226481,11.002205453703805,24.373683873814542,-120.3953617223428,-2.6540026295420547,-88.99779453876039,2.4356798444475447,0.007896002317246326,0.10801862022646977,0.09449055949082175,0.0881263232910383,0.33650299032751274,5007515.8,0.6610615187674495,143272588.0,150214266.61826515,46.868470041860924,0.004117058412961289,309.739990234375,2,0.0056618658191433255
2026-08-21 18:30:00+00:00,308.4750061035156,309.8500061035156,308.1600036621094,309.739990234375,3035461,0.0,0.0,0.004117058412961283,-0.004701737856295463,0.006319065357754061,-0.021250394771418324,-0.0014829850243500697,0.004108606517995414,1.944976806640625,-6.725006103515625,4.814971923828125,1.622486074068155e-05,310.0297415597098,-0.0009345920293845947,313.008799961635,-0.010443187947591984,313.79293387276783,-0.012915981212066571,309.13480895996094,0.0019576613725518373,311.03506978774936,-0.004163773410676694,311.777384097703,-0.006534771177254534,310.68295464778333,-0.0030351340467787264,311.45352434430805,313.5826388811838,-0.012254022290604339,-0.7819232361741608,31.356335237320494,-0.09997014357679745,0.8598914561089233,-0.9598615996857207,20.57259026915256,20.698232951779172,-118.40481186631578,-2.126587341721977,-79.42740972331164,2.382108415876116,0.007690671178965055,0.10893752817144581,0.09467189557506361,0.0880068579223869,-0.08301875734832986,4864400.75,0.6240154041584669,146308049.0,149842245.8927161,40.484942338935994,-0.0010330497085587946,309.4200134277344,1,0.00558861952951203
2026-08-21 19:30:00+00:00,309.75,310.1789855957031,309.1600036621094,309.4200134277344,3550095,0.0,0.0,-0.0010330497085587753,-0.005272243759181672,-0.0037990748634691984,-0.022894494876618543,-0.020853758217273644,-0.0010335836721812703,-1.17999267578125,-7.25,-3.124969482421875,3.231667185562143e-05,309.75545828683033,-0.0010829344572332166,312.4759434291295,-0.009779728858002192,313.7557910737537,-0.01381895655588491,309.289609375,0.00042162442184032927,310.7120585157464,-0.004158335837301808,311.5630776731604,-0.0068784281546586555,310.63342754111477,-0.0039062573625173805,310.9750194731213,313.29646214502674,-0.012373100834715328,-0.5262068930864698,30.081564450926905,-0.2579770113970312,0.6363177626077323,-0.8942947740047635,18.16130864497906,16.578701455945133,-95.23261837888865,-2.4588575004504167,-81.83869134748514,2.334893362862723,0.007546032129561961,0.08332168468077224,0.07680486996529227,0.07217646503697528,0.1695406397907928,4418634.05,0.8034372070255511,142757954.0,149167551.42674315,38.70064376903343,0.011376087069086677,312.94000244140625,2,0.005610416815955908
2026-08-24 13:30:00+00:00,311.4700012207031,313.19989013671875,309.9700012207031,312.94000244140625,6606461,0.0,0.0,0.01137608706908666,0.014490878215106973,0.005580972445615728,-0.0060347920168480895,-0.016468635222185224,0.011311865988039406,1.73681640625,-1.899993896484375,2.91680908203125,0.006625259207549299,310.4904567173549,0.007889278626921936,312.2238006591797,0.002293873115093065,313.6096002487909,-0.0021351317269985527,309.5039093017578,0.01110193776676097,311.15764730087835,0.005728141847012668,311.6882526520919,0.004016031334705347,310.72388145877323,0.007132123132028773,311.0368940080915,312.93527456482417,1.510816122803741e-05,-0.09507160635158643,41.91714425577916,-0.09803481259967839,0.48944724756625024,-0.5874820601659286,55.0603409873758,31.264746633835795,-34.343915823197996,-1.113865336534594,-44.93965900333913,2.314884730747768,0.007397215800731009,0.09024677994716133,0.07633633608923901,0.07239251868009274,0.8609251301725729,4478479.1,1.4751572693506596,149364415.0,149186300.3384819,37.46279423853852,-0.0022368895046018214,312.239990234375,0,0.001057503631323663
2026-08-24 14:30:00+00:00,312.92999267578125,313.3299865722656,311.5299987792969,312.239990234375,4358724,0.0,0.0,-0.002236889504601769,0.008071285848844756,0.003793456841260978,-0.003605976642371056,-0.013646725289158335,-0.002239395079089187,1.17999267578125,-1.1300048828125,-0.55682373046875,-3.1986213161873435e-05,310.7247401646205,0.004876502813862918,311.8680855887277,0.0011925062641278323,313.32674298967635,-0.0034684328089214073,309.63580932617185,0.00841046426077767,311.37411588757766,0.0027808167172996036,311.7384106141176,0.001608975997753075,310.78333670487524,0.004687038709795226,311.0390526181176,312.7709251371903,-0.001697520006313685,0.21033886222987053,38.57079820184421,-0.027448196865236696,0.38606815867995287,-0.41351635554518956,49.24654305907622,40.822730897143686,-22.263428987088812,-1.3989399076323779,-50.75345693150758,2.316312517438616,0.007418372373418653,0.08901295432972532,0.07580510788479917,0.07233615730373202,-0.34023314449294406,4540202.45,0.9600285555548297,145005691.0,148788147.0681503,43.59143333747289,-0.000997314171556803,311.9285888671875,1,0.0012578020484221631
2026-08-24 15:30:00+00:00,312.239990234375,312.3900146484375,311.3399963378906,311.9285888671875,1959853,0.0,0.0,-0.0009973141715567957,0.008107347070615445,0.011212071296391013,0.0018905137027691588,-0.009939086890343396,-0.0009978118202374243,3.458587646484375,0.588592529296875,2.278594970703125,0.0,310.828369140625,0.0035396374198430995,311.5440564836775,0.001234279311404333,313.10619971865697,-0.0037610588756270356,309.79998107910154,0.0068709100002675196,311.48501048349965,0.0014240761794536616,311.7556995462148,0.0005545666726342826,310.8282485543777,0.0035400267444281766,311.0471197219122,312.6487411313975,-0.002303390896766961,0.3617251617301444,39.372482490305835,0.003326372460037419,0.3095198014359698,-0.3061934289759324,46.31432544765564,50.20706983136921,-30.23713290327784,-0.9247260527754915,-53.68567454292816,2.299170357840402,0.00737082280974242,0.08772739975752787,0.07486129734222964,0.07168604770669693,-0.5503608395484549,4461583.15,0.439272996626769,143045838.0,148241260.49023122,43.650286786207445,0.0006133285120174819,312.1199035644531,1,0.0012655573189463197
2026-08-24 16:30:00+00:00,311.9100036621094,313.3599853515625,311.8599853515625,312.1199035644531,2194290,0.0,0.0,0.0006133285120175636,-0.002620626543602955,0.007683584313014524,0.014051202742224378,-0.008639603624306602,0.0006131405029560209,2.379913330078125,4.32489013671875,-1.07867431640625,-5.9581602140285384e-05,310.9797842843192,0.0036662167052244877,311.2190486363002,0.0028946008674513397,312.9661952427455,-0.002704099328150411,309.973779296875,0.006923567123771926,311.6119890996904,0.001629958032836193,311.7888090024183,0.0010619193263963196,310.8789016920277,0.003991914104389271,311.1238993326823,312.56412539633953,-0.0014212182262494236,0.25418779260913044,39.33353361942978,0.04266116618674687,0.25614807438612525,-0.21348690819937838,51.877222981187764,49.1460304959732,-13.580483828065951,-0.39891871340869856,-48.12277700865993,2.3105991908482144,0.007402921647909807,0.08780857407964915,0.07522645822858716,0.07221522798051382,0.11961968576214654,4429998.2,0.4953252576942355,145240128.0,147955438.34830442,43.77478973583714,-0.0012172031509027827,311.739990234375,1,0.0008611977329687743
2026-08-24 17:30:00+00:00,312.1189880371094,312.3500061035156,311.5,311.739990234375,1968689,0.0,0.0,-0.0012172031509027903,-0.0016013323585639672,0.0074978240125456175,0.003670264354339592,-0.015594418304163193,-0.001217944544336754,2.319976806640625,1.139984130859375,-0.0599365234375,-2.933255243551007e-06,311.4469255719866,0.0009409778627586371,310.99761962890625,0.002387062017877136,312.8185759044829,-0.0034479591468819146,310.1417791748047,0.0051531627367893355,311.63758932662734,0.00032858971848870864,311.7843709325962,-0.00014234420438806282,310.91266987015894,0.002660941300844711,311.1933582124256,312.3495010522078,-0.0019513743923957314,0.27315492979906625,42.20278692070592,0.042686380910026855,0.21345573569090556,-0.1707693547808787,54.43013969326659,50.87389604070332,-24.75492475667022,0.12847494738484724,-45.569860295225936,2.2256011962890625,0.007139286796694427,0.0846538942349553,0.07362723810062953,0.0709877478174629,-0.10281275492300468,4274084.4,0.4606106982819524,143271439.0,147509343.17227542,44.19879634476119,-0.0015717913957930497,311.25,0,0.001973779133338398
2026-08-24 18:30:00+00:00,311.7200012207031,311.8399963378906,310.7200012207031,311.25,2188744,0.0,0.0,-0.0015717913957929985,-0.00217546224170051,-0.005400404001475234,0.000150428938212821,-0.017766993171104528,-0.0015730279558017267,-1.69000244140625,0.04681396484375,-4.009979248046875,-6.41207875087908e-05,311.6626412527902,-0.0013239997297403916,310.84619140625,0.0012990623816939641,312.5600803920201,-0.0041914514175091485,310.30057922363284,0.0030596809672077917,311.56007146130185,-0.0009952220765855212,311.7357917569056,-0.0015583445011757425,310.9258985027017,0.0010423753661498673,311.2270089285714,312.0632974697398,-0.002606193923897884,0.29175236245674463,44.39122849056232,0.00313214148775387,0.17139101685027525,-0.16825887536252138,63.85542721451788,56.72092996299074,-37.050348057596146,1.1224959539721648,-36.144572770421846,2.1341705322265625,0.0068567727942801795,0.08452935677078807,0.07315317419213505,0.07024288783911825,0.11177743158010234,4116545.0,0.5316944184990081,141082695.0,146897281.44158253,44.912658574781936,-0.002891546655371486,310.3500061035156,0,0.001959657013792751
2026-08-24 19:30:00+00:00,311.2300109863281,311.2799072265625,310.1719970703125,310.3500061035156,3344226,0.0,0.0,-0.002891546655371502,-0.005670569036850925,-0.006052985491834972,-0.0022824903897981086,-0.01933831040408618,-0.002895735252699947,-1.889984130859375,-0.709991455078125,-0.199981689453125,-6.422173067248442e-05,311.79549734933033,-0.00463602347724274,310.77547781808033,-0.0013690646300362171,312.24912806919644,-0.006082072918563539,310.4195794677734,-0.000224126855583189,311.31805838974464,-0.0031095282144345733,311.6098112429611,-0.004042893047610599,310.9033144870474,-0.0017796799125248406,311.1608508882068,311.4469728109556,-0.003522162047477243,0.2445676655585288,47.21426457674746,-0.09968772605822096,0.11717526826857601,-0.21686299432679695,52.59856974507608,56.96137888428684,-53.240610502368554,-0.08048937382051306,-47.40143023917583,1.999021257672991,0.00644118323941578,0.08482222419314812,0.06833400974728256,0.06322024105839005,0.5279201222253493,3897970.6,0.8579402830796105,137738469.0,146025013.59000325,46.5403770959208,-0.0008539218405850643,310.0849914550781,1,0.0016610525454007683
2026-08-25 13:30:00+00:00,310.93499755859375,313.5799865722656,309.6499938964844,310.0849914550781,5344241,0.0,0.0,-0.0008539218405850812,-0.005308907522748707,-0.005910318829077665,0.005235485551217334,-0.022492307351896335,-0.00085428663952797,-1.843597412109375,1.614990234375,0.04638671875,0.001884941013602298,311.3876386369978,-0.004183361894574285,310.93904767717635,-0.0027466998065234166,311.94507998511904,-0.005962871830271156,310.51487915039064,-0.0013844350920875692,311.07144500281134,-0.003171147861936133,311.4711912622444,-0.00445049123658671,310.87122338775447,-0.0025291241952399555,311.0687860398065,311.217014773202,-0.003637408189090098,-0.0009679312656655032,57.90249671093429,-0.2002493295544241,0.053690348703975994,-0.2539396782584001,41.55507470522537,52.66969055493977,-30.651347017117804,-0.3593133458306596,-58.44492527805216,1.8961639404296875,0.006114981352453716,0.0839094806659042,0.07244992720294482,0.06923787545189716,0.598050191583942,4015357.7,1.330950166656385,132394228.0,144726843.53381246,64.44826219225291,-0.0024989998390885027,309.3100891113281,0,0.001765829081519208
2026-08-25 14:30:00+00:00,310.0799865722656,310.7900085449219,308.3900146484375,309.3100891113281,2926335,0.0,0.0,-0.0024989998390885226,-0.006232645425451766,-0.009002355892836489,-0.0013879419403403093,-0.02260884239760652,-0.0025021275510407727,-2.809814453125,-0.429901123046875,-0.966217041015625,-1.614035812890646e-05,310.96908133370533,-0.0053349105166876215,310.84691074916293,-0.004943982342066752,311.56841750372024,-0.007248258377657621,310.60128112792967,-0.004157072410997468,310.7191738245147,-0.004534913941222896,311.2747274303429,-0.006311589557003568,310.8100024357378,-0.004825820638494217,310.8515915643601,311.0225267421076,-0.005505831518737079,-0.2211447564573065,44.8232953652088,-0.33857043858074576,-0.024761808752968364,-0.3138086298277774,21.219355633971936,38.45766669475779,-88.52655482473104,-0.5625629978121416,-78.78064434757782,1.8504486083984375,0.005982503233919518,0.08393416052917972,0.07380145587481102,0.07117715407117102,-0.4524320665928052,4060932.85,0.720606596585314,129467893.0,143273610.14963984,55.45248569568895,0.0020849544959569226,309.9549865722656,2,0.002069833895729487
2026-08-25 15:30:00+00:00,309.30999755859375,310.19000244140625,309.2200012207031,309.9549865722656,1906951,0.0,0.0,0.0020849544959569144,-0.0012728194731153053,-0.005725937377387358,0.0017289545643957016,-0.021205123853639374,0.0020827839947390593,-1.785003662109375,0.53497314453125,1.024810791015625,-2.959901328719736e-07,310.68713814871654,-0.0023565557969705904,310.75775364467074,-0.002583256774730201,311.2584170386905,-0.004187615161772953,310.6897229003906,-0.0023648555905345877,310.5663363740649,-0.0019684998990392093,311.1547509886995,-0.0038558447609035435,310.77647240187616,-0.002643333400559363,310.7326683407738,310.8475766936097,-0.0028714720276587676,-0.42014895861121504,45.007433686798585,-0.3916385135712517,-0.09813714971662503,-0.29350136385462666,33.117870288143116,31.964100209113468,-71.60269029791469,0.48140349002534394,-66.88212969340664,1.8104487827845983,0.00584100550470303,0.08449095000679305,0.07355277155066463,0.07068456722190437,-0.3483483606627402,4054969.3,0.47027507705175464,131374844.0,142140394.3258646,53.12248475670573,-0.000967843093238341,309.6549987792969,1,0.0033109040582622318
2026-08-25 16:30:00+00:00,309.95001220703125,310.1000061035156,309.5,309.6549987792969,1332591,0.0,0.0,-0.0009678430932383852,-0.0013866929636403569,-0.005124501913905677,-0.01049723153473947,-0.016468674942522687,-0.0009683117557838901,-1.595001220703125,-3.285003662109375,0.19000244140625,-1.6048669806443602e-05,310.3350088936942,-0.0021912130275577534,310.6573965890067,-0.0032266986742077483,310.9243687220982,-0.004082568207871213,310.7739227294922,-0.0036004435004209526,310.3840688551113,-0.0023489287916784746,311.0184098787538,-0.004383699022781477,310.732493044128,-0.003467594438778622,310.58563435872395,310.6808419541167,-0.0033019196432074864,-0.3837993377323088,44.449882653236784,-0.45268359838951255,-0.16904643945120254,-0.28363715893831,27.583022708619044,27.30674954357802,-65.83600404564109,-0.027439613145702955,-72.41697727293072,1.7554473876953125,0.005669042626826183,0.08263069998239489,0.07237037564650108,0.07010292296124129,-0.3011928465912339,3994326.45,0.3336209537905946,130042253.0,140988190.39006796,54.50995936473552,-0.0003713495174575173,309.5400085449219,1,0.003095135005731219
2026-08-25 17:30:00+00:00,309.6549987792969,310.3399963378906,308.6099853515625,309.5400085449219,2457846,0.0,0.0,-0.0003713495174575421,0.0007433298870216376,-0.002609948582773969,-0.008647136093702934,-0.012221931365296701,-0.0003714184847641125,-0.80999755859375,-2.699981689453125,0.785003662109375,0.0,310.0207257952009,-0.0015505971384476163,310.73382568359375,-0.003841928493113728,310.6719883510045,-0.0036436494068464794,310.8608349609375,-0.004248931571509629,310.2152567930734,-0.0021767086994041347,310.8840097574963,-0.004323159668515872,310.68572894611987,-0.0036877149300700517,310.4366492861793,310.5068465768845,-0.0031137414283074105,-0.362029104477898,55.25421384495414,-0.5045251667484649,-0.23614218491065503,-0.2683829818378099,25.461424979255188,28.72077265867244,-73.14672268636582,0.038780657998755234,-74.53857500229458,1.681913103376116,0.005433588734706634,0.08137214315900955,0.07151805128344516,0.06961360870501251,0.8444113760336067,3959371.95,0.6207666344658525,127584407.0,139711639.59101388,55.57918610668681,-0.0018411699804604296,308.9700927734375,0,0.002835943505707541
2026-08-25 18:30:00+00:00,309.55499267578125,309.6099853515625,308.2099914550781,308.9700927734375,2209356,0.0,0.0,-0.0018411699804604664,-0.003177538163589122,-0.0035954616068611944,-0.00948453011150463,-0.007611947042875711,-0.0018428670172509845,-1.114898681640625,-2.95849609375,-0.304901123046875,4.8407735496821974e-05,309.6950247628348,-0.0023407931397997728,310.6788330078125,-0.005500021413839066,310.46246919177827,-0.004806946302466253,310.92065673828125,-0.006273510371745336,309.9662239891463,-0.0032136766480093605,310.7100173044,-0.005599834038348163,310.6184490962108,-0.0053066916262189375,310.20148489815847,310.3617274554779,-0.004483912025639584,-0.3615025991907143,45.94034416935328,-0.5848555719714454,-0.3058848623228131,-0.27897070964863235,14.1545998018696,22.399682496581267,-97.89573451176855,-1.2685849162730085,-85.84540017950842,1.6611982073102678,0.0053765663608193286,0.07854694334038036,0.06919831532826051,0.06771829767782353,-0.101100719898643,3795564.35,0.5820889323085774,125375051.0,138346250.2013935,56.66047041177684,0.0030096800460514333,309.8999938964844,2,0.002363811746428425
2026-08-25 19:30:00+00:00,308.9700927734375,310.29998779296875,308.6199951171875,309.8999938964844,2851594,0.0,0.0,0.0030096800460515105,0.0007911873477040032,0.0019071630894780256,-0.007112361764235686,0.006838903740863378,0.0030051600260001736,0.58990478515625,-2.21990966796875,1.704803466796875,0.0,309.6307373046875,0.00086960549892386,310.71311732700894,-0.002616958812415325,310.3938976469494,-0.001591216045829741,310.99975646972655,-0.003536216830914757,309.9529779706139,-0.00017094229736483639,310.6363788127713,-0.0023705688274468866,310.59027438249603,-0.0022224793979200613,310.09763968331475,310.60250791000493,-0.002261778303869469,-0.25060192580348345,52.37797163600915,-0.5669473318093878,-0.35809735622012806,-0.20884997558925977,31.471210014370843,23.695744931831868,-58.982222826150064,-0.7494223709546853,-68.52878996700717,1.7084132603236608,0.005512788944709718,0.06763315934597586,0.05963149462972668,0.0612428077629882,0.2906901377596005,3252874.25,0.8766382530772591,128226645.0,137382478.27745128,55.937053637535755,0.006114938911173363,311.7950134277344,2,0.002680115157186181
2026-08-26 13:30:00+00:00,310.2449951171875,313.4198913574219,308.80010986328125,311.7950134277344,5614805,0.0,0.0,0.006114938911173429,0.007285019126970882,0.005936432498851785,0.00017650348073083855,0.0038474156495040823,0.006096318541954369,1.84002685546875,0.055023193359375,1.2501220703125,0.001113266303636173,309.8750261579241,0.006196005188316137,310.63133239746094,0.0037461804683010243,310.5843738374256,0.0038979410823115302,311.1166564941406,0.0021803941365137317,310.321385062038,0.004748716771153258,310.7417092323134,0.003389645368237781,310.63751905093676,0.0037261898702071754,310.2418924967448,310.772062018919,0.003291645336992473,-0.023095538717739263,43.238723325094696,-0.39528607184695375,-0.3655350993454932,-0.029750972501460526,66.76024640160715,37.46201873928252,46.64972718313643,-0.04282244212939723,-33.239753579770856,1.7684064592633928,0.005671695771579714,0.0631704812558592,0.06417552159244297,0.06930465794800056,0.9690057560788807,3194825.35,1.757468526409432,133841450.0,137045237.48912257,54.84456495600574,0.002325167352638017,312.5199890136719,2,0.0025360551608275125
2026-08-26 14:30:00+00:00,311.7900085449219,313.45001220703125,311.6600036621094,312.5199890136719,3001620,0.0,0.0,0.0023251673526381023,0.011489449377993566,0.009252200822428724,0.004080285987700716,0.004231328719002558,0.0023224683339995683,2.864990234375,1.269989013671875,1.02496337890625,-1.6051837255068687e-05,310.33358328683033,0.007045340383975394,310.65133231026783,0.006015286300242477,310.67580159505206,0.005936051051113618,311.2771563720703,0.003992688239904207,310.76110585236484,0.005659920524729318,310.9033710306187,0.005199744144584285,310.71134140241656,0.005820990000191291,310.49371337890625,310.8293572106832,0.005439099505125881,0.21131213664052698,51.64856086040011,-0.1984561368518598,-0.33211930684676655,0.13366316999490674,80.26073513542552,59.49739718380116,112.65916636613301,0.12818325414317902,-19.73926484595249,1.7676936558314733,0.005656257896990024,0.06332512086442994,0.06448007307614081,0.06962942431405837,-0.46540975154079256,3131948.85,0.9583872993328096,136843070.0,137025983.44253948,53.27943379941297,0.0024789429972985125,313.2947082519531,2,0.0037490620216064823
2026-08-26 15:30:00+00:00,312.5199890136719,313.94000244140625,312.17999267578125,313.2947082519531,2587551,0.0,0.0,0.00247894299729845,0.010954225305995546,0.01212993346056046,0.009488326375142186,0.007184178971577415,0.002475875486516911,3.75469970703125,2.9447021484375,0.88970947265625,0.0,310.81068638392856,0.00799207355743294,310.7489122663225,0.008192453408945732,310.77539789109005,0.008106530883560639,311.45235046386716,0.005915376093120179,311.26782633228254,0.00651169747785096,311.1207653234673,0.0069874568681348335,310.81264990631996,0.007985705685959948,310.8461635044643,310.9182254077512,0.007643433706974411,0.4089020494164504,57.62723406847179,0.019817923954292382,-0.2617318606865548,0.2815497846408472,88.73834287787253,78.58644147163506,129.5564709524745,0.4987226747534882,-11.261657104675507,1.8184073311941964,0.005804143138370598,0.0637651145302491,0.06490839105038552,0.06997309232193638,-0.13794850780578483,3137485.45,0.824721274803043,139430621.0,137254996.54325002,58.95229655015857,-0.0005257138560034974,313.1300048828125,1,0.005311562931908126
2026-08-26 16:30:00+00:00,313.30499267578125,313.4800109863281,312.5,313.1300048828125,1913849,0.0,0.0,-0.000525713856003529,0.004281631833690458,0.013463801858730085,0.009819931669203363,0.015106829330788774,-0.0005258520919832291,4.159912109375,3.045013427734375,0.40521240234375,3.2826675833354294e-05,311.30711582728793,0.005855597134920766,310.82106236049106,0.007428526576606636,310.8739696684338,0.007257073394654566,311.6438507080078,0.004768758220075973,311.64026204238854,0.004780328545021395,311.30342346522593,0.005867527562814411,310.9035265720648,0.007161315715164405,311.1636425199963,311.0692710052201,0.006624678390528576,0.5372199369350928,55.65634358273563,0.17746578916779754,-0.17389233071568433,0.35135811988348187,85.863944041555,84.954340684951,111.77609447889557,0.604017633030188,-14.136055940993018,1.7812652587890625,0.005688580560812128,0.0550829649847949,0.06242627881840093,0.06918415904321128,-0.26036279091697134,3067664.1,0.6238782792418502,137516772.0,137279927.539131,53.80439367210758,-0.0002558318951520002,313.0498962402344,1,0.008281880753396004
2026-08-26 17:30:00+00:00,313.1549987792969,313.25,312.65008544921875,313.0498962402344,1986950,0.0,0.0,-0.00025583189515199223,0.0016955946665520027,0.010164254294248831,0.012090802274348667,0.010686079002439453,-0.00025586462571374754,3.14990234375,3.73980712890625,-1.010009765625,7.981955128716916e-05,311.8085283551897,0.003981186440245822,310.9146270751953,0.006867702510875359,311.0920599074591,0.006293430739927574,311.81654846191407,0.003955363448155788,311.9221888819577,0.0036153483095100196,311.4621937174994,0.005097577024612909,310.98769793160085,0.0066311250327350845,311.4608203706287,311.22390985129476,0.005867114740015365,0.5622722997529737,57.59003240774106,0.29256623869730447,-0.08060061683308656,0.37316685553039103,84.46589013284027,86.3560590174226,100.17856220581064,0.8699500833293093,-15.53410984970776,1.7634015764508928,0.005632972882674352,0.053713706878958684,0.06146385377653049,0.06857200837740342,0.03819580332617667,3015238.55,0.6589694205123503,135529822.0,137113250.8211185,53.76984706190667,0.005732978268026215,314.8446044921875,2,0.008281819407926884
2026-08-26 18:30:00+00:00,313.0299987792969,315.25,312.95001220703125,314.8446044921875,3850057,0.0,0.0,0.005732978268026212,0.004947087197489264,0.00978075637235909,0.015775251671203083,0.01753148092898016,0.005716607287962528,3.049591064453125,4.889617919921875,-0.100311279296875,-6.356003045012076e-05,312.64774431501115,0.007026630503867809,311.171384538923,0.01180449146599861,311.3351367768787,0.011272314945333725,312.0193408203125,0.009054770978100942,312.5066720040037,0.007481224234938499,311.76968560610743,0.009862789835042162,311.1389491692709,0.011909969268709792,311.984817359561,311.5183136830646,0.010677673391928894,0.6934972691578378,68.09272766829586,0.522578175222975,0.04003514157812575,0.48254303364484924,94.24154805824296,88.19046074421273,155.49941988865464,1.5349382163772183,-5.758451927552515,1.847686767578125,0.00586856735421078,0.05639313861160308,0.06302594738788851,0.06938744198990804,0.937671808550794,3030236.65,1.270546641959465,139379879.0,137329120.17148817,60.966706715011384,-0.004334181009899555,313.4800109863281,0,0.007921012957585542
2026-08-26 19:30:00+00:00,314.8599853515625,315.42999267578125,313.19000244140625,313.4800109863281,4389301,0.0,0.0,-0.004334181009899574,0.0011177660973327175,0.0030718738205710583,0.01235249623648893,0.0017255976887229352,-0.004343600800317477,0.96002197265625,3.82501220703125,-2.089569091796875,4.885222473403639e-05,313.15917532784596,0.0010245130392403808,311.39495631626676,0.006695852414311414,311.5284699939546,0.0062644065642062045,312.1660412597656,0.004209201363657905,312.7013398004686,0.002490143426804338,311.92516973158206,0.004984661084192255,311.2307555150379,0.0072269704437173034,312.292634219215,311.6487342829566,0.005876092221516895,0.6539448438680192,65.05036148266697,0.5879751885551059,0.1496231509735218,0.4383520375815841,72.99194791558298,83.89979536888872,123.82787512845468,1.348136391854216,-27.008052070566603,1.9285496303013392,0.006152065722555106,0.04374909440972685,0.06094877723398778,0.06687018300211141,0.14006130298850117,2919378.65,1.5035052064931689,134990578.0,137106401.8694417,59.398368933203294,-0.008574379974207838,310.7921142578125,0,0.00780170818584874
2026-08-27 13:30:00+00:00,310.5450134277344,312.10198974609375,309.40008544921875,310.7921142578125,7249330,0.0,0.0,-0.008574379974207846,-0.007212211246635403,-0.007987986800364388,0.004045052911823888,-0.004637061304913814,-0.00861135146026102,-2.502593994140625,1.252105712890625,-3.462615966796875,-0.009362630648601043,313.01590401785717,-0.007104398631165714,311.4454650878906,-0.002097801712706429,311.42618960425966,-0.0020360373263753695,312.26808349609377,-0.004726609334363826,312.3194946919374,-0.004890442191661988,311.8221646885121,-0.0033033265346138303,311.21355389710754,-0.001354181506609528,312.2122552780878,311.49308876793685,-0.0022503693834579146,0.3914564755154716,52.75760534454262,0.41809248061690596,0.20331701690219864,0.21477546371470732,35.76346767051209,67.66565454811267,-32.460249453567926,0.27008040580402115,-64.23653231563749,1.9392591203962053,0.0062397307763776945,0.053020650127178964,0.0625097910844078,0.06898859494488147,0.6515909936456852,3063908.95,2.366039630518393,127741248.0,136214482.45330438,44.8039320698949,0.01241305509917679,314.6499938964844,2,0.006298334128168573
2026-08-27 14:30:00+00:00,310.79998779296875,315.1600036621094,310.6300048828125,314.6499938964844,3988636,0.0,0.0,0.012413055099176784,-0.000618116343511832,0.0048541787435565364,0.018383336303076536,0.008724448884855462,0.012336644804402322,1.519989013671875,5.679901123046875,4.0225830078125,2.5333767476781294e-05,313.3201904296875,0.00424423164357502,311.82688685825894,0.0090534432956053,311.54095168340774,0.00997956190435634,312.3678851318359,0.0073058367177470185,312.7855945328468,0.005960630528449179,312.079240071055,0.008237503477757249,311.34831625002425,0.01060444998134548,312.6395257859003,311.60610364903596,0.009768390964725782,0.3036996346564749,66.7876166058291,0.5879799885295256,0.280249611227664,0.3077303773018616,89.19669462170975,65.98403673593494,91.85061117396849,1.613083960169329,-10.80330536443983,2.091402326311384,0.0066467578797817515,0.06930475052392378,0.06934358277486213,0.07263383784682648,-0.44979246357939284,3165348.1,1.2600939530157833,131729884.0,135787377.83870396,52.555094878845395,-0.0002542080845930018,314.57000732421875,1,0.00278393628505549
2026-08-27 15:30:00+00:00,314.6549987792969,315.07989501953125,314.110107421875,314.57000732421875,2807822,0.0,0.0,-0.0002542080845929773,0.00347708402351099,0.004855810853928055,0.015069420844500803,0.007849879907641633,-0.0002542404009449482,1.520111083984375,4.670013427734375,0.0001220703125,1.590619071847379e-05,313.5023760114397,0.0034054967185852486,312.15653119768416,0.0077316214312954405,311.66673351469495,0.009315315037873917,312.4506854248047,0.0067829004648392935,313.14247709112124,0.004558724342841417,312.30567345770623,0.007250376983023048,311.47465707646325,0.009937727444020257,313.0052751813616,311.70817658504683,0.009181121812445991,0.2034797026005462,65.04304258936571,0.7080014150207603,0.3657999719862833,0.342201443034477,88.08884754787287,71.0163366133649,127.77880558527414,1.6249914842754967,-11.911152438276709,2.0913870675223216,0.006648399462190741,0.06934495112732385,0.06889909973907435,0.07205788611283621,-0.29604456260235323,3196024.7,0.8785357635064582,128922062.0,135133538.23501787,53.516887109703475,0.0022252016185753936,315.2699890136719,2,0.004130069722162533
2026-08-27 16:30:00+00:00,314.56500244140625,315.3999938964844,314.25,315.2699890136719,1942935,0.0,0.0,0.002225201618575312,0.014407941998634044,0.0013510935725593587,0.011145064661987947,0.011323535285424624,0.002222729524046925,0.425384521484375,3.4749755859375,-1.0947265625,-1.5910235228896737e-05,313.80808803013394,0.004658582870537391,312.55760192871094,0.008678039082123841,311.81673758370533,0.011074618561899561,312.5437854003906,0.008722629406244874,313.5679794756314,0.0054278805536243915,312.57515669006676,0.008621389979078044,311.62349362302047,0.011701606153774061,313.42040289015995,311.80268394634356,0.011120189933688516,0.22315891661331236,67.83739339537809,0.8498058991509083,0.4626011574192083,0.3872047417317,97.78388315740987,91.68980844233083,124.0421595862938,2.0389987210942104,-2.2161168287397013,2.130671909877232,0.0067582452631673616,0.06935670944656483,0.06909396890012819,0.07219702241492684,-0.3080277168566953,3194737.0,0.608167432874756,130864997.0,134727010.49834952,56.97103879086117,-0.0034573425187113408,314.17999267578125,0,0.007979996177835864
2026-08-27 17:30:00+00:00,315.2799987792969,315.3399963378906,313.9934997558594,314.17999267578125,1676322,0.0,0.0,-0.003457342518711326,-0.0014937270930243107,0.002232938831572495,0.005311671958483144,0.00941363108684734,-0.003463332938631563,0.699981689453125,1.660003662109375,0.27459716796875,3.174982070537063e-05,313.9695303780692,0.0006703271411654802,312.8890293666295,0.004125946223684814,311.93292817615327,0.0072036784085578376,312.61938537597655,0.004992036235765804,313.69038211566135,0.0015608083257643956,312.7210508705863,0.004665313707307981,311.7237484878346,0.00787955425229538,313.636721656436,311.8925357877998,0.007334118728414985,0.18367862378087144,63.88021108513434,0.8642706059265493,0.5429350471206765,0.3213355588058727,82.68698352512,89.51990474346758,93.57855181626037,1.381090307705107,-17.313016461029594,2.103278023856027,0.006694500200144237,0.07044420022010364,0.06927018124382414,0.07209601032916388,-0.13722178045070987,3169115.9,0.5289557254753604,129188675.0,134199549.97469717,57.89495615814461,-0.001941515582731507,313.57000732421875,0,0.007874885586786754
2026-08-27 18:30:00+00:00,314.20001220703125,314.5870056152344,313.44500732421875,313.57000732421875,1894784,0.0,0.0,-0.001941515582731479,-0.0031789426096472395,0.008938106660267175,0.0008787223818802481,0.010375386361774819,-0.0019434027671714211,2.77789306640625,0.275299072265625,2.077911376953125,6.371994307923828e-05,313.7874450683594,-0.0006929459656761051,313.2175946916853,0.0011251367691499862,312.0434047154018,0.004892276477384335,312.67823181152346,0.0028520549944454823,313.66630715737284,-0.000307013635052199,312.7982287300074,0.0024673368431221217,311.7961507951438,0.005689154675404398,313.72751871744794,312.0227126873011,0.00495891668778393,0.1422591803278743,63.7274366054624,0.8170943156013664,0.5977669008168145,0.21932741478455187,72.68742996916056,84.3860988838968,64.02843740487653,0.5692823233332683,-27.312570016155153,2.0848497663225447,0.006648753763494495,0.06992027040212324,0.06928700009953534,0.07225289345641167,0.13032221733056049,3096643.8,0.6118830974360046,127293891.0,133541868.16758315,58.25029315396791,0.003205041487827519,314.57501220703125,2,0.008284838866145616
2026-08-27 19:30:00+00:00,313.5799865722656,315.0899963378906,313.3699951171875,314.57501220703125,3310734,0.0,0.0,0.00320504148782752,-0.002204386179651574,-0.00023830189387452627,0.004614720089694213,0.01447996799485085,0.003199916290418519,-0.074981689453125,1.44500732421875,-2.852874755859375,3.182462548634326e-05,313.9438738141741,0.0020103542241080097,313.55152457101,0.0032641768762510875,312.24459548223587,0.007463433342020814,312.7755322265625,0.005753263267279823,313.84804816730457,0.0023162930085734944,312.9597545006459,0.005161231382474354,311.9051257524727,0.008559931319207601,313.908507719494,312.2329487482238,0.007501013164015949,0.1458411425275664,63.88930690950322,0.8509925481280902,0.6484120302790697,0.20258051784902054,87.10413903532263,80.8261841765344,74.14103901724397,0.6575653608073363,-12.895860949594143,2.08770751953125,0.006636596800481504,0.07034144127975712,0.06491537817350589,0.06629319913477412,0.7472883452678512,2994968.45,1.1054320121469055,130604625.0,133262130.72305143,58.70579002997971,0.0068345984679463335,316.7250061035156,2,0.008541975218205555
2026-08-28 13:30:00+00:00,317.0880126953125,318.1300048828125,315.4504089355469,316.7250061035156,6274224,0.0,0.0,0.006834598467946318,0.008100494898033439,0.0068506174432445555,0.01173969359970961,0.023972438188133882,0.006811348475960024,2.154998779296875,3.67510986328125,2.22998046875,0.007988557230411487,314.7914297921317,0.006142404552292335,313.9036669049944,0.008987914114957262,312.56078665597096,0.01332291069549557,312.90603210449217,0.012204858990177404,314.4234397545468,0.0073199579228514925,313.30205010090674,0.010925418462775813,312.0941406681999,0.014838040295745784,314.3316385904948,312.8094807066398,0.012517284923775579,0.25433041347927304,64.42823300533277,1.0393625562589364,0.726602135475043,0.3127604207838933,83.90593646569823,81.2325018233938,148.14701945205775,1.0949108814161292,-16.0940635228469,2.011651175362723,0.006351412539554586,0.07243292665263812,0.0653149957037293,0.06701215166463752,0.8951157054598768,3162362.9,1.98403035907106,136878849.0,133606580.08276081,59.37791567511793,0.016465376075124934,321.94000244140625,2,0.008352036752760998
2026-08-28 14:30:00+00:00,316.7250061035156,322.0299987792969,316.5199890136719,321.94000244140625,7393135,0.0,0.0,0.016465376075124993,0.026692588326960864,0.021156512386737658,0.02253619038720034,0.03866695613347182,0.016331291602676677,6.670013427734375,7.09539794921875,4.5150146484375,0.0,315.8328595842634,0.01933662908021173,314.57652500697543,0.0234075871816695,313.16221110026044,0.02802953558885025,313.02463195800783,0.028481370388020878,315.92675229191866,0.01903368456721344,314.0873184954976,0.025001595045284302,312.48025289460014,0.030273111529919995,315.4031499953497,313.684297762728,0.026318514307326138,0.7623249913585649,71.83130463331788,1.5911124123041418,0.8995041908408629,0.6916082214632789,99.28743502404586,90.09917017502225,237.36499477468055,2.813527104137694,-0.7125649680364248,2.2773655482700894,0.0070738818754823764,0.0905076087928068,0.07466620364578545,0.07091003869716511,0.1783345637643794,3436672.1,2.1512482962805786,144271984.0,134622332.8367836,62.97519564327492,-0.003012987554659869,320.9700012207031,0,0.001870632236026732
2026-08-28 15:30:00+00:00,321.9549865722656,322.3699951171875,320.5350036621094,320.9700012207031,4403946,0.0,0.0,-0.0030129875546598406,0.020328979624939736,0.021611842584543073,0.023893039338644284,0.03654067425364227,-0.003017535739709594,6.790008544921875,7.489990234375,0.1199951171875,4.6543240186672985e-05,316.7471444266183,0.013331949058975003,315.12476021902904,0.018548974055839884,313.68673560732884,0.023218277302194293,313.08043212890624,0.025199815389686422,316.9354020776756,0.012730036204746878,314.7130169250617,0.01988155544615247,312.81318420150615,0.026075681688392305,316.2556134905134,314.2238582114683,0.021469225944878028,1.0148897009239106,67.62827427753317,1.92788371311201,1.1051800952950923,0.8227036178169176,89.20583154997648,90.79973434657352,232.04783859461278,2.5299816660426444,-10.794168442313367,2.282721383231027,0.007111946208500296,0.09165518284412404,0.0755386273589606,0.0718930687951365,-0.404319547796706,3590239.85,1.2266439524924773,139868038.0,135121923.80470896,64.31260873332286,-0.003832168058230319,319.739990234375,0,0.0052981761832493314
2026-08-28 16:30:00+00:00,320.94500732421875,321.5199890136719,319.5801086425781,319.739990234375,2541939,0.0,0.0,-0.0038321680582302786,0.009519248789197299,0.019676572267885106,0.028790550229790934,0.03295206244065496,-0.003839529627442129,6.16998291015625,8.9478759765625,-0.620025634765625,-7.78698831331312e-05,317.3857160295759,0.007417706865460447,315.5969020298549,0.013127784771838607,314.1669732956659,0.01773902864527559,313.1440319824219,0.02106365626761267,317.49631970901544,0.007066760734136425,315.1700144986356,0.014500033396243854,313.0848236537755,0.02125675241268748,316.8709774925595,314.59962050663097,0.0163394021882469,0.892929539427751,64.47327269114663,2.071645152577787,1.2984731067516313,0.7731720458261557,79.72225751035926,89.40517469479386,174.6653299792075,1.5548577527849696,-20.277742481930595,2.351283482142857,0.0073537360166051535,0.09355215990395473,0.07570009775839473,0.07165379392073389,-0.4228042305695846,3594444.5,0.7071854913881684,137326099.0,135331845.25187954,63.496990532338486,-0.000625450977547522,319.5400085449219,1,0.005313282824655298
2026-08-28 17:30:00+00:00,319.80999755859375,320.04998779296875,319.3699951171875,319.5400085449219,2007857,0.0,0.0,-0.0006254509775475148,-0.007454786228130117,0.015783187301040336,0.015541124243740656,0.03421015826031781,-0.0006256466536049473,4.964996337890625,4.8900146484375,-1.204986572265625,0.0002189507923835691,318.1514325823103,0.004364512682959471,316.0604814801897,0.011009054496233345,314.6431637718564,0.01556316912895192,313.23363220214844,0.020133139275042525,317.90505747619676,0.005142891030736087,315.56728668466167,0.012589143513527301,313.3379681593107,0.019793453126746685,317.39672502790177,314.9159004755553,0.014683628430222195,0.9241080234833151,64.1365877910863,2.1447173119456693,1.467721947790439,0.6769953641552302,78.18036790158585,82.36948565397385,132.90643907752568,1.9331368336715782,-21.81963209070399,2.3570033482142856,0.0073762386091804685,0.09305055583690175,0.07521782561087938,0.07104438678573849,-0.21010811038345134,3584369.55,0.5601701978525064,135318242.0,135330549.7040815,63.42241834645338,1.5662773607882652e-05,319.5450134277344,1,0.005251007448705978
2026-08-28 18:30:00+00:00,319.54998779296875,319.989990234375,319.04998779296875,319.5450134277344,3252611,0.0,0.0,1.5662773607871827e-05,-0.00443962921004859,0.008903645970085083,0.015815258885720773,0.031123006522135288,1.5662650947914078e-05,2.82000732421875,4.975006103515625,-2.144989013671875,3.123004249854634e-05,319.0050048828125,0.0016927901965630792,316.39622497558594,0.009952041786786348,315.146731422061,0.01395629897797988,313.32773254394533,0.019842740485466623,318.23304866650426,0.0041226540320797415,315.9288982067592,0.011445978007992108,313.5813816992489,0.019017811887142286,317.8613292875744,315.3340293084957,0.01335404278586646,0.8838061193557296,61.104037909534924,2.177925606239455,1.6097626794802422,0.568162926759213,78.21895631846955,78.70719391013822,108.90921943195566,2.8163195809507857,-21.781043673820296,2.259861537388393,0.0070721226819970145,0.09309835682257853,0.07458631759207116,0.07042807238706973,0.6199415595831774,3604420.4,0.902395014743563,138570853.0,135639150.01797852,56.86551828546272,0.000297301527831883,319.6400146484375,1,0.00499698495893059
2026-08-28 19:30:00+00:00,319.54998779296875,320.3299865722656,319.5,319.6400146484375,3423783,0.0,0.0,0.00029730152783180586,-0.00031267776628196575,-0.007144150386801829,0.013861216693784595,0.025160765512118655,0.00029725734248994313,-2.29998779296875,4.370025634765625,-5.1199951171875,1.5567025067923315e-05,319.72857666015625,-0.00027699123001009304,316.8362252371652,0.008849333466098145,315.6105419340588,0.012767231061653886,313.3869647216797,0.019953127062228654,318.5144418628909,0.0035338202530470057,316.2662724287299,0.01066741070360955,313.8189751482367,0.01854903610411899,318.29383457728795,315.87489975705574,0.01191963937073077,0.834108911278315,65.48072449579271,2.186702280557199,1.7251505996956336,0.4615516808615656,78.95143035358501,78.4502515245468,99.57301025165377,1.5858957091157346,-21.04856963870484,2.159146990094866,0.0067549333348107,0.09159292831680445,0.06776131602132013,0.06110482641503561,0.052626028750440756,3494869.3,0.9796598115986768,141994636.0,136244434.39721864,64.46897489567678,-0.012295153964630774,315.7099914550781,0,0.0064372178176357936
2026-08-31 13:30:00+00:00,319.55999755859375,321.2349853515625,315.45001220703125,315.7099914550781,6501007,0.0,0.0,-0.012295153964630767,-0.011986033008149377,-0.01638785477029092,0.004869816076658262,0.010207354900638732,-0.012371364696200596,-5.260009765625,1.529998779296875,-2.96002197265625,-0.00025033502120035904,319.5835745675223,-0.01212072027692287,317.187502179827,-0.004658161858806614,315.7969694591704,-0.00027542380866080234,313.363564453125,0.007487874367400017,317.9535517813284,-0.007056251813114491,316.2157014311252,-0.001599256373914143,313.89313265046576,0.0057881444849248505,318.1436700730097,316.15198715061194,-0.00139804813348163,0.4066324458287625,61.63287105476225,1.8551527845489204,1.751151036666291,0.10400174788262939,43.27079043863753,66.81372570356403,36.87327587786655,0.362394412789901,-56.72920955284457,2.2809361049107144,0.007224782764684977,0.10329118568764747,0.07709306245921885,0.07013725739717856,0.8987789237810924,3669838.65,1.7714694350390578,135493629.0,136172929.12129307,65.21501878366229,-0.0020275132827494145,315.06988525390625,0,0.0033928442779230755
2026-08-31 14:30:00+00:00,315.7099914550781,315.82000732421875,314.3599853515625,315.06988525390625,3307355,0.0,0.0,-0.0020275132827494158,-0.014004687871119526,-0.01460594584069852,0.004783231478311167,0.005666156992749194,-0.002029571470277534,-4.67010498046875,1.4998779296875,0.58990478515625,0.0,318.6021292550223,-0.011086693015405477,317.21749441964283,-0.006770147307477213,315.91839308965774,-0.0026858449976605134,313.33556213378904,0.005535034415822703,317.37681847584395,-0.007268751489189224,316.11153632410526,-0.0032952010619685893,313.939279811385,0.003601350691754505,317.8613211495536,316.2095139124759,-0.003604030266089693,-0.12542847911200614,51.17156695962217,1.5231878381862316,1.7055583969702792,-0.18237055878404762,18.88766818366526,47.036629658629266,-24.219865616184215,-0.0634706019405839,-81.11233180522362,2.061652047293527,0.006543475412210704,0.10340083156713395,0.07679374358643581,0.06975075367655499,-0.4912549701915411,3705828.85,0.8924737579286748,132186274.0,135793247.68116993,58.30253361226936,-0.0012691527971631729,314.6700134277344,1,0.00343758321121514
2026-08-31 15:30:00+00:00,315.0400085449219,315.2250061035156,313.94000244140625,314.6700134277344,2437167,0.0,0.0,-0.00126915279716322,-0.015548745441553935,-0.015240642758206802,0.000301998623592592,0.0049181123524020265,-0.0012699588536525719,-4.8699951171875,0.095001220703125,-0.19989013671875,-9.482565736234471e-05,317.70213099888394,-0.009543900639277354,317.22463771275113,-0.008053045007563165,315.983883812314,-0.004158029734693247,313.28456237792966,0.004422340632695967,316.83545746622207,-0.00683460132839367,315.9804887880715,-0.004147329999264374,313.967936031634,0.0022361436169947113,317.5216570172991,316.2386958623788,-0.004960437970317575,-0.6274796302111892,50.27414010499917,1.2138444685700165,1.6072156112902267,-0.39337114272021023,14.444647893360315,25.53436883855436,-38.946202693773955,0.15596815945477577,-85.55535209552858,2.08416748046875,0.006623343157992926,0.10351343724771245,0.07699709346830304,0.07002370666914051,-0.2631069238107189,3731994.75,0.6530467386107656,129749107.0,135217615.23534423,53.20878457959527,-0.002510593673404805,313.8800048828125,0,0.010978454085503226
2026-08-31 16:30:00+00:00,314.6000061035156,316.0,312.79998779296875,313.8800048828125,3893327,0.0,0.0,-0.002510593673404782,-0.005796416400480009,-0.017728358468666938,-0.008982559526017675,0.0026516815771153723,-0.002513750498478202,-5.665008544921875,-2.845001220703125,-0.795013427734375,-0.0002224785369788821,316.864990234375,-0.009420369695450358,317.12535313197543,-0.010233644888688881,316.01959809802827,-0.006770444706866892,313.2328625488281,0.002066010343603221,316.24436694954017,-0.007476376858587478,315.7895357057752,-0.00604684641841903,313.96448775128806,-0.0002690841536900713,317.07570597330727,316.22086034462586,-0.0074025965878874445,-1.0194307576494754,46.20844200207744,0.8946278196339676,1.464698052958975,-0.5700702333250074,11.28543639666507,14.872584157896876,-51.41907770356544,0.09886071733647549,-88.71456359288563,2.230597359793527,0.00710652900817692,0.10397244153068406,0.07989146617169243,0.0742147114070752,0.5974805994008618,3827313.6,1.0172479725727201,125855780.0,134326011.87959716,47.56866172987954,0.00575058190296367,315.68499755859375,2,0.010931982855401224
2026-08-31 17:30:00+00:00,313.8500061035156,316.0199890136719,313.385009765625,315.68499755859375,2695119,0.0,0.0,0.005750581902963736,0.0019523043409617191,-0.01237334785569244,-0.01942910118462504,0.0026692312792264694,0.005734110423744038,-3.95501708984375,-6.2550048828125,1.709991455078125,-9.557403730759948e-05,316.3142743791853,-0.0019894038036209526,317.2328534807478,-0.004879242188082828,316.1450791131882,-0.0014552861486364951,313.2131622314453,0.007891862875526283,316.1324930713509,-0.001415531533655822,315.7800322378496,-0.00030095214881715446,314.03195872412357,0.00526391912842574,316.88365856352306,316.2739210055021,-0.0018620676818188167,-0.8773758498647162,53.951184610681864,0.7783221364030055,1.3274228696477812,-0.5491007332447757,30.146369460161882,18.62548458339575,-31.610590706307608,0.35285235905147383,-69.85363052938881,2.3226318359375,0.007357434955391071,0.10398499052062701,0.0803590320495371,0.07489256900313349,-0.30775940474560703,3769566.7,0.7149678502836943,128550899.0,133776001.12915933,51.676936973566164,0.0010770113895815364,316.0249938964844,1,0.010921114247367915
2026-08-31 18:30:00+00:00,315.681884765625,316.1600036621094,315.010009765625,316.0249938964844,2227790,0.0,0.0,0.0010770113895814948,0.004306036199605012,0.000997758860764586,-0.01540644703683225,0.008118485456692248,0.0010764318289064893,0.31500244140625,-4.94500732421875,4.27001953125,-9.860439972800353e-06,315.81141444614957,0.00067628793819467,317.40820966448103,-0.004357844963917101,316.2012881324405,-0.0005575380068714599,313.2368621826172,0.00890103321311144,316.1109932363776,-0.0002720542522501558,315.80230147954364,0.0007051640089280701,314.1101169661769,0.006096196291912347,316.7226106189546,316.3917224840801,-0.0011590966562439826,-0.7023245556940153,56.53791572442191,0.7054518971631296,1.203028675150851,-0.4975767779877214,33.69909754423211,25.043634467019682,-15.70606860913594,-0.2210157687392242,-66.30090244531857,2.3232029506138394,0.007351326621233842,0.10265303732425068,0.07929126146961767,0.07389681960185435,-0.1733982803727776,3661491.15,0.6084379037758972,130778689.0,133490542.83114415,55.47321858688875,0.003813043629829037,317.2300109863281,2,0.012279918763609593
2026-08-31 19:30:00+00:00,316.0299987792969,317.69000244140625,315.7099914550781,317.2300109863281,5002995,0.0,0.0,0.003813043629828927,0.01067288789155696,0.006856020944943975,-0.007850063566359089,0.020714479014017684,0.0038057924059442514,2.160125732421875,-2.509979248046875,1.845123291015625,1.5836984128298214e-05,315.46712820870533,0.005588166309520921,317.5978524344308,-0.0011581987890723498,316.3798595610119,0.0026871224561927746,313.3140625,0.012498476624602989,316.33479678636775,0.0028299580351323745,315.9320932528877,0.004108217433919943,314.23246575128087,0.009539260139371826,316.6988507952009,317.00056982911,0.0007237878384290258,-0.4787544224219775,56.99604192181544,0.7364472109409803,1.109712382308877,-0.3732651713678967,46.290698040381216,36.71205501492506,7.830322127615603,-1.4630028636844294,-53.709301949169465,2.3417750767299106,0.007381946838640855,0.0975409496620048,0.07823794709329733,0.07186015282086576,1.245721095794487,3549174.4,1.409622192699237,135781684.0,133708746.75198758,56.85157479355482,0.025579238004296876,325.3445129394531,2,0.012384964099583236
2026-09-01 13:30:00+00:00,316.9800109863281,325.3900146484375,314.73699951171875,325.3445129394531,14540988,0.0,0.0,0.025579238004296956,0.030598588642358537,0.03392283680113106,0.0181651882058933,0.03398861989645274,0.025257563223800267,10.67449951171875,5.80450439453125,8.514373779296875,-0.00078807171875673,316.84348842075894,0.02683035892906922,318.2135314941406,0.022409422414588286,317.07283092680433,0.0260876404592742,313.5941528320312,0.037469959185362146,318.13674001698485,0.022656210414618606,316.78776776984813,0.027010970877494895,314.6682323076798,0.03392868912582269,317.7317388625372,318.0329675624551,0.022989897660654318,0.25559468378635886,67.2808234389536,1.3996494249940952,1.1676997908459208,0.23194963414817438,99.63858925399356,59.87612827953563,134.37347915863361,1.3629036053523271,-0.3614107380636463,2.8487766810825894,0.008756184806485403,0.1251768086327165,0.10101509150517576,0.09088308244635743,1.9064566324771461,4076792.0,3.5667721090504485,150322672.0,135291025.34703636,62.57789851870737,-0.002288364506937461,324.6000061035156,0,0.004676166043819425
2026-09-01 14:30:00+00:00,325.3351135253906,325.8599853515625,322.739990234375,324.6000061035156,7060269,0.0,0.0,-0.002288364506937479,0.027133968428585842,0.03415318291684577,0.015819344578583028,0.03188479049421655,-0.002290986814289654,10.720001220703125,5.05499267578125,0.045501708984375,-2.889064880040054e-05,318.2049342564174,0.020097337151676026,318.4035317557199,0.01946107291463788,317.54664103190106,0.022212060088784766,313.93025268554686,0.03398765594159637,319.429393234291,0.016187029054699265,317.49797125472696,0.022368756627639576,315.0577136330067,0.0302874427686412,318.5832688104539,318.66976205844617,0.018609371679146645,0.8670177522886359,56.49763164270755,1.8439110197472814,1.302942036626193,0.5409689831210884,90.35237760728901,78.76055496722127,171.18171718914257,1.5199899973609647,-9.647622385054017,2.6780613490513394,0.008250342879503983,0.12580507075183187,0.10286641242262803,0.09358653977282035,-0.5144574082586411,4289414.35,1.6459750501837154,143262403.0,136050204.17112812,62.43594423626754,0.006346264694575552,326.6600036621094,2,0.004568957112299601
2026-09-01 15:30:00+00:00,324.6199951171875,327.29998779296875,324.0199890136719,326.6600036621094,5503251,0.0,0.0,0.006346264694575554,0.029726042143559006,0.03476568791166135,0.021962172105995492,0.0361278112264074,0.006326211952079715,10.975006103515625,7.019989013671875,0.2550048828125,6.158044761539186e-05,319.9177900041853,0.021074831936713504,318.8099605015346,0.024622954528148677,318.1223551432292,0.026837625149007276,314.25145263671874,0.03948605780892187,320.8755153198547,0.01802720390326628,318.3308832917617,0.026164977410273918,315.5127053988539,0.03533074285908188,319.6841317313058,319.20122360717136,0.023367015861110493,1.542245575689008,63.19633768328868,2.3352962793449024,1.509412885169935,0.8258833941749673,95.58631633230871,95.19242773119709,174.27465772662606,2.228201454205153,-4.413683660794746,2.781276157924107,0.00851428435295216,0.12692215409999,0.10479442900851274,0.09563915496733541,-0.2205323904797395,4467430.15,1.2318605585808653,148765654.0,137261199.39292544,63.12758029826155,-0.006153216626128843,324.6499938964844,0,0.003110514847406381
2026-09-01 16:30:00+00:00,326.67999267578125,326.885009765625,324.4849853515625,324.6499938964844,4497727,0.0,0.0,-0.006153216626128888,-0.00213471878377125,0.02729214513591649,0.028317134976319824,0.033324850292130614,-0.006172225681559852,8.625,8.94000244140625,-2.350006103515625,6.119210631152152e-05,321.45635986328125,0.009934891425235686,319.1606750488281,0.01719923310351203,318.5690220424107,0.019088396652845334,314.5203887939453,0.03220651335625549,321.6304110351806,0.009388362411302264,318.90534789219106,0.018013639602611285,315.87103043797663,0.02779287307958354,320.46280285063244,319.58620514307114,0.015844828944135598,1.709996489757479,60.98974729956876,2.533329008218004,1.7141961097795488,0.8191328984384554,81.72418001860954,89.2209579860691,139.46599802647725,1.5975778854982896,-18.27581997449391,2.814143589564732,0.008668238541391633,0.12875251702102347,0.10557199926546,0.09614544252799188,-0.18271454454830427,4608500.4,0.9759632439220356,144267927.0,137928506.7840754,61.19796375753906,0.0017249270572058193,325.2099914550781,2,0.0031372083684995697
2026-09-01 17:30:00+00:00,324.69000244140625,325.75,324.32000732421875,325.2099914550781,2879767,0.0,0.0,0.0017249270572057274,0.0018791908197561824,0.02515518769469116,0.032183673133343804,0.037120846570074306,0.001723441079086559,7.97998046875,10.140106201171875,-0.64501953125,0.00012323593307846667,322.8170732770647,0.007412613446105532,319.565673828125,0.01766246530586761,319.0942600795201,0.019165908449794072,314.803388671875,0.033057467478588884,322.34632711916015,0.008883812517741188,319.478497306999,0.017940156211995704,316.23726420335316,0.028373402718051492,321.2693783714658,319.87277335131694,0.01668544042628669,1.7438673023717448,62.48947968859028,2.7042851792945726,1.9122139236825535,0.7920712556120191,85.58623214657595,87.63224283249808,121.56055727353579,1.742578072632568,-14.413767846527497,2.8677150181361606,0.008818040938091735,0.1280437730501114,0.10570384757366882,0.09638312990400763,-0.3597283694630643,4657749.55,0.6182743337928076,147147694.0,138806524.61416346,60.36128157113627,0.0011070258559087189,325.57000732421875,1,0.004355398169993207
2026-09-01 18:30:00+00:00,325.20001220703125,325.92999267578125,324.3905029296875,325.57000732421875,3499348,0.0,0.0,0.0011070258559087165,-0.0033367915437180207,0.0006930941687883774,0.03463944269029495,0.03495190237790213,0.001106413554633124,0.225494384765625,10.899993896484375,-7.754486083984375,-3.068555182512825e-05,324.18064662388394,0.004285760778133258,319.99603053501676,0.017418893540226653,319.66568865094865,0.01847029219234945,315.1453887939453,0.03307875952155024,322.99106316017185,0.0079845681759932,320.03227094492803,0.017303681166035798,316.60325412966165,0.028321734150137747,322.0699561709449,320.2721757528457,0.016541654169311363,1.6333700364313295,63.06710699274966,2.836126349279766,2.096996408801996,0.73912994047777,88.0691002094435,85.12650412487633,115.14529172618684,3.123124429374406,-11.930899783659937,2.9105355398995534,0.00893981470778467,0.12796687088824257,0.1055415235860029,0.09635730521704507,0.21514969787486282,4667180.25,0.7497777699929201,150647042.0,139934192.93662408,65.34750630357757,-0.001320737986017987,325.1400146484375,1,0.0043674057329795065
2026-09-01 19:30:00+00:00,325.6099853515625,325.88800048828125,324.1000061035156,325.1400146484375,5754962,0.0,0.0,-0.0013207379860179502,0.0015093816761608814,0.0016636122451263446,0.03587361281528256,0.026568816426738362,-0.0013216109291358843,0.540008544921875,11.260009765625,0.31451416015625,0.00012279395043848467,325.3106471470424,-0.0005245217151692276,320.38888767787387,0.01482925018087922,320.16878400530135,0.015526906092876038,315.45338928222657,0.030706994108450986,323.420853457825,0.0053155545544665336,320.4966112816107,0.01448815121084794,316.93802905196657,0.02587883070068635,322.755820719401,320.804762863629,0.013513676499366314,1.2914921922755893,61.757644676321036,2.8727987749974773,2.2521568820410924,0.6206418929563848,85.10363348012217,86.25298861204722,98.05671571710155,3.1961573815231645,-14.896366512981285,2.9789646693638394,0.009162097973624463,0.126939138426417,0.10464900667610559,0.0949783932830574,0.6445812191299636,4641217.15,1.2399682699612533,144892080.0,140406372.6569456,58.198424931693516,-0.0017531134235663948,324.57000732421875,0,0.004650488733761342
2026-09-02 13:30:00+00:00,326.9700012207031,328.3999938964844,323.5299987792969,324.57000732421875,8140570,0.0,0.0,-0.0017531134235664325,-0.0019679104199594732,-0.00639807847443874,0.028145175837745784,0.008169239183910326,-0.0017546519252793174,-2.089996337890625,8.885009765625,-2.6300048828125,0.005628303161143352,325.2000034877232,-0.0019372575545692405,321.02174595424106,0.011053024957606506,320.5423554920015,0.012565115851921155,315.75638916015623,0.02791271520261847,323.65068423110375,0.002840479374533659,320.86692001275685,0.011540882155452901,317.2373223175451,0.023114193982859174,323.31330333891367,321.263919531058,0.010290877973400515,0.8971216476842924,72.11794403402617,2.8233216151521106,2.366389828663296,0.4569317864888145,75.4488136247781,82.87384910478126,93.99294776183737,3.1461510388648772,-24.55118636881165,2.913609095982143,0.00897682789606222,0.11396058375899999,0.10301581711562584,0.09790156199021244,0.4145306259189896,4678588.9,1.7399626626737814,136751510.0,140058290.49914125,68.23993751422393,0.006100318649505289,326.54998779296875,2,0.004685743151097077
2026-09-02 14:30:00+00:00,324.5849914550781,326.54998779296875,324.0,326.54998779296875,3210077,0.0,0.0,0.006100318649505221,0.0030100452950325707,0.005852437801339372,0.03330430851912891,0.017384760416998546,0.006081787033346102,1.899993896484375,10.524993896484375,3.989990234375,4.6166098287575044e-05,325.4785723005022,0.003291815755766719,321.8417532784598,0.014629035749816829,320.7618786039807,0.018044878693693367,316.0285888671875,0.03329255420676387,324.2305449434768,0.007153683962407549,321.38356253823065,0.016075574039688,317.60252488520877,0.02817188846645882,324.05040225074407,321.41674759380345,0.015970668104813755,0.5282714021087365,76.8617111930312,2.910330013177486,2.4751778655661343,0.43515214761135157,88.1409911501245,82.89781275167492,87.73054480320097,4.036568979551991,-11.859008843465238,2.9914637974330356,0.009160814298729815,0.114895103624352,0.10365069060395614,0.09815800871081515,-0.6056692590322299,4618895.45,0.69498801926768,139961587.0,140049080.64208016,72.77637453072316,-0.005757453700285691,324.6698913574219,0,0.0036155810759280773
2026-09-02 15:30:00+00:00,326.5299987792969,327.05499267578125,323.8949890136719,324.6698913574219,5659496,0.0,0.0,-0.005757453700285686,-0.001445910284293861,-0.0016607733828831739,0.02345263724564317,0.015418468986106992,-0.00577409172936375,-0.54010009765625,7.43988037109375,-2.440093994140625,-6.121272215293033e-05,325.1942705426897,-0.001612510529140404,322.5560302734375,0.006553469430367981,320.9380638485863,0.011627874438055347,316.2771868896484,0.026535914747070267,324.3184142262658,0.0010837409031907825,321.6823197036117,0.009287335581742679,317.8796765115701,0.02136095934268786,324.427487327939,321.67161059334387,0.009320936835358775,-0.007014316339637995,71.8824126068808,2.7953536291574324,2.539213018284394,0.2561406108730382,76.08909563834867,79.89296680441709,71.04131169427144,2.8461579955607466,-23.910904355241076,3.125392368861607,0.009626369589692891,0.11614039136693785,0.10490668609722571,0.09953968567211412,0.7630405750391658,4774773.3,1.1852910377964958,134302091.0,139501748.2952154,69.52978939726654,0.0012477930981391386,325.07501220703125,1,0.0068333580910856515
2026-09-02 16:30:00+00:00,324.6600036621094,326.5,324.6199951171875,325.07501220703125,2691833,0.0,0.0,0.0012477930981391605,0.0015559197443282269,-0.001520395325281143,-0.0008283549336269846,0.01732178604899559,0.0012470152513252974,-0.4949951171875,-0.269500732421875,0.04510498046875,-3.0454611208725854e-05,325.25498744419644,-0.0005533358260817433,323.35567365373885,0.0053171745337247936,321.1921125139509,0.012089025669643712,316.5401153564453,0.02696308125416619,324.4697338224189,0.0018654386573440738,321.99074629483164,0.009578740841719462,318.16184653884306,0.02172845595212642,324.7633515857515,321.81804666508424,0.010120518646135503,-0.01687344637579564,74.917403377808,2.705733867524714,2.572517188132458,0.1332166793922558,77.85557639452945,80.69522106100088,67.21677293799262,2.8637033416042463,-22.144423598810537,3.0311061314174106,0.009324328286043897,0.11602777220928061,0.10552914468788027,0.10042542081149589,-0.524368777714482,4808972.1,0.5597522597396645,136993924.0,139262907.88614726,74.24068111922664,0.003754485752893948,326.2955017089844,2,0.006905960503524868
2026-09-02 17:30:00+00:00,325.07501220703125,326.489990234375,324.6803894042969,326.2955017089844,2545852,0.0,0.0,0.0037544857528939435,-0.0007793173893662075,0.003553813767881664,0.005223338181109094,0.021125312546229624,0.003747455263014274,1.155487060546875,1.69549560546875,1.650482177734375,0.0,325.4100603376116,0.002721001835196581,324.11356680733815,0.00673200731192008,321.5138026646205,0.014872453389930792,316.8236273193359,0.02989636369534897,324.834887399732,0.0044964822619267915,322.3820876961183,0.01213905537004524,318.4808134082604,0.02453739117615784,325.15532865978423,322.0028212769939,0.013331188885095073,-0.004282530710234272,74.24733765151075,2.702045366486516,2.59842282380327,0.103622542683246,84.59713786684637,79.5139366332415,67.51939286496837,2.8577027420707606,-15.40286212583459,2.9721505301339284,0.009108769549558835,0.11641494032800145,0.1060068591006872,0.10078195754402822,-0.054231075999142564,4773634.15,0.5333152730189847,139539776.0,139289276.27794275,74.21943575199084,-0.0020088755655954128,325.6400146484375,0,0.006947892014529584
2026-09-02 18:30:00+00:00,326.3099060058594,326.42999267578125,324.60009765625,325.6400146484375,2781766,0.0,0.0,-0.0020088755655953694,0.0029880297398678923,0.003296691931087503,-0.003122479037032444,0.01877111664695419,-0.0020108960625191386,1.07000732421875,-1.019989013671875,-0.085479736328125,4.414494468821309e-05,325.42006138392856,0.0006759056696531362,324.80035400390625,0.0025851592653084567,321.80404081798736,0.0119202164792202,317.1016278076172,0.026926341879183077,324.99591284947314,0.0019818766128935927,322.67826287360185,0.009178652904756196,318.7615663980713,0.02157866247198315,325.3588550385975,322.18575952605164,0.010721315328947151,0.09833935052469624,71.66011492909429,2.6160734093732003,2.601952940917256,0.01412046845594439,79.79960196776283,80.75077207637956,58.464229184701374,0.09082732218645403,-20.200398024918133,3.020714896065848,0.00927623989735337,0.11690504520893633,0.10653863113008212,0.10145698877818159,0.0926660308611813,4741533.3,0.5866806840732299,136758010.0,139048203.29909107,70.64905602464746,-0.0019961441617187907,324.989990234375,0,0.008027175401180411
2026-09-02 19:30:00+00:00,325.6405029296875,325.95001220703125,324.6700134277344,324.989990234375,3065203,0.0,0.0,-0.0019961441617187825,-0.0002615457031871493,-0.004777209054997011,0.0010472704274839817,0.029394061101855495,-0.001998139112724585,-1.55999755859375,0.339996337890625,-2.6300048828125,1.4994510134930785e-06,325.3986293247768,-0.0012558107305137528,325.3546382359096,-0.0011207708717804377,322.05880156017486,0.009101408376331445,317.37642761230467,0.023989061441408596,324.9947283264535,-1.4578981335819963e-05,322.8884199063994,0.0065086580948870805,319.00581831322046,0.01875881748106593,325.38413986932665,322.6227557221007,0.007337469134713015,0.02641342625153322,67.92952258098876,2.4670498611185394,2.5749723249575127,-0.1079224638389733,75.04204739583305,79.81292907681409,48.93036765540685,0.12014298321787673,-24.957952596847903,2.9707140241350447,0.009140940070134149,0.10669193046682247,0.09959939116216318,0.09490070610244891,0.10189102893629443,4569743.1,0.6707604635367794,133692807.0,138538165.5563205,65.63298651186155,0.014538928107010508,329.7149963378906,2,0.008013526347802774
2026-09-03 13:30:00+00:00,324.94769287109375,330.30999755859375,324.1099853515625,329.7149963378906,7570945,0.0,0.0,0.014538928107010518,0.010479747992223398,0.015539183382159427,0.013852602937123537,0.0464821037154417,0.014434251264669264,5.04510498046875,4.5050048828125,6.6051025390625,-0.00013014974169086257,326.13362775530135,0.010981291954552457,325.6668156215123,0.012430436637028064,322.72570655459447,0.021657059358214298,317.7637274169922,0.03761055114128087,325.9387819287409,0.01158565540066263,323.50901776380766,0.019183324832678185,319.42578607889385,0.03221158312004049,325.96552094959077,323.312576018849,0.019802571238826765,0.2777537335916485,61.97344654466182,2.6991025553746795,2.5997983710409462,0.09930418433373323,92.14001788715665,82.32722241691751,90.9832605877157,0.9352209151788052,-7.8599820996333225,2.652642386300223,0.008045258528592253,0.11534248288325717,0.10702417744957858,0.1006006644357637,1.4699652845178606,4782922.6,1.582911879025598,141263752.0,138797745.2176233,62.05956190905077,0.0003487564583115245,329.8299865722656,1,0.0036012040798278373
2026-09-03 14:30:00+00:00,329.7149963378906,330.80999755859375,327.6099853515625,329.8299865722656,5915118,0.0,0.0,0.000348756458311561,0.01286688286251203,0.01462731427110131,0.013084679645581021,0.04817736834658004,0.0003486956569141299,4.754974365234375,4.259979248046875,-0.290130615234375,0.0,326.6021990094866,0.009882932731495186,326.0403856549944,0.011623102793374937,323.42856852213544,0.01979237047413851,318.15862731933595,0.036684088535428726,326.7170228574459,0.009528012001286069,324.08365129184926,0.017731024868094452,319.83379394137904,0.03125433528355508,326.52061040969124,323.89068764940345,0.018337356241846802,0.502057521772057,64.84001020112937,2.8593242284842972,2.6517035425296163,0.20762068595468097,86.5383083582308,84.57345788040682,115.36697951959846,1.5955622279841937,-13.461691628032945,2.658357892717634,0.008059782314932512,0.11482043047894892,0.1086633999862636,0.10303766992751145,-0.21870810050792866,4956820.15,1.193329154780812,147178870.0,139595947.57784963,61.43542151582742,0.0007273404220572992,330.06988525390625,1,0.003718848817759207
2026-09-03 15:30:00+00:00,329.8500061035156,330.57000732421875,329.239990234375,330.06988525390625,2989051,0.0,0.0,0.0007273404220573543,0.0156309276352411,0.011567378419724994,0.01516230049629308,0.05157983980896863,0.0007270760382028506,3.774383544921875,4.92987060546875,-0.9805908203125,6.0696516584167623e-05,327.3736267089844,0.008236028576945975,326.28394862583707,0.011603196062822762,324.1618957519531,0.018225428649564848,318.5738232421875,0.036086022055061034,327.387595336738,0.008193010228140004,324.627854379309,0.016763906119472424,320.23520928696837,0.030710789075332888,327.05787702287944,324.458389606187,0.017294962397221267,0.6516758567970612,60.790001703672985,2.9714063546300054,2.7156441049496944,0.2557622496803109,89.83362047133038,89.50398223890595,135.08416010196112,1.4943863738837457,-10.166379514933361,2.519073486328125,0.007631939776580029,0.11355957721627531,0.1068213599342833,0.1004484370777789,-0.49467601491635504,4911606.35,0.6085689257242693,150167921.0,140602802.189483,59.87557980378113,-0.0070890268155732435,327.7300109863281,0,0.01024238736306961
2026-09-03 16:30:00+00:00,330.0400085449219,330.239990234375,327.45001220703125,327.7300109863281,2487437,0.0,0.0,-0.007089026815573218,-0.006020306548411569,0.006418118916211801,0.009735969408143141,0.03815516581683198,-0.007114273352507731,2.089996337890625,3.160003662109375,-1.68438720703125,-9.051631281448723e-05,327.75291224888394,-6.9873559318245e-05,326.5039498465402,0.0037551188595434603,324.8214198521205,0.008954431439659427,318.92932373046875,0.027594475016882898,327.45607846665604,0.0008365473652343402,324.90986861631075,0.008679768275487604,320.52912307910015,0.022465627578647448,327.2506853376116,324.81949918421464,0.008960397418918171,0.5508653017140576,59.546899187791325,2.8387011688162147,2.7402555177229986,0.09844565109321612,57.69248503720183,78.02147128892099,109.7031965477858,0.6634529021439317,-42.30751494906191,2.5469273158482144,0.0077714192489582315,0.11781390955351237,0.10686124565873253,0.1001349145043963,-0.16781714330066633,4901222.25,0.5075136105080726,147680484.0,141276867.12381792,61.87791643817705,-0.0018613366145649474,327.1199951171875,0,0.01023408131448047
2026-09-03 17:30:00+00:00,327.7200012207031,328.0400085449219,326.67999267578125,327.1199951171875,2893449,0.0,0.0,-0.0018613366145650012,-0.008216328306718035,0.00655406303829964,0.0017455438540090462,0.03510798650418567,-0.0018630710541461305,2.1300048828125,0.57000732421875,0.040008544921875,-3.0542718974207806e-05,327.8706970214844,-0.00228962792684518,326.640378679548,0.0014683317462981336,325.3659435453869,0.005391011587389758,319.27862365722655,0.024559650659089504,327.38886179676234,-0.0008212456529474989,325.1107892072995,0.006180065308754505,320.7875886492212,0.019740185381271026,327.33282470703125,325.09678237623785,0.0062234166888860114,0.5171903359142673,55.90199516493157,2.653717763944371,2.7229479669672734,-0.06923020302290217,49.31314477149166,65.61308342667462,70.66574336994677,0.608962409897408,-50.68685521477207,2.541928972516741,0.007770631604461688,0.1185455352321006,0.10694586373392494,0.10020718660143854,0.16322503846328562,4934505.2,0.5863706456323117,144787035.0,141611168.82631144,61.84343337010235,0.0020635189551927464,327.7950134277344,2,0.0108635308874195
2026-09-03 18:30:00+00:00,327.1449890136719,327.8399963378906,326.510009765625,327.7950134277344,3166307,0.0,0.0,0.0020635189551927446,-0.006892091426098812,-0.005823159187423377,0.009625537056259237,0.0333039185307773,0.002061392824325347,-1.91998291015625,3.1251220703125,-4.04998779296875,7.640589648255766e-05,328.17855398995533,-0.0011686947777566484,326.799307686942,0.0030468416467491237,325.9264206659226,0.0057331736346755814,319.6437237548828,0.025501172296055672,327.47009212295677,0.000992216732435559,325.3548095909754,0.007500131440562489,321.06238962092766,0.020969830239956872,327.48677600678946,325.5960921309754,0.006753524842268851,0.3774823018139878,56.744076719376594,2.532393562519303,2.6848370860776796,-0.15244352355837654,58.585375865455504,55.197001891382996,61.29288777904123,0.9936241891519487,-41.414624120808234,2.5269644601004466,0.007708977734799592,0.11830471969609195,0.10646539367158259,0.09975002536094434,0.09430199046190202,4842670.8,0.653834863191609,147953342.0,142215185.31904367,61.64160113884693,0.0012659680908637006,328.2099914550781,1,0.011114420027192708
2026-09-03 19:30:00+00:00,327.7900085449219,328.8399963378906,327.4100036621094,328.2099914550781,3531235,0.0,0.0,0.0012659680908637672,0.0014645606220360374,-0.004911606534091062,0.00964386412466034,0.008807520648606237,0.001265167428930623,-1.6199951171875,3.134979248046875,0.29998779296875,-1.526833114436046e-05,328.63855416434154,-0.001304054876798791,327.01859174455916,0.00364321705429503,326.44927687872024,0.0053935318625521625,320.0285217285156,0.02556481429326288,327.61807198938106,0.0018067363076187057,325.61437157862105,0.007971453667309593,321.34268773207083,0.021370655020822343,327.6748671758743,326.34026410482136,0.005729379901618503,0.25084421687826464,59.313691855349646,2.441583463156462,2.6361863614934364,-0.1946028983369743,64.2856244488327,57.39471502859328,83.9577660414408,0.5083459574822359,-35.71437553743104,2.5013929094587053,0.0076213185904593275,0.07759740959363438,0.07991086008430892,0.07989411905560011,0.11525351142513984,4292183.15,0.8227130289162985,151484577.0,143097984.52675378,70.26708543928068,-0.02285122389708395,320.7099914550781,0,0.0108167574325699
2026-09-04 13:30:00+00:00,328.30499267578125,328.92999267578125,320.44000244140625,320.7099914550781,9203066,0.0,0.0,-0.02285122389708394,-0.019595267051202625,-0.02835730921537427,-0.017117950522308578,-0.011984025185744929,-0.0231163600239353,-9.359893798828125,-5.58551025390625,-7.739898681640625,0.00028945255530357097,327.3521248953683,-0.02029048518439565,326.7428763253348,-0.018463707420605952,326.2285853794643,-0.016916340785863657,320.2447216796875,0.0014528569680988146,326.2364558825205,-0.016940057825467345,325.16851884011714,-0.013711436152949147,321.31787611336523,-0.0018918482396253096,326.8337204706101,326.1842312465536,-0.016782662271987294,-0.2821546355139896,41.7559712498183,1.7443210381496215,2.4578132968246735,-0.7134922586750521,2.603559698869603,41.82485333771927,-141.0794579407248,-1.2196695806240276,-97.39644029148718,2.7599639892578125,0.008605793591671731,0.11332524210858724,0.09525075332949745,0.08640854366073654,1.6061890528384546,4399323.0,2.0919277807062584,142281511.0,143020225.14325342,54.99230065249768,-0.0038663910305665843,319.4700012207031,0,0.0035691467918461985
2026-09-04 14:30:00+00:00,320.7099914550781,321.1600036621094,317.8599853515625,319.4700012207031,6226795,0.0,0.0,-0.0038663910305666294,-0.0253970068671181,-0.025203702708720188,-0.01894734415362176,-0.022010660505727087,-0.00387388484260883,-8.260009765625,-6.170013427734375,1.099884033203125,0.0,325.8721269880022,-0.019646128763615142,326.2371629987444,-0.02074307450388959,325.9842994326637,-0.0199834722815729,320.3982214355469,-0.0028970829197551484,324.88316495015704,-0.016661878217874813,324.6504717838068,-0.015957070798706577,321.24541043130006,-0.005526644593016177,325.8640037899926,325.7266558078528,-0.019208297741592554,-0.8636332809480318,34.38536079601451,1.0792379111069295,2.1820982196811247,-1.1028603085741953,12.432543253836752,26.44057580051302,-264.93969697313304,-1.724220803148415,-87.56745673844125,2.81353759765625,0.008806891372888983,0.11081912764286264,0.0953755137989397,0.08727762096059154,-0.3233999408458007,4435500.2,1.4038540681386957,136054716.0,142356843.32008642,47.08687130985069,0.003224086065549889,320.5,2,0.004148712326964132
2026-09-04 15:30:00+00:00,319.4700012207031,321.3291931152344,319.1099853515625,320.5,4008228,0.0,0.0,0.0032240860655499137,-0.023491032131279233,-0.020237207190028084,-0.013815780083370921,-0.012782978513800947,0.003218899844296834,-6.6199951171875,-4.489990234375,1.6400146484375,0.0,324.50500052315846,-0.012341876139626074,325.93931361607144,-0.01668811766125826,325.6909659249442,-0.01593831720258555,320.5578216552734,-0.00018037823870482736,324.00653196012564,-0.010822411322702459,324.27315616709706,-0.011635733933958826,321.21617864968044,-0.0022295846139782434,325.0990487234933,325.50040637062347,-0.015362212374366463,-1.3477398906063134,40.44518596003464,0.6280275243238407,1.871284080609668,-1.2432565562858273,20.386194283278233,11.807432411994862,-199.8639732975029,-1.7761512734967126,-79.61380570899976,2.746337890625,0.00856891697540228,0.11013231030213227,0.09522587617375515,0.08784380624329986,-0.35629356675464663,4411025.25,0.9086839845226456,140062944.0,142138376.71817344,55.1242501056035,0.003697340276423557,321.68499755859375,2,
2026-09-04 16:30:00+00:00,320.51739501953125,321.8999938964844,320.41009521484375,321.68499755859375,2654137,0.0,0.0,0.003697340276423544,0.003040148824462685,-0.018639746240336375,-0.024354363218189068,-0.010839131604513774,0.003690521915229916,-6.110015869140625,-8.029998779296875,0.509979248046875,5.4274631922607567e-05,323.6414271763393,-0.006045053115754252,325.6971697126116,-0.0123187197406283,325.5497756231399,-0.011871542706907583,320.72562744140623,0.0029912487032542965,323.5422250798193,-0.005740294086070523,324.03786902086944,-0.007261100282439182,321.234563704932,0.0014021961038853366,324.5318065824963,325.3879901311262,-0.01138023739299289,-1.3495567654088079,42.50022277141888,0.36188782397624664,1.5694048292829839,-1.2075170053067372,29.536745955027595,20.785161164047526,-143.17627214236546,-1.214536577791725,-70.4632540372504,2.718473161969866,0.008450730318768612,0.11090913668007603,0.09527755716665881,0.08762584954272057,-0.3378278381369523,4399743.75,0.603248086891424,142717081.0,142193491.41168073,55.070386524992,-0.0025024252977001935,320.8800048828125,0,
2026-09-04 17:30:00+00:00,321.67999267578125,321.67999267578125,320.739990234375,320.8800048828125,1957604,0.0,0.0,-0.0025024252977001726,0.004413571404894734,-0.022333221910061374,-0.027135136445491703,-0.014405511367439061,-0.002505561597214854,-7.329986572265625,-8.949981689453125,-1.219970703125,-1.55583345523374e-05,322.75,-0.005793943043165627,325.3103485107422,-0.013618821682734672,325.34358578636534,-0.013719590914173114,320.88062744140626,-1.9401563713069888e-06,323.0097810404179,-0.0065935345695687445,323.75079046286425,-0.008867269716742732,321.2206594373979,-0.0010605001408719409,323.88951793852306,325.2945845070146,-0.013571020958983443,-1.2834951482687724,37.79483798117597,0.08503379601791039,1.2725306226299693,-1.187496826612059,23.32059215648511,24.414510798263645,-129.66112261797076,-1.2646498277026412,-76.67940783579289,2.6567164829799106,0.008279470339517982,0.11094626281114053,0.09494662951863969,0.08698929356065496,-0.26243294901506586,4322656.55,0.4528705848721661,140759477.0,142056918.61056828,51.28912120223615,0.0028203651381374997,321.7850036621094,2,
2026-09-04 18:30:00+00:00,320.8800048828125,322.1000061035156,320.8599853515625,321.7850036621094,2682837,0.0,0.0,0.0028203651381375483,0.004009371800653305,0.0033519760396421017,-0.025100386196770796,-0.010318665298566176,0.0028163953707586887,1.07501220703125,-8.284881591796875,8.404998779296875,0.0,321.8914271763393,-0.0003306192872644316,325.0349905831473,-0.009998883243915093,325.16334751674106,-0.01038968223331923,321.0553295898437,0.0022727362077918363,322.7648255647563,-0.0030357146288460322,323.57208257188654,-0.005522970015111284,321.242790583465,0.0016878606914659663,323.41947195870534,325.19250585286767,-0.010478415490575693,-1.0242763736395237,41.40840622981354,-0.06065004173791522,1.0058944897563924,-1.0665445314943076,30.308993130621793,27.722110414044835,-100.40053876011716,-2.4051052466023033,-69.6910068616562,2.6145826067243303,0.00812524691008177,0.11161169341613245,0.09457760706453504,0.08626545229471684,0.3704697170622864,4169050.3,0.6435127443772984,143442314.0,142188861.0286094,55.953486125249654,-0.00557830044068564,319.989990234375,0,
