timestamp,open,high,low,close,volume,Dividends,Stock Splits,return_1,return_3,return_5,return_10,return_20,log_return,momentum_5,momentum_10,acceleration_5,gap,sma_7,close_to_sma_7,sma_14,close_to_sma_14,sma_21,close_to_sma_21,sma_50,close_to_sma_50,ema_9,close_to_ema_9,ema_21,close_to_ema_21,ema_50,close_to_ema_50,wma_14,vwap_20,close_to_vwap,trend_slope_10,rsi_14,macd,macd_signal,macd_hist,stoch_k,stoch_d,cci_20,roc_12,williams_r_14,atr_14,atr_pct,hist_vol_20,parkinson_vol_20,garman_klass_vol_20,vol_change_1,vol_ma_20,rel_volume_20,obv,obv_ema_20,mfi_14,target_return_1,target_price_1,target_direction,target_volatility
2026-07-17 09:15:00+05:30,2224.699951171875,2256.300048828125,2224.0,2229.60009765625,0,0.0,0.0,0.012994137962857755,0.007228044495001917,0.004414834044759397,0.016411377825185314,0.012488079006612418,0.012910438441172633,9.800048828125,36.0,23.800048828125,0.010767810618747948,2213.4000418526784,0.007319081728219511,2202.221452985491,0.012432284970083345,2199.7476399739585,0.013570855647164759,2139.0679956054687,0.04232315299781466,2209.1029515884256,0.009278492907302888,2193.9673311632323,0.016241247527650795,2158.4080096331168,0.03298361000578449,2208.0086007254463,2197.6488594140883,0.014538827759165146,2.706404868674476,62.81448411245416,19.171596089345712,21.181978499978488,-2.0103824106327757,67.71467117669545,64.48298565715709,213.49378094360085,1.761757081525896,-32.28532882209535,17.721400669642858,0.00794824178930724,0.0807691541574756,0.08847464758226328,0.0916607013121035,-1.0,765198.7,0.0,9805601.0,8665444.532101765,57.24194415689713,0.004664469809936926,2240.0,2,0.002996562676594876
2026-07-17 10:15:00+05:30,2230.0,2244.10009765625,2223.10009765625,2240.0,570142,0.0,0.0,0.004664469809936955,0.019108280254777066,0.010465513650696368,0.023719162756467016,0.026016878938475818,0.004653624881451229,23.199951171875,51.89990234375,13.39990234375,0.0001793605697139128,2216.9714704241073,0.010387382013299843,2206.28573172433,0.015281007256165798,2201.5523972284227,0.01746385996534185,2142.181994628906,0.04566278944380422,2215.2823612707407,0.011157782484698474,2198.152119239302,0.019037754664204466,2161.6076955298577,0.03626574083364854,2213.045740327381,2199.635010438684,0.01835076699986133,3.1919306998445807,72.99911579749966,20.470892550888493,21.03976131016049,-0.5688687592719965,80.29013488163787,70.87819304347146,169.2156281064825,2.5218591294328268,-19.709865117152937,17.649972098214285,0.007879451829556431,0.07413765150505568,0.08873409945667425,0.09343249113038986,inf,745126.0,0.7651618652415823,10375743.0,8828330.100473026,49.60946170842878,0.006830378941127232,2255.300048828125,2,0.004117339766338539
2026-07-17 11:15:00+05:30,2240.699951171875,2257.60009765625,2240.0,2255.300048828125,799913,0.0,0.0,0.0068303789411272575,0.02467062645530449,0.018838068906857464,0.030193723337544665,0.031560169445627784,0.006807157583367259,41.699951171875,66.10009765625,18.5,0.0003124782017297712,2222.042898995536,0.014966925187451598,2210.878592354911,0.02009221882504129,2204.9857352120534,0.022818430438149757,2145.4339965820313,0.051209243640715135,2223.285898782218,0.014399475147765834,2203.3473855655584,0.023578970616659135,2165.281905463123,0.04157340581743173,2219.580982607887,2202.9495782031654,0.023763807915946705,3.9872142645629975,74.52321936234311,22.476090054900396,21.32702705910847,1.149062995791926,97.26184663202663,81.75555089678666,198.15027972749368,2.8127255846573918,-2.738153366782879,18.0714111328125,0.00801286336254662,0.07670142087482014,0.0897399835210992,0.09373586787296863,0.4030066194035873,751038.4,1.0650760333958942,11175656.0,9051884.948047023,51.98728982747255,0.006074558096601657,2269.0,2,0.0039294970922174165
2026-07-17 12:15:00+05:30,2255.199951171875,2269.5,2255.0,2269.0,861137,0.0,0.0,0.006074558096601734,0.017671286606583347,0.032302092811646865,0.02790617938817741,0.03239600945947707,0.006056182347389034,71.0,61.60009765625,29.300048828125,-4.4383298932648585e-05,2229.5000348772323,0.017716960979964738,2216.8857421875,0.023507868186771336,2208.923828125,0.02719703192570802,2149.0999975585937,0.0557907973465909,2232.4287190257746,0.016381835918223,2209.3158050595985,0.027014786570435313,2169.3492817194715,0.045935764756838665,2227.3305036272322,2207.099722149228,0.028045981443224843,6.070705425926614,80.31722393911505,24.883849559733335,22.038391559233446,2.845458000499889,99.42594782962522,92.32597644776324,201.40699107016025,3.69726697742794,-0.5740521692266796,17.728567940848215,0.007813383843473073,0.07727408952870332,0.08988925071016131,0.09368244403437895,0.0765383235426853,745806.85,1.1546380943001513,12036793.0,9336161.90537588,61.42937189305407,0.0005729611406456588,2270.300048828125,1,0.002386251497932789
2026-07-17 13:15:00+05:30,2268.699951171875,2273.800048828125,2267.5,2270.300048828125,674759,0.0,0.0,0.0005729611406457558,0.01352680751255586,0.03148571050800775,0.02496616199915347,0.031860785024976135,0.0005727970610825616,69.300048828125,55.300048828125,-1.699951171875,-0.00013223835527759707,2237.600027901786,0.014613881175621748,2222.3643101283483,0.021569703257602584,2212.3762090773807,0.026181731440184784,2152.9219995117187,0.054520344602810994,2240.002984986245,0.013525456905608827,2214.8598272203735,0.025031029470295358,2173.3081353315756,0.04462869848950663,2234.4524111793153,2211.1472792850705,0.026752071242469946,7.966326677275125,79.20789132763343,26.590401789868338,22.948793605360425,3.6416081845079127,96.11973182303393,97.60250876156192,181.16392638829,3.7045541506064907,-3.8802681758574193,17.0428466796875,0.007506869714634022,0.0773418651714792,0.08940298491457853,0.09304831903473991,-0.21643246080472678,694577.6,0.9714666870915489,12711552.0,9657627.628673414,62.27534296994296,0.0005726330441635036,2271.60009765625,1,0.002392009722014175
2026-07-17 14:15:00+05:30,2270.199951171875,2275.0,2265.5,2271.60009765625,978485,0.0,0.0,0.0005726330441635508,0.007227441349364927,0.01883745880893639,0.023335457108162094,0.0339554381685252,0.000572469152425482,42.0,51.800048828125,-27.300048828125,-4.409005598252264e-05,2248.114327566964,0.010446875321813796,2228.328595842634,0.01941881547197646,2215.7762160528273,0.025193826524071053,2157.1140014648436,0.05307373468143484,2246.322407520246,0.011252921687184315,2220.018033623635,0.023234975235042036,2177.162722089406,0.04337635152790496,2241.0171828497023,2215.857727661916,0.02515611417576242,9.551516136784159,82.84812581444012,27.728127212418713,23.904660326772085,3.823466885646628,96.28019039678406,97.27529001648107,150.68757071993613,2.9084079982202184,-3.719809602121845,16.935703822544642,0.007455407243559638,0.07661815699311475,0.08931232247196136,0.09297305075665566,0.4501251557963659,708513.7,1.381038926981932,13690037.0,10041666.616418801,72.74628449972771,-0.0029054839639511055,2265.0,0,0.003264308478270465
2026-07-17 15:15:00+05:30,2271.60009765625,2272.699951171875,2265.0,2265.0,385480,0.0,0.0,-0.002905483963951072,-0.0017628911414719894,0.01116071428571419,0.0217430305441193,0.030951297223486662,-0.0029097130762151986,25.0,48.199951171875,-17.0,0.0,2257.2571847098216,0.003430187460526514,2233.7428850446427,0.013993157030120166,2219.0143112909227,0.020723475497688056,2161.1700024414063,0.0480434197408127,2250.0579260161967,0.006640750805136877,2224.1073032942136,0.018386116823230714,2180.607321223155,0.03870145622067731,2245.9067034040177,2222.0678547407156,0.01932080749364636,9.816833700409408,78.58214684025361,27.777013958791485,24.679131053175965,3.0978829056155206,88.45266890970669,93.61753037650824,123.3517826542546,2.2573363431141047,-11.547331089138579,17.085710797991073,0.007543360175710168,0.07814310622686939,0.07310405084918717,0.07738256633684612,-0.6060440374660827,642829.9,0.5996609678547923,13304557.0,10352418.081521772,69.73988349571154,-0.003973509933774834,2256.0,0,0.0032243380456868833
2026-07-20 09:15:00+05:30,2277.39990234375,2283.0,2249.0,2256.0,0,0.0,0.0,-0.003973509933774877,-0.006298748412354671,0.0003103583366828033,0.01915427379527257,0.0333928354554216,-0.003981425299184922,0.699951171875,42.39990234375,-24.300048828125,0.005474570571189636,2261.0285993303573,-0.0022240317224843684,2237.2143205915177,0.008396906472289621,2221.8238351004466,0.015382031806312398,2165.0980004882813,0.041985166256297016,2251.2463408129574,0.002111567757317856,2227.006639358376,0.013018982579218607,2183.5638968614626,0.03317333797404327,2248.874318731399,2224.1093838945194,0.014338600581606426,8.650505707074348,69.69203557241018,26.78081965513684,25.09946877356814,1.6813508815686973,68.56806671020601,84.4336420055656,96.41341525975001,1.6307753119912463,-31.43193328862984,17.185703822544642,0.007617776517082014,0.07540063906456117,0.07687129867782015,0.08091877688002785,-1.0,606044.45,0.0,13304557.0,10633574.168995889,65.40796931561799,0.0013297872340425532,2259.0,1,0.0029002893033911736
2026-07-20 10:15:00+05:30,2256.10009765625,2266.800048828125,2254.0,2259.0,217833,0.0,0.0,0.0013297872340425343,-0.005546793940205519,-0.004407227853680085,0.02775250227479531,0.031036056595161954,0.0013289038500537342,-10.0,61.0,-10.699951171875,4.4369528479590264e-05,2263.7428850446427,-0.0020951518284052094,2240.357177734375,0.008321361634161284,2225.4381161644346,0.015081023188995494,2169.628000488281,0.04119231476159247,2252.7970726503663,0.0027534336869202876,2229.915126689433,0.013043040500709117,2186.522175415915,0.03314753694197733,2251.779075985863,2225.922189290099,0.014860272685648244,5.939390650584787,68.51847284265068,25.934447255918712,25.266464470038255,0.6679827858804579,72.060503742276,76.36041312072958,79.56236193363993,1.9036426489689169,-27.93949625655986,17.200003487723215,0.007613990034402656,0.0750466943954783,0.07700326126878275,0.08141433206098404,inf,596832.3,0.3649819220575019,13522390.0,10908699.486234374,59.93245474727476,-0.003098716246126605,2252.0,0,0.002844741170704634
2026-07-20 11:15:00+05:30,2259.0,2261.39990234375,2247.699951171875,2252.0,286864,0.0,0.0,-0.003098716246126565,-0.005739514348785835,-0.008060630064105845,0.023171285779191253,0.03071083374770245,-0.0031035272084222283,-18.300048828125,51.0,-8.300048828125,0.0,2263.2714494977677,-0.004980158036396331,2242.6571742466517,0.0041659625290176305,2228.3428780691966,0.010616463993768827,2174.008000488281,0.03587475275811589,2252.637658120293,-0.00028307176611122744,2231.922842444939,0.00899545323576635,2189.089933242742,0.0287380001168062,2253.3314522879464,2229.61694971407,0.010038966688332021,2.204706570650271,63.30573809286162,24.417381162446873,25.09664780851998,-0.6792666460731063,63.911484000779375,68.18001815108714,57.57463256438558,1.7347262671514292,-36.08851599805648,16.828560965401785,0.007472718013052536,0.07529497613025954,0.07577714592155525,0.07974683137157587,0.3168987251701991,570585.2,0.5027540146502214,13235526.0,11130302.01135491,49.88531732579187,0.003507949530972469,2259.89990234375,2,0.003583288926203954
2026-07-20 12:15:00+05:30,2251.60009765625,2259.89990234375,2250.0,2259.89990234375,259943,0.0,0.0,0.003507949530972443,0.0017286801169105193,-0.005150640433838616,0.013589793398085748,0.030224198457293072,0.0035018110275345975,-11.7001953125,30.2998046875,6.599853515625,-0.00017757652919619114,2261.971435546875,-0.0009158087368257377,2245.7357352120534,0.0063071388630473926,2231.914306640625,0.012538830733709977,2178.3239990234374,0.03744893016688351,2254.0901069649844,0.00257744593297806,2234.4662115266487,0.011382445921933576,2191.866794776115,0.031038887823725183,2255.630482700893,2231.945624365737,0.012524623213410276,0.3804615161575871,67.11668123522847,23.580727502248465,24.793463747265676,-1.2127362450172114,73.10812116579568,69.69336963628369,58.946929916626296,2.816192099350402,-26.891878833040167,16.649989536830358,0.0073675783248431615,0.07510833027293871,0.07476825992755175,0.07847430592396,-0.09384586424228902,558694.3,0.4652687525181472,13495469.0,11355556.01027349,56.309570594595726,-0.0026106918884465594,2254.0,0,0.0027799846874724176
2026-07-20 13:15:00+05:30,2259.699951171875,2260.0,2252.199951171875,2254.0,222405,0.0,0.0,-0.002610691888446537,-0.002213368747233324,-0.004856512141280356,0.006250000000000089,0.03011740752369496,-0.0026141056873939914,-11.0,14.0,0.7001953125,-8.847788863017404e-05,2259.6428571428573,-0.0024972340761804253,2248.6214425223216,0.0023919355103377555,2234.7904924665177,0.008595663709072068,2182.377998046875,0.032818330287966,2254.072085571988,-3.198015380661752e-05,2236.2420104787716,0.007940996295574711,2194.303391059405,0.027205266684542866,2256.732384672619,2236.1299123003973,0.007991524822102572,-1.4390684183861735,65.70757062461237,22.185855900571823,24.271942177926906,-2.086086277355083,66.2397753554927,67.75312684068926,50.28548237022971,2.4079963652874112,-33.760224643343165,16.714285714285715,0.007415388515651419,0.0751823684516603,0.07436546167508694,0.07793951978709227,-0.14440858188141248,522727.8,0.42547000561286313,13273064.0,11538175.818818873,57.956018701382796,-0.0022626875138642413,2248.89990234375,0,0.003355927570661951
2026-07-20 14:15:00+05:30,2254.0,2259.0,2248.60009765625,2248.89990234375,324278,0.0,0.0,-0.00226268751386427,-0.001376597538299329,-0.0031472064079122175,-0.002837824832975344,0.02727021400668206,-0.002265251259290234,-7.10009765625,-6.400146484375,3.89990234375,0.0,2256.399972098214,-0.0033239097000549163,2252.257149832589,-0.001490614643664146,2237.685721261161,0.005011508531351709,2186.257998046875,0.028652567241747518,2253.0376489263404,-0.001836519058862737,2237.3927279210425,0.005143117825986098,2196.4444307176145,0.02388199350391648,2256.7695126488097,2236.6123732634646,0.005493812529683456,-2.6229104189792096,71.54947512061709,20.433332115847406,23.504220165511008,-3.0708880496636013,60.30251871487241,66.5501384120536,35.26952569362124,0.8656173233836529,-39.697481283963434,16.028564453125,0.007127291186421096,0.07629915804317162,0.07481426872592128,0.07837585595280622,0.4580517524336234,538941.7,0.6016940236764002,12948786.0,11672519.645598028,60.88037972537626,0.000978342926782561,2251.10009765625,1,0.0033801659683434706
2026-07-20 15:15:00+05:30,2249.199951171875,2255.89990234375,2245.199951171875,2251.10009765625,232930,0.0,0.0,0.0009783429267826715,-0.0038938913526097574,-0.0034970793907702635,-0.007888894818752767,0.01979713565543806,0.0009778646612545244,-7.89990234375,-17.89990234375,-0.7998046875,0.00013342026819964856,2254.4142717633927,-0.001470082117848225,2255.8357282366073,-0.0020992798904098807,2240.633347284226,0.004671335622450444,2190.3860009765626,0.02771844627047053,2252.650138672322,-0.0006880966509006956,2238.6388524424246,0.005566438374025438,2198.587790205404,0.02388456248359142,2256.615239025298,2240.743675266269,0.004621868402125862,-2.5723987923018306,71.35548700190273,19.002927840882876,22.603961700585383,-3.6010338597025076,46.74465049850636,57.762314856290494,25.988938358003598,0.4955400739395109,-53.2553494998242,16.5142822265625,0.007336094136262148,0.07173531098464508,0.06860200180095737,0.07078605550931356,-0.2816965689932712,490543.75,0.47484041943251654,13181716.0,11816252.63173155,61.600140027027095,-0.005819420322485555,2238.0,0,0.003875928509087631
2026-07-21 09:15:00+05:30,2247.5,2257.60009765625,2234.0,2238.0,0,0.0,0.0,-0.005819420322485502,-0.00709849157054121,-0.006216696269982225,-0.014227215845234897,0.010383747178329461,-0.0058364191298152235,-14.0,-32.300048828125,-6.10009765625,-0.00159926147220049,2251.842843191964,-0.0061473398260493105,2256.435721261161,-0.008170284261786356,2242.0904947916665,-0.0018244111025700488,2193.9660009765626,0.020070502005873053,2249.720110937858,-0.0052095862418044935,2238.5807749476585,-0.00025943890618456827,2200.1333670600943,0.01721106252321757,2254.2371419270835,2243.2761674870385,-0.0023519919497680952,-2.9784564390329145,54.125676893274445,16.620661113378446,21.407301583143997,-4.786640469765551,24.874668840016767,43.97394601779852,-4.576991870421863,-0.7670841330893686,-75.12533115831378,14.25,0.006367292225198227,0.07499549587965859,0.07113760446046048,0.0739430422672938,-1.0,450046.55,0.0,13181716.0,11946296.762042832,61.600140027027095,-0.005540617669235925,2225.60009765625,0,0.003355850761558934
2026-07-21 10:15:00+05:30,2238.199951171875,2240.699951171875,2224.800048828125,2225.60009765625,360450,0.0,0.0,-0.00554061766923597,-0.010360534349802553,-0.015177576959018224,-0.02025004315128398,0.002612869943482865,-0.0055560238240760845,-34.2998046875,-46.0,-20.2998046875,8.934368716483944e-05,2247.0714285714284,-0.009555250733092737,2255.407156808036,-0.013215821835892812,2242.595261346726,-0.007578346384386192,2196.6600048828127,0.013174589016550161,2244.8961082815363,-0.008595502729099003,2237.4007133757123,-0.005274252237835674,2201.1320623775905,0.011116114156375886,2250.1257254464285,2246.170575485547,-0.009158021235694098,-3.604705912862729,43.06365042719916,13.575637580210241,19.840968782557248,-6.2653312023470065,1.3746554971301683,24.331324945217776,-54.96783649799154,-1.9127325845628416,-98.62534450115163,13.885707310267858,0.006239084606836814,0.07770194287642929,0.0704422857297621,0.07209609209302462,inf,404917.9,0.890180453864843,12821266.0,12029627.1656578,63.889930455674246,0.0010783169655129443,2228.0,1,0.0025019387505246155
2026-07-21 11:15:00+05:30,2225.0,2233.0,2223.0,2228.0,334231,0.0,0.0,0.00107831696551286,-0.010261692796469046,-0.011535048802129522,-0.016335540838852136,0.005052305541853208,0.001077735999380054,-26.0,-37.0,8.2998046875,-0.00026963408964696096,2243.6428571428573,-0.006972079844637391,2253.4571533203125,-0.011296932485621861,2242.9857352120534,-0.00668115493415298,2199.8120068359376,0.012813819124750256,2241.5168866252293,-0.006030240818561907,2236.5461030688293,-0.0038211164335486534,2202.1857069902344,0.011722123582862922,2246.4714378720237,2247.3277811985918,-0.008600339194078254,-3.954874262988634,34.98349568522805,11.226672462497845,18.118109518545367,-6.891437056047522,8.333333333194446,11.52755255678047,-67.47859794172162,-1.8631919974604523,-91.66666666513889,13.342843191964286,0.005988708793518087,0.07756115237849408,0.07008556435548484,0.07161717693808181,-0.0727396310167846,393218.1,0.8499888484278806,13155497.0,12136852.86416658,54.19029781086936,-0.0032315759299259427,2220.800048828125,0,0.0024454306535472035
2026-07-21 12:15:00+05:30,2227.800048828125,2228.39990234375,2219.0,2220.800048828125,225906,0.0,0.0,-0.003231575929925956,-0.007685411604948622,-0.012494932960929073,-0.015602815235760237,0.003252597964509718,-0.0032368087479617753,-28.099853515625,-35.199951171875,-2.099853515625,-8.974469114672812e-05,2238.0571637834823,-0.007710757005945332,2250.0142996651784,-0.012984028964343822,2243.1762114025296,-0.009975213922406962,2202.7880078125,0.008176928942655688,2237.3735190658085,-0.0074075562691902205,2235.1146435924015,-0.00640441187449021,2202.9156811799553,0.008118498497673828,2242.1171572730655,2248.4148937336836,-0.012281916910668347,-4.909753458474743,21.445576112357216,8.68402080998112,16.23129177683252,-7.5472709668514,2.812576293901366,4.173521708075336,-92.76547186244676,-2.2363112627313315,-97.18742370453613,12.978550502232142,0.005844087813792529,0.07833883810686568,0.07034934695596791,0.07171000759282908,-0.32410219279480357,383961.9,0.5883552508725459,12929591.0,12212351.734245954,42.720047905900934,0.002701729047226061,2226.800048828125,2,0.0021700136805743566
2026-07-21 13:15:00+05:30,2220.800048828125,2229.0,2219.10009765625,2226.800048828125,228826,0.0,0.0,0.002701729047225987,0.000539158482756541,-0.010794743802563511,-0.014254073117253241,0.013102842960930339,0.002698085937625137,-24.300048828125,-32.199951171875,3.7998046875,0.0,2234.171456473214,-0.003299392096219048,2246.907156808036,-0.008948793419869676,2243.8047805059523,-0.007578525469575541,2205.790009765625,0.009524949777391857,2235.258825018272,-0.003784249097002966,2234.3587713411034,-0.003382949332008195,2203.852323048511,0.010412551485237748,2239.021923828125,2251.5352776974314,-0.010985938845511363,-4.804700651774514,25.589252340110292,7.071584092938338,14.399350240053685,-7.327766147115348,12.187576293754882,7.777828640283573,-95.06831462555046,-1.686532060567688,-87.81242370468262,13.235682896205358,0.005943812918077139,0.07393954341814077,0.06830817441135048,0.07041300438651465,0.012925730170955996,363625.55,0.6292902135177227,13158417.0,12302453.18812729,36.30754845417733,-0.002694449375083119,2220.800048828125,0,0.0024790355696886123
2026-07-21 14:15:00+05:30,2226.800048828125,2228.5,2219.0,2220.800048828125,445319,0.0,0.0,-0.002694449375083119,-0.003231575929925956,-0.007685411604948622,-0.013854330005273141,0.008995933134086753,-0.0026980859376252112,-17.199951171875,-31.199951171875,7.10009765625,0.0,2230.1571916852677,-0.004195732431787705,2243.278581891741,-0.01002039302878287,2244.8904971168154,-0.010731235362980854,2208.8360107421877,0.005416444692022149,2232.3670697802427,-0.005181504918566625,2233.1261602035597,-0.005519666374024125,2204.5169397457507,0.0073862481112278635,2235.5409760974703,2251.9674887095543,-0.013840093179708999,-5.148133351122617,22.921096806875525,5.249058641204556,12.56929192028386,-7.320233279079304,2.812576293901366,5.937576293852548,-120.5173286057909,-1.5602815235753278,-97.18742370453613,13.235682896205358,0.005959871490089179,0.07482598357549357,0.06880881683456216,0.07089558174335697,0.9461031526137764,370445.05,1.2021189107534271,12713098.0,12341562.217829455,13.86039039793637,-0.0003602525263574138,2220.0,1,0.0038689442506697038
2026-07-21 15:15:00+05:30,2221.0,2221.699951171875,2218.5,2220.0,212228,0.0,0.0,-0.00036025252635740745,-0.00036025252635740745,-0.0025162191815805146,-0.017655606030324456,-0.004305748670508924,-0.0003603174328877433,-5.60009765625,-39.89990234375,11.599853515625,9.003564818022248e-05,2225.7143205915177,-0.002567409724890671,2240.064296177455,-0.008957017980102093,2245.7952590215773,-0.011486024346139191,2211.7940087890624,0.003710106446769223,2229.893655824194,-0.004436828544871891,2231.932872912327,-0.005346430019085334,2205.1241185792505,0.006746051750740983,2232.4371651785714,2251.0791359320656,-0.013806327567948149,-4.5346745443787935,24.431818177931305,3.697514193970619,10.794936375021212,-7.097422181050593,2.3255813953127817,5.775244660989686,-120.85080578469052,-1.7264276228412014,-97.67441860313683,12.914254324776786,0.005817231677824761,0.05835508490338153,0.06163819820861393,0.06125388229203638,-0.5234247808874088,381056.45,0.5569463526991852,12500870.0,12356734.387559984,14.604804057285932,-0.0024774774774774773,2214.5,0,0.004154714835453188
2026-07-22 09:15:00+05:30,2215.10009765625,2221.39990234375,2202.800048828125,2214.5,0,0.0,0.0,-0.0024774774774775077,-0.005523643146405521,-0.006059245960502668,-0.01752440106477371,-0.011383928571428559,-0.0024805515030722745,-13.5,-39.5,-7.89990234375,-0.0022071632179044114,2222.357177734375,-0.003535515268693944,2237.10001046317,-0.010102369298402811,2245.0762067522323,-0.013619228897557473,2214.7260107421876,-0.00010204907563789932,2226.8149246593553,-0.0055302865644452194,2230.348066283934,-0.0071056471066113696,2205.491800203594,0.004084440393553283,2229.028592354911,2252.319990505564,-0.016791570764799705,-4.1542064520427555,25.44378697803299,2.001033339938658,9.036155768004702,-7.035122428066044,18.281173705769042,7.806443798327739,-135.31891740645503,-1.66518650088736,-81.71882629266845,11.814243861607142,0.0053349486843991,0.05589877620442844,0.06098231924370184,0.0611361487921467,-1.0,352549.35,0.0,12500870.0,12370461.588744748,14.604804057285932,-0.000587062013151953,2213.199951171875,1,0.004074068035387579
2026-07-22 10:15:00+05:30,2214.39990234375,2218.5,2201.10009765625,2213.199951171875,455120,0.0,0.0,-0.0005870620131519511,-0.003422234099940913,-0.003422234099940913,-0.015874406475214542,-0.018667182523285808,-0.0005872344015273402,-7.60009765625,-35.699951171875,5.89990234375,-4.5201018852993815e-05,2220.5857282366073,-0.0033260490558021114,2233.8285784040177,-0.009234650962730438,2243.8000139508927,-0.013637607000956963,2216.5660107421877,-0.0015185920716992774,2224.0919299618595,-0.004897270046821475,2228.789146728292,-0.006994468534313314,2205.7940806337224,0.0033574623321237476,2225.841917782738,2249.672678821622,-0.016212459702731132,-3.6983276773715827,22.342981989387454,0.5453702761033128,7.337998669624425,-6.792628393521112,20.066157059929264,13.557637387003703,-122.37149495772542,-2.066461046501292,-79.93384293841235,12.142804827008929,0.005486537635505507,0.048605887785736844,0.06101012000009037,0.06281887165038205,inf,335309.7,1.3573123592905265,12045750.0,12339536.675530963,13.668452482918767,0.0034791032630368196,2220.89990234375,2,0.004073597046828197
2026-07-22 11:15:00+05:30,2213.199951171875,2226.800048828125,2212.0,2220.89990234375,173832,0.0,0.0,0.003479103263036798,0.0004053614161037,-0.002649607667953857,-0.013415749634564489,-0.021198809015535502,0.003473065183960297,-5.900146484375,-30.2001953125,1.699951171875,0.0,2219.5714285714284,0.0005985271549363919,2231.6071428571427,-0.00479799526886229,2242.161911737351,-0.009482816241899623,2218.030009765625,0.001293892582827128,2223.4535244382378,-0.0011484935783093537,2228.0719426933338,-0.003218944690318597,2206.3864657988215,0.006577921307030552,2224.118094308036,2246.6914306192043,-0.011479782191689093,-2.132000341702855,31.377187026924787,0.012919589930788788,5.8729828536856985,-5.86006326375491,33.61602294619907,23.987784570632467,-79.5374495372624,-1.468504776230493,-66.38397705210315,12.221383231026786,0.005502896919453177,0.044324491524957856,0.061136116294228444,0.06395296332377837,-0.6180523817894181,300944.45,0.5776215510869179,12219582.0,12328112.420718491,19.10325919570333,-0.0071592161028827045,2205.0,0,0.003659566949159559
2026-07-22 12:15:00+05:30,2221.300048828125,2224.0,2204.0,2205.0,134847,0.0,0.0,-0.007159216102882726,-0.0042899074283133665,-0.007114575144422597,-0.014745308310991967,-0.028762739472181775,-0.007184966264739516,-15.800048828125,-33.0,-9.89990234375,0.00018017312889812776,2217.314278738839,-0.005553691173556942,2227.685721261161,-0.01018353758101368,2239.1142926897323,-0.015235619191522986,2218.260009765625,-0.00597766254056937,2219.7628195505904,-0.006650629256675539,2225.974493357576,-0.00942261172360948,2206.3320945910245,-0.0006037597849796324,2220.5704752604165,2242.876769096989,-0.01688758366881731,-2.0929444178860406,20.000053361010913,-1.6727581385084704,4.3638346552468645,-6.036592793755335,6.6212373679726735,20.101139124700342,-100.4968229971314,-1.9520611965867865,-93.37876263032953,12.942818777901786,0.005869759082945994,0.048801573810142815,0.06382388477449437,0.06552846235578644,-0.22426825900869807,273948.85,0.49223422547676154,12084735.0,12304933.6187453,11.985789556228042,0.0019501355229591837,2209.300048828125,2,0.001787864484704495
2026-07-22 13:15:00+05:30,2204.699951171875,2211.5,2204.300048828125,2209.300048828125,100909,0.0,0.0,0.0019501355229591955,-0.0017621102610656525,-0.004819797825168948,-0.007323889339010403,-0.027425623415144207,0.001948236477210479,-10.699951171875,-16.300048828125,5.10009765625,-0.0001360765660430222,2214.814278738839,-0.0024897030706573045,2224.4928676060267,-0.006829789836208927,2236.2095307849704,-0.012033524402065945,2218.5280126953126,-0.0041594984667208445,2217.6702654060973,-0.0037743287216937976,2224.4586347639897,-0.0068145056504798525,2206.448484953264,0.0012923772724836428,2218.119052269345,2236.203361892705,-0.012030798952827373,-2.2673463144347656,25.139111043226734,-2.631359208534832,2.9647958824905256,-5.5961550910253575,14.162288431939851,18.133182915370536,-100.84641498066664,-1.856872063202648,-85.83771156633303,12.899954659598214,0.0058389328631187395,0.04979501313381092,0.06357859787294168,0.0650489216950966,-0.25167782746371814,230070.05,0.4386011999388863,12185644.0,12293572.70267432,12.450590584972304,-4.530740688802982e-05,2209.199951171875,1,0.0030578695337616915
2026-07-22 14:15:00+05:30,2209.0,2212.0,2206.5,2209.199951171875,214266,0.0,0.0,-4.530740688801771e-05,-0.005268112785960288,-0.002393338825073421,-0.00843808295696813,-0.02463578314707504,-4.530843329957998e-05,-5.300048828125,-18.800048828125,5.39990234375,-0.00013581171479356936,2213.1571219308034,-0.001788020705676033,2221.657156808036,-0.005607168323870931,2233.2380952380954,-0.010763807100311369,2219.0880126953125,-0.004455912278766703,2215.976202559253,-0.0030579080134295242,2223.071481710161,-0.006239804096451654,2206.5563855892883,0.0011980503194254399,2216.0799967447915,2232.169969154005,-0.010290443066405535,-2.05051491452418,26.619621506404073,-3.360397931605803,1.69975711967126,-5.0601550512770626,14.336023921206442,11.70651657370633,-91.1949483304415,-1.2868654525519272,-85.66397607702365,12.549961635044642,0.005680772185596784,0.04967136030992679,0.063388183833504,0.06510772350344042,1.1233586696924953,221509.35,0.9673000259356954,11971378.0,12262887.492895814,19.741209085348714,-0.0004073430941697445,2208.300048828125,1,0.004331280344787069
2026-07-22 15:15:00+05:30,2209.199951171875,2209.199951171875,2205.800048828125,2208.300048828125,136920,0.0,0.0,-0.00040734309416978753,0.0014966207837301404,-0.002213944718892469,-0.00562860218172101,-0.02114359537760413,-0.00040742608090478554,-4.89990234375,-12.5,0.400146484375,0.0,2211.4857003348216,-0.0014405028737978303,2218.60001046317,-0.004642550070523936,2230.5380975632443,-0.009969813454163054,2219.63201171875,-0.005105334051226476,2214.4409718130278,-0.0027731256163817477,2221.7286241754305,-0.006044201438995858,2206.6247645398307,0.0007592066921459042,2214.299049014137,2231.4383686138704,-0.010369239908744643,-2.1683534561765634,24.40183981485201,-3.965074064777582,0.5667908827814917,-4.5318649475590735,12.743276410172685,13.747196254439666,-91.75555590306523,-0.7773206357393532,-87.25672358805741,12.028529575892858,0.005446963415261695,0.04867310366077891,0.05482418769203443,0.05717172169590842,-0.360981210271345,228355.35,0.5995918203799447,11834458.0,12222084.684048595,20.394310734186263,0.0014037284096742172,2211.39990234375,1,0.004670777345185747
2026-07-23 09:15:00+05:30,2204.0,2214.5,2193.800048828125,2211.39990234375,0,0.0,0.0,0.0014037284096741764,0.0009504609918145057,-0.004277545327447951,-0.006915819178502147,-0.021071313703519223,0.0014027441039743587,-9.5,-15.400146484375,-4.60009765625,-0.001947221271133401,2211.0428292410716,0.0001614953351224062,2216.7000034877233,-0.0023909871140126255,2228.414283389137,-0.00763519654859803,2220.230009765625,-0.003977113804890404,2213.8327579191723,-0.0010989337684694403,2220.789649463459,-0.004228111888928136,2206.8120248458667,0.00207896161803886,2213.3390345982143,2230.011200034656,-0.008345831487576668,-1.485527475093505,31.929185568323433,-4.146355380805289,-0.3758383699358645,-3.770517010869425,37.52641825616752,21.535239529182224,-91.70607506861685,-0.7450672197595399,-62.47358174170029,11.821376255580358,0.005345652879448054,0.048722007519105485,0.05710326696106065,0.059796193606715974,-1.0,217463.7,0.0,11834458.0,12185167.856996348,20.394310734186263,0.004069820203239296,2220.39990234375,2,0.004652681512318766
2026-07-23 10:15:00+05:30,2211.60009765625,2222.800048828125,2209.5,2220.39990234375,162813,0.0,0.0,0.004069820203239205,0.005069686501637749,0.006984082695578264,-0.00018018122999685637,-0.014032014945048799,0.004061560886701038,15.39990234375,-0.400146484375,24.89990234375,9.052876971177066e-05,2212.0713936941966,0.003765027057124466,2216.3285609654017,0.0018369755504901416,2226.5761835007443,-0.002773891683005791,2220.780009765625,-0.00017115942155608926,2215.146186804088,0.0023717240744456705,2220.754217907122,-0.0001595474008401241,2207.3448827869606,0.005914354235528609,2213.8323544456844,2227.923361270307,-0.003376893055362494,-0.49428201277678735,46.296141718121405,-3.523184270788988,-1.0053075501064892,-2.517876720682499,67.85685369432596,39.375516120222066,-38.753854280909486,-0.018018122999680662,-32.143146303123025,11.635672433035714,0.005240349912080434,0.05131868340247115,0.057067133512291375,0.059497847966723284,inf,211261.15,0.7706717491597449,11997271.0,12167272.918234792,27.596970687790076,0.006845701666828298,2235.60009765625,2,0.004796425094940148
2026-07-23 11:15:00+05:30,2219.800048828125,2239.800048828125,2211.199951171875,2235.60009765625,300620,0.0,0.0,0.006845701666828408,0.012362472591807672,0.011904244895153626,0.007027071016328934,-0.010752602211407059,0.0068223762432589935,26.300048828125,15.60009765625,10.900146484375,-0.00027015562151284217,2214.1714215959823,0.00967796614627612,2216.871425083705,0.008448244837577456,2225.795235770089,0.004405105073721685,2221.450009765625,0.006369753011957936,2219.2369689745206,0.007373312949668127,2222.1038433388608,0.006073637988539782,2208.4529304288935,0.012292391136483066,2216.401892671131,2226.2424291519073,0.004203346581577496,1.3643137098514635,54.57837207287233,-1.7822433560090758,-1.1606947112870065,-0.6215486447220693,90.8696713635137,65.41764777133574,25.999955530767313,0.39518810109386154,-9.130328634312384,12.964250837053571,0.005799002626023851,0.05609512161897238,0.06260678039692792,0.06542236206895835,0.8464127557381782,213295.0,1.4094095032701124,12297891.0,12179712.735545764,38.75043514830106,-0.0045178463119762355,2225.5,0,0.0040800894888897415
2026-07-23 12:15:00+05:30,2235.800048828125,2235.800048828125,2220.300048828125,2225.5,249402,0.0,0.0,-0.00451784631197627,0.006376095812117066,0.0073782587309394465,0.004967261232784015,-0.012644188110026655,-0.004528082621977935,16.300048828125,11.0,-10.0,8.943959703908342e-05,2217.0999930245534,0.003788736187754678,2217.2071358816966,0.0037402297620704496,2224.1571451822915,0.0006037589657801904,2222.2960107421877,0.0014417472930353652,2220.4895751796166,0.0022564505037029167,2222.41258485351,0.0013892178110987972,2209.121442961094,0.007414059146039871,2217.552369326637,2224.787477467442,0.00032026543648512406,1.9932725692028352,52.73570613640566,-1.2036536391619848,-1.1692864968620023,-0.0343671422999825,68.91293732866494,75.87982079550154,28.59966063813325,0.2116332433598856,-31.087062669161153,13.399972098214286,0.006021106312382955,0.05742410578068684,0.06391578335241975,0.06661043909353147,-0.17037455924422862,214644.85,1.1619286463197176,12048489.0,12167215.236922357,38.41948711481361,0.006515389800044934,2240.0,2,0.004131591558672286
2026-07-23 13:15:00+05:30,2225.5,2242.89990234375,2223.5,2240.0,426384,0.0,0.0,0.006515389800044957,0.0088272827050484,0.014354911230789025,0.012109185531987032,-0.0039574470764459635,0.006494256393176546,31.699951171875,26.800048828125,15.39990234375,0.0,2221.4857003348216,0.00833419709268425,2218.14998953683,0.00985055589848659,2223.490478515625,0.0074250470797559386,2223.370009765625,0.007479632342490952,2224.391660143693,0.007016902704666491,2224.011440775918,0.007189063388314584,2210.332366766542,0.01342224982971456,2220.591417875744,2223.80339459257,0.007283290171607198,3.2565712459226037,56.99148870394085,0.42006939983957636,-0.8514153175216865,1.271484717361263,94.09386762474128,84.62549210563998,94.99380796085673,0.9009009009004951,-5.9061323732220625,14.078543526785714,0.006285064074455102,0.06235545575676689,0.06581349473154655,0.06780808236531029,0.7096254240142421,219750.15,1.940312668728545,12474873.0,12196515.976263084,42.50709201911366,0.001651763916015625,2243.699951171875,2,0.0030738586095761617
2026-07-23 14:15:00+05:30,2240.0,2250.0,2238.0,2243.699951171875,739006,0.0,0.0,0.001651763916015625,0.003623122724013328,0.014606154587368803,0.010266130771613646,-0.0032873467030984926,0.001650401254322414,32.300048828125,22.800048828125,0.60009765625,0.0,2226.4142717633927,0.007763909721430124,2219.7856968470983,0.010773226604141505,2223.2428617931546,0.009201464100153036,2224.2880078125,0.008727261618632395,2228.2533183493297,0.00693217090504823,2225.8013053573686,0.008041439175822831,2211.6408994883195,0.014495595415584012,2223.998079427083,2225.553766930564,0.008153559132534292,4.953532722463545,62.43207277137724,1.9825827643371667,-0.28461570114991586,2.2671984654870827,88.78993896321083,83.93224797220569,162.41401768478133,1.3185798677742973,-11.210061035009812,14.257114955357142,0.006354287679109837,0.06256839303170549,0.06602007352539829,0.06801399555980601,0.7331935532290141,245053.95,3.015686953831991,13213879.0,12293407.692809455,61.18265391790683,-0.0003565756765770476,2242.89990234375,1,0.004037280527125475
2026-07-23 15:15:00+05:30,2243.699951171875,2246.5,2240.5,2242.89990234375,286234,0.0,0.0,-0.00035657567657709777,0.007818423879465186,0.010133309759314146,0.017188164328231226,0.0021894112349196693,-0.00035663926480011934,22.5,37.89990234375,-9.800048828125,0.0,2231.357107979911,0.005172992849308623,2221.421404157366,0.009668808514304227,2222.8523763020835,0.009018829255323007,2225.1420068359375,0.007980567286604552,2231.1826351482136,0.005251594831793204,2227.3557232652215,0.006978759125073346,2212.866742737552,0.013572059729647366,2227.0799734933034,2226.532995667847,0.007350848475068935,5.117164482755158,62.43207277137724,3.120359052063577,0.3963792494927827,2.7239798025707946,87.36636329912531,90.08338996235915,157.92376077066785,1.3419461335219915,-12.633636699095344,14.457118443080358,0.006445726101270388,0.05890942497731372,0.06236424254503189,0.06373349062510336,-0.6126770283326523,259365.65,1.1035925536014461,12927645.0,12353811.24587522,59.79345613696503,-0.001292925440283673,2240.0,1,0.004180603956632431
2026-07-24 09:15:00+05:30,2209.199951171875,2263.300048828125,2209.199951171875,2240.0,0,0.0,0.0,-0.0012929254402836987,0.0,0.001968107958289389,0.013895781692558673,0.006470121186153088,-0.0012937619895223708,4.39990234375,30.699951171875,-18.10009765625,-0.015025169485559625,2235.4428362165177,0.0020385955344728425,2223.242832728795,0.007537263597350713,2222.9476143973216,0.007671069481002574,2226.0020068359377,0.006288400963282571,2232.946108118571,0.0031590067739563,2228.505202968383,0.005158075025492762,2213.930792041962,0.011775078088137544,2229.557119605655,2226.246710673862,0.0061777920929388126,4.913130326109014,64.2458100458163,3.7448883320962523,1.0660810660134765,2.6788072660827758,66.47474988663346,80.87701738298988,108.8935201771735,0.8600161419289888,-33.52525011192769,16.992850167410715,0.00758609382473354,0.055320062235822795,0.07949116401463659,0.08156042483087206,-1.0,241343.15,0.0,12927645.0,12408462.07960139,59.79345613696503,-0.0046875,2229.5,0,0.004186201898976739
2026-07-24 10:15:00+05:30,2240.10009765625,2246.199951171875,2228.0,2229.5,423087,0.0,0.0,-0.004687499999999956,-0.006328810215670111,0.0017973489103573215,0.009188868946587103,0.0006732495511669878,-0.00469852078155415,4.0,20.300048828125,-0.39990234375,4.468645368301576e-05,2236.742850167411,-0.0032381237596737795,2224.4071219308034,0.0022895440402895353,2223.133324032738,0.002863830026941428,2226.6520068359373,0.0012790472670708912,2232.2568864948566,-0.001235022058408492,2228.5956390621664,0.0004057985764585853,2214.5413492167872,0.006754739887108635,2230.391408575149,2226.843582604536,0.0011929070439495092,3.6518505361735127,58.25737430377661,3.3539082713573407,1.5236465070822494,1.8302617642750914,51.36683621778608,68.40264980118162,83.183718555201,1.1111111111106071,-48.63316378077506,17.049996512276785,0.007647453021874473,0.05800411356643524,0.08079655281661753,0.08271336013196416,inf,245785.95,1.721363649956388,12504558.0,12417614.072020305,60.2804475607645,0.00340887986375869,2237.10009765625,2,0.0030448200154126704
2026-07-24 11:15:00+05:30,2229.800048828125,2243.5,2217.300048828125,2237.10009765625,362011,0.0,0.0,0.003408879863758596,-0.0025858508805673974,-0.0012945992606027135,0.013041728112721085,0.0073397192316913,0.0034030828033817344,-2.89990234375,28.800048828125,-6.89990234375,0.0001345812191634292,2236.9571358816966,6.39090361903735e-05,2225.564278738839,0.005183323181275447,2223.5666620163693,0.006086363800580772,2227.7320068359377,0.004205214447501553,2233.2255287271355,0.0017349653580761024,2229.368771661628,0.0034679439727039337,2215.426006018335,0.00978326135877532,2232.083805338542,2227.4422781996554,0.00433583377271451,2.511121961501177,58.2151010401017,3.6156392815751133,1.9420450619808223,1.673594219594291,62.30222852877982,60.04793821106646,63.54757846359513,1.2583192963245688,-37.69777146978133,17.864275251116073,0.007985460851673115,0.057825652652906914,0.08410689192306803,0.08714623680294657,-0.1443580161999778,252591.2,1.4331892797532082,12866569.0,12460371.684208848,52.16318894649711,0.005587590833819155,2249.60009765625,2,0.011321363730203175
2026-07-24 12:15:00+05:30,2237.300048828125,2259.89990234375,2236.0,2249.60009765625,426409,0.0,0.0,0.0055875908338192115,0.004285757882254382,0.002629650404588846,0.017274214072277694,0.010238929552800924,0.00557203815592691,5.900146484375,38.2001953125,8.800048828125,8.937962681437193e-05,2240.4000069754466,0.004106450032206308,2228.75,0.00935506344643439,2224.9380929129466,0.011084355480203147,2228.9040087890626,0.009285320850771894,2236.5004425129587,0.0058572110670215395,2231.207983115685,0.008243119726953473,2216.766166474724,0.014811634929328816,2235.2885811941965,2229.260707444457,0.009123827528948119,1.9697084777705067,73.42437296966085,4.776646320559394,2.5089653136965366,2.267681006862857,80.2878400393124,64.65230159529278,140.62721789837624,1.8287229484559044,-19.712159959248744,18.142839704241073,0.008064917726103923,0.060225277183602516,0.08658884178877078,0.08983821416915996,0.17788962213855375,262470.35,1.6245987403910516,13292978.0,12539667.523808004,59.345641175627996,0.0034228088716288766,2257.300048828125,2,0.012940345063100833
2026-07-24 13:15:00+05:30,2248.800048828125,2257.89990234375,2243.300048828125,2257.300048828125,386145,0.0,0.0,0.003422808871628824,0.012469185390502346,0.006420325075286337,0.016618693977343835,0.01643551837062529,0.0034169643938994016,14.400146484375,36.900146484375,8.5,-0.00035564046648032095,2242.8714425223216,0.0064330955543179386,2232.1785714285716,0.011254241807125986,2226.3904738653273,0.013883267704213829,2230.35201171875,0.012082414330909274,2240.6603637759918,0.0074262415317975245,2233.579989089543,0.010619749395337497,2218.3557304885826,0.017555488420672526,2239.0952543712797,2231.571656513787,0.01152927007260889,2.0471446230683594,74.34074667275038,6.24607362326833,3.2563869756108956,2.9896866476574346,91.36690647350551,77.98565834719926,140.15866741201032,2.2189013683163465,-8.633093525055639,18.671404157366073,0.008271565034985509,0.059812895767556905,0.08721199615945308,0.09048316337946265,-0.0944257743152701,259511.65,1.4879678812107222,13679123.0,12648187.092969147,64.62835153843815,-0.0013290213684961584,2254.300048828125,1,0.01293888186468299
2026-07-24 14:15:00+05:30,2257.89990234375,2257.89990234375,2252.0,2254.300048828125,399433,0.0,0.0,-0.0013290213684961083,0.007688503160808491,0.006383950369698743,0.008364622631516161,0.015450472445101449,-0.0013299053006583556,14.300048828125,18.699951171875,-0.10009765625,0.0002657393800776054,2244.3857421875,0.00441738086918943,2235.4000069754466,0.008454881360693126,2227.9857119605654,0.011810819399013083,2231.5660107421877,0.010187481784760689,2243.3883007864183,0.0048639586993819645,2235.4636308839595,0.008426179555741063,2219.7653115999374,0.015557832644605347,2242.0447846912202,2233.746152248629,0.00920153642292602,2.5717313101891164,72.21679686503906,7.086837765011751,4.022477133491067,3.0643606315206835,87.05035971097769,86.23503540793187,130.75734298519495,1.939954254266174,-12.949640287583458,18.699968610491073,0.008295243847509903,0.06016471992788141,0.08733613903721554,0.09058607774022386,0.03441194369990552,268871.9,1.4855884902810539,13279690.0,12708330.226972086,66.19843336256811,-0.0010202940062573557,2252.0,1,0.013006306957066203
2026-07-24 15:15:00+05:30,2255.10009765625,2255.699951171875,2250.10009765625,2252.0,224972,0.0,0.0,-0.0010202940062573607,0.0010668128732080895,0.010091948867459122,0.0119074365311167,0.016933845111763324,-0.0010208148605000769,22.5,26.5,8.199951171875,0.0003548989978244211,2245.6857561383927,0.0028117219180578018,2238.5214320591517,0.00602119226906115,2229.509521484375,0.010087635104891178,2232.8440087890626,0.008579189202436785,2245.1106406291347,0.003068605727569718,2236.9669371672358,0.006720288343552595,2221.029417027391,0.01394424708432987,2244.258117094494,2234.5032534779175,0.007830262271868105,1.9569145225952895,71.23415400509907,7.4813147471541015,4.714244656223674,2.767070090930427,83.74093693674473,87.386067707076,108.2266222050103,1.4231714576676113,-16.259063061816413,18.857107979910715,0.00837349377437937,0.05933697699603712,0.0856410332573488,0.08826382091428268,-0.43677162377670353,280120.5,0.8031257976477951,13054718.0,12741319.53868903,64.82134423929452,0.026110146016041298,2310.800048828125,2,0.013008593050551114
2026-07-27 09:15:00+05:30,2280.0,2312.800048828125,2272.39990234375,2310.800048828125,0,0.0,0.0,0.026110146016041336,0.023700881071514912,0.03294441372967105,0.03160716465541302,0.04409908720835243,0.025775095777927845,73.699951171875,70.800048828125,51.199951171875,0.012433392539958956,2255.800048828125,0.024381593585188457,2245.6214425223216,0.02902475237881798,2234.095238095238,0.03433372464382949,2235.2760107421873,0.03378734336294666,2258.248522268933,0.023270922593749188,2243.6790382273166,0.029915602658484246,2224.549833960753,0.03877198593198833,2253.8952659970237,2236.5872888924073,0.0331812490861628,5.62290877457096,81.33667473078525,12.39572294740492,6.250540314459924,6.145182632944996,98.06949988829471,89.62026551200573,260.72027838970655,3.3637478925984663,-1.9305001107400392,21.721400669642858,0.009399948161092096,0.10717336263543602,0.0919995649337531,0.09209466242290479,-1.0,257364.5,0.0,13054718.0,12771167.011194836,64.82134423929452,-0.007270230428047983,2294.0,0,0.003951958532902178
2026-07-27 10:15:00+05:30,2310.800048828125,2315.0,2293.800048828125,2294.0,578144,0.0,0.0,-0.007270230428047975,0.017610766229860353,0.019736797837983877,0.02241834912099261,0.03291462959636604,-0.007296787348192801,44.39990234375,50.300048828125,-29.300048828125,0.0,2265.014334542411,0.012797122303171758,2250.878592354911,0.01915758930380854,2237.9428594680057,0.025048512876372046,2237.0080126953126,0.02547688116503159,2265.3988178151467,0.012625230471526848,2248.2536711157422,0.020347494356157264,2227.2733698838606,0.029958886510455092,2260.345740327381,2243.8108032147943,0.022367838105278454,7.591252695313012,72.11536203719704,14.764606127153456,7.953353476998631,6.811252650154826,80.15123789317283,87.3205582394041,216.94998906770755,3.0779600089853614,-19.848762105881985,22.285679408482142,0.009714768704652323,0.11212503770173184,0.09298635600823105,0.09237989036898407,inf,277580.1,2.082800604221981,12476574.0,12743110.533938184,67.97865148972357,0.0035745209990736704,2302.199951171875,2,0.00209921411466333
2026-07-27 11:15:00+05:30,2294.800048828125,2312.10009765625,2293.199951171875,2302.199951171875,599238,0.0,0.0,0.003574520999073627,0.02229127494310612,0.019890976552744855,0.026439008163564814,0.044081610508786895,0.0035681475823130526,44.89990234375,59.300048828125,0.5,0.00034875711775268146,2274.3143136160716,0.012261118610054429,2255.635724748884,0.02064350458368193,2241.8142903645835,0.026936067392738464,2238.75201171875,0.028340762675355863,2272.7590444864927,0.012953817852706518,2253.1578783935724,0.021765928277181434,2230.2116671892727,0.03227867786796066,2267.188588169643,2250.3921332270265,0.023021684612154175,9.319858742557187,70.8907754994767,17.106438271697243,9.783970435938354,7.322467835758889,87.90166075462021,88.70746617869594,184.1946890335568,2.776783534457466,-12.0983392444346,21.592825753348215,0.00937921388728532,0.10731823973336294,0.09263792869390289,0.09304816890530884,0.03648571982066762,300799.65,1.9921499243765675,13075812.0,12774796.387848834,69.95329259343865,-0.0019546521133880627,2297.699951171875,0,0.020285777247860064
2026-07-27 12:15:00+05:30,2302.199951171875,2309.5,2297.0,2297.699951171875,418522,0.0,0.0,-0.001954652113388078,-0.005669074510749383,0.019252052257334062,0.025758906773158508,0.040012628610875955,-0.001956564938842247,43.39990234375,57.699951171875,-1.5,0.0,2281.185721261161,0.007239318463547561,2260.7928641183034,0.016324842332669336,2246.2285737537204,0.02291457691329995,2240.310009765625,0.025616964239796515,2277.7472258235694,0.008759850576080735,2257.2071577370543,0.017939334143968633,2232.8582665611393,0.029039767360859118,2272.797151692708,2254.4322727819685,0.019192272445822896,9.762276079940431,73.47201828004225,18.387287521448798,11.504633853040442,6.882653668408356,83.64835458907407,83.90041774562239,153.177385174261,2.40673892120789,-16.35164540998074,21.3785400390625,0.009304321927738952,0.10831989795246405,0.0930983958611669,0.09369652069065612,-0.30157633527913785,316680.3,1.3215915230596873,12657290.0,12763605.303291801,67.55986326606411,-0.0010444803041084628,2295.300048828125,1,0.01991243555625297
2026-07-27 13:15:00+05:30,2297.699951171875,2299.699951171875,2291.699951171875,2295.300048828125,249602,0.0,0.0,-0.0010444803041084194,0.0005667170131320454,0.019227375145703718,0.02951336569998886,0.03897342909616586,-0.0010450261537805101,43.300048828125,65.800048828125,-0.099853515625,0.0,2286.6142926897323,0.0037985226306671313,2264.7428676060267,0.01349256096979593,2250.3238118489585,0.019986562263762477,2241.880009765625,0.02382823292494634,2281.257790424481,0.006155489512224356,2260.6701478362424,0.015318422736290204,2235.3069639049427,0.026838857432963607,2277.398109654018,2257.5649473089434,0.016714957221561137,8.504363293371524,69.51307969809571,18.989814951564767,13.001670072745307,5.98814487881946,81.38001693676729,84.31001076015387,118.43236074815638,2.336267723298546,-18.619983062287517,20.564261300223215,0.008959291100400326,0.10862597736259769,0.09324340422571183,0.09386810747932378,-0.40361080182164855,318447.1,0.783809932638731,12407688.0,12729708.41726401,61.524022404550735,0.00030494974817447636,2296.0,1,0.019288093096295405
2026-07-27 14:15:00+05:30,2294.699951171875,2298.0,2292.199951171875,2296.0,436362,0.0,0.0,0.0003049497481744101,-0.0026930550357796568,-0.006404729321184854,0.02632868435590252,0.039713784011558895,0.0003049032604506606,-14.800048828125,58.89990234375,-58.10009765625,-0.00026144627869289724,2292.5714285714284,0.001495513459620541,2268.478585379464,0.012132102457524389,2254.4571475074404,0.01842698697487844,2243.5280078125,0.023388160078571092,2284.206232339585,0.005163179879922787,2263.881952578402,0.014187156439408708,2237.687082967494,0.02605946000061306,2281.5657273065476,2261.0632687189213,0.015451461161835489,6.965646042926722,68.85366518407656,19.301309015063907,14.261597861209028,5.0397111538548796,82.04159618897113,82.35665590493751,101.72624340238833,2.499999999998884,-17.958403810083702,20.121407645089285,0.008763679287927055,0.10845150684532964,0.09334117904250805,0.09399871656655703,0.7482311840449996,333419.2,1.3087488662920392,12844050.0,12740598.091810295,49.99543959084129,0.0,2296.0,1,0.020651669391694823
2026-07-27 15:15:00+05:30,2295.89990234375,2298.0,2294.0,2296.0,240071,0.0,0.0,0.0,-0.0007398490699397353,0.0008718395815170421,0.020625844741068322,0.03825635407082495,0.0,2.0,46.39990234375,16.800048828125,-4.359654017855244e-05,2298.8571428571427,-0.001242853591846255,2272.2714494977677,0.010442656623382974,2258.6333356584823,0.016543926697427953,2245.4880078125,0.022494883968088904,2286.564985871668,0.00412628295571107,2266.8017750712743,0.01288080204004374,2239.9738640275923,0.025011959680478018,2285.2352492559526,2262.277331199661,0.014906514040186744,5.5595900403614635,69.2531309791989,19.325399133018436,15.274358115570909,4.0510410174475275,82.04159618897113,81.82106977156987,88.73440765200756,2.982731554158788,-17.958403810083702,19.978550502232142,0.008701459277971882,0.10866316364682412,0.09124445320284205,0.0913996849726292,-0.4498352285487738,345422.75,0.6950063364384637,12844050.0,12750450.654495029,55.52575285451696,0.044642857142857144,2398.5,2,0.02037600397759805
2026-07-28 09:15:00+05:30,2323.699951171875,2401.0,2323.699951171875,2398.5,0,0.0,0.0,0.044642857142857206,0.04496142071907516,0.0418295764358374,0.06255258411267861,0.0802108203428833,0.043675063502661635,96.300048828125,141.199951171875,94.300048828125,0.012064438663703369,2311.3857073102677,0.03768920626885269,2283.5928780691966,0.050318567304303556,2267.5428641183034,0.05775288218534264,2249.4380078125,0.06626632593106725,2308.9519886973344,0.03878296809157476,2278.7743409738855,0.0525394976033013,2246.1905752421967,0.06780788168043696,2302.06572265625,2263.3564694157953,0.05970934424617057,10.311107492963131,83.36842104771722,27.300678864943166,17.67962226544536,9.621056599497805,98.63908510315972,87.57409249370066,220.5490641265471,7.21469291931873,-1.360914896295927,23.6142578125,0.00984542748071301,0.1867719107528034,0.11414271736863511,0.10032248710626245,-1.0,337282.1,0.0,12844050.0,12759364.877876453,55.52575285451696,0.0013758802702209714,2401.800048828125,1,0.00518897900798169
2026-07-28 10:15:00+05:30,2398.5,2404.89990234375,2391.0,2401.800048828125,1137236,0.0,0.0,0.0013758802702210637,0.046080160639427215,0.045306219205495823,0.06543050916255644,0.07434243331180523,0.0013749346142689356,104.10009765625,147.5,7.800048828125,0.0,2326.785714285714,0.03223946841422255,2295.9000244140625,0.046125712482207565,2276.1809663318454,0.05518853041753726,2252.8820068359373,0.06610112803966582,2327.5216007234926,0.031913107952042885,2289.9584962333615,0.048839991108431534,2252.292907539684,0.06637997251063146,2317.8266787574403,2285.1036003392037,0.05106834039014584,13.138722838790423,87.40773171356119,33.50125031225616,20.84394787480752,12.657302437448642,98.34762476701493,93.00943535304862,217.38617081407241,6.765644761945786,-1.6523752324520298,23.307111467633927,0.009704018233739365,0.1866483572108421,0.11149310193122734,0.09732139635614402,inf,379112.9,2.9997291044435497,13981286.0,12875738.318078697,69.35370699693551,0.005495857649896984,2415.0,2,0.005131893186017212
2026-07-28 11:15:00+05:30,2401.89990234375,2417.0,2400.60009765625,2415.0,1168316,0.0,0.0,0.005495857649896907,0.05182926829268286,0.052150023363171316,0.07238010657193605,0.08514940462817355,0.005480810530285529,119.699951171875,163.0,15.599853515625,4.15744498271946e-05,2342.9000069754466,0.030773824239131633,2308.607160295759,0.04608529399630066,2284.7238188244046,0.057020537932051446,2256.3820068359373,0.07029749071010279,2345.0172805787943,0.029843157234177325,2301.325905666692,0.04939504398457952,2258.6735778322454,0.06921160441329426,2333.706675502232,2304.0859602119126,0.0481379782279643,14.609429251701382,87.7066502681207,39.03045481246909,24.481249262339833,14.549205550129255,98.89502762376303,98.62724583131256,199.16831032027838,6.98622016393766,-1.1049723756845031,22.607107979910715,0.009361121316729339,0.1842005880824885,0.11145145459557776,0.09704823437903211,0.027329419751045414,425058.6,2.7485998401161567,15149602.0,13092296.763975965,79.11858354478979,-0.007867494824016562,2396.0,0,0.01152678992228907
2026-07-28 12:15:00+05:30,2415.0,2415.5,2395.60009765625,2396.0,820396,0.0,0.0,-0.007867494824016608,-0.0010423181154888272,0.04355400696864109,0.03687032602196916,0.06964285714285712,-0.007898606851333138,100.0,85.199951171875,-19.699951171875,0.0,2356.94287109375,0.01657109698552379,2319.064296177455,0.03317532159385396,2292.8428664434523,0.044990930284077905,2259.196005859375,0.06055428293328876,2355.2138244630355,0.01731739815438881,2309.9326415151745,0.03725968322103683,2264.058927721177,0.058276341955271524,2345.3590541294643,2316.43953354968,0.03434601477741494,17.08889349014242,80.19801181967541,41.40199161676719,27.865397733225308,13.536593883541883,87.91018658370277,95.05094632482694,162.69148098455284,6.285762680326136,-12.089813415721537,22.321393694196427,0.009316107551831015,0.1887763357876048,0.11130802238682118,0.09631035967033476,-0.29779614419386535,444759.2,1.8445846651401436,14329206.0,13210097.643597301,67.83389558530152,0.003004987968228297,2403.199951171875,2,0.009952252195667675
2026-07-28 13:15:00+05:30,2396.10009765625,2405.0,2394.39990234375,2403.199951171875,564637,0.0,0.0,0.0030049879682283454,0.0005828554897535643,0.04668987420377824,0.047602419865682144,0.07108793665422763,0.0030004820165140133,107.199951171875,109.199951171875,7.199951171875,4.17769850792814e-05,2372.3571428571427,0.013000912787344436,2329.4857177734375,0.03164399456754909,2300.6142926897323,0.044590550796831496,2261.8800048828125,0.062478975889051096,2364.8110498048036,0.01623339055787306,2318.411487847602,0.03657179226753807,2269.5154384447337,0.05890442975734699,2356.5771414620535,2328.0528768152026,0.03227893795068865,17.612796254704342,80.15708169116499,43.36257078351173,30.964832343282595,12.397738440229134,91.73154169939568,92.84558530228718,137.73627446407818,6.714029803366246,-8.268458300005168,22.035696847098215,0.009169314786455348,0.18866762748869373,0.11112241341567458,0.09585980211249986,-0.3117506667511787,436040.75,1.2949179635160217,14893843.0,13370454.344207082,60.37411218782055,-0.0021637613505024176,2398.0,0,0.010665294406252928
2026-07-28 14:15:00+05:30,2403.199951171875,2405.5,2396.89990234375,2398.0,827931,0.0,0.0,-0.0021637613505024467,-0.007039337474120111,-0.00020846362309778765,0.041612392867683035,0.06915159142598193,-0.002166105664394408,-0.5,95.800048828125,-107.699951171875,0.0,2386.9285714285716,0.004638357722115487,2339.75,0.0248958222032162,2307.9619140625,0.03901194616291347,2264.43400390625,0.058984274155609646,2371.448839843843,0.011196176662151482,2325.6468071341837,0.031110997871144307,2274.554048701803,0.0542725952670148,2365.712379092262,2337.1148658042016,0.02605140854932766,16.958247840957924,79.43466558459752,43.98966581174045,33.56979903697417,10.419866774766284,88.61593102567944,89.41921976959264,113.82064781119674,3.773582712881581,-11.384068973721401,22.228567940848215,0.009269627998681796,0.1892663549085158,0.11123840377655107,0.09593038186772876,0.466306671365851,463125.6,1.78770294710549,14065912.0,13436688.40666355,51.30545317634589,0.0,2398.0,1,0.010611091784408192
2026-07-28 15:15:00+05:30,2398.0,2399.300048828125,2392.699951171875,2398.0,467443,0.0,0.0,0.0,0.0008347245409014992,-0.0015821670209305028,0.04365237017869528,0.07053571428571437,0.0,-3.800048828125,100.300048828125,-3.300048828125,0.0,2401.5,-0.0014574224443050354,2350.1785714285716,0.020347997872493376,2315.347632998512,0.03569760576057111,2266.962001953125,0.05780335000494943,2376.7590718750744,0.008936929441552225,2332.224370121985,0.02820295968116759,2279.3950663997716,0.05203351334242768,2373.4790457589284,2339.9758320111937,0.024796909094103817,14.680129746221432,80.19026424902118,43.97967284739843,35.65177379905902,8.327899048339411,86.86031316103515,89.06926196203676,93.90435528797941,4.533565823886429,-13.13968683827329,22.300013950892858,0.009299421997866372,0.18889508622457427,0.09873428308764051,0.08059734785601214,-0.43540826469838667,486497.75,0.9608328096070312,14065912.0,13496614.463171782,49.534872320386256,0.022435383164355713,2451.800048828125,2,0.010435043621637902
2026-07-29 09:15:00+05:30,2440.0,2472.0,2416.10009765625,2451.800048828125,0,0.0,0.0,0.022435383164355782,0.020223076998878486,0.015238115456780443,0.0681828068970336,0.09970847671142624,0.022187411988649524,36.800048828125,156.5,40.60009765625,0.017514595496239568,2409.1142926897323,0.017718443773257878,2360.25,0.03878828464276505,2325.433349609375,0.05434114000296877,2270.6980029296874,0.07975611273040156,2391.7672672656845,0.025099758820199117,2343.094886367998,0.04639383709662025,2286.1560461028444,0.07245524775422814,2387.0285760788693,2344.7676969462395,0.04564731594572707,14.134007718720287,79.77198401065802,47.76239253572794,38.07389754639281,9.688494989335133,88.79648047571024,88.09090822080829,130.34985638123908,6.49813660103828,-11.203519523735135,23.242867606026785,0.009479919709246512,0.19767297020119173,0.10874371289878032,0.0968045352674002,-1.0,465343.4,0.0,14065912.0,13550833.27620304,49.534872320386256,0.0015499016039017093,2455.60009765625,2,0.0025369531507928138
2026-07-29 10:15:00+05:30,2451.89990234375,2458.89990234375,2446.0,2455.60009765625,776582,0.0,0.0,0.0015499016039017821,0.02402005740460811,0.024874832076899,0.06951223765516112,0.09767108777515876,0.0015487017460253298,59.60009765625,159.60009765625,22.800048828125,4.072661458371606e-05,2416.8000139508927,0.0160543212021554,2371.7928641183034,0.035334971618217574,2336.200020926339,0.05110867034515123,2274.6900048828124,0.07953175702404255,2404.5338333437976,0.021237490445878776,2353.322632848748,0.04346087671100557,2292.8009108696447,0.07100450196732766,2399.7419224330356,2357.6293118573294,0.04155478781424638,11.762295808233358,86.10371730614091,50.48489883582852,40.55609780427995,9.928801031548566,90.90410543355281,88.85363302343274,120.58843589080189,6.872096002081294,-9.095894565892554,22.650006975446427,0.009223817427379778,0.197960867813855,0.10641353372196924,0.093364996426725,inf,486071.95,1.5976688224860505,14842494.0,13673848.58323132,51.11613079732809,-0.00346147567273386,2447.10009765625,0,0.002491178537666682
2026-07-29 11:15:00+05:30,2455.60009765625,2459.5,2446.800048828125,2447.10009765625,664194,0.0,0.0,-0.0034614756727338047,0.020475436887510412,0.01826737157803615,0.06581014706282673,0.08779338167959971,-0.0034674804405599433,43.900146484375,151.10009765625,-15.699951171875,0.0,2421.3857421875,0.010619685670366927,2382.1428745814733,0.027268399292029035,2346.200020926339,0.043005743683366716,2278.4520068359375,0.07401871547623175,2413.047086206288,0.014112037698976239,2361.8478569221575,0.03609556834247271,2298.85185937108,0.06448794761645198,2409.782886904762,2368.5376480099603,0.03316917918204276,6.72593611818726,82.32937107904442,51.36452743179507,42.71778372978298,8.646743702012088,86.18974176299405,88.6301092240857,105.62750173250065,6.613516559874645,-13.810258236451329,22.207135881696427,0.00907487842567478,0.20004366764295933,0.104555897758681,0.09089287812751658,-0.14472135589029878,497961.2,1.3338268122094625,14178300.0,13721891.575304529,43.0164609180865,-0.0017572018538364825,2442.800048828125,0,0.008717482729254013
2026-07-29 12:15:00+05:30,2447.199951171875,2450.0,2441.0,2442.800048828125,528271,0.0,0.0,-0.001757201853836432,-0.003670772420573898,0.018682255558017058,0.018469897364238097,0.0821778212853459,-0.0017587475440058156,44.800048828125,44.300048828125,0.89990234375,4.0804834963880525e-05,2428.071463448661,0.006065960413924027,2392.507167271205,0.021020995148892614,2355.4000186011904,0.037106236535907854,2282.2680078125,0.07033882106134454,2418.9976787306555,0.009839765580076841,2369.207147095427,0.031062248745488345,2304.4968864086113,0.060014471373397674,2417.870510137649,2376.9385237282654,0.027708552174301525,6.986541849952809,82.40289435464052,51.125320557083796,44.39929109524314,6.726029461840653,83.8048012951186,86.96621616388852,90.33455963495658,6.393730349654228,-16.19519870432678,21.957135881696427,0.008988511316028854,0.2011833909882624,0.10393383732178595,0.0901955465930034,-0.20464352282616227,505067.5,1.0459413840724239,13650029.0,13715047.52051362,42.27059229319457,0.002824587443028775,2449.699951171875,2,0.010032695113403977
2026-07-29 13:15:00+05:30,2443.5,2455.800048828125,2441.5,2449.699951171875,700437,0.0,0.0,0.0028245874430288254,-0.00240273100249766,0.021559612665502437,0.01994333473642862,0.0866787464451888,0.002820605791836307,51.699951171875,47.89990234375,6.89990234375,0.00028653641635978286,2434.7143205915177,0.006154985188040624,2403.53573172433,0.019206795571292287,2364.5619187127977,0.03600583760791855,2286.0640087890624,0.07157977281196935,2425.1381332188994,0.010128007809750799,2376.5246747387405,0.030790875942051026,2310.191124242465,0.06038843516685058,2425.496214657738,2386.4832206854685,0.026489492965394622,7.313137888423323,83.80034333112555,50.905702587997894,45.700573393794095,5.205129194203799,87.59730657786523,85.8639498786593,88.43484230483185,6.6942487444167265,-12.402693421578602,22.407139369419642,0.009146891381000144,0.20025368586709294,0.10452810338973771,0.09103905146353833,0.32590469664244304,520117.7,1.3466894128002156,14350466.0,13775563.566178989,48.41083100105442,-0.000979671956396924,2447.300048828125,1,0.01021776061664261
2026-07-29 14:15:00+05:30,2449.89990234375,2455.300048828125,2447.0,2447.300048828125,776748,0.0,0.0,-0.0009796719563969214,8.170943725049895e-05,-0.0018353862102868934,0.013374761419513437,0.08672293464836822,-0.0009801521486141797,-4.5,32.300048828125,-56.199951171875,8.162271945969005e-05,2441.7571847098216,0.0022700308421371084,2414.3428780691966,0.013650575922037788,2373.752394903274,0.030983709203510713,2289.930009765625,0.06872264147432963,2429.5705163407447,0.007297393662018932,2382.958799655957,0.027000571382698776,2315.5679448144515,0.056889759727682024,2431.331456938244,2393.7273343162333,0.022380458184963807,7.82694293097468,82.87704153072079,49.9620700595774,46.55287272695075,3.409197332626647,86.12362293666504,85.84191026988297,84.51940678201343,2.034606997210951,-13.876377062773168,22.585710797991073,0.00922882782958995,0.20023958737838324,0.10464299059794907,0.09124224248160853,0.10894769979312913,547706.5,1.4181829136590465,13573718.0,13756340.178923845,55.403501893330414,-0.0029828989835637785,2440.0,0,0.01019408287469099
2026-07-29 15:15:00+05:30,2447.199951171875,2447.5,2438.199951171875,2440.0,296071,0.0,0.0,-0.002982898983563742,-0.0011462456083821682,-0.006352865709339017,0.01836393989983298,0.055911350372956914,-0.002987356693542888,-15.60009765625,44.0,-11.10009765625,-4.09012602675713e-05,2447.7571847098216,-0.0031690989442394357,2424.628592354911,0.006339695775901687,2382.7047758556546,0.024046295925917234,2293.75201171875,0.06375928502035401,2431.6564130725956,0.0034312359602063185,2388.1443633235976,0.0217137780582966,2320.4476332531003,0.05152125177642745,2434.7524065290177,2394.995091619662,0.01879123198949172,6.055895872056356,80.32857186457454,48.071048427835194,46.85650786712765,1.2145405607075475,78.42212443377467,84.047684649435,70.31389205193848,1.5904717459930704,-21.577875565551025,22.964285714285715,0.009411592505850944,0.18407470835038295,0.09800372304037194,0.08540553650538589,-0.6188326201033025,562510.05,0.5263390405202528,13277647.0,13710750.35235967,52.34667506458503,0.018155757716444672,2484.300048828125,2,0.010901784172101145
2026-07-30 09:15:00+05:30,2436.199951171875,2493.60009765625,2436.199951171875,2484.300048828125,0,0.0,0.0,0.01815575771644462,0.014124218616936357,0.015201646719520623,0.03374671242678051,0.08295555746648864,0.017992910075197693,37.199951171875,81.10009765625,52.800048828125,-0.001557397060706329,2452.4000418526784,0.013007668582216515,2430.757167271205,0.022027244135211434,2390.9666806175596,0.03903582971989362,2298.4160107421876,0.08087484477008677,2442.1851402237016,0.01724476490776962,2396.8857892785545,0.036469931083301675,2326.8732181776113,0.06765595539139063,2442.7086007254466,2400.0907570356917,0.03508587812587703,6.910437380791159,73.93975228406423,49.57556758665896,47.40031981103391,2.175247775625053,90.93563355057115,85.16046030700363,102.97971384336397,2.869567239258646,-9.064366448454187,19.564296177455358,0.007875174412477351,0.18774028940118173,0.10809591998832002,0.09260755325009361,-1.0,533602.85,0.0,13277647.0,13669502.414039701,52.34667506458503,-0.008372599291271857,2463.5,0,0.004219492739970091
2026-07-30 10:15:00+05:30,2483.300048828125,2490.39990234375,2460.800048828125,2463.5,616674,0.0,0.0,-0.008372599291271876,0.006619519817209207,0.008473862272028843,0.027314428690575543,0.07006344029588707,-0.00840784637842754,20.699951171875,65.5,-16.5,-0.00040252786714362857,2453.5285993303573,0.004064106149958919,2435.164306640625,0.01163604988874579,2399.038109188988,0.026869890296480892,2302.9260107421874,0.06972607392019212,2446.4481121789613,0.006970059056696784,2402.941626616868,0.025201766331863804,2332.231131190254,0.056284673956262916,2447.0743117559523,2409.68498335899,0.02233280159548991,5.026931094192863,65.68377388654525,48.530095025811534,47.62627485398944,0.9038201718220904,70.16843017010598,79.84206271815061,99.01377516843232,2.8171953255413955,-29.831569828902943,20.685721261160715,0.008396882996205527,0.19286775602663486,0.10967341418986612,0.09375993628299957,inf,534474.65,1.153794665471971,12660973.0,13573451.993654966,49.46861049168375,-0.00308508124873148,2455.89990234375,0,0.004271405653901189
2026-07-30 11:15:00+05:30,2463.5,2464.5,2446.800048828125,2455.89990234375,553034,0.0,0.0,-0.003085081248731525,0.006516353419569576,0.0025309022718922325,0.02414508021007089,0.06885144036809066,-0.00308984992224297,6.199951171875,57.89990234375,-14.5,0.0,2454.785714285714,0.0004538840402855808,2438.0857282366073,0.007306623348318355,2406.357154482887,0.020588277084533178,2307.5320068359374,0.06429722104318229,2448.3384702119192,0.00308839330175341,2407.7560153193117,0.019995334543078096,2337.0808869217635,0.05084078008888926,2449.8390578497024,2416.2247021410635,0.016420327201982953,1.8006579464357786,60.70117253428207,46.551667479625394,47.41135337911663,-0.8596858994912395,62.636134211198126,74.58006597729177,69.98227113411147,2.192907466819602,-37.36386578781079,20.778581891741073,0.00846067947309371,0.19332988845955,0.11013858505069739,0.094365450100581,-0.10319877277135081,541200.25,1.02186575117066,12107939.0,13433879.327592589,38.132723216351444,0.002035913595349846,2460.89990234375,2,0.013264175923157685
2026-07-30 12:15:00+05:30,2455.699951171875,2462.0,2453.0,2460.89990234375,384933,0.0,0.0,0.0020359135953498253,-0.00941921105520771,0.005557084641965915,0.0037114990351576616,0.07214736635420405,0.0020338439318938646,13.599853515625,9.099853515625,7.39990234375,-8.14166618452561e-05,2457.371407645089,0.0014358817261737073,2442.721435546875,0.007441891053286546,2414.1285807291665,0.019373997718231412,2312.1900048828124,0.0643156043174792,2450.8507566382855,0.004100268316314926,2412.5872777760787,0.020025233910785513,2341.936534585371,0.05079700751984294,2452.880947730655,2420.4622727505766,0.016706572975088745,2.0828072388047776,68.3229436865105,44.8699744735859,46.90307759801049,-2.033103124424592,67.59152840453038,66.79869759527817,68.5262865705409,2.62301511024703,-32.40847159447854,20.000017438616073,0.008127115377411336,0.19269803159029972,0.11016475163958993,0.09432055488649468,-0.30396142009352045,547966.8,0.7024750404586542,12492872.0,13344259.582107581,45.79160966146725,-0.007883255359258465,2441.5,0,0.014011186962218454
2026-07-30 13:15:00+05:30,2460.89990234375,2460.89990234375,2441.0,2441.5,357350,0.0,0.0,-0.00788325535925849,-0.008930383600568303,0.0006147540983607591,-0.005742017061209581,0.06337108013937276,-0.007914492491953811,1.5,-14.10009765625,-12.099853515625,0.0,2456.1999860491073,-0.005984849007652202,2445.4571533203125,-0.0016181650596241558,2421.0904831659227,0.008429886026969343,2316.60400390625,0.05391339904580018,2448.9806053106286,-0.0030545792377464206,2415.2157070691624,0.010882793140958186,2345.8409842094743,0.04077813305948403,2452.718089657738,2426.3758425821666,0.006233229474347206,1.3481330227743002,60.11622792714306,41.493499430338034,45.821161964476005,-4.327662534137971,48.36469571944411,59.53078611172422,44.02840191127832,1.8140116763962413,-51.63530427956481,20.664289202008927,0.008463767848454009,0.1966820968149899,0.1113859785392174,0.09470018538005442,-0.0716566259582837,544016.2,0.6568738210369458,12135522.0,13229141.717144955,47.08872793755076,-0.004792115982746262,2429.800048828125,0,0.014709003558135342
2026-07-30 14:15:00+05:30,2441.5,2442.10009765625,2423.300048828125,2429.800048828125,823146,0.0,0.0,-0.0047921159827463145,-0.010627409321820047,-0.021937768759336618,-0.007069612250309776,0.05827528259064674,-0.0048036349855408965,-54.5,-17.300048828125,-56.0,0.0,2453.6999860491073,-0.009740366530895956,2447.728585379464,-0.007324560679815931,2427.4619140625,0.0009632014212371436,2320.66400390625,0.047027938873583225,2445.144494014128,-0.0062754758352977225,2416.541556319977,0.005486556799930632,2349.1334965474607,0.03433885404945534,2450.6304757254466,2429.49093170858,0.00012723534610092834,-0.5353584674224817,58.1205415938802,37.44192316986164,44.145314205553134,-6.703391035691496,36.76912169956808,50.90844860784754,-3.1495830306948083,-0.8972999250288074,-63.23087829944084,21.392857142857142,0.008804369377293394,0.19842734710647258,0.11253646461988345,0.0959841566337378,1.303472785784245,573169.95,1.4361290224653238,11312376.0,13046592.60122639,47.048469315130546,0.0017285171979071307,2434.0,2,0.014816859047391027
2026-07-30 15:15:00+05:30,2429.800048828125,2436.5,2429.699951171875,2434.0,308526,0.0,0.0,0.00172851719790712,-0.010930920968435398,-0.011974832555307513,-0.0036024433650828636,0.014800917239941702,0.0017270250312983674,-29.5,-8.800048828125,25.0,0.0,2452.842843191964,-0.007682042591622272,2450.3000139508927,-0.006652252319340959,2434.0333426339284,-1.3698511579281368e-05,2324.9280029296874,0.0469141396777973,2442.915595211303,-0.003649571531974288,2418.1286875636156,0.006563468899733779,2352.46159472207,0.03466088690282259,2448.799997674851,2429.5933825976313,0.00181372629425568,-2.2498323071767876,58.99999999587,34.17596154166313,42.15144367277513,-7.9754821311120025,23.09664818518585,36.07682186806603,-7.721462831463886,-0.8796260301853481,-76.90335181352383,21.407139369419642,0.008795044934022533,0.12275872824923813,0.08850572264191592,0.08594646894818861,-0.625186783389581,588596.25,0.5241725546161727,11620902.0,12910812.543966733,52.61119115254147,-0.030320480208761297,2360.199951171875,0,0.014447926424020574
2026-07-31 09:15:00+05:30,2380.0,2382.89990234375,2330.800048828125,2360.199951171875,0,0.0,0.0,-0.030320480208761325,-0.033299221309901705,-0.03896736633302733,-0.03653508665711713,-0.017320383383515714,-0.030789654043954635,-95.699951171875,-89.5,-66.199951171875,-0.022185702547238215,2435.1142578125,-0.030764185458751692,2443.757149832589,-0.0341921040175388,2432.2095307849704,-0.029606651360265603,2327.732001953125,0.01394831930458206,2426.3724664034175,-0.027272200021953758,2412.86243880073,-0.021825731455709624,2352.765059680886,0.0031600654134136263,2436.7866559709823,2432.8399805465547,-0.02985812053217356,-7.807413325021661,29.18179598535889,25.34050666670919,38.78925627156194,-13.44874960485275,18.058902657092048,25.97489084728201,-213.9149854644746,-3.5511480126035515,-81.94109734229372,23.492850167410715,0.009953754196010472,0.1649641223798359,0.09950612467530554,0.0996164693337704,-1.0,531734.45,0.0,11620902.0,12787963.920731805,52.61119115254147,0.005635136472874396,2373.5,2,0.00444016825916104
2026-07-31 10:15:00+05:30,2360.39990234375,2376.800048828125,2358.199951171875,2373.5,455694,0.0,0.0,0.005635136472874391,-0.023170650957587302,-0.03551542354912962,-0.030155701121921563,-0.017184265010351973,0.005619318487854848,-87.39990234375,-73.800048828125,8.300048828125,8.471789509852184e-05,2422.2571149553573,-0.02012879419542372,2437.8928571428573,-0.026413325324845312,2430.8619094122023,-0.02359735416893721,2330.912001953125,0.018270959183002675,2415.797973122734,-0.017508903307854446,2409.284035273391,-0.01485255982668546,2353.5781945953613,0.008464475686585498,2427.4190359933036,2432.5182821597764,-0.024262215249355155,-11.531314116342163,32.11326848251815,19.19033358952447,34.86947173515445,-15.679138145629977,26.228463369008498,22.461338070428813,-157.82837634405607,-2.8369104078469984,-73.77153663037726,23.900006975446427,0.01006952052893885,0.1650355927118457,0.09985649500468896,0.10007587522207514,inf,496103.35,0.9185465085047281,12076596.0,12720214.594947824,50.13446576088589,0.0031177174399620814,2380.89990234375,2,0.003419760583760554
2026-07-31 11:15:00+05:30,2372.89990234375,2384.0,2370.0,2380.89990234375,379930,0.0,0.0,0.003117717439962142,-0.02181598095983972,-0.02482084687947983,-0.02422135149846316,-0.0063022110418405886,0.003112867436955692,-60.60009765625,-59.10009765625,26.7998046875,-0.00025283238097735294,2411.5428292410716,-0.01270677282847694,2433.1642717633927,-0.02148000035433017,2429.2380952380954,-0.019898499446834902,2334.2660009765623,0.01997797223952112,2408.8183589669375,-0.011590104550327813,2406.703659552514,-0.010721617971674681,2354.649634114906,0.011148269300243568,2419.8199753534227,2432.9546086546384,-0.021395675088098705,-14.353540283929368,35.507831955460176,14.743434259157311,30.844264239955024,-16.100829980797712,30.77385656573717,25.020407530612587,-124.47407033792224,-2.808509213350178,-69.22614343364859,23.992867606026785,0.010077226506833912,0.1634078110209936,0.09908564213886602,0.10025522172509448,-0.16626069248223585,474080.05,0.8014047416675711,12456526.0,12695101.395428983,58.53941054061318,-0.0009659392590323011,2378.60009765625,1,0.011193609970786524
2026-07-31 12:15:00+05:30,2380.0,2385.0,2377.699951171875,2378.60009765625,285903,0.0,0.0,-0.0009659392590323224,0.007796011721481033,-0.021071672624489612,-0.04254717590241763,-0.010236290785387792,-0.0009664060789957556,-51.199951171875,-105.699951171875,9.400146484375,-0.0003779673151583404,2399.785714285714,-0.00882812848803094,2428.5785609654017,-0.02057930680622654,2428.4095284598216,-0.020511132994582612,2337.4200048828125,0.01761775491242298,2402.7747067048003,-0.010061121827644707,2404.1487902892172,-0.010626918240731314,2355.5888679792724,0.009768780108350503,2412.544752139137,2433.291686365922,-0.02247638004769189,-13.237702544691725,35.82154414643483,10.907919774435413,26.8569953468511,-15.949075572415687,29.361200547486295,28.787840160744,-111.26223553830333,-2.80717320316908,-70.63879945189946,23.871442522321427,0.01003592093762759,0.1629610249191522,0.09885341408471403,0.10014144434341139,-0.24748506303792805,460143.35,0.6213346340873978,12170623.0,12645151.072054796,65.71839014767481,-0.006096022620316695,2364.10009765625,0,0.01093083316870758
2026-07-31 13:15:00+05:30,2378.60009765625,2378.60009765625,2361.800048828125,2364.10009765625,510589,0.0,0.0,-0.006096022620316721,-0.003960354895196971,-0.02871811928666801,-0.040349057172214375,-0.014136739926501218,-0.00611467922557835,-69.89990234375,-99.39990234375,-18.699951171875,0.0,2388.728585379464,-0.010310291371713761,2422.464285714286,-0.02409289928532526,2426.547630673363,-0.025735135889237933,2340.6020068359376,0.010039336355208666,2395.0397848950906,-0.012918235193401165,2400.5080000498565,-0.015166749035135547,2355.922641692095,0.0034710205757342355,2403.9476236979167,2432.6390269230774,-0.028174722393355108,-13.11782867580895,31.709413924357705,6.621885123733591,22.809973302227597,-16.188088178494006,20.454569312246797,26.8632088084901,-125.87487407777232,-3.1106517353983154,-79.54543068713896,24.050013950892858,0.01017301000694754,0.16409880139149852,0.09970967678589077,0.10052294188285282,0.7858819249885451,444276.25,1.1492601731467726,11660034.0,12551330.398525769,55.810005048589005,0.00033831253096809226,2364.89990234375,1,0.009776896896490962
2026-07-31 14:15:00+05:30,2364.10009765625,2369.60009765625,2357.800048828125,2364.89990234375,849293,0.0,0.0,0.0003383125309681656,-0.006720148118889657,0.00199133601775614,-0.03705362743536722,-0.013803210031797297,0.0003382553161878149,4.699951171875,-91.0,74.599853515625,0.0,2379.4571358816966,-0.006117880132581723,2416.5785609654017,-0.02138505217930311,2424.971435546875,-0.024772058063254263,2343.71400390625,0.00903945549763344,2389.011808384823,-0.01009283669358022,2397.270900258392,-0.013503270703006212,2356.274691129415,0.003660528734957162,2396.272372581845,2428.172317204941,-0.02605762960595711,-12.173732768936853,32.27188733182416,3.252219772771241,18.898422596336328,-15.646202823565087,20.945849685472897,23.587206515068676,-122.20691670299426,-4.806188630099229,-79.05415031391286,24.300013950892858,0.010275282233636988,0.16412125981284428,0.10010391732190047,0.10106191049502165,0.6633593751530096,463368.75,1.8328663726243908,12509327.0,12547330.074856648,41.859031650268676,0.0007189290805987221,2366.60009765625,1,0.009623253333293336
2026-07-31 15:15:00+05:30,2364.800048828125,2367.60009765625,2363.800048828125,2366.60009765625,448399,0.0,0.0,0.0007189290805986737,-0.005044984237503436,-0.002907058076153324,-0.03831923622642652,-0.034749958999551245,0.0007186707748821217,-6.89990234375,-94.2998046875,-11.599853515625,-4.222314674967734e-05,2369.8285784040177,-0.0013623267004149934,2411.335710797991,-0.018552212759673305,2423.4762021019346,-0.023468810791841595,2346.8620068359373,0.008410418151050706,2384.5294662391084,-0.0075190383833373875,2394.482645476379,-0.01164449776772969,2356.679609032428,0.004209519438194219,2389.608577473958,2425.302965944653,-0.0242043444108493,-9.530635126159586,33.8183497436529,0.7107343543784737,15.260884947944758,-14.550150593566284,21.99019538728809,21.13020479500261,-101.00255089288652,-3.9334240853951963,-78.00980461209767,23.907156808035715,0.010101899696404957,0.1399395585806434,0.08749283593615427,0.08393024866492357,-0.4720326200734022,485788.7,0.9230329976798536,12957726.0,12586415.401060779,48.24518514668783,0.02277524724060034,2420.5,2,0.009604433763865107
2026-08-03 09:15:00+05:30,2383.60009765625,2421.199951171875,2383.60009765625,2420.5,0,0.0,0.0,0.022775247240600427,0.023856816553438076,0.016632407610781108,-0.008601269711243087,-0.014293898135022576,0.022519763164924923,39.60009765625,-21.0,46.5,0.007183300641637207,2378.44287109375,0.0176826315306417,2406.778564453125,0.005701162437428938,2421.9857235863096,-0.0006134320164815263,2351.106005859375,0.029515468025539247,2391.723572991287,0.012031669267159914,2396.847859523981,0.009868019107690345,2359.1823694625286,0.025991051531728263,2390.830482700893,2422.8533811163184,-0.00097132626128333,-3.7878754993304256,36.50589232588339,3.0111498476821907,12.810937927892246,-9.799788080210055,56.2030285087519,33.04635786050431,-20.98055989470507,-1.4414228491133632,-43.79697149062155,23.707135881696427,0.009794313522696399,0.16463909151051512,0.09296498947009266,0.0852974123234254,-1.0,446959.6,0.0,12957726.0,12621778.315245468,48.24518514668783,0.004131377814501136,2430.5,2,0.0029497781168733644
2026-08-03 10:15:00+05:30,2420.199951171875,2431.699951171875,2416.60009765625,2430.5,410924,0.0,0.0,0.004131377814501125,0.027739058888385237,0.021819515771015707,0.000288069453374451,-0.006783579336271939,0.004122867105761123,51.89990234375,0.699951171875,12.2998046875,-0.00012396150717821773,2386.5857282366073,0.018400458547877724,2404.4214215959823,0.010846093022535393,2420.790480840774,0.004010887863310619,2355.4880078125,0.031845626867415155,2399.4788583930294,0.012928282947128361,2399.9071450218007,0.01274751610354851,2361.9791392875277,0.029009934750360275,2393.9933407738095,2420.852350094572,0.003985228551855722,1.977109966616411,42.68615754624417,5.576875378359091,11.364125417985615,-5.7872500396265245,74.5699233973259,50.92104909778865,14.058266393065631,-1.235316491937966,-25.43007660192617,22.671421595982142,0.009327883808258719,0.16513591361811653,0.09325779158706451,0.08556853977469853,inf,434296.1,0.9461839514561587,13368650.0,12692908.951888757,46.27827539913123,-0.0002057189878625797,2430.0,1,0.0038837961818484084
2026-08-03 11:15:00+05:30,2430.10009765625,2436.60009765625,2426.300048828125,2430.0,285448,0.0,0.0,-0.0002057189878625909,0.026789444657987493,0.027875258923715895,-0.0016433853738702098,-0.0052399085362166975,-0.00020574015091605224,65.89990234375,-4.0,14.0,-0.00016453501080017916,2393.600027901786,0.015207207417233777,2402.5714285714284,0.011416339636099478,2419.9761904761904,0.004142110803922024,2359.680009765625,0.02980064667383848,2405.5830867144236,0.010150101827875395,2402.642859110728,0.011386270242172515,2364.6466240213504,0.027637692378525952,2397.403817894345,2419.7084480762983,0.0042532198174037835,8.013472944630522,44.07323564424516,7.483619023438223,10.588024139076136,-3.1044051156379133,75.60974701977187,68.79423297528324,24.481900365237152,-0.47102191275835714,-24.39025297946594,22.142857142857142,0.009112286890060918,0.16504472898457498,0.09336496415059894,0.08582223496940897,-0.3053508678003718,422154.95,0.676168785892477,13083202.0,12730079.718375543,53.86018246796829,0.0016048980838477367,2433.89990234375,2,0.008511332547016175
2026-08-03 12:15:00+05:30,2430.0,2439.699951171875,2430.0,2433.89990234375,353898,0.0,0.0,0.0016048980838476723,0.005536005925945053,0.02917671057942761,0.03122614723184025,-0.006449789420360119,0.0016036116111723283,69.0,73.699951171875,3.10009765625,0.0,2401.5,0.013491527105449307,2400.6428571428573,0.013853391437183591,2419.5523739769346,0.0059298275669176365,2363.646005859375,0.029722681107995516,2411.246449840289,0.009394913782020037,2405.484408495548,0.01181279485655115,2367.3624388575226,0.02810615831106533,2401.5809477306548,2417.8224116864903,0.0066495746666681635,8.873395411382349,43.79023165064763,9.20332640784818,10.311084592830547,-1.107758184982366,79.24670991458899,76.47546011056227,33.16291734611867,0.16873213569983433,-20.753290084642384,22.192853655133927,0.009118227760210665,0.16480379294651842,0.09292012030693791,0.0852602881532715,0.23979849219472538,404828.0,0.8741934846403884,13437100.0,12797414.983292159,53.56188048236941,0.0008628529276112335,2436.0,1,0.008609791898512622
2026-08-03 13:15:00+05:30,2434.300048828125,2441.0,2434.0,2436.0,313006,0.0,0.0,0.0008628529276111241,0.002262908866488278,0.02932472723738999,0.02633242047609019,-0.004617353247525102,0.0008624808840209998,69.39990234375,62.5,0.39990234375,0.00016440548109209843,2411.771414620536,0.010045970871276066,2400.25,0.014894281845634873,2418.8999953497023,0.007069330969930601,2367.856005859375,0.02877877454202062,2416.197159872231,0.008195870956494218,2408.258553177771,0.01151929753788767,2370.054107921934,0.027824635672921334,2406.2952334449405,2415.347881828128,0.008550370042857955,9.853193391061565,48.62568447015111,10.613323443336412,10.37153236293172,0.24179108040469188,94.51923182296599,83.12522958577563,39.751040490470956,0.08216926869347488,-5.48076817613554,21.278581891741073,0.008735050037656953,0.1648286472874375,0.0928413689332331,0.08515956728946013,-0.11554741761750564,381640.9,0.8201584264160344,13750106.0,12888147.461073859,59.8860434929332,0.007142817054084565,2453.39990234375,2,0.008627656215775749
2026-08-03 14:15:00+05:30,2436.0,2462.699951171875,2433.0,2453.39990234375,807468,0.0,0.0,0.007142817054084594,0.009629589441872533,0.01359219266422218,0.030450671163718912,0.0054917632556352736,0.007117427964408174,32.89990234375,72.5,-36.5,0.0,2424.4142717633927,0.011955725107682502,2401.935703822545,0.021426134945777848,2419.1904645647323,0.01414086169736891,2372.12400390625,0.034262921459260236,2423.6377083665348,0.012279968195932167,2412.3623121928595,0.01701137094683343,2373.3225704482797,0.033740601843394294,2413.381887090774,2417.7884963463416,0.014728916963253024,11.593920979234406,55.73369871084934,12.985098818296592,10.894245654004695,2.0908531642918966,92.94916170232088,88.90503447995862,63.26478633491715,3.9488159096673283,-7.050838296920975,22.057146344866073,0.008990440703851719,0.16645570668183612,0.09603473981284577,0.08879181443155056,1.579720516539619,407210.75,1.9829240755554662,14557574.0,13047140.464781111,75.22724292189324,0.008274251910066607,2473.699951171875,2,0.007981965753258578
2026-08-03 15:15:00+05:30,2451.199951171875,2473.699951171875,2451.199951171875,2473.699951171875,112821,0.0,0.0,0.008274251910066699,0.01635237701838066,0.0177741004615819,0.039981438497934674,-0.004266834701086242,0.008240207951008308,43.199951171875,95.099853515625,10.300048828125,-0.0008966948966503482,2439.7142508370534,0.013930197080722592,2404.771414620536,0.02866323848172789,2420.7952241443454,0.021854276024609823,2376.72400390625,0.04080235951090665,2433.650156927603,0.016456676868797402,2417.9384611909513,0.023061583607647065,2377.2589383197933,0.040568156584660495,2422.950453404018,2418.4499720556487,0.0228452024042663,13.418167677771702,58.94547370573894,16.31472616880501,11.978341756964758,4.3363844118402515,99.99999999930021,95.82279784152905,96.34603016304806,4.2216115935046465,-0.0,23.178571428571427,0.00937000116670641,0.15577023360880082,0.0844835027595401,0.08029624314175908,-0.8602780543625258,412851.8,0.27327239459777025,14670395.0,13201736.134801958,74.29178031984067,-0.013097749518247383,2441.300048828125,0,0.006644529509113623
2026-08-04 09:15:00+05:30,2457.699951171875,2463.60009765625,2435.60009765625,2441.300048828125,0,0.0,0.0,-0.013097749518247381,0.00217571790973925,0.004650225855195478,0.032655111028678796,-0.009011549085396808,-0.013184281452380367,11.300048828125,77.199951171875,-31.89990234375,-0.0064680439486663665,2442.6856863839284,-0.0005672598662720813,2410.564278738839,0.01275044617576155,2418.747605096726,0.009324016976334185,2380.6920068359377,0.025458161668175227,2435.180135307707,0.002513125592510653,2420.0622418852395,0.008775727572334009,2379.7703544181595,0.025855307549195558,2427.8209379650298,2414.1627832424033,0.011240859884876142,10.92390374972808,72.46546177984345,16.15287816621094,12.813249038813995,3.339629127396945,72.044926967777,88.33136288979938,62.78943581137171,2.5368620673591495,-27.955073031360183,18.528564453125,0.007589630148908369,0.15991900300888065,0.08415184972116355,0.08039705681389624,-1.0,382018.1,0.0,14670395.0,13341608.407677962,74.29178031984067,0.0038094657117584614,2450.60009765625,2,0.00317588999663134
2026-08-04 10:15:00+05:30,2441.0,2452.89990234375,2439.0,2450.60009765625,330381,0.0,0.0,0.003809465711758442,-0.001141193771478255,0.0068614963566984155,0.03623840282946711,-0.0021579888831960714,0.003802228072456416,16.7001953125,85.7001953125,5.400146484375,-0.0001229053463825173,2445.55712890625,0.0020620940277332033,2416.0714285714284,0.014291245149661545,2418.133324032738,0.013426378645389755,2384.9040087890626,0.02754663861734089,2438.264127777416,0.005059324680330566,2422.838410591695,0.011458332071664613,2382.5479914078887,0.028562743119444803,2433.159047154018,2412.5482772556907,0.015772459668176288,8.012793954205518,71.84144785595569,16.5838800289157,13.567375236834337,3.0165047920813635,80.06913461590905,84.0380205276621,65.60726857580732,3.0269905425008106,-19.93086538322814,18.192836216517858,0.007423829058812996,0.16025821223329495,0.08361934189905332,0.07944378927136816,inf,370885.45,0.890789865172654,15000776.0,13499624.36885149,73.72235646259941,0.0001223392946840787,2450.89990234375,1,0.004224043180736442
2026-08-04 11:15:00+05:30,2450.300048828125,2459.699951171875,2446.39990234375,2450.89990234375,307912,0.0,0.0,0.00012233929468408178,-0.009216982365756965,0.006116544476087782,0.0356206377118744,-0.004063554145569248,0.00012233181184286067,14.89990234375,84.2998046875,-1.80029296875,-0.00012243891951683336,2448.5428292410716,0.0009626431992647873,2421.0714285714284,0.012320360903151773,2417.8952287946427,0.013650166953489964,2389.3320068359376,0.02576782771571275,2440.791282690683,0.0041415338233751625,2425.389455296427,0.010518082772894129,2385.228458503413,0.027532559242360474,2437.802843656994,2411.8004760643407,0.016211716793089307,4.091583148704387,70.6612284840573,16.756485508625246,14.205197291192519,2.5512882174327274,80.32781014663401,77.4806239101067,76.64368063793181,3.671579083031041,-19.672189852503173,18.142839704241073,0.0074025216969832225,0.1600702347077786,0.08405257303785069,0.0802091229822659,-0.06800935889170379,367034.4,0.8389186408685375,15308688.0,13671916.143246586,73.39972502698612,0.0005712785263225421,2452.300048828125,1,0.006831590699699551
2026-08-04 12:15:00+05:30,2450.89990234375,2455.60009765625,2445.89990234375,2452.300048828125,226819,0.0,0.0,0.0005712785263225495,0.0045057960021261945,-0.0004482976927545623,0.013137801622856937,0.00442353013644281,0.0005711154088659411,-1.099853515625,31.800048828125,-15.999755859375,0.0,2451.1714215959823,0.0004604440237016721,2426.335710797991,0.01070104928785144,2417.4857119605654,0.014401051760223653,2393.636005859375,0.024508339123042067,2443.0930359181716,0.003768588741643812,2427.8358728902176,0.010076536149362488,2387.8587169475195,0.02698707901904517,2441.9666596912202,2411.257806512488,0.01702109256205216,3.1124641594501723,71.86945339352877,16.812453219303734,14.726648476814763,2.085804742488971,81.53587543059791,80.64427339771368,73.79390304838884,3.6957228674972473,-18.464124568539265,18.314278738839285,0.0074682046952548155,0.1574481285169601,0.08268278566601901,0.08012603569719626,-0.26336420795551974,360507.85,0.6291652179002465,15535507.0,13849400.986746911,68.47764842779023,0.0011418051512346757,2455.10009765625,1,0.006982872922950311
2026-08-04 13:15:00+05:30,2452.89990234375,2458.89990234375,2452.300048828125,2455.10009765625,501030,0.0,0.0,0.0011418051512346317,0.001836284918254938,-0.007519041873616739,0.01012141438232872,0.010412399506011694,0.001141153787506097,-18.599853515625,24.60009765625,-17.5,0.0002446085322680665,2453.9000069754466,0.0004890544347331103,2432.835710797991,0.009151619552208478,2418.1333356584823,0.015287313339024769,2397.746005859375,0.0239200030598298,2445.4944482657875,0.003927896625269549,2430.3144387780385,0.010198539943112683,2390.495633838058,0.02702555189964491,2445.8019112723214,2412.024188531284,0.017858821370766498,2.6155023539548545,79.0178932809377,16.8880733752776,15.15893345650733,1.7291399187702687,83.95179535069943,81.93849364264379,77.61839116753205,3.7395418046170166,-16.048204648437764,17.585693359375,0.007162923163970356,0.15632379097471175,0.08122719920285566,0.07872631377723997,1.2089419316723906,344402.05,1.454782281348205,16036537.0,14057699.654675778,78.6175949320104,-0.004928555730905352,2443.0,0,0.006908226034910478
2026-08-04 14:15:00+05:30,2455.60009765625,2455.60009765625,2440.39990234375,2443.0,597421,0.0,0.0,-0.004928555730905337,-0.0032232660078020947,0.0006963302903675306,0.005349794238683092,0.003697617091207972,-0.004940741115754522,1.699951171875,13.0,20.2998046875,0.00020365768405007967,2452.414306640625,-0.0038387912740229855,2438.414289202009,0.0018806118461066647,2418.7619047619046,0.01002086860652426,2401.4600048828124,0.017297808430166782,2444.9955586126302,-0.0008161808742760155,2431.4676716163985,0.004742949502565342,2392.554628589507,0.02108431331417964,2447.1571498325893,2413.961228935318,0.01202951013321679,1.0168498131132775,73.23023565264471,15.78961330409993,15.285069426025851,0.5045438780740792,72.06553371032949,79.18440149720895,57.44528249477728,0.9295600082623716,-27.93446628876059,17.828560965401785,0.0072978145580820655,0.15744826927718716,0.08208271960376608,0.07922893634062919,0.19238568548789492,358846.8,1.6648358017961937,15439116.0,14189263.116135228,82.370721894454,0.006958657388456815,2460.0,2,0.006762171462259788
2026-08-04 15:15:00+05:30,2443.800048828125,2460.0,2443.800048828125,2460.0,172662,0.0,0.0,0.0069586573884568015,0.003139889499066184,0.003835755312643574,0.010723570690444939,0.04228457371951588,0.006934557668668006,9.39990234375,26.10009765625,7.699951171875,0.00032748621699740994,2450.4571707589284,0.0038943056646495743,2445.085710797991,0.00609969995576779,2420.0,0.01652892561982788,2405.57400390625,0.022624951884809556,2447.9964468901044,0.0049034193350810775,2434.0615196512713,0.01065646046301832,2395.199545115409,0.027054303269518083,2450.035244605655,2414.915944322449,0.018668995823033337,0.5622977824444689,75.46345475897773,16.105183182190558,15.449092177258795,0.6560910049317634,84.79470205759311,80.2706770395407,69.21580827838011,1.213742028388721,-15.205297941297005,18.771414620535715,0.007630656349808165,0.10994691279922297,0.06866626136165034,0.0600053331481312,-0.7109877289214808,367479.9,0.4698542695804574,15611778.0,14324740.72412235,81.33142340321353,-0.011097580824441056,2432.699951171875,0,0.004748072716884879
2026-08-05 09:15:00+05:30,2458.5,2460.0,2430.10009765625,2432.699951171875,0,0.0,0.0,-0.011097580824441011,-0.009123923910784426,-0.00742582394102298,-0.0013546998473419336,0.024942048102749137,-0.011159618379364189,-18.199951171875,-3.300048828125,-27.599853515625,-0.0006097560975607278,2449.228585379464,-0.00674850616485911,2445.9571358816966,-0.005420039670906706,2423.4523809523807,0.0038158662791039828,2409.1880029296876,0.0097592832994295,2444.937147746459,-0.00500511703781752,2433.9377406985986,-0.0005085543093505183,2396.6701492744864,0.015033275191532035,2448.3838099888394,2417.9179839986723,0.006113510578531147,-1.7427563392247836,53.89028933599331,13.99110801569077,15.157495344945191,-1.1663873292544213,28.19596290371817,61.6853995572136,36.497802988042004,0.1111091017232053,-71.80403709453051,17.007132393973215,0.006991052219889915,0.11851181650830823,0.07151336320081066,0.061329456022689355,-1.0,344695.2,0.0,15611778.0,14447315.702777363,81.33142340321353,0.002137522619413089,2437.89990234375,2,0.003862068324367498
2026-08-05 10:15:00+05:30,2433.5,2446.39990234375,2431.10009765625,2437.89990234375,369706,0.0,0.0,0.0021375226194131347,-0.0020876371904420266,-0.005872098111018853,-0.006317763355738637,0.023940527673544487,0.0021352413681778953,-14.400146484375,-15.5,3.7998046875,0.00032887279326793806,2447.4142717633927,-0.003887518974375986,2446.4857003348216,-0.0035094413140828954,2426.51904296875,0.004690199900954117,2411.73,0.010851091267985691,2443.5296986659173,-0.002303960670188975,2434.2979372117943,0.0014796730822850088,2398.2870023360265,0.016517164113020028,2447.3095121837796,2421.2082346012394,0.006893941423114627,-2.3993351480677574,52.43417839771988,12.590149411595121,14.644026158275178,-2.053876746680057,24.472315219674282,45.820993393661865,26.514817812926157,0.16434529604715928,-75.52768477821601,17.021414620535715,0.006981998975497178,0.11835888631232162,0.0716615599326139,0.06188676299300608,inf,344184.0,1.0741521976617128,15981484.0,14593426.969179519,72.74853571077914,-0.003486607465642155,2429.39990234375,0,0.003435875272406004
2026-08-05 11:15:00+05:30,2437.0,2437.89990234375,2428.10009765625,2429.39990234375,246036,0.0,0.0,-0.003486607465642111,-0.012439064087906515,-0.010468084513961196,-0.01790841642178087,0.0213570178263911,-0.0034926998467349835,-25.7001953125,-44.300048828125,-11.300048828125,-0.00036913014471368663,2444.342843191964,-0.0061132753491710485,2446.4428362165177,-0.0069664141015115645,2428.828566778274,0.0002352309147260078,2414.437998046875,0.006196847593092985,2440.7037394014837,-0.004631384332004618,2433.852661314699,-0.0018295104883391243,2399.5071160618195,0.012457886072444519,2445.03140578497,2423.2923958029696,0.0025203341335761943,-1.8586039428513137,49.812469478063285,10.670992107399343,13.849419348100012,-3.1784272407006693,2.8504580327787927,18.50624538539043,2.882498560082247,-0.2709399694682796,-97.14954196502823,16.985682896205358,0.006991719592896799,0.11930787687091478,0.07187768591797282,0.06186417412238723,-0.3345090423201138,342190.65,0.7190026963039442,15735448.0,14702190.876876708,66.86704853835651,-0.0030047768917984864,2422.10009765625,0,0.0034487159916216366
2026-08-05 12:15:00+05:30,2429.39990234375,2430.699951171875,2414.0,2422.10009765625,547893,0.0,0.0,-0.003004776891798455,-0.004357238347671655,-0.008555015286021317,-0.00786464211193183,0.02453364815538084,-0.0030093002973721125,-20.89990234375,-19.199951171875,4.80029296875,0.0,2440.028564453125,-0.007347646276790984,2445.5999930245534,-0.009609051126644282,2430.8999953497023,-0.003620016335629943,2416.8360009765624,0.0021780942842453237,2436.983011052437,-0.0061071059292094635,2432.784246436658,-0.004391737079049649,2400.393115340032,0.009043094723729796,2441.7857073102678,2427.3011299177924,-0.0021427223006798618,-3.563644254618548,46.38928648939295,8.463451485366477,12.772225775553306,-4.308774290186829,13.568013871224613,13.630262374559244,-40.653538064585085,-1.2757726393314974,-86.43198612710034,17.485682896205358,0.007219223892983694,0.11732870693133743,0.07179191905804447,0.06283312401184349,1.226881431985563,344055.85,1.5924536670427154,15187555.0,14748416.03145988,56.2826817730897,-0.004954378232184468,2410.10009765625,0,0.0034517799910480165
2026-08-05 13:15:00+05:30,2421.89990234375,2423.10009765625,2410.0,2410.10009765625,407135,0.0,0.0,-0.004954378232184475,-0.011403177243156648,-0.020284513147865835,-0.016526564264293553,0.019112942271976907,-0.004966691851740129,-49.89990234375,-40.5,-29.0,-8.265360820291315e-05,2433.5999930245534,-0.009656433035688576,2443.75,-0.013769781010224545,2433.0904715401784,-0.009449041929528326,2419.08400390625,-0.003713763654130826,2431.6064283732,-0.008844494925656704,2430.7220510929847,-0.008483879688117127,2400.7737813132176,0.0038847126770632564,2437.0523879278276,2434.8215673650952,-0.010153298311542417,-5.04847958693015,42.52742886745855,5.6801823201230945,11.353817084467265,-5.67363476434417,0.1571392982364232,5.525203734079958,-93.87801408105119,-2.571041547923785,-99.84286070019373,17.914254324776785,0.007432991825605263,0.11935391743209008,0.07193310545402387,0.062133608369472404,-0.25690782689320724,321947.95,1.2645988272327833,14780420.0,14751464.028463699,48.43660283182404,0.003900212423911821,2419.5,2,0.0029005753103232396
2026-08-05 14:15:00+05:30,2410.0,2419.60009765625,2408.0,2419.5,601421,0.0,0.0,0.0039002124239118086,-0.004075040232857097,-0.005426049836321334,-0.012811580886564533,0.022352700144033344,0.0038926263139984203,-13.199951171875,-31.39990234375,36.699951171875,-4.1532572172956816e-05,2430.242850167411,-0.00442048421896039,2441.3285784040177,-0.00894127017440595,2435.690476190476,-0.0066471813018672615,2421.5680029296873,-0.0008539933329084685,2429.18514269856,-0.003986992398527859,2429.701864629986,-0.004198813351750708,2401.5081428303465,0.0074918992980974545,2433.819054594494,2437.7583769380235,-0.007489822252585046,-5.395961568159075,39.74593393532232,4.184676667423446,9.919989001058502,-5.735312333635056,17.503818183578666,10.409657117679915,-121.22729051394205,-0.8929688441443545,-82.49618181489926,16.621407645089285,0.006869769640455638,0.11979719702306159,0.07257824646962528,0.0625884450020053,0.47720289338917077,329599.05,1.8247048952355847,15381841.0,14811499.930514775,45.923572719003374,-0.0026865054763380862,2413.0,0,0.0015956489988218116
2026-08-05 15:15:00+05:30,2414.199951171875,2414.199951171875,2413.0,2413.0,168852,0.0,0.0,-0.002686505476338086,-0.003757110478239789,-0.010213668871232873,-0.01602579131656634,-0.0030985333608758436,-0.00269012060834151,-24.89990234375,-39.300048828125,-11.699951171875,-0.00219055541563249,2423.528564453125,-0.004344312094170201,2436.9928676060267,-0.009845276087978954,2437.8999953497023,-0.010213706631604601,2423.9080029296874,-0.004500172001783413,2425.948114158848,-0.005337341752394501,2428.1835132999877,-0.00625303368415779,2401.958803895823,0.004596746657879446,2430.0419108072915,2437.1500253619706,-0.00990912545827945,-5.610774081285395,29.966980528797478,2.4467770629730694,8.425346613441416,-5.978569550468347,8.992789960231343,8.884582480682157,-137.46518075592536,-1.5343220500233936,-91.00721003797011,15.478550502232142,0.006414650021643485,0.08889631952962544,0.06446313829553905,0.05935542748883872,-0.7192449216106521,338041.65,0.4995005792925206,15212989.0,14849736.984751463,42.82787336221257,-0.003605450133392043,2404.300048828125,0,0.0018864595783263818
2026-08-06 09:15:00+05:30,2419.0,2433.89990234375,2400.0,2404.300048828125,0,0.0,0.0,-0.003605450133392085,-0.00240655931003253,-0.010331709279896684,-0.02069164058794226,-0.010779654874254252,-0.0036119654338324677,-25.099853515625,-50.800048828125,-0.199951171875,0.002486531288851021,2419.471435546875,-0.006270537645473186,2434.35001046317,-0.01234414176510101,2437.1285691034227,-0.013470163491358718,2426.07400390625,-0.00897497563679316,2421.6185010927034,-0.00715160222667469,2426.0122892570907,-0.00894976522794353,2402.05061742258,0.0009364629492935102,2425.6828683035715,2437.854323108646,-0.01376385535527827,-5.616151751213193,35.52423452429355,0.36327811058527004,6.812932912870187,-6.449654802284917,7.166748046755554,11.221118730188536,-129.9083669478402,-1.9013364630290863,-92.8332519515778,15.178553989955358,0.006313086420867975,0.08820495909668674,0.06980844616962005,0.0665205746750104,-1.0,317495.45,0.0,15212989.0,14884332.414775133,42.82787336221257,-0.0006238821983683409,2402.800048828125,1,0.00270554103375382
2026-08-06 10:15:00+05:30,2404.39990234375,2405.39990234375,2396.0,2402.800048828125,237178,0.0,0.0,-0.0006238821983682863,-0.006902232350433968,-0.007968311816179963,-0.01645515807281006,-0.011193395543981466,-0.000624076893849248,-19.300048828125,-40.199951171875,5.7998046875,4.153122056193771e-05,2414.4571707589284,-0.004828050823173007,2430.935721261161,-0.01157400921256261,2435.809523809524,-0.013551747235867441,2426.1600048828127,-0.009628365815801334,2417.854810639788,-0.006226495381529172,2423.9020855817303,-0.008705812367223622,2402.0800068894646,0.0002997576835887837,2421.476206752232,2436.7942634180763,-0.013950383542947887,-5.924566300313015,30.083272464085624,-1.3928909046539957,5.171768149365351,-6.564659054019347,10.625076293779296,8.928204766922079,-159.93502507811516,-2.018513192283883,-89.3749237046582,14.857125418526786,0.006183255001083675,0.08819724269235779,0.06972330342290249,0.06638048957893843,inf,315081.95,0.7527501972105963,14975811.0,14893044.660987025,36.20689574029687,-0.0011236686852873169,2400.10009765625,1,0.002742506353316651
2026-08-06 11:15:00+05:30,2402.800048828125,2406.5,2398.89990234375,2400.10009765625,144994,0.0,0.0,-0.001123668685287349,-0.005346001800144995,-0.004149205259036615,-0.024349553798272305,-0.01388709726926407,-0.0011243004742698378,-10.0,-59.89990234375,9.300048828125,0.0,2410.271484375,-0.0042200170332195135,2427.3071637834823,-0.01120874462579884,2434.385718936012,-0.014083890245105831,2426.126005859375,-0.010727352223362883,2414.3038680430805,-0.005883174266020404,2421.7382684975955,-0.00893497498173514,2402.002363390123,-0.0007919499842569721,2417.3647902715775,2436.093597923614,-0.01477508922400527,-4.5959415109117705,29.248429237703746,-2.968314119425031,3.5437516956072748,-6.512065815032306,6.406402587790525,8.06607564277514,-132.81023613804894,-2.2402345245508766,-93.59359741064696,14.449986049107142,0.006020576418130164,0.08784497468343365,0.06953189820453773,0.0661497011723852,-0.38867011274232854,304636.75,0.4759570209437946,14830817.0,14887118.217083499,33.67715489066869,-0.004374817537924139,2389.60009765625,0,0.014066441201037167
2026-08-06 12:15:00+05:30,2400.10009765625,2401.10009765625,2388.0,2389.60009765625,400465,0.0,0.0,-0.004374817537924125,-0.0061140252353444335,-0.012357884828993582,-0.017716880166361304,-0.019047578958846456,-0.004384415053985632,-29.89990234375,-43.099853515625,-19.89990234375,0.0,2405.6286272321427,-0.006662927683201057,2422.828595842634,-0.013714754004219528,2432.2762044270835,-0.017545748584449187,2425.6180078125,-0.014848962219206606,2409.3631139657145,-0.008202589387586006,2418.8166166029278,-0.012078848287266354,2401.5160000280102,-0.004961825101984036,2412.337181454613,2433.2488316575614,-0.017938458834709205,-5.11917350527175,26.159670118988416,-5.0063999529988905,1.8337213658860418,-6.840121318884933,2.2223578558719117,6.417945579147258,-140.90923635890434,-2.1858330881591543,-97.7776421427392,14.692836216517858,0.006148659029149952,0.08858571464342778,0.07023689204494175,0.06649203176046534,1.7619418734568328,309009.7,1.2959625539262964,14430352.0,14843616.672599357,32.40650506159042,-0.00016745332608894214,2389.199951171875,1,0.01401274748711569
2026-08-06 13:15:00+05:30,2389.60009765625,2393.699951171875,2385.0,2389.199951171875,296941,0.0,0.0,-0.00016745332608891772,-0.005660103787197279,-0.00986326101455659,-0.01997618980379623,-0.02616774831960511,-0.00016746734796248825,-23.800048828125,-48.699951171875,6.099853515625,0.0,2402.642892020089,-0.005595064040876294,2418.1214425223216,-0.011960313837780968,2430.047630673363,-0.016809415167781065,2425.4820068359377,-0.014958699162389573,2405.3304814069465,-0.0067061596565431755,2416.124192472832,-0.011143566785525893,2401.0330177199266,-0.004928323126219921,2407.8533621651786,2428.6041193209708,-0.016225027305025248,-4.701005825924288,24.477063801140318,-6.578058374603643,0.15136541778810475,-6.7294237923917475,5.599934895758667,4.742898446473716,-132.22729414043087,-2.8780507653697653,-94.40006510290799,14.842843191964286,0.0062124742571997085,0.08337973224120818,0.06576057867695957,0.06183599423039792,-0.2585094827263307,283483.35,1.0474724529676929,14133411.0,14775978.037113704,21.939445398834863,-0.006361941856067593,2374.0,0,0.013901019341977839
2026-08-06 14:15:00+05:30,2389.10009765625,2391.300048828125,2368.89990234375,2374.0,926450,0.0,0.0,-0.006361941856067643,-0.010874587139818592,-0.01260244071570582,-0.02280394524191065,-0.04030397911623995,-0.006382265251518746,-30.300048828125,-55.39990234375,-6.5,-4.179370402882405e-05,2396.142892020089,-0.009241056572136322,2413.19287109375,-0.01624108522911808,2426.2666829427085,-0.021542018983376987,2424.8980078125,-0.020989752001319903,2399.0643851255572,-0.010447566676804725,2412.2947204298475,-0.015874810032750854,2399.9728993779686,-0.01082216361055139,2401.9705031622025,2420.728181304911,-0.019303357421857383,-5.177785339755387,23.90311916864448,-8.94698277704083,-1.6683042211776824,-7.278678555863148,5.598344883710583,4.4735458784470685,-148.94407797552637,-2.412954838247687,-94.40165511519172,15.357125418526786,0.006468881810665677,0.07700390087297017,0.06593608235492529,0.06376858001752833,2.119980063379594,324164.8,2.857959901877061,13206961.0,14626547.843102874,20.444267611068838,-0.00042122999157540015,2373.0,1,0.013013339234085505
2026-08-06 15:15:00+05:30,2373.0,2374.89990234375,2373.0,2373.0,75808,0.0,0.0,-0.0004212299915753448,-0.0069468099170784114,-0.012402217505638413,-0.02027170458552141,-0.027976916995889334,-0.00042131873384972606,-29.800048828125,-49.10009765625,0.5,-0.0004212299915752227,2390.4286063058034,-0.007290996376055976,2406.978585379464,-0.014116696170810893,2421.4714471726193,-0.02001735235375,2424.3980078125,-0.021200317623942675,2393.8515081004457,-0.008710443413001397,2408.722473118043,-0.014830464495889503,2398.9151386180483,-0.010802857592105803,2396.6114536830355,2420.1838739265345,-0.01949598724082205,-5.509770556465987,12.564449504110698,-10.780789841320257,-3.4908013452061972,-7.289988496114059,4.500651219580446,5.232976999683246,-143.23887117040536,-2.6621233415420322,-95.49934877932186,14.278547014508929,0.006017086816056853,0.0650942786501997,0.06129196519090581,0.05886854538072701,-0.9181736737006854,327955.2,0.23115352340807455,13131153.0,14484129.286616886,16.929292387183395,0.028065780723240622,2439.60009765625,2,0.012667903024890225
2026-08-07 09:15:00+05:30,2379.300048828125,2452.0,2379.300048828125,2439.60009765625,0,0.0,0.0,0.02806578072324073,0.02109498891444983,0.016457646928381253,0.012240155514158024,-0.004488696466845132,0.027679154016152507,39.5,29.5,69.300048828125,0.0026548878331741866,2395.4714704241073,0.018421687662308693,2407.471452985491,0.013345389674674303,2421.3904971168154,0.007520307261926379,2425.230009765625,0.0059252474333385,2403.001226011607,0.015230483966657436,2411.5295298942438,0.011640150955657435,2400.510627207782,0.016283814787322885,2400.960988653274,2418.7349847965675,0.008626456801107053,-2.0329943310877514,52.21870009750814,-6.781846960797793,-4.149010468324517,-2.6328364924732766,85.07835406416254,31.725783389151204,9.792195860101556,0.41986481116819097,-14.921645934634084,17.785696847098215,0.007290414877494813,0.12251095436696136,0.0879014100225879,0.07742857806127768,-1.0,311436.15,0.0,13131153.0,14355274.402177183,16.929292387183395,-0.0039761415495183335,2429.89990234375,0,0.003249031898425808
2026-08-07 10:15:00+05:30,2439.800048828125,2439.800048828125,2421.699951171875,2429.89990234375,1015481,0.0,0.0,-0.003976141549518308,0.023546715393323536,0.016864664814429275,0.004298368399979324,-0.008568281381021725,-0.0039840674168858045,40.2998046875,10.39990234375,0.7998046875,8.196063447735277e-05,2399.3428780691966,0.012735580459901008,2406.9000244140625,0.00955580942140588,2420.4047735305057,0.003922950787851216,2424.7920068359376,0.002106529340830126,2408.3809612780356,0.008935023740715102,2413.1995637532896,0.0069204133969256966,2401.663147801349,0.011757166931690224,2403.951448567708,2418.9610360274555,0.004522134153204194,1.1548739345191061,47.49999999584375,-4.3452908034273605,-4.188266535345085,-0.15702426808227532,73.40544923496621,54.328151506236416,36.626453838216094,0.32202652132520354,-26.594550763830416,17.9857177734375,0.007401834847633866,0.12323095907216382,0.0885722768442054,0.07796878306811454,inf,346814.6,2.9280226380319547,12115672.0,14141978.935303167,34.97748288749372,0.0021811799008728135,2435.199951171875,2,0.0018615161866043094
2026-08-07 11:15:00+05:30,2429.89990234375,2438.5,2426.800048828125,2435.199951171875,312386,0.0,0.0,0.002181179900872854,0.02621152598899079,0.019253306939604364,0.009200145533309056,-0.006973085395655998,0.0021788045813652267,46.0,22.199951171875,5.7001953125,0.0,2404.3571428571427,0.01282788141784478,2407.3143136160716,0.011583712769897638,2419.657156808036,0.006423552328519362,2424.38400390625,0.0044613176989261255,2413.7447592568037,0.008888757534441415,2415.199598973161,0.008281034912066549,2402.978316560978,0.013409040934251003,2407.7247721354165,2418.5643083620116,0.006878313201075519,4.04240977434166,51.84950478553895,-1.9639931576211893,-3.743411859800306,1.7794187021791168,79.78335850047067,79.42238726653316,51.93542159969487,1.04144444208037,-20.216641498325956,18.121442522321427,0.0074414597920772485,0.12353171459359519,0.08876359479075985,0.0781322355349631,-0.6923763221566923,351092.95,0.8897529842168551,12428058.0,13978748.370036198,40.66636846821631,-0.0002463261857969143,2434.60009765625,1,0.0019003216888604684
2026-08-07 12:15:00+05:30,2435.199951171875,2439.89990234375,2429.60009765625,2434.60009765625,227674,0.0,0.0,-0.0002463261857968968,-0.0020495162321084726,0.025526578625210572,0.01260244071570571,-0.008349965046056673,-0.0002463565290747997,60.60009765625,30.300048828125,14.60009765625,0.0,2410.785714285714,0.009878266338400717,2408.2071707589284,0.010959574914392879,2418.8143019903273,0.0065262536495367994,2424.13400390625,0.00431745676317003,2417.915826936693,0.006900269452592019,2416.963280671623,0.007297097612388501,2404.218386407851,0.012636835081267169,2411.362876674107,2416.3714056001822,0.0075438287399914586,5.950160786841899,54.1638880253965,-0.1237739929779309,-3.0194842864358313,2.8957102934579004,79.0615139629358,77.41677389945757,63.107141147137185,0.624099923795981,-20.938486035860823,17.664289202008927,0.007255519795225013,0.12341185402451334,0.08903637085339701,0.07858433739489346,-0.2711773254883382,337425.15,0.6747392718059081,12200384.0,13809380.334794655,48.15775899452477,0.004600324785436841,2445.800048828125,2,0.0017435435280543153
2026-08-07 13:15:00+05:30,2434.800048828125,2453.300048828125,2434.800048828125,2445.800048828125,592457,0.0,0.0,0.004600324785436927,0.0065435397026183395,0.03067848665323436,0.017895787883378755,0.0011461517921100839,0.004589775632019934,72.800048828125,43.0,12.199951171875,8.21289591121793e-05,2418.8714425223216,0.01113271496467461,2410.757167271205,0.014536047857765449,2418.3714425223216,0.011341767366052137,2424.19400390625,0.008912671546522604,2423.4926713149794,0.009204639971546736,2419.584805049487,0.01083460423619707,2405.8490398360973,0.01660578379212556,2416.3752604166666,2416.200000203001,0.012250661626779654,8.017504142020606,61.95577343568901,2.212847086968395,-1.9730180117549865,4.185865098723381,91.11375949768095,83.31954398702915,100.34119072873627,1.3593057947829013,-8.886240501134216,18.064278738839285,0.007385836281869066,0.1234000363101466,0.0895133869653433,0.07952033335690925,1.6022163268533078,337176.95,1.7571100278355274,12792841.0,13712567.064814212,58.309000692174436,0.002248752919371008,2451.300048828125,2,0.0026338181709980694
2026-08-07 14:15:00+05:30,2445.800048828125,2456.39990234375,2444.10009765625,2451.300048828125,816913,0.0,0.0,0.0022487529193710998,0.00661140685737216,0.004795847968326994,0.021332423269293077,-0.0035365655170223054,0.002246228258708509,11.699951171875,51.199951171875,-61.10009765625,0.0,2429.914306640625,0.008801027315674004,2413.0285993303573,0.015860338127932905,2418.7666829427085,0.013450394415811315,2424.226005859375,0.011168118361613345,2429.054146817609,0.009158256945260831,2422.468009029363,0.0119019279888457,2407.631432345589,0.018137583641684944,2421.780977957589,2419.1063628304,0.013308090331358742,9.639059868360247,60.93535652472001,4.457061926390907,-0.687002024125808,5.144063950516714,94.1715959810666,88.1156231472278,124.45399454407826,1.9548308882199883,-5.8284040177905325,18.1142578125,0.00738965342947403,0.12103052456163327,0.08904367406381132,0.07996958127995965,0.3788561870312952,369389.5,2.2115219842469744,13609754.0,13702775.344355717,60.124480159736564,0.0005710856753008433,2452.699951171875,1,0.0034410081548932533
2026-08-07 15:15:00+05:30,2455.0,2455.0,2452.699951171875,2452.699951171875,74314,0.0,0.0,0.000571085675300953,0.00743442569194408,0.009383122657082854,0.02640603069003644,0.008221318042270553,0.0005709226679345147,22.800048828125,63.099853515625,11.10009765625,0.0015093832244821679,2441.3000139508927,0.004669617480781689,2415.8643101283483,0.015247396506948065,2418.4190615699404,0.014174917054973377,2424.33400390625,0.011700511241399971,2433.783307688462,0.007772525772383385,2425.216367405955,0.011332425483877655,2409.3988252407376,0.017971755226863697,2427.070491536458,2419.448551735863,0.013743379420960041,9.878118751433123,64.14823141029268,6.276230298928567,0.7056444404850671,5.5705858584435,95.77148437390547,93.6856132842177,128.3084407292215,2.0767396924295065,-4.228515624951674,17.914254324776785,0.007303891499736946,0.11390943914387469,0.08516547576641482,0.07743360474568389,-0.9090307046160362,373105.2,0.19917706855867942,13684068.0,13700993.692512315,62.690041315572415,0.0027316635973649497,2459.39990234375,2,0.0033855568711815194
2026-08-10 09:15:00+05:30,2454.39990234375,2468.0,2444.300048828125,2459.39990234375,0,0.0,0.0,0.002731663597364875,0.005560492781141679,0.009937562277064549,0.029382200153420746,0.008819065942506699,0.002727939385015515,24.199951171875,70.199951171875,1.39990234375,0.0006930938173102208,2444.1285574776784,0.006248175784102461,2419.8000139508927,0.016364942625231596,2419.6904878162204,0.016410947899105504,2424.722001953125,0.014301804645100516,2438.90662661952,0.008402648752743179,2428.3239614912095,0.012797279665042828,2411.3596517937967,0.019922474241532772,2432.8752371651785,2418.4571946287315,0.01692926705749981,9.643765124041495,69.92040276302566,8.164449712218811,2.1974054948318162,5.967044217386995,91.32180708136686,93.75496247877966,131.81343175838074,2.4707221480213613,-8.678192917624063,17.185686383928573,0.006987755983703192,0.11404675740995564,0.08658768045627503,0.07956327794934188,-1.0,354619.9,0.0,13684068.0,13699381.721796855,62.690041315572415,0.0003253024558399683,2460.199951171875,1,0.0025429889641045596
2026-08-10 10:15:00+05:30,2457.800048828125,2472.89990234375,2455.300048828125,2460.199951171875,355672,0.0,0.0,0.0003253024558400597,0.003630686642381642,0.010515013755347136,0.03631000470592882,0.01267804810497064,0.00032524955646805805,25.599853515625,86.199951171875,1.39990234375,-0.0006505056433074291,2448.4571358816966,0.004796006071776717,2423.9000069754466,0.014975842275650925,2420.752394903274,0.016295576677581292,2424.24,0.014833494691887102,2443.165291529991,0.006972372970806797,2431.2217787349064,0.011919181002086776,2413.274957651761,0.019444528428602743,2438.2618954613095,2420.191243682208,0.016531217354864482,7.386523107795741,70.85750784396436,9.614603293396613,3.6808450545447755,5.933758238851837,87.7885084877376,91.62726664766997,134.8360958806218,2.954463116436959,-12.211491511300851,17.771397181919642,0.0072235580581356046,0.11309443625690954,0.08749593507378026,0.08119332416942943,inf,360101.7,0.9876987528800865,14039740.0,13731796.79591144,68.0790061137508,-0.0039427491116137085,2450.5,0,0.002100320182733797
2026-08-10 11:15:00+05:30,2459.699951171875,2466.0,2443.5,2450.5,369662,0.0,0.0,-0.003942749111613741,-0.0008969507953159317,0.0019216416215737109,0.03265908133164763,0.011725321497336738,-0.003950542237864578,4.699951171875,77.5,-20.89990234375,-0.0002032355133417632,2450.6428571428573,-5.829374216683413e-05,2427.5,0.00947476828011968,2421.7571614583335,0.011868588229691158,2423.98,0.010940684329074102,2444.632233223993,0.0024002656498831572,2432.9743443044604,0.007203386972229937,2414.7347632340447,0.014811248552217883,2441.808561197917,2421.7736133047415,0.011861714297913559,3.306389085773468,67.4273403482352,9.867410099202061,4.918158063476233,4.949252035725828,78.4616323610244,85.85731597670963,92.96870187749813,2.565714468478554,-21.53836763801405,18.835675920758927,0.007686462322281673,0.11354500386012713,0.08843838523224581,0.08244966182971325,0.03933399311725405,351190.15,1.052597859023093,13670078.0,13725918.815348446,62.57985945183436,-0.005549927629565395,2436.89990234375,0,0.0031180068136076036
2026-08-10 12:15:00+05:30,2450.300048828125,2450.60009765625,2435.10009765625,2436.89990234375,255267,0.0,0.0,-0.00554992762956541,-0.009148573185905229,-0.0058744936146267746,-0.0011068188245664246,0.011119789055052953,-0.005565385698552072,-14.400146484375,-2.7001953125,-19.10009765625,-8.159607095487386e-05,2450.9714006696427,-0.005741192378679888,2430.8785574776784,0.0024770241390902445,2422.4619140625,0.005960047585239987,2423.6,0.0054876639477408,2443.0857670479445,-0.0025319883516273516,2433.3312132171227,0.0014665858503938114,2415.603984375602,0.008815980643302258,2443.0618815104167,2422.919704516118,0.0057699798311797845,2.291576243935196,66.01209956728255,8.868120916366479,5.708150634054283,3.1599702823121962,65.38461538398668,77.21158541091624,51.19588838502315,2.6495325334340145,-34.615384615051774,19.007097516741073,0.007799703836194797,0.11395083951642988,0.08871729490643929,0.08268118679000908,-0.3094583700786123,343596.75,0.7429261190625327,13414811.0,13696289.499600977,64.2042400724458,8.21516354887852e-05,2437.10009765625,1,0.002143434027636197
2026-08-10 13:15:00+05:30,2436.39990234375,2443.60009765625,2435.0,2437.10009765625,229924,0.0,0.0,8.215163548874749e-05,-0.009389421174738954,-0.006360277990045793,0.0029631653985231488,0.007274270575015507,8.214826122794019e-05,-15.599853515625,7.2001953125,-1.19970703125,-0.00020517871887922322,2449.7285505022323,-0.005155041705901723,2434.2999965122767,0.0011502695427777804,2423.747628348214,0.005509017998350756,2423.12400390625,0.005767799636941314,2441.888633169606,-0.001960996684413996,2433.6738390752253,0.0014078544651346051,2416.4469692101375,0.008546899108179006,2443.8914202008928,2424.1411128930295,0.005345804620981666,0.6067297321444705,66.23731090918098,8.000110830339963,6.166542673311419,1.8335681570285445,65.57711087677329,69.80778620726147,40.79384763514789,2.7012261970595444,-34.42288912226517,18.999965122767858,0.0077961365399116175,0.11327806863344028,0.0884437174805781,0.08272799528616942,-0.09928036134713847,325021.9,0.7074107929342586,13644735.0,13691379.547258027,64.95264668042168,-0.0025030148175351685,2431.0,0,0.002868347321837075
2026-08-10 14:15:00+05:30,2437.10009765625,2443.39990234375,2424.0,2431.0,394143,0.0,0.0,-0.002503014817535121,-0.007957559681697646,-0.011547492669527037,-0.0017246843200099393,0.007459593866556258,-0.002506152596154703,-28.39990234375,-4.199951171875,-12.800048828125,0.0,2446.828543526786,-0.006469003955612076,2438.371425083705,-0.003023093613988316,2424.2952473958335,0.002765650186942355,2422.91400390625,0.0033373021414339846,2439.7109065356844,-0.0035704666943716283,2433.430762795659,-0.000998903619047508,2417.0176762999363,0.005784948880250893,2443.451420665923,2424.918201600184,0.0025080427025538487,-1.1521957858451883,70.5924274212048,6.742259117082085,6.281685962065552,0.46057315501653306,58.058114811608775,63.0066136907896,21.757794824127267,-0.35252079488391075,-41.94188518739022,18.785661969866073,0.007727545030793231,0.11321390666615944,0.09005520336765144,0.08493126128316006,0.7142316591569389,336286.45,1.1720454392378843,13250592.0,13649399.7808525,71.96788203698024,-0.002180192854020979,2425.699951171875,0,0.0024671802779000513
2026-08-10 15:15:00+05:30,2431.39990234375,2431.39990234375,2425.699951171875,2425.699951171875,51836,0.0,0.0,-0.0021801928540209348,-0.004595983265912262,-0.014023250420587385,-0.0036556913363073873,0.00890067874605771,-0.002182572934446758,-34.5,-8.900146484375,-6.10009765625,0.00016450116978602858,2442.9714006696427,-0.007069853332309301,2442.1357073102677,-0.0067300748640574245,2424.9000069754466,0.0003298874980935292,2422.832001953125,0.0011837177387605362,2436.908715462923,-0.004599583160386857,2432.7279617389513,-0.0028889422399904054,2417.3581576674633,0.0034507892336720874,2441.761890811012,2424.938711964469,0.00031392100907536106,-3.220204979091995,68.46523786285042,5.257131980894428,6.076775165831328,-0.8196431849368997,49.57262281987284,57.73594950275165,4.6106400290547915,-0.1728446166783342,-50.42737717905877,19.057094029017858,0.007856327828099006,0.11265753965076995,0.08509362899470885,0.07850246884499475,-0.8684842810857988,338878.25,0.1529634905751545,13198756.0,13606481.325533215,72.30745352623799,0.002803334693080998,2432.5,2,0.0020718720518555027
2026-08-11 09:15:00+05:30,2437.800048828125,2456.0,2431.199951171875,2432.5,0,0.0,0.0,0.0028033346930809167,-0.0018875292240453367,-0.0073454397061823995,-0.005437913387276949,0.012360558751594919,0.0027994126784834884,-18.0,-13.300048828125,16.5,0.004988291173605111,2439.1285574776784,-0.002717592501368754,2441.6285574776784,-0.0037387167059943585,2426.2428617931546,0.002578941418180368,2422.802001953125,0.0040028025563182724,2436.0269723703386,-0.0014478379797680614,2432.707237944501,-8.518819744039343e-05,2417.9519554059943,0.006016680588492878,2440.4771298363094,2425.7923110690217,0.0027651538428776364,-3.926596695651995,45.71769347796667,4.576114535915167,5.776643039848096,-1.2005285039329294,21.0938654836974,42.908201038393024,37.98960067555441,-0.11087184732303447,-78.90613451434947,15.578526088169642,0.006404327271598453,0.11287412479827168,0.08740338974683781,0.08181732187404027,-1.0,327019.35,0.0,13198756.0,13567650.3421491,72.30745352623799,0.00016439973021582734,2432.89990234375,1,0.002029185679870025
2026-08-11 10:15:00+05:30,2432.39990234375,2436.5,2428.0,2432.89990234375,129216,0.0,0.0,0.0001643997302158695,0.0007815311985808204,-0.001641429751034429,-0.007506280797069831,0.013666015313082092,0.00016438621806113142,-4.0,-18.400146484375,14.0,-4.1150115621771364e-05,2435.2285505022323,-0.0009562339263808031,2441.842843191964,-0.0036623736343819706,2427.6761881510415,0.0021517343285740263,2424.2560009765625,0.0035655893452266984,2435.401558365021,-0.0010272047386508222,2432.724752889887,7.199723423493685e-05,2418.5381494035532,0.005938195741809012,2439.3133091517857,2426.4569236679476,0.0026553031347699273,-4.022219262454377,52.03804076418545,4.022305447914732,5.425775521461423,-1.403470073546691,18.200245638538608,29.62224464736963,10.21944397556927,-0.06983468513519128,-81.79975435941641,14.892804827008929,0.006121421112580804,0.11269994308131695,0.08746075902170682,0.08193856317138827,inf,326230.45,0.396088102750677,13327972.0,13544823.833372993,62.52783677055542,0.003863762119978429,2442.300048828125,2,0.006018702526968323
2026-08-11 11:15:00+05:30,2432.89990234375,2443.199951171875,2431.10009765625,2442.300048828125,163912,0.0,0.0,0.003863762119978409,0.0068434258112717306,0.0021336633554263074,-0.004240185326697232,0.02205387889947108,0.00385631696250138,5.199951171875,-10.39990234375,9.199951171875,0.0,2434.05712890625,0.0033864940243105925,2442.3499930245534,-2.044923805804394e-05,2429.6857096354165,0.0051917575769897095,2425.632001953125,0.006871630511789112,2436.781256457642,0.0022647877628964507,2433.5952343388176,0.0035769360354080573,2419.469988596674,0.009435975787690381,2439.3742699032737,2428.9175344663927,0.005509661885110812,-3.196626091258153,54.56890591614026,4.292440435296612,5.1991085042284615,-0.9066680689318494,37.42348747264877,25.572532864961612,27.918251489058893,-0.14310245850536926,-62.576512525306235,14.921369280133929,0.00610955614863434,0.11156566364985483,0.0873234532655338,0.08186477104883427,0.2685116394254581,314402.8,0.5213439574965602,13491884.0,13539781.944480328,61.01915704150286,-0.0004913201277012486,2441.10009765625,1,0.013182196362493244
2026-08-11 12:15:00+05:30,2441.60009765625,2442.0,2434.699951171875,2441.10009765625,139211,0.0,0.0,-0.0004913201277012558,0.0035354974948611506,0.00415470903177706,-0.007440760109838518,0.021722814140741287,-0.0004914408649839224,10.10009765625,-18.2998046875,4.900146484375,-0.0002865950775419945,2434.657156808036,0.002646344200946391,2442.814278738839,-0.0007017238672247755,2432.1380905877977,0.0036848265742520717,2426.836005859375,0.005877649648525872,2437.6450246973636,0.001417381498897244,2434.277494640402,0.0028027219702218328,2420.3182281676377,0.008586420267692298,2439.2076171875,2431.071546386243,0.0041251567790796684,-1.8073985293474197,54.1506868865944,4.359445355456955,5.03117587447416,-0.6717305190172045,34.96959469508206,30.197775935423163,23.15969066019325,-0.41610373959512037,-65.03040530287296,14.728533063616071,0.006033563751749141,0.11162092830552964,0.08721162736361836,0.08169893527712518,-0.15069671531065454,306516.3,0.45417160522947575,13352673.0,13521962.04500601,60.061115251678835,-0.0006964873395123749,2439.39990234375,1,0.012619384739497358
2026-08-11 13:15:00+05:30,2441.0,2443.60009765625,2437.300048828125,2439.39990234375,140125,0.0,0.0,-0.0006964873395123305,0.0026717087676884077,0.005647834211834901,-0.008454617202238834,0.027548400313289756,-0.0006967299994989954,13.699951171875,-20.800048828125,3.599853515625,-4.100514204479562e-05,2434.9857003348216,0.0018128246126125735,2442.3571254185267,-0.0012108069880520666,2434.528564453125,0.002000936839168803,2428.052001953125,0.004673664477322592,2437.996000226641,0.0005758426662626774,2434.7431680679792,0.0019126182740104227,2421.0665291157206,0.007572436778396972,2438.752367001488,2440.497349307771,-0.0004496816865348284,-0.21548821546209568,45.348767054755626,4.226633682727879,4.870267436124903,-0.6436337533970242,31.492705721943775,34.62859596322489,16.14823271388615,-0.5422615522850625,-68.50729427601124,13.842825753348214,0.005674684884607274,0.10836288386961623,0.08505068565421194,0.07970100517922678,0.006565573122813584,267200.05,0.5244198120471889,13212548.0,13492494.040719723,54.27046807665076,0.00258262239908757,2445.699951171875,2,0.013751797458104276
2026-08-11 14:15:00+05:30,2440.0,2445.699951171875,2435.0,2445.699951171875,481592,0.0,0.0,0.002582622399087464,0.0013920903557207431,0.005426495856885927,-0.0019588038474290803,0.030636304750052634,0.002579293160737726,13.199951171875,-4.800048828125,-0.5,0.00024600216457875004,2437.085693359375,0.003534655279446589,2441.95711844308,0.0015327184496915429,2437.942847842262,0.003181823288628539,2429.6839990234375,0.006591784015891845,2439.536790415688,0.002526365160959285,2435.7392392592424,0.004089399945643523,2422.0325456669425,0.009771712418672541,2439.1980771019344,2441.515942339113,0.0017136930217018936,1.3198636756607234,45.97697519805916,4.5769801854521575,4.811609985990355,-0.23462980053819749,44.37626688676763,36.9461891012645,10.955668214223657,-0.5570444708407811,-55.62373311118738,13.728550502232142,0.00561334210095903,0.10822458622557983,0.08554574837823019,0.08026725045003094,2.4368742194469224,287489.25,1.6751652453091668,13694140.0,13511698.417794036,48.721261640926144,-0.011407737212564262,2417.800048828125,0,0.013417144739550269
2026-08-12 09:15:00+05:30,2443.300048828125,2443.300048828125,2417.0,2417.800048828125,0,0.0,0.0,-0.011407737212564273,-0.009544896930074986,-0.006206524773616273,-0.007837766950236746,-0.008935910786800116,-0.011473304573815681,-15.099853515625,-19.099853515625,-28.2998046875,-0.0009812742330060104,2435.9571358816966,-0.007453779373253271,2439.46426827567,-0.008880728334196616,2440.0761835007443,-0.00912927834927304,2430.742001953125,-0.005324280863454757,2435.1894420981753,-0.007140879050075185,2434.1084037655046,-0.006699929597278525,2421.8665653987537,-0.001679083657508375,2435.977134486607,2441.515942339113,-0.009713593550512278,0.2215448758148969,31.841992943017388,2.5736756324104135,4.3640231152743665,-1.790347482863953,1.4312168618665555,25.766729823526006,-128.5691794749,-1.723433183694532,-98.56878313634454,15.514264787946429,0.006416686439997206,0.05968148071240018,0.06110351779039206,0.06314131347039999,-1.0,287489.25,0.0,13694140.0,13529073.806575557,47.309590130323656,-0.029489638261312456,2346.5,0,0.014923550500982496
2026-08-12 10:15:00+05:30,2417.199951171875,2418.89990234375,2323.199951171875,2346.5,1811538,0.0,0.0,-0.029489638261312456,-0.0380830966888589,-0.039225339603171316,-0.0371753699174604,-0.03432236128875388,-0.029933199728689474,-95.800048828125,-90.60009765625,-80.7001953125,-0.00024819986935669514,2423.6714215959823,-0.03184071112458523,2431.39998953683,-0.034918149996771314,2435.642845517113,-0.03659930916437401,2430.34,-0.03449723084011523,2417.45155367854,-0.029349731360922914,2426.144003423186,-0.03282740155191894,2418.911013814489,-0.029935377283792967,2423.581898716518,2421.464148018082,-0.03095819034917687,-4.925922637239619,14.872612915162094,-4.7129477915314055,2.5486289339132124,-7.261576725444618,15.564499951785471,20.4573279001399,-440.28034014882735,-4.244031830236994,-84.43550004754653,20.657121930803573,0.008803376062559033,0.11897714305954622,0.10434078039903237,0.09846265912707404,inf,327292.1,5.534927363049688,11882602.0,13372266.967854075,28.736970568026948,-0.013381590600362241,2315.10009765625,0,0.007820844022976248
2026-08-12 11:15:00+05:30,2346.39990234375,2354.89990234375,2301.800048828125,2315.10009765625,1938552,0.0,0.0,-0.013381590600362259,-0.053399785796719335,-0.05161607265551105,-0.04767581338698068,-0.04931827197919836,-0.01347193092050306,-126.0,-115.89990234375,-30.199951171875,-4.265828095033341e-05,2406.8428780691966,-0.03811747798281947,2421.035714285714,-0.04375632131501826,2430.1761881510415,-0.047352982493955656,2428.232001953125,-0.046590236931986606,2396.9812624740825,-0.034160118854364104,2416.049102898919,-0.041782679466862926,2414.839997494558,-0.041302902031500444,2408.075246465774,2397.8679454722674,-0.03451726687963272,-11.208070284836731,12.075419203855645,-12.872967495357443,-0.5356903519409189,-12.337277143416525,8.099910342922259,8.365209052191444,-383.5991002033831,-4.998145577104172,-91.90008965646874,23.192836216517858,0.010018070596596533,0.12489097526172618,0.11465464498535234,0.10941395178699766,0.07011390321373323,408600.4,4.744371273253759,9944050.0,13045770.113772735,15.533168431955374,0.004362599062498352,2325.199951171875,2,0.003038258829650689
2026-08-12 12:15:00+05:30,2315.10009765625,2336.699951171875,2315.0,2325.199951171875,1207616,0.0,0.0,0.004362599062498251,-0.03829931995457281,-0.046814772379941805,-0.041431340241173564,-0.044935571385909645,0.004353110513688201,-114.199951171875,-100.5,11.800048828125,0.0,2390.1142926897323,-0.02715951354978023,2412.085710797991,-0.03602100839001093,2424.9380929129466,-0.04113018061472259,2426.1260009765624,-0.04159967362124685,2382.625000213641,-0.02410158922893574,2407.790089105551,-0.03430122015508521,2411.324701560335,-0.03571677855441629,2395.2971447172617,2387.420180648706,-0.026061700399926405,-15.709760362153027,17.31878935947539,-18.313758521377622,-4.09130398582826,-14.222454535549362,15.17503875050917,12.946483015072316,-251.15403774393926,-4.5915285380335025,-84.82496124884233,23.135689871651785,0.009949978650215309,0.12704495469182234,0.1160170273811247,0.11097358196100023,-0.377052562943888,457597.5,2.6390353968279925,11151666.0,12865379.24579438,30.825139358403476,0.0009891832429145722,2327.5,1,0.002963089388199262
2026-08-12 13:15:00+05:30,2325.199951171875,2329.699951171875,2320.0,2327.5,530546,0.0,0.0,0.0009891832429145264,-0.0080971659919028,-0.048329702552121545,-0.043165467625899234,-0.0483686509389053,0.0009886943235644834,-118.199951171875,-105.0,-4.0,0.0,2373.8857073102677,-0.019539991823281783,2404.2714320591517,-0.031931266593043725,2419.838088262649,-0.03815878785878021,2424.0760009765627,-0.03984033542579369,2371.600000170913,-0.018595041393032693,2400.490990095955,-0.03040669196305004,2408.037458361891,-0.0334452680884144,2384.0190499441965,2380.090830306027,-0.02209614424641213,-18.21481086689989,19.67858496030904,-22.184303053806616,-7.709903799423932,-14.474399254382684,16.66664027867463,13.313863124035366,-183.70372174753345,-4.257507198681918,-83.33335972067687,22.721400669642858,0.009762148515417013,0.12508823108064404,0.11523314835167016,0.1102632298096914,-0.5606666357517622,454501.95,1.1673129235199076,11682212.0,12752696.65095682,36.95961447874873,0.0053705692803437165,2340.0,2,0.003496117145431108
2026-08-12 14:15:00+05:30,2327.5,2342.0,2327.300048828125,2340.0,1068743,0.0,0.0,0.005370569280343629,0.010755432289497158,-0.03217803261515928,-0.03818484363218322,-0.045404498270757765,0.00535619920052489,-77.800048828125,-92.89990234375,40.39990234375,0.0,2359.685721261161,-0.008342518278506673,2397.335710797991,-0.023916429617978675,2414.7999906994046,-0.030975646425155528,2422.1980029296874,-0.03393529464983195,2365.2800001367305,-0.010687952434916118,2394.9918091781406,-0.02296116795363423,2405.369322739856,-0.027176418241407336,2375.4495256696428,2368.930483534893,-0.012212466231474659,-18.518521804363075,24.805397185579068,-23.966817396265014,-10.96128651879215,-13.005530877472864,24.772998228156816,18.87155908578022,-130.81363467714735,-3.532998841445222,-75.22700177119468,23.1571044921875,0.0098961985009306,0.127116586539836,0.11551766452480187,0.11015404636239383,1.014420992713167,467093.45,2.2880710487376725,12750955.0,12752530.779437123,46.34450853673349,0.00414527827857906,2349.699951171875,2,0.0032228949974107786
2026-08-12 15:15:00+05:30,2339.0,2349.699951171875,2339.0,2349.699951171875,68102,0.0,0.0,0.004145278278579134,0.01053672824466223,0.0013637124107712673,-0.037915119274833486,-0.04199453746912163,0.004136710282233904,3.199951171875,-92.60009765625,81.0,-0.0004273504273502447,2345.971435546875,0.0015893269493834428,2391.528564453125,-0.017490325603030182,2409.961890811012,-0.025005349615230755,2420.472001953125,-0.02923894625681004,2362.1639903437595,-0.005276534238448583,2390.8743675412074,-0.01722148889473406,2403.1862101293473,-0.02225639392070713,2369.0980910528274,2368.0912546264117,-0.007766298456023948,-16.28687263060159,29.291892864603696,-24.316462814436818,-13.632321777921085,-10.684141036515733,31.063500331494254,24.16771294610858,-96.85819298514132,-3.4039074543922285,-68.93649966785725,22.535679408482142,0.009590875378464064,0.1288053984748779,0.11590947591215048,0.11028372629736187,-0.9362784130515942,466782.85,0.14589653411645234,12819057.0,12758866.60996692,49.26006724953347,-0.002000234612734692,2345.0,0,0.0030066941505844927
2026-08-13 09:15:00+05:30,2349.699951171875,2349.699951171875,2333.0,2345.0,0,0.0,0.0,-0.002000234612734686,0.007518796992481258,0.012915166119175536,-0.03936753668910087,-0.0465153724023204,-0.0020022377536011962,29.89990234375,-96.10009765625,26.699951171875,0.0,2335.5714285714284,0.004036944155604175,2385.7642822265625,-0.017086466810753546,2404.833321707589,-0.024880444381516955,2418.30400390625,-0.030312154215438862,2358.7311922750077,-0.005821431589988904,2386.7039704920066,-0.01747345754127694,2400.904397967412,-0.023284724712369635,2362.894282459077,2368.0912546264117,-0.009750998649773229,-13.18181489213116,29.381714022701388,-24.688215724841484,-15.843500567305167,-8.844715157536317,28.01554140794969,27.950679989200268,-88.12278531541963,-3.6129683041638883,-71.9844585914018,23.321393694196427,0.009945157225665878,0.1275346775760786,0.1150785507695997,0.10907368650995813,-1.0,466782.85,0.0,12819057.0,12764599.028065309,49.6033667600341,0.00046912480010660983,2346.10009765625,1,0.0025058921480501663
2026-08-13 10:15:00+05:30,2345.39990234375,2346.89990234375,2335.10009765625,2346.10009765625,162622,0.0,0.0,0.000469124800106524,0.0026068793402778123,0.008988537297122123,-0.03824703141041308,-0.0463782846029549,0.00046901479547007725,20.900146484375,-93.2998046875,-8.999755859375,0.00017053404850738996,2335.5142996651784,0.004532534008712606,2379.59286063058,-0.014074997252025993,2399.4380929129466,-0.022229369206988526,2415.7520068359377,-0.02883239214230699,2356.2049733512563,-0.004288623362266195,2383.0127093251194,-0.01548989290926097,2398.755209719916,-0.02195101519749991,2357.6057245163693,2363.9551905231615,-0.00755305893211642,-8.841747552589888,27.263183591741125,-24.610370861840693,-17.596874626212273,-7.01349623562842,30.78532237081899,29.954788036754326,-77.11610659575705,-3.9389079657921098,-69.21467762848609,21.999947684151785,0.009377241706830974,0.12757567269875028,0.11457177849868891,0.10835097628948007,inf,457130.35,0.3557453579706525,12981679.0,12785273.311106708,50.644722616886106,0.006265696500571406,2360.800048828125,2,0.0024356704198847854
2026-08-13 11:15:00+05:30,2346.5,2369.89990234375,2345.10009765625,2360.800048828125,411497,0.0,0.0,0.006265696500571405,0.0047240489794087015,0.014307217541621897,-0.034713948578634746,-0.036604754610028545,0.0062461486357518695,33.300048828125,-84.89990234375,12.39990234375,0.00017045408426917986,2342.0428641183034,0.008008898981819007,2374.44287109375,-0.005745694045414073,2394.704764229911,-0.014158202676259635,2414.1420068359375,-0.022095617348418684,2357.12398844663,0.0015595532519763911,2380.9933765526657,-0.008481051616266678,2397.266772037885,-0.015211791876940276,2355.1000162760415,2360.117903384252,0.00028903023992774094,-1.8875407720776043,32.354420877955604,-23.09627555248244,-18.696754811466306,-4.399520741016133,41.00072275146512,33.26719551007795,-48.62397734254091,-3.2895025036126055,-58.999277247839956,23.164219447544642,0.009812020911738498,0.13097614004605312,0.11509905596569871,0.10861164369700296,1.530389492196628,459222.1,0.89607403476444,13393176.0,12843168.80528702,53.98722860000254,0.0013554520102045154,2364.0,1,0.0032996937739840524
2026-08-13 12:15:00+05:30,2361.0,2365.800048828125,2357.5,2364.0,287903,0.0,0.0,0.0013554520102045942,0.008102345415778256,0.01025641025641022,-0.022251653462494247,-0.029915017138634536,0.001354534214387123,24.0,-53.800048828125,-9.300048828125,8.469636044533668e-05,2347.5857282366073,0.006991979703214193,2368.85001046317,-0.0020474113775652224,2390.585716610863,-0.011121005377938325,2412.4100048828127,-0.02006707184301544,2358.499190757304,0.002332334589831863,2379.448524138787,-0.006492480918187501,2395.9621927422813,-0.013340023828041248,2353.7076334635417,2357.9538901306228,0.0025641340548180672,4.3373760385104525,30.237226972402695,-21.3915463641747,-19.235713122007986,-2.1558332421667146,43.224456833096866,38.33683398512701,-38.401174070620854,-3.090920118151831,-56.77554316620822,22.892804827008927,0.00968392759179325,0.13066824017344852,0.11454677969449975,0.10843979456478216,-0.30035212893411134,460853.9,0.6247164231440796,13681079.0,12922969.776212066,54.65315371716531,0.0011421113248202199,2366.699951171875,1,0.004539262241591854
2026-08-13 13:15:00+05:30,2364.699951171875,2374.699951171875,2362.0,2366.699951171875,267255,0.0,0.0,0.0011421113248202275,0.008780466586316704,0.007234966316240321,0.008608545140368573,-0.02888685062713614,0.0011414596118530605,17.0,20.199951171875,-7.0,0.0002960876361568121,2353.185721261161,0.005742950838349339,2363.535714285714,0.0013387726138573315,2387.2428617931546,-0.008605287275145677,2410.726005859375,-0.018262570935259605,2360.1393428402184,0.0027797546579426437,2378.2895629599766,-0.004873086931295488,2394.8146538571673,-0.01173982405694657,2353.420958891369,2356.235421278873,0.004441207274321341,6.169020937804428,31.362675076479363,-19.596773301343546,-19.307925157875097,-0.28884814346844934,45.10072716259754,43.10863558238653,-26.644871597079575,-3.2301591191558177,-54.89927283670754,23.257080078125,0.00982679704142445,0.13089080578111126,0.1148701573628253,0.10889884744007933,-0.07171859966724903,462720.45,0.5775733490923071,13948334.0,13020623.511810917,55.32926479951425,0.00012677941197253601,2367.0,1,0.004862539980274042
2026-08-13 14:15:00+05:30,2366.699951171875,2370.39990234375,2355.0,2367.0,522065,0.0,0.0,0.00012677941197258846,0.0026262076599636863,0.009381663113006367,0.02241799496976049,-0.026326614561908657,0.00012677137614211647,22.0,51.89990234375,5.0,0.0,2357.0428641183034,0.004224418670220912,2358.3642926897323,0.003661735948526812,2383.904761904762,-0.007091206903436769,2409.0200048828124,-0.017442779552525555,2361.511474272175,0.002324157975778805,2377.263239054524,-0.004317249720565919,2393.7238831176705,-0.011164146084741087,2353.882863653274,2353.4584809366174,0.005753880585982391,5.42087870830757,31.735618221367815,-17.94335149886092,-19.03501042607226,1.0916589272113413,45.30923934588322,44.54480778052589,-28.229714420129476,-2.1010856068402384,-54.690760653421854,23.907069614955358,0.010100156153335555,0.13093821451074825,0.114452819152484,0.10842866647749465,0.9534339862677967,469116.55,1.1128684332283714,14470399.0,13158697.367828926,51.26482831265415,0.0033798056611744824,2375.0,2,0.0048965587234061905
2026-08-13 15:15:00+05:30,2367.0,2375.0,2367.0,2375.0,72374,0.0,0.0,0.003379805661174462,0.004653130287648022,0.012318273364644972,0.02141753392134138,-0.020901163454854155,0.0033741069547576297,28.89990234375,49.800048828125,6.89990234375,0.0,2360.657156808036,0.006075784088593292,2353.314296177455,0.009214962853776154,2381.2380952380954,-0.0026196856377224457,2407.4180029296876,-0.013465880412218965,2364.20917941774,0.0045642410477879335,2377.057490049567,-0.0008655617536298547,2392.9896131914875,-0.007517631122304596,2356.1009579613096,2353.1950349777226,0.009266110415057283,5.206733677293965,32.316140053355454,-15.805276280404541,-18.38906359693872,2.5837873165341776,51.731414255376464,47.38046025461909,-11.88334460506448,1.2145748987849074,-48.26858574391683,23.714215959821427,0.00998493303571008,0.13192633238094428,0.11456941475399342,0.10846747931866792,-0.8613697528085583,470143.45,0.15394024951320676,14542773.0,13290514.094702361,48.76162474501529,-0.005389494243421052,2362.199951171875,0,0.004421272251356005
2026-08-14 09:15:00+05:30,2377.60009765625,2388.300048828125,2358.0,2362.199951171875,0,0.0,0.0,-0.005389494243421056,-0.0019013817099087227,0.000592977937477146,0.014908679343447861,-0.028900328397995834,-0.005404069961609223,1.39990234375,34.699951171875,-27.5,0.001094777960525855,2363.1142926897323,-0.00038692225792271497,2349.34286063058,0.0054726326909297655,2378.214285714286,-0.006733764336797015,2405.802001953125,-0.01812370708222622,2363.8073337685673,-0.000679997296619364,2375.7068046970494,-0.0056854042335797005,2391.782175465228,-0.012368276926215805,2357.2857119605655,2353.1950349777226,0.003826676522897666,3.716494370340761,34.956667632831454,-14.971115531089254,-17.705473983768826,2.7343584526795723,51.579827412145185,49.54016033780164,-11.908032411814286,2.0344629402109815,-48.42017258700084,23.828508649553573,0.010087422378330966,0.13198063727893372,0.11575364808638522,0.10936561713307927,-1.0,470143.45,0.0,14542773.0,13409776.84758785,48.76162474501529,-0.007323702136028974,2344.89990234375,0,0.0041647159136438084
2026-08-14 10:15:00+05:30,2362.699951171875,2367.0,2335.10009765625,2344.89990234375,263265,0.0,0.0,-0.007323702136028953,-0.009336754396387814,-0.008079567536484755,0.002093975360576872,-0.03617082639331959,-0.0073506521055046025,-19.10009765625,4.89990234375,-20.5,0.00021166709437604592,2362.9428362165177,-0.007635789404728005,2349.2285679408483,-0.001842590225646119,2374.0428524925596,-0.012275663060672867,2403.5,-0.024381151510807414,2360.0258474836037,-0.0064092285921255624,2372.906177210386,-0.0118025209490367,2389.9436549506604,-0.01884720274203346,2356.6933175223216,2352.005178376515,-0.003020944043017037,1.6363537718976136,49.3883409558976,-15.527020656449167,-17.269783318304896,1.7427626618557284,49.826420248701424,51.04588730540771,-46.379683230408624,0.8472368650247895,-50.17357975014251,19.2713623046875,0.008218415756432661,0.1334477602930259,0.11908011430268431,0.11298503161536144,inf,476845.9,0.5520965997610537,14279508.0,13492608.385912817,59.997052199214274,0.002899931387829513,2351.699951171875,2,0.007914393451720533
2026-08-14 11:15:00+05:30,2345.0,2357.0,2338.699951171875,2351.699951171875,398156,0.0,0.0,0.002899931387829513,-0.009810546875000048,-0.006337939033028928,0.0008511725077928745,-0.03709621907419691,0.0028957346982526723,-15.0,2.0,4.10009765625,4.268738983267846e-05,2361.642822265625,-0.004210150239487599,2351.842843191964,-6.075746961698526e-05,2370.1761881510415,-0.007795301071508911,2401.88,-0.020891988287551507,2358.360668221258,-0.0028242995819650917,2370.978338479612,-0.008130984157405268,2388.443901861296,-0.015384054304466377,2357.0228352864583,2350.4310461596797,0.0005398605563298768,0.6208602955897273,67.23157736558966,-15.24315871816043,-16.864458398276003,1.6212996801155732,50.068112856826176,50.491453505890945,-42.415325267941284,1.0397401147954717,-49.93188714180957,16.785661969866073,0.00713767160708341,0.13294751745139222,0.11976705992396072,0.11413078876405401,0.5123772624541811,488558.1,0.8149614140058249,14677664.0,13605470.82534969,84.96642025813935,0.0005528123719512658,2353.0,1,0.0074701861114870914
2026-08-14 12:15:00+05:30,2351.60009765625,2365.5,2350.5,2353.0,265866,0.0,0.0,0.0005528123719513722,-0.0038946538659062613,-0.0059146599070553085,0.0034115138592749616,-0.03609032572684612,0.0005526596274821767,-14.0,8.0,1.0,-4.246014274703691e-05,2360.0713936941966,-0.002996262618617134,2353.8285609654017,-0.0003520056554422731,2365.923804873512,-0.005462477213714582,2400.182001953125,-0.01965767675730905,2357.2885345770064,-0.001819265870129958,2369.3439440723746,-0.006898088440581615,2387.0539449255593,-0.0142660977553262,2357.177122860863,2349.3401308244606,0.0015578285696134786,-0.6909229008000901,64.27105082156567,-14.743340954372798,-16.440234909495363,1.6968939551225652,48.31621728786803,49.40358346446522,-19.02536013991943,0.5555555555553182,-51.683782710667835,16.307094029017858,0.006930341703787049,0.13314103991279205,0.12036326793460267,0.11499038971277858,-0.3322567034026864,494890.85,0.5372214903548923,14943530.0,13732905.032459244,81.73180897600542,0.0008925191909264768,2355.10009765625,1,0.007981442538599573
2026-08-14 13:15:00+05:30,2353.0,2360.0,2350.699951171875,2355.10009765625,361876,0.0,0.0,0.0008925191909263663,0.00434994913953668,-0.00837890625000004,0.003836153456960867,-0.03455759943521586,0.0008921211325055258,-19.89990234375,9.0,-5.89990234375,0.0,2358.4142717633927,-0.00140525527971099,2355.7999965122767,-0.0002970960425599,2361.828566778274,-0.002848838910945676,2398.696005859375,-0.018174836701530167,2356.8508471928553,-0.0007428342521928474,2368.049048943636,-0.0054681938675033,2385.8008528757823,-0.012868113104458635,2357.3466610863097,2348.2953182420893,0.0028977528342780333,-1.9016828438351494,64.19755256125771,-14.016201400999307,-15.955428207796153,1.939226806796846,45.57385053716273,47.986060227285655,-12.492972110135211,0.22982281127764698,-54.42614946119794,16.278529575892858,0.006912032992604443,0.1334352399319113,0.12053166313784763,0.11522692629140716,0.3611217681087464,505978.4,0.7152004907719367,15305406.0,13882667.029367888,72.28459484654203,0.002505159907904326,2361.0,2,0.007812623297988255
2026-08-14 14:15:00+05:30,2355.0,2361.0,2352.0,2361.0,526028,0.0,0.0,0.002505159907904231,0.003954606889152945,-0.0005079803558880602,8.469636044527995e-05,-0.034632192363290626,0.0025020272256447047,-1.199951171875,0.199951171875,18.699951171875,-4.25025060928717e-05,2357.55712890625,0.001460355319298584,2357.2999965122767,0.0015695938120714454,2358.095238095238,0.0012318255250398746,2397.47400390625,-0.015213513826138215,2357.6806777542843,0.0014078760864579933,2367.4082263123964,-0.002706853106773026,2384.828270410065,-0.009991608496807199,2358.0399948846725,2344.351332451524,0.007101609437975878,-1.7871997972370735,61.58939147197834,-12.816128898416082,-15.32756834592014,2.511439447504058,50.632866684293376,48.17431150310805,14.4169349550831,0.6823027718547198,-49.367133313898314,15.871390206473214,0.006722316902357684,0.13340236844399753,0.12044419182219525,0.11507827351695278,0.453613945108269,508200.2,1.0350802695473142,15831434.0,14068263.883713804,68.18852709352625,-0.01584070408460398,2323.60009765625,0,0.007306575255982748
2026-08-17 09:15:00+05:30,2355.0,2360.10009765625,2320.60009765625,2323.60009765625,0,0.0,0.0,-0.01584070408460403,-0.012494646129940556,-0.009083460094058027,-0.017089637201247898,-0.03896101797894014,-0.015967508939141062,-21.2998046875,-40.39990234375,-20.099853515625,-0.002541296060990029,2350.214285714286,-0.011324153810058121,2355.435721261161,-0.013515810819007048,2352.280959356399,-0.012192787424502196,2395.74400390625,-0.03011336191694081,2350.8645617346774,-0.011597632854824125,2363.4256691618375,-0.016850782330588104,2382.42716559619,-0.02469207402829221,2353.5466750372025,2344.351332451524,-0.008851589140252752,-3.7050370234355845,38.96879004485617,-14.713316396481332,-15.204717956032379,0.49140155955104703,4.431317819328051,33.546011680261394,-81.72079094421198,-0.9590383642397813,-95.56868217919484,17.992815290178573,0.0077435077181825206,0.13849976445118492,0.1235683243303008,0.1181465303110993,-1.0,508200.2,0.0,15831434.0,14236184.847169632,67.57932941269254,-0.0024100952921712565,2318.0,0,0.0026306076956884262
2026-08-17 10:15:00+05:30,2323.60009765625,2331.800048828125,2311.0,2318.0,316408,0.0,0.0,-0.002410095292171288,-0.015753087392409104,-0.014330038640806175,-0.020577154762588812,-0.012145748987854255,-0.002413004246674919,-33.699951171875,-48.699951171875,-12.400146484375,0.0,2343.9000069754466,-0.011049962412371299,2353.507149832589,-0.015086909693518393,2347.5285760788693,-0.012578580035084788,2393.71400390625,-0.03163034672590896,2344.291649387742,-0.011215178535741189,2359.2960628743976,-0.017503552658867227,2379.900610082614,-0.02600974587776559,2348.555245535714,2339.6031126895105,-0.009233665561620483,-5.21817129566379,38.67451519687339,-16.4787751735671,-15.459529399539324,-1.0192457740277767,9.055621705328793,21.373268736316756,-137.99814879606728,-1.812946795276133,-90.94437829337754,18.285679408482142,0.007888558847486736,0.09294278622247022,0.09071187448258831,0.09197355779515821,inf,433443.7,0.729986385775129,15515026.0,14357979.242677286,62.11376372180873,0.003882657463330457,2327.0,2,0.002471886286282183
2026-08-17 11:15:00+05:30,2318.0,2327.89990234375,2314.0,2327.0,265647,0.0,0.0,0.0038826574633303856,-0.014400677678949592,-0.011049723756906049,-0.01689902830587242,0.00514012433233324,0.0038751394025946426,-26.0,-40.0,7.699951171875,0.0,2341.3428780691966,-0.006125919532562603,2352.1428571428573,-0.010689341026415215,2346.6000046502977,-0.008352511979650425,2391.99400390625,-0.02717147442681049,2340.8333195101936,-0.005909570491367693,2356.360057158543,-0.012459919726332,2377.8260763538838,-0.021375018492436667,2345.020958891369,2343.3134235748967,-0.006961690830927078,-5.507733585190981,42.486198665321446,-16.956228344519786,-15.758869188535417,-1.197359155984369,20.698563897894388,11.395167807517092,-123.84931761410958,-1.5651438240264108,-79.30143610081196,18.435686383928573,0.007922512412514246,0.08085716647764267,0.07763909800321092,0.07882172261775998,-0.1604289398498142,349798.45,0.7594287510422051,15780673.0,14493473.88623183,63.074243094901,-0.0017189514396218307,2323.0,0,0.003942312598508678
2026-08-17 12:15:00+05:30,2327.0,2329.60009765625,2320.60009765625,2323.0,252389,0.0,0.0,-0.001718951439621863,-0.0002582620205840991,-0.013630035380744698,-0.0218947368421053,-0.0009461341897785136,-0.001720430531882623,-32.10009765625,-52.0,-6.10009765625,0.0,2337.2428850446427,-0.006093883154280956,2349.442853655134,-0.01125494651380197,2346.9761904761904,-0.010215779168733492,2390.3680029296875,-0.02818310939867484,2337.266655608155,-0.0061039914183162085,2353.327324689584,-0.012886998069242936,2375.6760341439276,-0.022173071322364537,2341.135244605655,2346.057668493237,-0.009828261599398841,-4.908406985937027,33.762886053303774,-17.456156289345472,-16.09832660869743,-1.3578296806480417,15.523922923420788,15.09270284221467,-115.86507531044603,-1.8464508418237995,-84.47607707528554,17.30712890625,0.007450335301869371,0.07964593445717809,0.07550053022926366,0.07639816780157183,-0.04990833700361763,302037.1,0.8356225112742746,15528284.0,14592027.230400227,61.486732521853064,-0.0019371502367628067,2318.5,0,0.004145438117699664
2026-08-17 13:15:00+05:30,2323.0,2324.39990234375,2316.39990234375,2318.5,288886,0.0,0.0,-0.0019371502367627746,0.00021570319240726832,-0.01800084709868699,-0.018499683377859566,-0.0038668098818475105,-0.0019390289388935892,-42.5,-43.699951171875,-10.39990234375,0.0,2332.3143136160716,-0.005923006832920225,2346.192853655134,-0.011803315150320893,2346.6571451822915,-0.011998832143027964,2388.682001953125,-0.029381056957648966,2333.5133244865237,-0.006433785626581286,2350.1612042632587,-0.013471928736552586,2373.4338367265186,-0.02314529938709443,2337.00953078497,2346.607390362247,-0.011977883679082734,-4.829622724056846,30.671230031614158,-18.007881530570103,-16.480237593071966,-1.5276439374981372,9.702451827137994,15.308312882817736,-133.9684561439191,-2.0490071820861644,-90.29754817156834,17.285696847098215,0.007455551799478439,0.07982385807444516,0.0753341723100556,0.07608121970226171,0.14460614369088987,289954.1,0.9963163135130665,15239398.0,14653681.58940973,53.93038392916456,-0.0018114950062001294,2314.300048828125,0,0.0041246749634484044
2026-08-17 14:15:00+05:30,2318.699951171875,2320.699951171875,2311.0,2314.300048828125,545747,0.0,0.0,-0.0018114950062001478,-0.005457649837505407,-0.004002430899148979,-0.013049535071855356,-0.010982885116185948,-0.0018131377474570527,-9.300048828125,-30.599853515625,33.199951171875,8.624160960746766e-05,2326.4857352120534,-0.005237808338770024,2342.4500034877233,-0.012017312906432667,2346.0285760788693,-0.013524356682714202,2386.9660009765626,-0.030442809876084453,2329.670669354844,-0.006597765396157468,2346.901099223701,-0.013891105341569614,2371.114864652072,-0.023961224599829634,2332.7571568080357,2345.433359467942,-0.01327401203454624,-5.6983145247722575,28.020211202581507,-18.569965712982594,-16.898183217054093,-1.6717824959285004,4.2691419709448,9.831838907167874,-138.61069656642854,-2.555787417762082,-95.73085802776153,17.0714111328125,0.007376489985146674,0.07722702658315324,0.07466456311651434,0.07596834868423086,0.8891431222004529,263804.3,2.068757029358498,14693651.0,14657488.199942136,43.74249589593186,-0.00047534789484494385,2313.199951171875,1,0.004675020435868543
2026-08-17 15:15:00+05:30,2314.89990234375,2314.89990234375,2313.199951171875,2313.199951171875,58780,0.0,0.0,-0.0004753478948449352,-0.004218703757264297,-0.0020707717118744196,-0.01637113611403318,-0.015533898267221846,-0.00047546090847078046,-4.800048828125,-38.5,4.5,0.0002591943581077502,2319.657156808036,-0.002783689657416199,2338.6071428571427,-0.010864241034608367,2344.7523832775296,-0.0134566158587444,2385.437998046875,-0.030282927887505712,2326.3765257182504,-0.005663990502268995,2343.8373584917163,-0.013071473244006862,2368.8436915744173,-0.02348983202244807,2328.857149832589,2345.0708903250297,-0.01359060797890156,-5.717852350948341,27.583358591836884,-18.886478595280096,-17.295842292699295,-1.5906363025808012,2.845989368956395,5.6058610556797435,-123.72253086670703,-2.07433752488525,-97.15401062974995,16.092843191964285,0.006956961582073628,0.07522413876898194,0.0740444531887432,0.07577676490974843,-0.8922944148112587,263338.2,0.22321106470690458,14634871.0,14655334.180900028,49.426123226267656,-0.010202254026362587,2289.60009765625,0,0.004565786800015155
2026-08-18 09:15:00+05:30,2305.699951171875,2305.699951171875,2284.89990234375,2289.60009765625,0,0.0,0.0,-0.010202254026362545,-0.012464913669937405,-0.01607215399387618,-0.026944284888971493,-0.023624691831023448,-0.010254653721301299,-37.39990234375,-63.39990234375,-32.599853515625,-0.0032422618702707615,2314.8000139508927,-0.010886433446844786,2332.507149832589,-0.01839525001215983,2341.8904854910716,-0.022328280574501095,2383.4460009765626,-0.03937404215653385,2319.02124010585,-0.012686879249214904,2338.906698415765,-0.021081046453409653,2365.736099656058,-0.03218279587940712,2322.322877139137,2345.0708903250297,-0.02365420717028633,-6.552865897774737,18.510383168962008,-20.801837645673913,-17.99704136329422,-2.8047962823796944,4.545636995944488,3.886922778615242,-167.5941049238317,-2.3583012917610566,-95.45436300308839,17.5428466796875,0.007661969746436323,0.08230183257395922,0.07499720718782812,0.07562738211451803,-1.0,263338.2,0.0,14634871.0,14653385.306528598,48.37748188668467,-0.00017476697558871092,2289.199951171875,1,0.0018602032092874794
2026-08-18 10:15:00+05:30,2289.60009765625,2297.699951171875,2288.10009765625,2289.199951171875,189703,0.0,0.0,-0.0001747669755887138,-0.010845654032181296,-0.014550171686665947,-0.02798188771252552,-0.024253077070845452,-0.00017478224911615672,-33.800048828125,-65.900146484375,3.599853515625,0.0,2310.685721261161,-0.009298438940259541,2327.2928641183034,-0.016367906907514884,2339.2333403087796,-0.021388797891483017,2381.75,-0.038858003076765464,2313.0569823190554,-0.010314069791419984,2334.3879032117748,-0.01935751636551424,2362.734682068443,-0.031122720403020967,2316.548583984375,2343.230000044353,-0.023057936639353436,-6.402697218815666,20.37342358892434,-22.097337616723053,-18.817100613979985,-3.2802370027430676,5.237568469256597,4.20973161138584,-144.22354691489895,-2.6576519665627014,-94.76243152952537,16.064261300223215,0.00701741291405876,0.08216213643254332,0.0747581529159569,0.07530044518165657,inf,264692.25,0.7166926874511789,14445168.0,14633555.086859208,45.964306959784714,-0.002358860064183433,2283.800048828125,0,0.0018456903847899808
2026-08-18 11:15:00+05:30,2289.39990234375,2290.60009765625,2282.300048828125,2283.800048828125,256118,0.0,0.0,-0.002358860064183399,-0.012709624314515389,-0.014966552155218915,-0.03269798863696527,-0.032616061677151365,-0.0023616465574121184,-34.699951171875,-77.199951171875,-0.89990234375,8.734543776857706e-05,2304.5142996651784,-0.0089885538310845,2322.9285888671875,-0.016844486837250257,2336.266671316964,-0.02245746306830679,2379.9660009765626,-0.04040643946549562,2307.2055956208696,-0.010144543181222678,2329.789007358716,-0.019739537951854673,2359.639206255097,-0.03214014974234208,2310.7495419456845,2339.1250168620236,-0.023651992790062297,-5.255221485053239,22.551740019318018,-23.291270400759004,-19.71193457133579,-3.579335829423215,1.8028856734341843,3.8620303795451036,-140.30827355150737,-2.9409244016933953,-98.19711432536388,14.378557477678571,0.006295891571177728,0.0773087476542532,0.07173396631508026,0.0721559611080729,0.3500998929906223,256923.3,0.9968656015238752,14189050.0,14591221.269063093,46.13919509324408,0.0018390187766350648,2288.0,2,0.0028707012765431896
2026-08-18 12:15:00+05:30,2283.89990234375,2288.800048828125,2281.10009765625,2288.0,170097,0.0,0.0,0.0018390187766350596,-0.0006988546418599251,-0.011364148240606164,-0.015321094921694534,-0.032148900169204686,0.0018373298519304625,-26.300048828125,-35.60009765625,8.39990234375,4.3722529770587234e-05,2299.5142996651784,-0.005007274652238509,2318.378592354911,-0.013103378565983216,2332.800002325149,-0.019204390552330496,2376.9339990234375,-0.03741542636856498,2303.3644764966957,-0.006670449533049003,2325.9900066897417,-0.016332833150814453,2356.829825617642,-0.029204410462505548,2306.092396763393,2335.98745994508,-0.020542687307999356,-5.583836410308019,20.699181328541158,-23.626221401312705,-20.494791937331172,-3.131429463981533,8.175249202973989,5.071901115221604,-123.22390053474085,-2.8491399462383034,-91.82475079584117,13.621407645089286,0.005953412432291667,0.07757628456556978,0.07170241394970363,0.07205830231332108,-0.33586471860626743,251033.0,0.6775882055347279,14359147.0,14569118.957723752,42.521311044358434,-0.0026223776223776225,2282.0,0,0.0023394837187089906
2026-08-18 13:15:00+05:30,2288.0,2290.0,2281.699951171875,2282.0,186016,0.0,0.0,-0.002622377622377603,-0.0031451823018733283,-0.013487788271856482,-0.015530629853321876,-0.03578820844185837,-0.00262582207766755,-31.199951171875,-36.0,-4.89990234375,0.0,2294.3000139508927,-0.005361118369914534,2313.3071637834823,-0.013533509199990983,2328.895240420387,-0.020136260148782722,2373.9760009765623,-0.03874344177813432,2299.091581197357,-0.007434058450358985,2321.9909151724924,-0.017222683737117182,2353.8953226522444,-0.03054312651898473,2301.2419177827383,2332.329714431435,-0.021579159292957308,-6.211447153077064,18.694858400313393,-24.098035189195798,-21.215440587704098,-2.8825946014917,1.126287163490044,3.70147401329942,-114.93592097366232,-3.346039813636872,-98.87371283525839,13.142839704241071,0.0057593513164922484,0.07694615214140517,0.07120727708803881,0.0711633608924945,0.0935877763864148,246971.05,0.7531894932624664,14173131.0,14531405.818892919,35.7054375230185,0.000131485025471078,2282.300048828125,1,0.0037695878636541218
2026-08-18 14:15:00+05:30,2282.0,2294.800048828125,2281.10009765625,2282.300048828125,409317,0.0,0.0,0.00013148502547100094,-0.0006568000560162046,-0.0031883510293337913,-0.01920926135447998,-0.035783671808988116,0.0001314763820726827,-7.300048828125,-44.699951171875,23.89990234375,0.0,2289.728585379464,-0.003244286942465229,2308.107160295759,-0.011181071620745709,2324.876197451637,-0.018313297142515606,2370.9180029296876,-0.037377064070550796,2295.7332747235105,-0.005851387895659382,2318.3826545957313,-0.015563697259408052,2351.0876648552203,-0.02925778440988161,2297.1076357886905,2324.966513199157,-0.018351431785701054,-5.669357967010616,17.383447854257412,-24.169132863622053,-21.806179042887692,-2.3629538207343614,1.5018180706873485,3.601118145717141,-102.59756296747645,-1.7774163837299466,-98.49818192806109,13.457118443080358,0.005896296786210991,0.07694772432000009,0.07099543396922527,0.0708692907055502,1.2004397471185273,241333.65,1.696062691630439,14582448.0,14536266.978998354,47.004811787520886,-0.0010077767072326832,2280.0,1,0.003914461691535443
2026-08-18 15:15:00+05:30,2284.0,2284.0,2280.0,2280.0,117497,0.0,0.0,-0.0010077767072327326,-0.0034965034965035446,-0.004018849977331818,-0.0185105467068446,-0.040000000000000036,-0.0010082848556073035,-9.199951171875,-43.0,-1.89990234375,0.0007448412283683366,2284.9857352120534,-0.0021819546333354104,2302.321446010045,-0.009695190933793594,2320.7333403087796,-0.01755192619559745,2367.8260009765627,-0.03709140829617696,2292.586619778808,-0.005490139247177968,2314.893322359756,-0.015073404040999763,2348.2999132922705,-0.02908483405617738,2293.3600144159227,2323.21050905303,-0.01859948071198441,-4.960942431532512,12.499999998379636,-24.132884134847245,-22.271520061279606,-1.861364073567639,0.0,0.8760350780591452,-106.51181590286036,-1.6393442622943746,-99.99999999875155,13.0999755859375,0.00574560332716305,0.07456270138458931,0.0707289000988922,0.07078522209461578,-0.7129437575277842,243589.8,0.4823559935596627,14464951.0,14529474.98099851,35.886296966020126,-0.005701754385964913,2267.0,0,0.004087473785467163
2026-08-19 09:15:00+05:30,2293.60009765625,2300.89990234375,2265.699951171875,2267.0,0,0.0,0.0,-0.0057017543859648745,-0.006573181419807228,-0.007356182007591028,-0.022212637481130004,-0.04030139409860156,-0.005718071440957422,-16.800048828125,-51.5,-7.60009765625,0.005964955112387735,2281.757149832589,-0.006467449804491891,2298.278581891741,-0.013609569413461423,2315.5904831659227,-0.020984057206638637,2364.25,-0.041133551866324995,2287.4692958230467,-0.008948446154190985,2310.5393839634144,-0.018843818142891666,2345.1116813984563,-0.03330829913901704,2288.65048828125,2323.21050905303,-0.024195185427220642,-4.794614438076241,16.148306492713743,-24.866502548088647,-22.790516558641414,-2.075985989447233,1.9667880596276364,1.1562020434383424,-105.1094913501695,-2.5784271594316377,-98.0332119388595,12.728550502232142,0.005614711293439139,0.0747573726078322,0.07308771280974109,0.07088033507899576,-1.0,243589.8,0.0,14464951.0,14523329.839951033,35.886296966020126,-0.00048526583866343186,2265.89990234375,1,0.002330618755463681
2026-08-19 10:15:00+05:30,2266.800048828125,2269.39990234375,2258.5,2265.89990234375,479843,0.0,0.0,-0.0004852658386634845,-0.0071857977187512745,-0.009659133591018332,-0.02091351400562036,-0.03369013744298366,-0.00048538361823504767,-22.10009765625,-48.400146484375,-5.300048828125,-8.820078159457953e-05,2278.4285714285716,-0.005498820214039276,2294.557146344866,-0.012489226536263545,2311.0047665550596,-0.019517425867765077,2360.5419970703124,-0.04009337467580893,2283.1554171271873,-0.007557748655210585,2306.4812492707174,-0.017594483779038377,2342.005337121801,-0.03249584173516357,2284.3333310081844,2316.3491140239958,-0.02177962353549671,-4.312463830495796,17.066982718881547,-25.24565294074955,-23.281543835063044,-1.9641091056865072,10.407724584883802,4.124837548170493,-124.65328962139824,-2.45803261542081,-89.59227541370971,12.021397181919642,0.005305352266214372,0.07225080374362353,0.06790056379082346,0.06548108572534643,inf,254418.7,1.8860366789076357,13985108.0,14472070.617098555,34.176337575913465,0.004898759051434061,2277.0,2,0.0020675511328761597
2026-08-19 11:15:00+05:30,2265.199951171875,2281.800048828125,2263.39990234375,2277.0,458476,0.0,0.0,0.0048987590514339985,-0.001315789473684159,-0.002191060473269113,-0.015649296185371253,-0.0317642355414649,0.004886799174445556,-5.0,-36.199951171875,17.10009765625,-0.00030890648397605364,2277.4571358816966,-0.00020072205728665968,2290.9857177734375,-0.006104672615342112,2307.771437872024,-0.01333383253082662,2357.027998046875,-0.0339529263602958,2281.92433370175,-0.002157974140080136,2303.801135700652,-0.011633441482999144,2339.456108215064,-0.026696849748845876,2281.9923781622024,2310.0487365963813,-0.014306510539280193,-2.5872149223505394,19.21189671222237,-24.369530467369714,-23.499141161524378,-0.870389305845336,26.01965483814434,12.79805582755194,-89.37452912465831,-1.789950398964076,-73.98034516044919,12.342843191964286,0.005420660163354794,0.07425987852303265,0.06806104466508883,0.06500955812198891,-0.044529148075516334,257434.7,1.7809409531815183,14443584.0,14469357.605946312,37.75652517218229,0.001888471158596838,2281.300048828125,2,0.0038411850272522976
2026-08-19 12:15:00+05:30,2276.60009765625,2283.0,2275.300048828125,2281.300048828125,308729,0.0,0.0,0.001888471158596916,0.006307917436314536,-0.00043815448390038814,-0.003625108522934406,-0.03047171745511046,0.0018866902387298626,-1.0,-8.300048828125,4.0,-0.0001756268527667213,2276.5,0.002108521338951413,2288.007149832589,-0.002931416103726791,2304.4190615699404,-0.01003246897552347,2353.4660009765626,-0.030663690114266312,2281.799476727025,-0.00021887457859195682,2301.755582348604,-0.008886926864579746,2337.175478435184,-0.023907246213470165,2280.700955636161,2305.883594845337,-0.01066122594920073,-1.8619528617271706,24.41728450116024,-23.062370441055464,-23.411787017430598,0.349416576375134,34.59800093306419,23.675126785364125,-67.473988813766,-1.425917093883125,-65.40199906541835,12.249982561383929,0.005369737561558911,0.07492236493198536,0.06708409098572729,0.06343683151147712,-0.32661905966724536,259577.85,1.1893503239972085,14752313.0,14496305.73871333,38.67528213582241,0.0030245483698185132,2288.199951171875,2,0.005136640222213947
2026-08-19 13:15:00+05:30,2281.10009765625,2294.10009765625,2278.300048828125,2288.199951171875,417293,0.0,0.0,0.0030245483698185804,0.009841586031694938,0.003596469812225944,-0.00043683383772918916,-0.028406498114858403,0.0030199836252755292,8.199951171875,-1.0,9.199951171875,-8.764790584106845e-05,2277.3857073102677,0.004748534175343919,2285.84286063058,0.0010311691069803336,2301.3333449590773,-0.0057068628566845575,2350.0260009765625,-0.026308666278147194,2283.079571615995,0.002242751246840432,2300.5232522416286,-0.005356738323657639,2335.254869522897,-0.02014979990625837,2280.7266624813988,2300.96529873504,-0.005547822720393601,-0.6363702124649517,31.942791457037643,-21.225003618760184,-22.974430337696518,1.7494267189363342,47.749155122853146,36.122270298020574,-42.10288310079973,-1.0807539567569204,-52.25084487553914,12.80712890625,0.005597032243482647,0.07620989053423118,0.06816511473551183,0.0646821971267134,0.3516482092709139,262348.7,1.5906044131341166,15169606.0,14560429.573121583,48.94192380300329,-0.0005244083548120254,2287.0,1,0.0055878705858226005
2026-08-19 14:15:00+05:30,2288.199951171875,2289.0,2281.300048828125,2287.0,503128,0.0,0.0,-0.0005244083548120448,0.004391743522178304,0.008822232024702226,0.0014011520726242566,-0.031342651418890255,-0.0005245459049637444,20.0,3.199951171875,11.800048828125,0.0,2278.05712890625,0.003925657078687821,2283.8928571428573,0.0013604591158572683,2298.0904831659227,-0.004825955830354981,2346.7560009765625,-0.025463235611913045,2283.8636572927962,0.0013732617957238713,2299.2938656742076,-0.005346800536345279,2333.3625216984697,-0.01986940360416101,2280.880947730655,2293.758528883892,-0.0029464866500910473,0.12996337067027378,33.12731804343929,-19.639313425615455,-22.307406955280307,2.6680935296648514,50.532002388569616,44.293052814829,-40.40438803748318,-0.11356121354600113,-49.46799760965734,12.664271763392858,0.005537504050453572,0.07488287548428006,0.06805727445159059,0.06475798345498159,0.20569479957727554,261203.7,1.9261901726506863,14666478.0,14570529.42330048,49.62709314282852,0.0008745080891998251,2289.0,1,0.005967710034541035
2026-08-19 15:15:00+05:30,2287.60009765625,2289.0,2287.60009765625,2289.0,79808,0.0,0.0,0.0008745080891998658,0.0033752470113830313,0.010194668190045109,0.0004370629370629153,-0.01489072826737703,0.000874125929785598,23.10009765625,1.0,3.10009765625,0.00026239512735012574,2279.342843191964,0.004236816254683203,2282.164289202009,0.0029952755068208296,2294.661911737351,-0.0024674274272770283,2343.7980029296873,-0.02338000239831582,2284.8909258342374,0.0017983677554588675,2298.358059703825,-0.004071628293211518,2331.6228149651965,-0.018280321624754077,2281.561900111607,2293.6799053759432,-0.0020403480734048373,1.2855195837036069,35.207862630631695,-18.013609560039185,-21.448647476232082,3.435037916192897,64.61871091410752,54.299956141843445,-24.60091299574134,-0.008734543776857706,-35.38128908377383,12.685703822544642,0.0055420287560240715,0.05296136791256458,0.05778309038716366,0.05723983717979349,-0.8413763495571703,265194.1,0.30094183844964767,14746286.0,14587268.14489091,51.58224784032752,0.009392747924858016,2310.5,2,0.006094585641509995
2026-08-20 09:15:00+05:30,2307.10009765625,2325.300048828125,2301.0,2310.5,0,0.0,0.0,0.009392747924858114,0.009745673150943102,0.014712340799297285,0.012489044697633567,-0.0032355478861086917,0.009348910357754472,33.5,28.5,10.39990234375,0.00790742580001839,2285.55712890625,0.010913256456501466,2283.65713936942,0.011754330441206448,2294.0380975632443,0.0071759498912570795,2341.2660009765623,-0.013140754174756896,2290.01274066739,0.008946351681270684,2299.4618724580223,0.004800309008895909,2330.7944692802866,-0.008707103757005464,2285.3399948846727,2291.9932260837118,0.008074532553441425,3.2861936417523467,63.11157535068228,-14.819526935328213,-20.12282336805131,5.303296432723098,77.84425447504742,64.33165592590821,84.57110403230188,1.1691019616872205,-22.155745523455572,13.257132393973214,0.005737776409421111,0.06355090953894217,0.05895391747479325,0.05902255195802216,-1.0,249373.7,0.0,14746286.0,14602412.702520346,51.58224784032752,-0.004544470893745943,2300.0,0,0.004033310073272966
2026-08-20 10:15:00+05:30,2310.300048828125,2311.89990234375,2299.199951171875,2300.0,170671,0.0,0.0,-0.004544470893745989,0.0056843025797987945,0.0081970590328444,0.007755312970774142,-0.011602922217447409,-0.00455482839308006,18.699951171875,17.699951171875,-14.800048828125,-8.65402172148511e-05,2290.4285714285716,0.004178881057816369,2284.4285714285716,0.006816334187977698,2293.180954706101,0.0029736184926452184,2338.6460009765624,-0.016524946896797645,2292.0101925339122,0.0034859388898490105,2299.5107931436564,0.00021274388352601075,2329.5868430340006,-0.012700467948837944,2287.51904296875,2290.7198490796427,0.004051194179891441,4.288891518840404,56.01338693763534,-12.985763888214478,-18.695411472083947,5.709647583869469,62.125703090662846,68.19622282660595,54.690262985733085,0.5244755244752952,-37.87429690784015,13.478567940848214,0.0058602469308010234,0.06349076316610587,0.058740619768329845,0.05852155592991412,inf,244624.9,0.6976844957320343,14575615.0,14599860.540375551,51.84638862537376,-0.00391304347826087,2291.0,0,0.004044802257481044
2026-08-20 11:15:00+05:30,2300.0,2301.699951171875,2289.0,2291.0,290876,0.0,0.0,-0.003913043478260825,0.00087374399300999,0.0012236906248910273,0.004824561403508731,-0.013775290572535459,-0.003920719463745492,2.800048828125,11.0,-15.89990234375,0.0,2292.4285714285716,-0.0006231694397704585,2284.942853655134,0.002650896207392631,2291.4666689918154,-0.00020365515158048808,2335.952001953125,-0.019243546920279523,2291.8081540271296,-0.0003526272588345474,2298.7370846760514,-0.0033657979973548656,2328.0736335032557,-0.01592459661486386,2288.3952334449405,2289.183545238237,0.0007934945913536018,4.337377682555065,53.85435752930016,-12.119017752861055,-17.380132728239367,5.261114975378312,48.65265904690463,62.87420553753832,15.556019050724363,0.3943908851882584,-51.347340951598355,13.7928466796875,0.006020448136046041,0.06448463838897783,0.05934215182912361,0.05884579827161438,0.7043082890473484,246549.25,1.1797886223543526,14284739.0,14569848.96510169,51.32865292385348,0.005237887385421213,2303.0,2,0.004149728070154576
2026-08-20 12:15:00+05:30,2290.5,2304.0,2289.199951171875,2303.0,385363,0.0,0.0,0.005237887385421303,-0.003246050638390008,0.006996064713598704,0.015880017644464006,-0.006685356911796392,0.0052242173671897645,16.0,36.0,13.199951171875,-0.00021824530772578864,2295.528564453125,0.003254777859256002,2286.0142822265625,0.007430276313447217,2290.5142880394346,0.005451051768486046,2333.362001953125,-0.013012126677171233,2294.046523221704,0.0039029185710314994,2299.1246224327742,0.0016855883014829478,2327.0903537580302,-0.01035213511117703,2290.8028529575895,2288.158199230294,0.006486352549702231,4.002025462477869,57.4110528826579,-10.344569723705263,-15.973020127332546,5.6284504036272835,66.61671777191557,59.131693303161036,56.25066018798394,0.9069776422471084,-33.38328222658741,14.299996512276786,0.006209290713100554,0.06759217886242647,0.06046655239339802,0.059360821940575986,0.3248360125964329,251373.1,1.5330319751795178,14670102.0,14579396.873187242,54.11070277886148,-0.0013026487190620929,2300.0,1,0.004108773000946249
2026-08-20 13:15:00+05:30,2302.39990234375,2306.800048828125,2297.0,2300.0,247064,0.0,0.0,-0.0013026487190620495,0.0,0.004805591961555278,0.015049251567105015,-0.006178995171938095,-0.0013034979034440947,11.0,34.10009765625,-5.0,-0.0002605721477419624,2297.214285714286,0.0012126488604204506,2287.2999965122767,0.005552399557156018,2289.6333356584823,0.004527652607106961,2330.70400390625,-0.01317370367699071,2295.237218577363,0.0020750715368702015,2299.204202211613,0.0003461187951993284,2326.0279869439896,-0.011189885543111988,2292.667615327381,2285.7068024762043,0.0062532943894225675,2.9185178605469133,59.16495121326025,-9.075762068683161,-14.59356851560267,5.517806446919508,62.125703090662846,59.131693303161036,84.620778419242,0.8771929824557555,-37.87429690784015,14.407139369419642,0.006263973638875382,0.06746794696593146,0.060488406143165786,0.05949485053963558,-0.35887980942643694,236438.95,1.0449378158717038,14423038.0,14564505.551931314,59.66424665189273,-0.0036521314538043477,2291.60009765625,0,0.0041814000728885165
2026-08-20 14:15:00+05:30,2300.0,2301.300048828125,2288.699951171875,2291.60009765625,436613,0.0,0.0,-0.003652131453804386,0.00026193699530763226,-0.00818000534245833,0.006411988430500726,-0.009337650860956725,-0.0036588167679431965,-18.89990234375,14.60009765625,-29.89990234375,0.0,2297.8714425223216,-0.002729197443345619,2287.964285714286,0.0015891034508991725,2288.5523856026784,0.0013317204678133805,2327.6900048828124,-0.015504602052180865,2294.5097943931405,-0.0012681125807348353,2298.512919979307,-0.003007519454411451,2324.677873638588,-0.014228971831934098,2293.240962146577,2286.0814857312,0.0024140049073021887,1.6888941496269354,54.37443299200044,-8.648332188965924,-13.404521250275321,4.756189061309398,49.55100817503934,59.43114301253927,44.2835305235832,1.085138846768379,-50.44899182346365,14.328578404017858,0.006252652205184604,0.0685109561768162,0.06159041092300598,0.06052772736146035,0.7672060680633359,255330.6,1.7099908902418992,13986425.0,14509450.261271188,48.714844683615595,0.002792765784176543,2298.0,2,0.00359188871758111
2026-08-20 15:15:00+05:30,2290.39990234375,2298.0,2290.39990234375,2298.0,54749,0.0,0.0,0.002792765784176643,-0.002171081198436786,-0.0008695652173913437,0.007320365938033202,0.0036687202941458885,0.0027888732594031893,-2.0,16.699951171875,16.89990234375,-0.000523736804570302,2299.157156808036,-0.0005032960903124078,2289.25,0.003822212515014165,2287.8285784040177,0.004445884491517911,2324.8280029296875,-0.011539779672245867,2295.2078355145127,0.0012165192372917237,2298.4662908902787,-0.00020287044979803816,2323.6316825155063,-0.011030871505309769,2294.5790573846725,2286.181038443913,0.005169739997549026,0.9690311315113296,58.152181116823435,-7.704361216592588,-12.264489243538776,4.560128026946188,59.131693303161015,56.93613485628776,55.78991326444216,1.416660004399703,-40.86830669534197,14.585728236607142,0.006347140224804523,0.05884987465690738,0.05890714683334007,0.05831764976998075,-0.8746051995703289,258068.05,0.21214946987819605,14041174.0,14464852.522102503,50.9407042416505,-0.004351610095735422,2288.0,0,0.0046276525223411715
2026-08-21 09:15:00+05:30,2292.0,2292.0,2263.5,2288.0,0,0.0,0.0,-0.00435161009573537,-0.00521739130434784,-0.0013094718463553257,-8.738360988624905e-05,-0.0005241792754978603,-0.0043611059090124206,-3.0,-0.199951171875,-1.0,-0.002610966057440117,2295.94287109375,-0.0034595247093246206,2290.75,-0.0012004801920763068,2287.7523832775296,0.00010823580571056254,2321.8000048828126,-0.014557672845083827,2293.7662684116103,-0.0025138866548948093,2297.514809900253,-0.004141348669113501,2322.234361632545,-0.014741992538799348,2294.412390718006,2285.9717239394276,0.0008872708438738367,-0.07070378260927496,59.77654519463566,-7.674704628931067,-11.346532320617236,3.6718276916861683,44.161644365651895,50.948115281284096,-55.35521466167671,0.48309178743940134,-55.83835563285109,14.535731724330358,0.0063530295997919605,0.06102050379894907,0.06404599596678705,0.06528521684469385,-1.0,248582.9,0.0,14041174.0,14424502.18666417,50.9407042416505,0.00511361502267264,2299.699951171875,2,0.004184731030958485
2026-08-21 10:15:00+05:30,2288.199951171875,2300.0,2285.5,2299.699951171875,225553,0.0,0.0,0.005113615022672713,0.0035345842077372236,-0.0014329347929331604,0.005553105016123716,0.006962037833350809,0.0051005848951986505,-3.300048828125,12.699951171875,-0.300048828125,8.739124644882544e-05,2295.9000069754466,0.0016551000413265928,2293.164289202009,0.0028500626844042715,2288.2523832775296,0.005002755805259439,2318.8800048828125,-0.008271257534043258,2294.9530049636633,0.0020684285028681145,2297.7134591067643,0.0008645516947453091,2321.3506592615386,-0.009326771896039912,2295.605717540923,2286.4078852766224,0.005813514719242057,-0.48754307390975904,64.32208421278247,-6.630678951053142,-10.403361646704417,3.772682695651275,58.64291264108967,53.97875010330088,50.605311592009514,0.80655336649792,-41.35708735729482,14.792881556919642,0.0064325267952347834,0.06295474423536054,0.06499052954671967,0.06586338991106229,inf,247054.65,0.9129680416863196,14266727.0,14409475.97841044,60.79663180510849,0.002130776444065234,2304.60009765625,2,0.003915766268931016
2026-08-21 11:15:00+05:30,2299.699951171875,2306.60009765625,2297.0,2304.60009765625,251118,0.0,0.0,0.00213077644406523,0.002872105159377636,0.0020000424592392374,0.006815245808759363,0.0072552874371722975,0.0021285095595162677,4.60009765625,15.60009765625,7.900146484375,0.0,2297.8428780691966,0.002940679561488719,2295.135724748884,0.004123665892742503,2289.2428617931546,0.006708434530646278,2316.616005859375,-0.005186836390980737,2296.8824235021807,0.0033600649624452197,2298.3395171567176,0.0027239580805165854,2320.6937744927036,-0.006934855866524091,2297.130492001488,2287.239143163304,0.007590353874815077,-0.6302987557106372,62.34353571365393,-5.346251945973108,-9.391939706558155,4.0456877605850465,66.50495984216833,56.436505616303315,96.16828891069018,0.7167269834075771,-33.49504015621355,14.164306640625,0.006146101727160291,0.06305443748895385,0.06520131946691722,0.06610323038555822,0.11334364872114322,251105.7,1.0000489833564072,14517845.0,14419796.837609446,58.441281878728404,-0.0002603912309386309,2304.0,1,0.003853824993410406
2026-08-21 12:15:00+05:30,2304.800048828125,2306.0,2302.39990234375,2304.0,81669,0.0,0.0,-0.00026039123093868355,0.006993006993007089,0.005411023658286718,-0.002813243886604644,0.009640666082383786,-0.0002604251386215617,12.39990234375,-6.5,7.7998046875,8.676176490587722e-05,2297.9857352120534,0.002617189783116281,2296.757149832589,0.0031535115360087408,2290.0047665550596,0.006111442932054597,2315.766005859375,-0.005080826745707285,2298.3059388017446,0.0024775035830180404,2298.8541065061067,0.002238460230828635,2320.0391166694603,-0.0069132957949771204,2298.3123953683034,2287.620791048229,0.007159931845285698,0.5730662746569684,60.4995291004969,-4.326879581853518,-8.378927681617228,4.052048099763709,65.53392880316503,63.560600428807696,94.15365729494299,0.7433318758195263,-34.466071195216855,13.8714599609375,0.00602059894137651,0.06211869954953948,0.06482583152429577,0.06584015698895325,-0.6747783910352902,245888.35,0.33213854987436237,14436176.0,14421356.757837119,55.47012947275795,-0.006206618414984809,2289.699951171875,0,0.00410214232202387
2026-08-21 13:15:00+05:30,2304.39990234375,2306.0,2289.0,2289.699951171875,422237,0.0,0.0,-0.006206618414984821,-0.004348393361014002,-0.0036118576275565584,-0.004478282099184772,0.0032423003923387483,-0.006225959541249578,-8.300048828125,-10.300048828125,-20.699951171875,0.00017356872558586218,2296.5142996651784,-0.002967257157638416,2296.8642926897323,-0.003119183636863652,2290.3714308965773,-0.00029317503512482564,2315.2580029296873,-0.011038964869340947,2296.5847412757707,-0.002997838477350584,2298.021910566631,-0.0036213577235651574,2318.8493454734767,-0.012570628772623946,2297.371435546875,2288.3731501736543,0.0005798009813738063,0.21952598903062984,50.649350643211335,-4.619661487059602,-7.627074442705703,3.0074129556461004,42.39470949985324,58.14453271506222,28.092596274404027,0.030578906591292886,-57.60529049852864,13.957170758928571,0.0060956330770672185,0.06651829276839219,0.06548481642851904,0.0652282198898825,4.170101262412911,246534.35,1.7126903411228427,14013939.0,14382555.066614535,42.154211662466864,0.0012666054706821723,2292.60009765625,1,0.0025750908624008087
2026-08-21 14:15:00+05:30,2289.10009765625,2295.199951171875,2287.199951171875,2292.60009765625,404089,0.0,0.0,0.0012666054706822472,-0.00520697712900553,0.0020105321924168695,0.0006984276107595555,0.005526358621162242,0.001265804002664199,4.60009765625,1.60009765625,12.900146484375,-0.00026197909263950996,2296.657156808036,-0.0017665062195972852,2297.2642996651784,-0.0020303288609874836,2290.8619094122023,0.0007587485901727432,2314.606005859375,-0.009507409964118226,2295.7878125518664,-0.0013885058881254967,2297.5290184838686,-0.0021453138515173456,2317.819963206134,-0.010880856127836519,2296.8028762090776,2288.7867817132806,0.0016660861437312652,-0.48619331328281834,52.38911617282252,-4.565052587973696,-7.014670071759302,2.449617483785606,47.087499456045364,51.672045919687896,2.504379296279307,-0.7747198590669662,-52.912500542336524,13.978602818080358,0.006097270445187862,0.0664739976650072,0.06580047254537216,0.06569447013324171,-0.04298060094212497,260863.95,1.5490411764446503,14418028.0,14385933.441222675,43.50239117128694,0.004100105532299166,2302.0,2,0.0027348437313932496
2026-08-21 15:15:00+05:30,2295.0,2302.0,2295.0,2302.0,95267,0.0,0.0,0.004100105532299114,-0.0008680555555555802,0.0010001517054227804,-0.0004342162396873128,0.01543890604322895,0.004091723004631484,2.300048828125,-1.0,-2.300048828125,0.0010468037344159584,2297.228585379464,0.0020770308409450437,2298.19287109375,0.0016565750221113793,2291.9095284598216,0.00440264827859715,2314.096005859375,-0.005227097678204492,2297.030250041493,0.0021635544235496444,2297.9354713489715,0.0017687740590211932,2317.1995724921685,-0.006559457662860979,2297.434302920387,2288.9818847768315,0.005687294997719921,0.24511718747028882,55.21668932411436,-3.7203946870467917,-6.3558149948168,2.6354203077700085,62.297685405477864,50.59329812045885,55.74768771654923,0.08695652173909263,-37.70231459290401,14.507167271205358,0.006301984044830172,0.06382035619521671,0.057373864829527575,0.05911063561680667,-0.7642425307296165,265627.3,0.3586491298145923,14513295.0,14398063.113487182,43.79481337562743,0.0015638999375543006,2305.60009765625,2,0.002366514571700713
2026-08-24 09:15:00+05:30,2293.300048828125,2319.89990234375,2293.300048828125,2305.60009765625,0,0.0,0.0,0.0015638999375542362,0.0069442052773058816,0.0004339147607503868,0.0024348250679346872,0.01752071893000906,0.0015626783195399347,1.0,5.60009765625,-1.300048828125,-0.003779301117233371,2299.7428850446427,0.0025468988945218938,2297.8428780691966,0.003375870326507358,2293.747628348214,0.005167294414410305,2313.4080078125,-0.003375068353649128,2298.744219564445,0.0029824449512269743,2298.632255558724,0.0030312991913660214,2316.744691126054,-0.0048104538719725655,2298.4219331287204,2291.402788353308,0.006195902953028372,0.9858612162104679,47.70389250799569,-2.729040738675394,-5.630460143588519,2.901419404913125,74.6456924675312,61.3436257763515,104.98020657249532,0.6372805611629694,-25.354307530695753,13.814296177455358,0.005991627165306005,0.06369847756974097,0.06156944972881288,0.06361900044643229,-1.0,241635.15,0.0,14513295.0,14409037.578869354,43.79481337562743,-0.0029927768008811764,2298.699951171875,0,0.0018028230492268215
2026-08-24 10:15:00+05:30,2306.0,2306.699951171875,2297.699951171875,2298.699951171875,146810,0.0,0.0,-0.0029927768008811695,0.002660670529439857,-0.0023003684149848214,0.0030982078953856185,0.009530061999066808,-0.0029972641126225366,-5.300048828125,7.099853515625,-6.300048828125,0.00017344826804802183,2299.600027901786,-0.0003914057744779387,2297.750017438616,0.000413419095223235,2295.3095354352677,0.0014771061088991312,2312.3880078125,-0.005919446301560657,2298.735365885931,-1.5406172707659925e-05,2298.638409705374,2.6773008856423827e-05,2316.037054265106,-0.007485676043609102,2298.5362095424107,2293.473564666052,0.002278808261119746,0.6107773699806801,49.36952253538122,-2.4716777837061272,-4.9987036716120405,2.5270258879059133,62.41136900683233,66.45158229328048,51.47997012667447,-0.18671510326196844,-37.58863099139462,13.550013950892858,0.005894642292909599,0.06324696225418751,0.05968532729312529,0.061750550957547494,inf,226051.85,0.6494527693535769,14366485.0,14404984.952310367,44.141918359125526,0.0001305297927082808,2299.0,1,0.0018768740952736045
2026-08-24 11:15:00+05:30,2298.10009765625,2303.39990234375,2292.0,2299.0,133694,0.0,0.0,0.00013052979270833376,-0.0013032145960034658,0.004061688879088754,0.0004351610095736369,0.007758712485438801,0.0001305212744361923,9.300048828125,1.0,14.60009765625,-0.0002609533772856846,2298.8000139508927,8.69958447422921e-05,2298.321446010045,0.00029523894106842937,2296.357154482887,0.0011508860945052169,2311.4680078125,-0.005393978099785231,2298.788292708745,9.209516680007e-05,2298.67128155034,0.0001430036788200522,2315.3689344900035,-0.007069687360041386,2298.7028738839285,2294.5835072576256,0.0019247470089466835,0.6323242186733546,54.23727059382259,-2.2179373536805542,-4.442550408025744,2.2246130543451894,62.94337139628847,66.66681095688402,15.203057487183408,-0.043478260869546315,-37.056628601938485,13.4571533203125,0.005853481218054218,0.06303590671592528,0.0601858409615144,0.0625800281433709,-0.0893399632177645,217300.1,0.6152505222040827,14500179.0,14414051.052090332,46.54057604629557,-0.0014354279374184428,2295.699951171875,1,0.0015192610652266804
2026-08-24 12:15:00+05:30,2299.0,2303.699951171875,2292.60009765625,2295.699951171875,217158,0.0,0.0,-0.0014354279374184653,-0.004293956482062544,0.001352112616061607,0.0033653632744208295,0.003277685586943191,-0.0014364591510402538,3.099853515625,7.699951171875,-6.2001953125,0.0,2297.6142926897323,-0.0008331866336083136,2297.8000139508927,-0.0009139449761799982,2297.0428641183034,-0.0005846268554258435,2310.4600048828124,-0.006388361486343788,2298.170624401371,-0.0010750608345880652,2298.4011606068434,-0.001175255861015156,2314.5976018108613,-0.008164551205010008,2298.353341238839,2295.504259589506,8.524993214511309e-05,-0.3003406460073661,45.7409501704333,-2.257113990477592,-4.005463124516114,1.7483491340385218,57.0922108606671,60.81565042126265,0.644317671500049,0.1789078958329756,-42.907789137559845,13.192853655133929,0.00574676740677443,0.06255353532692517,0.05925614904167109,0.06163831730895838,0.6242912920549912,207293.35,1.0475878748642875,14283021.0,14401571.999510301,35.226667481746404,-0.004355969949337389,2285.699951171875,0,0.0026217235451330818
2026-08-24 13:15:00+05:30,2295.699951171875,2297.0,2285.199951171875,2285.699951171875,199864,0.0,0.0,-0.0043559699493374016,-0.005655370546892247,-0.00708082051612724,-0.006087750705419559,-0.0005684516082750113,-0.004365484827506106,-16.300048828125,-14.0,-19.39990234375,0.0,2297.0428641183034,-0.004938050187747526,2296.778581891741,-0.004823551911885301,2296.9238164992557,-0.004886476968348979,2308.9580029296876,-0.010072964397053519,2295.6764897554717,-0.0043457946396685205,2297.246505203664,-0.005026258177182615,2313.4643606093323,-0.0120012263470238,2296.73999953497,2296.456539285994,-0.004683993766090934,-1.0761061130850509,42.286957362701436,-3.0598066376496718,-3.8163318271428253,0.7565251894931535,39.361683706783026,53.132421987912885,-101.89500018041673,-0.535250166584841,-60.63831629144393,13.335710797991071,0.005834410063817886,0.06456471638145332,0.059835132364370706,0.061672120450938055,-0.07963786735924994,192130.15,1.0402531825431822,14083157.0,14371246.761461701,26.585200597281116,-0.0006999403026651671,2284.10009765625,1,0.002246187357881184
2026-08-24 14:15:00+05:30,2285.60009765625,2288.10009765625,2280.0,2284.10009765625,481990,0.0,0.0,-0.0006999403026651807,-0.006481036252174888,-0.009325121048466167,-0.008895252595384484,-0.002140630119593756,-0.0007001853752429505,-21.5,-20.5,-5.199951171875,-4.3686187057825137e-05,2295.8285784040177,-0.00510860473560086,2296.2428676060267,-0.005288103502061614,2296.7857259114585,-0.005523209288567302,2307.3600048828125,-0.010080744737418544,2293.3612113356276,-0.004038227224563528,2296.0513772448085,-0.005205144670105087,2312.3128208856824,-0.012201084115692411,2295.0495349702383,2295.1986591574414,-0.004835555936260786,-1.3973063971370268,45.634478517380046,-3.781450939242859,-3.809355649562832,0.027904710319972992,36.525059086680436,44.326317884710214,-157.5894949177177,-0.17045027726172618,-63.47494091154652,13.0142822265625,0.005697772282357921,0.06451708104388379,0.06029674450497031,0.06229005002078668,1.411589881119161,212239.25,2.2709748550279825,13601167.0,14297905.831798682,26.160926316859786,-0.003414933012843329,2276.300048828125,0,0.0028481901288348213
2026-08-25 09:15:00+05:30,2304.0,2312.0,2262.0,2276.300048828125,0,0.0,0.0,-0.0034149330128433464,-0.00845053916294547,-0.009744595997546623,-0.012022548251681808,-0.014801969777916035,-0.003420777205395059,-22.39990234375,-27.699951171875,-0.89990234375,0.008712360007409868,2292.157156808036,-0.006917984629808639,2294.69287109375,-0.008015374300112838,2296.1809663318454,-0.008658253767982219,2305.5520068359374,-0.012687615773171873,2289.948978834127,-0.005960364240492866,2294.255801934201,-0.00782639542239809,2310.900555314798,-0.014972737103325829,2292.390492466518,2295.1986591574414,-0.00823397584950044,-1.9595943153138202,37.57169663503435,-4.9259744331707225,-4.0326794062844105,-0.893295026886312,24.697880737309465,33.52820784359099,-149.57122075813112,-1.0175197999989418,-75.30211926096342,16.0428466796875,0.007047773288033606,0.05481314138949132,0.07284574084961097,0.07412658534318702,-1.0,212239.25,0.0,13601167.0,14231549.75257976,24.639814509437457,-0.0016254233152522195,2272.60009765625,0,0.0030693713200587967
2026-08-25 10:15:00+05:30,2276.0,2279.0,2270.300048828125,2272.60009765625,227661,0.0,0.0,-0.0016254233152521724,-0.005731221855654667,-0.011483211110809077,-0.0074681634625852755,-0.011913001019021707,-0.0016267457489330193,-26.39990234375,-17.099853515625,-4.0,-0.00013181426951132302,2287.44287109375,-0.00648880617962554,2293.5928780691966,-0.00915279281413258,2294.3762090773807,-0.00949108142551648,2303.6640087890623,-0.013484566765935551,2286.4792025985516,-0.006070077054067301,2292.287101545296,-0.008588367432581165,2309.3985765830907,-0.015934226036144274,2289.4447893415177,2293.737725116126,-0.009215363739460098,-3.432321259053658,40.493944739186794,-6.0616972135408105,-4.438482967735691,-1.6232142458051193,18.307626139219472,26.51018865440314,-214.97008724786576,-1.3885272344008717,-81.69237385905342,14.199986049107142,0.006248343500356903,0.05307761072255958,0.07235391395150312,0.07404088212551385,inf,215088.75,1.058451453179206,13373506.0,14149831.299953116,22.712447580359367,0.002376089990191834,2278.0,2,0.002769036808658403
2026-08-25 11:15:00+05:30,2272.10009765625,2288.699951171875,2272.10009765625,2278.0,425148,0.0,0.0,0.0023760899901918986,-0.0026706787773922436,-0.007710045540942678,-0.00636835777472744,-0.005674378000873004,0.002373271552063336,-17.699951171875,-14.60009765625,8.699951171875,-0.0002200123112356784,2284.4857352120534,-0.0028390351106519713,2292.04288155692,-0.006126797046386313,2293.328590029762,-0.006683992035156338,2301.7240087890623,-0.010307060576534188,2284.7833620788415,-0.0029689300926397624,2290.988274132087,-0.0056692887862998245,2308.1672598543423,-0.013069789342836863,2287.3657389322916,2292.3721363897766,-0.0062695476714373435,-4.132654671216244,35.47535239372657,-6.4516678976510775,-4.841119953718769,-1.6105479439323087,27.633898075910622,23.546468317479874,-129.66314471258218,-1.1284722222217325,-72.36610192236226,14.3499755859375,0.006299374708486041,0.052553318189235275,0.07305325487221312,0.07526692492061311,0.8674608299181679,221802.35,1.9167876264611177,13798654.0,14116385.842814725,27.648368740014277,-0.0026338893766461808,2272.0,0,0.0032708326601097433
2026-08-25 12:15:00+05:30,2278.10009765625,2282.300048828125,2271.60009765625,2272.0,261160,0.0,0.0,-0.0026338893766462146,-0.0018890518542750145,-0.005993766226774944,-0.013032145960034769,-0.013460703430308252,-0.002637364166085515,-13.699951171875,-30.0,4.0,4.394102557065674e-05,2280.628592354911,-0.00378342724625642,2289.7143031529017,-0.007736468750053952,2292.423828125,-0.008909272305765542,2299.920009765625,-0.012139556874614054,2282.226689663073,-0.004481013962981213,2289.2620673928063,-0.007540450540229413,2306.748935938486,-0.015064030331646555,2284.693354724702,2290.7695946342824,-0.008193575939823283,-4.303701072710663,28.496060907265317,-7.1623096826638175,-5.305357899507778,-1.8569517831560391,17.271186297444142,21.07090350419143,-141.1586955781105,-0.7730249180818817,-82.72881370082875,14.428536551339286,0.006350588270833159,0.04889348772897015,0.07244586142524206,0.07517829366279573,-0.3857197964003124,215592.2,1.2113610789258553,13537494.0,14061253.28635618,19.425248436353883,0.002640845070422535,2278.0,2,0.0033573874956020085
2026-08-25 13:15:00+05:30,2271.60009765625,2281.60009765625,2271.0,2278.0,180130,0.0,0.0,0.002640845070422504,0.0023760899901918986,-0.0026706787773922436,-0.01197089542297769,-0.009565217391304337,0.0026373641660854498,-6.10009765625,-27.60009765625,7.599853515625,-0.00017601335552369014,2278.100027901786,-4.390847660796735e-05,2287.857160295759,-0.00430846840738977,2291.233351934524,-0.005775645646631738,2298.58201171875,-0.008954221173666526,2281.3813517304584,-0.0014821510344564307,2288.238243084369,-0.0044742906973551065,2305.6215266859963,-0.01198007841542247,2283.1314476376488,2289.568678436523,-0.005052776335330475,-3.440396806190726,33.99018628621772,-7.1588260705498215,-5.676051533716187,-1.4827745368336345,27.633898075910622,24.179660816421816,-111.24477624447815,-0.6368357774724632,-72.36610192236226,14.928536551339286,0.00655335230523825,0.05020596123919831,0.07255742944502645,0.07510639856207649,-0.31026956654924187,212245.5,0.8486870157435572,13717624.0,14028526.687655592,21.872529514640377,0.0046093064091308165,2288.5,2,0.004460053726300636
2026-08-25 14:15:00+05:30,2277.0,2290.5,2276.800048828125,2288.5,708384,0.0,0.0,0.00460930640913082,0.00460930640913082,0.005359553182874954,-0.004437269495166207,-0.001352809183164494,0.004598716086569331,12.199951171875,-10.199951171875,18.300048828125,-0.00043898156277417076,2278.5000348772323,0.004388836940835105,2287.7714494977677,0.00031845423300127173,2290.6857328869046,-0.0009541827827028022,2297.3180126953125,-0.0038383944436856643,2282.8050813843665,0.002494702093521446,2288.2620391676082,0.00010399195036169098,2304.9500942669374,-0.007136854853320387,2283.2171595982145,2288.478489307895,9.399560540127812e-06,-2.080132378220085,49.22483920240371,-6.236907843730933,-5.788222795719137,-0.44868504801179565,45.76864368822697,30.224576020527266,-41.70377392389582,-0.5864465682013091,-54.23135631004592,14.692818777901786,0.006420283494819911,0.05181219554107429,0.07274030978656165,0.07496290417825557,2.932626436462555,225834.05,3.136745765308628,14426008.0,14066382.050736012,40.42979123462791,0.0033646279973235742,2296.199951171875,2,0.003485214415541593
2026-08-25 15:15:00+05:30,2288.0,2296.199951171875,2288.0,2296.199951171875,147638,0.0,0.0,0.0033646279973236215,0.010651386959452003,0.010384516633596741,-0.0012179420739996116,-0.0007833110653285846,0.0033589803012619877,23.599853515625,-2.800048828125,11.39990234375,-0.0002184837229625438,2280.228585379464,0.007004282770074081,2288.028581891741,0.0035713580436894732,2290.9047735305057,0.0023113914216550224,2296.18201171875,7.81273132249355e-06,2285.484055341868,0.004688676696280587,2288.9836675316324,0.003152614735788524,2304.6069514004644,-0.003647910644145611,2284.3409598214284,2288.5552526031584,0.003340403759104225,-0.09360532406272797,52.18969321130424,-4.829290246686469,-5.596436285912604,0.7671460392261347,59.06737280529462,44.15663818981076,21.431007585906514,-0.4077093201863849,-40.93262719297827,14.707101004464286,0.006404974008013567,0.05226795053195508,0.07279726908014382,0.07498033349294342,-0.7915847901703031,230478.5,0.6405716802217967,14573646.0,14114692.903046867,48.24649307120019,-0.0019161669006675537,2291.800048828125,0,0.002472415518783748
2026-08-26 09:15:00+05:30,2304.199951171875,2305.5,2290.0,2291.800048828125,0,0.0,0.0,-0.0019161669006675375,0.006057967000932862,0.006057967000932862,-0.0016987857414725305,0.0016608605018029188,-0.00191800509703251,13.800048828125,-3.89990234375,-9.7998046875,0.003484017145768897,2282.44287109375,0.004099632833257696,2287.3000139508927,0.001967400362778551,2290.6095377604165,0.0005197354887782211,2294.9160107421876,-0.0013577672993154697,2286.7472540391195,0.0022095991500934047,2289.2397021949496,0.001118426624664689,2304.1047199270392,-0.0053403263282662495,2284.843822079613,2288.5552526031584,0.0014178360873194473,1.4195240160316402,43.393809821643224,-4.022410661076719,-5.281631160945427,1.2592204998687073,51.46821949834788,52.10141199728984,34.92445998068936,-0.3001654191635335,-48.531780499925006,15.142822265625,0.006607392417746666,0.05027667394052913,0.06924407384573024,0.06924968138251966,-1.0,230478.5,0.0,14573646.0,14158402.721804308,46.660952777874066,-0.0029234449031890508,2285.10009765625,0,0.002740982327876735
2026-08-26 10:15:00+05:30,2291.800048828125,2291.800048828125,2282.5,2285.10009765625,165414,0.0,0.0,-0.0029234449031890763,-0.001485646643543781,0.005765888052926993,-0.0002624375589269645,-0.006348590609912108,-0.0029277265149802957,13.10009765625,-0.599853515625,-0.699951171875,0.0,2284.228585379464,0.00038153461626548157,2285.8357282366073,-0.00032182128018644335,2290.4714471726193,-0.0023450846868217313,2293.3980126953124,-0.0036181748624202893,2286.4178227625457,-0.000576327341912951,2288.863374509613,-0.0016441684092077928,2303.3594406223024,-0.007927265994191201,2284.550499906994,2288.1564909596914,-0.0013357448738823556,1.8383789060271662,37.235336318559526,-3.8788696471892763,-5.001078858194197,1.1222092110049209,46.200195311575996,52.24526253840619,-35.537601297645175,-0.6046064525334474,-53.79980468642401,13.907121930803571,0.006086001197523711,0.047646079362565145,0.06846981800096948,0.06876270092635886,inf,227471.55,0.7271854436302003,14408232.0,14182195.986394374,44.31705760142215,-0.006039144124268011,2271.300048828125,0,0.0026737411965342293
2026-08-26 11:15:00+05:30,2285.10009765625,2286.0,2271.300048828125,2271.300048828125,294979,0.0,0.0,-0.006039144124267981,-0.010843960836704247,-0.0029411550359416117,-0.005603978932998355,-0.01444938272023455,-0.0060574535076998205,-6.699951171875,-12.800048828125,-19.800048828125,0.0,2283.2714494977677,-0.005243091298790019,2283.878592354911,-0.005507535982379219,2289.119070870536,-0.007784226809847225,2292.35201171875,-0.009183564645829211,2283.394267975662,-0.005296596964068645,2287.2667085385683,-0.006980672455394634,2302.1022095715502,-0.013380014412628765,2282.6124093191966,2286.591724775301,-0.006687541016388448,1.3104383678967144,34.28899403094809,-4.823063692145752,-4.965475824984509,0.1424121328387571,18.600097655878002,38.75617082193398,-104.25964972861047,-1.0628524137609565,-81.399902342122,14.314261300223214,0.006302232638793074,0.05080667352859022,0.06926902413118703,0.06873406288411096,0.783277110764506,229664.6,1.284390367518541,14113253.0,14175629.987690149,42.436716051253676,-4.4070644167707074e-05,2271.199951171875,1,0.003353960948598863
2026-08-26 12:15:00+05:30,2271.60009765625,2273.5,2267.5,2271.199951171875,292196,0.0,0.0,-4.4070644167670814e-05,-0.008988610357515081,-0.007559558150808443,-0.002240520821881864,-0.014236132303873661,-4.4071615307042085e-05,-17.300048828125,-5.10009765625,-10.60009765625,0.00013210444312704428,2283.157156808036,-0.00523713648029043,2281.8928745814733,-0.004685988342706405,2287.528587704613,-0.007138112555400091,2291.4160107421876,-0.00882251824877309,2280.9554046149046,-0.004276915464146209,2285.8060942325055,-0.00638993092960861,2300.890356300975,-0.012903876557081464,2280.921923828125,2285.3289032009657,-0.006182458905278207,0.3710411405274158,34.02291560301218,-5.51583817069104,-5.075548294125815,-0.44028987656522567,18.399902343382003,27.733398436945354,-130.86659093971576,-0.6343789784201346,-81.60009765461801,13.928553989955358,0.006132685051689299,0.05083856765446669,0.06941786196319388,0.0689450702979156,-0.009434569918536528,240190.95,1.2165154432338054,13821057.0,14141861.13171966,40.59732650863654,-8.80376788366127e-05,2271.0,1,0.003260557753400216
2026-08-26 13:15:00+05:30,2272.0,2272.699951171875,2266.5,2271.0,185447,0.0,0.0,-8.803767883658331e-05,-0.006170450769623637,-0.010974632744423674,-0.0007040823671090601,-0.008166987627485578,-8.804155438049503e-05,-25.199951171875,-1.60009765625,-7.89990234375,0.0003522582094596494,2282.157156808036,-0.0048888643688482745,2280.128592354911,-0.004003542776277714,2285.9571591331846,-0.00654306187384969,2290.2960107421877,-0.008425116514055437,2278.9643236919237,-0.003494711878164905,2284.460085665914,-0.005892020504260429,2299.7181854656424,-0.012487697687103812,2279.4695405505954,2283.8242919266113,-0.005615270829695587,-0.785856612909795,35.28006447776362,-6.011702164223152,-5.262779068145282,-0.7489230960778697,17.99999999964,18.33333333296669,-120.66616288428494,-0.5735343065606658,-81.99999999836001,13.578560965401786,0.005979110949095468,0.04652351174228092,0.06785232311314456,0.06821947575544231,-0.3653335432381004,228351.45,0.8121122068635832,13635610.0,14093646.73822255,40.985821602149024,0.0003962581874724791,2271.89990234375,1,0.0031712546775839036
2026-08-26 14:15:00+05:30,2271.0,2272.800048828125,2268.699951171875,2271.89990234375,378009,0.0,0.0,0.0003962581874725757,0.00026410139687826906,-0.008683194895013013,-0.0026778304022168076,-0.009029134794882876,0.0003961796979310706,-19.900146484375,-6.10009765625,5.2998046875,0.0,2279.785714285714,-0.0034590145435802445,2279.1428745814733,-0.003177936898339536,2285.1095377604165,-0.0057807449482737685,2289.2740087890625,-0.0075893520734528,2277.551439422289,-0.0024814091926592032,2283.318250818444,-0.005000769590746377,2298.627272402039,-0.0116275354335058,2278.3723818824405,2282.0699612265303,-0.004456506178850788,-1.466671927431649,40.77531422735168,-6.259903087127441,-5.462203871941714,-0.7976992151857267,19.799804687104007,18.733235676708688,-101.0721774397326,-0.19330256952014438,-80.200195310896,13.028564453125,0.005734656020574967,0.046210056200924506,0.06755257241213274,0.06788392880632936,1.0383667570788417,227047.45,1.6648898721390544,14013619.0,14086025.048868021,49.11221863254924,-0.0008362614663568638,2270.0,1,0.0039674365656504704
2026-08-26 15:15:00+05:30,2272.0,2272.0,2270.0,2270.0,62615,0.0,0.0,-0.0008362614663568468,-0.0005283335671329992,-0.006608068360654196,-0.0008802816901408717,-0.013900955690703709,-0.0008366113280410657,-15.10009765625,-2.0,4.800048828125,4.4059008122097565e-05,2276.0428641183034,-0.0026549869572169414,2278.135724748884,-0.0035712203888893746,2284.0333426339284,-0.006144105855188244,2288.3040087890627,-0.007998941014284585,2276.0411515378314,-0.0026542365166583163,2282.10750074404,-0.005305403334456074,2297.504634268626,-0.011971525044331268,2277.1533319382443,2281.539738256298,-0.005057873006898486,-2.6249210855404135,40.61240279079583,-6.5345837340655635,-5.676679844366484,-0.8579038896990792,15.99999999968,17.93326822880802,-95.59340352428141,-0.11441069895800658,-83.99999999832,12.592843191964286,0.0055475080140787395,0.04297297586084569,0.06726607695567585,0.06779418068164109,-0.8343557957614766,225414.85,0.2777767303263282,13951004.0,14073165.901356783,55.32109938777992,-0.0075770710008259915,2252.800048828125,0,0.00397404121898698
2026-08-27 09:15:00+05:30,2273.699951171875,2283.5,2251.199951171875,2252.800048828125,0,0.0,0.0,-0.007577071000825941,-0.008014069208223229,-0.008145114957200383,-0.01106231394726731,-0.022900783566846106,-0.007605922837308998,-18.5,-25.199951171875,-3.39990234375,0.0016299344369486211,2270.471435546875,-0.007783135450231205,2276.4571533203125,-0.010392071055531261,2281.6904878162204,-0.01266185713721998,2287.0740087890626,-0.014985942662638056,2271.3929309958903,-0.008185674047865021,2279.443186933502,-0.01168844139572877,2295.7515132709595,-0.018709108627187228,2273.775241815476,2281.539738256298,-0.012596620144834725,-4.354211055343429,36.09459419817454,-8.047397055388046,-6.150823286570797,-1.896573768817249,2.9467701977309333,12.915524961505,-139.32716192239647,-1.1062313947262485,-97.05322980042746,11.328560965401786,0.005028657989993261,0.04849205596548667,0.06958908205568974,0.06899983639313477,-1.0,225414.85,0.0,13951004.0,14061531.434560899,55.32109938777992,-0.0011097300895836118,2250.300048828125,1,0.001937867678676369
2026-08-27 10:15:00+05:30,2252.199951171875,2254.0,2244.10009765625,2250.300048828125,268935,0.0,0.0,-0.0011097300895835938,-0.009507396647775779,-0.009202141067749747,-0.01669213509804457,-0.021055337091331006,-0.0011103462959434671,-20.89990234375,-38.199951171875,-2.39990234375,-0.00026637857033157293,2265.5,-0.00670931413456998,2274.8642926897323,-0.01079811395366908,2279.057152157738,-0.012617982529474592,2285.8160107421877,-0.015537541843761691,2267.1743545623376,-0.0074428795916151045,2276.793810742104,-0.011636434440820999,2293.9691029006526,-0.019036461309479023,2270.2876278831845,2279.0588831849527,-0.012618732481639541,-5.117845117224773,36.6145459279895,-9.340371628442426,-6.788732954945123,-2.551638673497303,10.097656405157341,9.681475534189444,-204.28698562089437,-0.9551034846771764,-89.902343593214,11.414271763392858,0.005072333251439925,0.0480028357450299,0.06972261097104164,0.06951425380939304,inf,231521.1,1.161600389770085,13682069.0,14025392.155078908,54.6917339237779,-0.0008887703668857528,2248.300048828125,1,0.002179517744625787
2026-08-27 11:15:00+05:30,2250.699951171875,2251.699951171875,2246.199951171875,2248.300048828125,161283,0.0,0.0,-0.0008887703668857272,-0.00955944985545154,-0.009995575152741076,-0.020860510130794152,-0.022053045311820396,-0.0008891655574413752,-22.699951171875,-47.89990234375,-1.800048828125,0.00017771067638650099,2262.214285714286,-0.006150715683311698,2272.7428676060267,-0.010754766465789238,2276.657156808036,-0.01245558994032115,2284.990009765625,-0.016056945886274272,2263.3994934154953,-0.006671135445284725,2274.203468749924,-0.011390106592364896,2292.178159603691,-0.01914253941898348,2266.745728701637,2277.4613915800837,-0.01280431925641296,-4.91784709010255,31.41421887865512,-10.406487073103563,-7.512283778576812,-2.8942032945267506,6.840322234216252,6.628249612368194,-185.67773300728214,-1.3037730979746252,-93.15967776415509,10.621425083705358,0.004724202665581406,0.04780374414698295,0.06911262883928067,0.06862970551354845,-0.4002900329075799,232900.55,0.6924972912258014,13520786.0,13977334.426023774,45.6678410531282,0.0035137224445943695,2256.199951171875,2,0.015655652893633843
2026-08-27 12:15:00+05:30,2247.800048828125,2260.0,2247.199951171875,2256.199951171875,324785,0.0,0.0,0.0035137224445944693,0.0015091895730021676,-0.006910494232460929,-0.015533683959232603,-0.01720608129988266,0.0035075637443115516,-15.699951171875,-35.60009765625,7.0,-0.00022239024558149664,2260.0714285714284,-0.0017129889571670996,2271.6142926897323,-0.006785633268577041,2274.6190592447915,-0.008097667166749162,2284.330009765625,-0.012314358465493357,2261.959584966771,-0.0025463026984093007,2272.5667853337377,-0.007201915590547516,2290.76724946911,-0.01508983433617319,2264.540006510417,2274.988752359336,-0.008258854540694952,-3.9198692650972546,40.34221655117165,-10.492978621150542,-8.10842274709156,-2.3845558740589823,19.706633159913483,12.214870599762378,-133.21161641332407,-1.41140698396814,-80.29336683845786,10.771432059151786,0.004774147811479345,0.05050849420316754,0.06940568369097176,0.06861950623673256,1.0137584246324782,238281.9,1.3630284129847825,13845571.0,13964785.528307224,54.95932143241855,-0.0006648346921649816,2254.699951171875,1,0.01577752452044755
2026-08-27 13:15:00+05:30,2256.300048828125,2258.0,2252.10009765625,2254.699951171875,128986,0.0,0.0,-0.0006648346921649395,0.0019552514101581764,-0.006740109615914092,-0.013303638871468015,-0.013562585055884702,-0.0006650557927512172,-15.300048828125,-30.400146484375,0.39990234375,4.4365596319583596e-05,2257.742850167411,-0.001347761546585698,2269.9500034877233,-0.006718232689006465,2272.666678292411,-0.007905570707811557,2283.7480078125,-0.012719466657985649,2260.507658207792,-0.00256920476019036,2270.942527682659,-0.0071523503183285875,2289.3528456143167,-0.015136545905892435,2262.2847609747023,2273.828487964229,-0.008412480050098982,-3.029630615689169,34.92873137113391,-10.560822670233847,-8.598902731720017,-1.9619199385138302,17.263632531707668,14.603529308612488,-114.93217773737881,-1.8073338943676152,-82.73636746666368,10.435703822544642,0.004628422428055707,0.04879275394910863,0.0687583191694726,0.06837362041055674,-0.6028572748125682,234738.0,0.5494892177661881,13716585.0,13941147.382754155,54.20083687141914,-0.0004878048252288974,2253.60009765625,1,0.015505962199639895
2026-08-27 14:15:00+05:30,2254.60009765625,2259.199951171875,2252.199951171875,2253.60009765625,354545,0.0,0.0,-0.0004878048252289213,0.0023573583209623994,0.000355135303082621,-0.007792872271986773,-0.013353180112945395,-0.0004879238407084702,0.800048828125,-17.699951171875,16.10009765625,-4.4286830969707116e-05,2255.128592354911,-0.0006777860490270206,2267.4571533203125,-0.0061112756392177215,2271.138113839286,-0.007722126662469068,2283.060009765625,-0.01290369590959047,2259.126146097484,-0.0024460999890498795,2269.3659431348037,-0.006947246884637974,2287.9507770669416,-0.015013731831553079,2260.104773530506,2271.2864523486382,-0.0077869326760135315,-2.818846011863709,24.300291959493606,-10.58136318662855,-8.995394822701725,-1.5859683639268258,15.472337311970168,17.480867667863794,-101.85488062534499,-1.6668099466788675,-84.52766268640117,9.957135881696429,0.004418324214685409,0.04879730155068834,0.06866087341666913,0.06824608433901504,1.748709162234661,228365.75,1.5525314106865782,13362040.0,13885994.29868233,48.20982847238011,-0.0023075058072229483,2248.39990234375,0,0.015103308651183006
2026-08-27 15:15:00+05:30,2254.300048828125,2254.300048828125,2248.39990234375,2248.39990234375,49816,0.0,0.0,-0.0023075058072229426,-0.0034571620410122073,-0.0008443969440272703,-0.010038767751980981,-0.01225679650568845,-0.002310172201351135,-1.900146484375,-22.800048828125,-2.7001953125,0.0003105924483241905,2252.0428641183034,-0.001617625415836869,2264.0428641183034,-0.006909304599512714,2269.4381045386904,-0.0092702251508232,2282.3880078125,-0.014891466898877563,2256.980897346737,-0.0038019794554180262,2267.459939426526,-0.00840589804977467,2286.3997623719147,-0.016619954503812116,2257.563806733631,2271.0607402178894,-0.009978085338199834,-2.692256220738481,13.455429167970408,-10.891701243642729,-9.374656106889926,-1.5170451367528024,7.002950368483209,13.246306737387036,-114.22432928242544,-1.606065106299986,-92.99704962988812,9.792864118303571,0.004355481472887032,0.04812399465113364,0.050726619583191926,0.048661582885290905,-0.8594931531963502,230856.55,0.21578768287059558,13312224.0,13831349.508331632,44.40987005427581,0.03469133756797097,2326.39990234375,2,0.015556953840171264
2026-08-28 09:15:00+05:30,2272.10009765625,2335.0,2272.10009765625,2326.39990234375,0,0.0,0.0,0.03469133756797094,0.03180021853223036,0.03473729120645297,0.024394496848855196,0.023673238746660275,0.03410315766753283,78.099853515625,55.39990234375,80.0,0.010540916359133528,2262.55712890625,0.02821708792313864,2266.5142822265625,0.026421902825307177,2271.8238118489585,0.02402302951933139,2283.2700048828124,0.018889530090039595,2270.86469834614,0.024455531867676517,2272.8181178735463,0.02357504282846504,2287.9683953119866,0.016797219363035007,2265.878078497024,2270.9100210564616,0.0244350858346423,2.4538664638229317,62.44601232722471,-4.788499422287714,-8.457424769969485,3.668925347681771,90.5389363075078,37.671407995987074,196.8944251780176,2.4259169784295764,-9.46106369139208,14.871442522321429,0.006392470403447268,0.13400720216768075,0.07678211086695225,0.06534232171279543,-1.0,219473.5,0.0,13312224.0,13781908.98372862,44.40987005427581,0.0016764729402050638,2330.300048828125,2,0.00356694377910555
2026-08-28 10:15:00+05:30,2326.699951171875,2334.5,2323.300048828125,2330.300048828125,500820,0.0,0.0,0.0016764729402050094,0.034034410653266844,0.03284287707645861,0.02570542233138351,0.02295875716774587,0.0016750692280833317,74.10009765625,58.400146484375,-3.999755859375,0.00012897560209772382,2273.9857003348216,0.0247646009757172,2269.742850167411,0.02668020240981087,2274.5714285714284,0.024500712334926796,2284.276005859375,0.020148197000132262,2282.751768442537,0.020829369641889767,2278.043747960326,0.022939112084464707,2289.628460155757,0.01776340108455137,2274.3828473772323,2276.639231789205,0.02357018902671043,7.156894464620712,66.59323324433122,0.3589039968696852,-6.694159016601652,7.053063013471337,94.82953110879062,64.12380592826055,228.61767039456456,2.602152999595214,-5.170468890109263,15.007149832589286,0.006440007517542529,0.13394902503835263,0.0758932514575917,0.06405144914910903,inf,223257.1,2.2432433279837363,13813044.0,13784874.223373514,56.371987695619566,0.0021026916024029143,2335.199951171875,2,0.006900317393380014
2026-08-28 11:15:00+05:30,2331.800048828125,2340.300048828125,2321.0,2335.199951171875,442221,0.0,0.0,0.0021026916024029507,0.03860525377965196,0.0357031985378633,0.028722445450165113,0.0278168799171985,0.0021004840404219363,80.5,65.199951171875,6.39990234375,0.0006436939314976563,2286.399972098214,0.021343588028850443,2274.30712890625,0.02677423004644168,2277.295235770089,0.025426969016680578,2285.6400048828127,0.02168318115852264,2293.2414049884046,0.01829661111655371,2283.239766434103,0.022757217836521508,2291.4155774505066,0.019108002124200024,2283.110460844494,2281.9995526363705,0.023313062648947207,11.229618777574018,75.09819338670087,4.7785552501627535,-4.399616163248771,9.178171413411524,94.69844049288037,93.35563596972628,189.74245517651198,2.8269463307726435,-5.301559506080132,15.335728236607142,0.006567201334902665,0.13321876957478432,0.0772726944684655,0.06648420867260146,-0.11700610997963345,232310.15,1.903580192255905,14255265.0,13829673.344956988,67.90159513241039,0.0036399452628176183,2343.699951171875,2,0.0069021912426875725
2026-08-28 12:15:00+05:30,2333.800048828125,2348.300048828125,2332.10009765625,2343.699951171875,384757,0.0,0.0,0.0036399452628175233,0.0074364036942642375,0.03998040895069588,0.040349742708428504,0.028841067239629092,0.0036333366937575384,90.099853515625,90.89990234375,9.599853515625,-0.0005994785770044601,2298.899972098214,0.01948757215075878,2279.4857003348216,0.028170499524341468,2280.709519159226,0.02761878769894484,2287.196005859375,0.024704461343812524,2303.333114225099,0.017525401209863158,2288.7361468648096,0.024014915123498494,2293.4659450474232,0.02190309659182279,2292.3628371465775,2286.899024706864,0.024837531456932963,13.665310328204708,76.71339591095226,8.86485118650171,-1.746722693298675,10.611573879800385,95.58531687829861,95.03776282665655,175.5243159932949,3.1603526525980588,-4.414683120741694,16.064296177455358,0.006854246069090962,0.13338873401887338,0.07804035749811353,0.06735537998545886,-0.12994407773488825,242541.5,1.5863553247588493,14640022.0,13906849.407342037,77.86671344823861,-0.004778747879512011,2332.5,0,0.0066119912507201836
2026-08-28 13:15:00+05:30,2343.699951171875,2344.0,2332.0,2332.5,422915,0.0,0.0,-0.004778747879512046,0.0009440634792852176,0.037404421503747454,0.036528440380509064,0.019226567620712176,-0.004790202602551961,84.10009765625,82.199951171875,-5.999755859375,0.0,2310.0142647879466,0.00973402439751074,2283.8785574776784,0.021288978944658914,2283.304757254464,0.021545631431464513,2288.306005859375,0.019312973888738497,2309.1664913800796,0.010104732035135741,2292.7146789680087,0.01735293161287825,2294.9966923004654,0.016341334096619375,2299.431410435268,2291.716244985324,0.017796162637455742,14.012790665389021,70.96118704825707,11.071897753266967,0.8170013960144535,10.254896357252512,84.83679824099762,91.70685187072554,135.33440566196535,2.7533039647564963,-15.163201758042682,16.478585379464285,0.0070647740104854105,0.1346019592068571,0.07775898418048181,0.06699118529138376,0.09917428402862072,228268.05,1.852712195158272,14217107.0,13936397.749499938,72.34063349235332,0.004072883172561629,2342.0,2,0.006410536494084267
2026-08-28 14:15:00+05:30,2332.5,2348.0,2330.60009765625,2342.0,807163,0.0,0.0,0.004072883172561603,0.002911977119866238,0.006705681873754088,0.041675910304193486,0.01994601942428864,0.0040646114361637346,15.60009765625,93.699951171875,-68.5,0.0,2322.642822265625,0.00833411730327295,2288.8857073102677,0.023205305760821582,2285.8523763020835,0.02456310139709208,2289.5200048828124,0.022921832962909998,2315.733193104064,0.011342760458822999,2297.1951626981895,0.019504149246581687,2296.839959269075,0.019661814289088225,2307.180936104911,2299.1567700940977,0.018634323010574952,13.68081038081226,72.56928068164304,13.432724576194232,3.3401460320504093,10.092578544143823,93.9538850467667,91.45866672202101,126.14602519251099,3.959514792190988,-6.046114952273613,17.428571428571427,0.007441746980599482,0.13479129379694638,0.07899192191807802,0.06883037540696303,0.9085702800799216,261244.3,3.0896865500988806,15024270.0,14040004.630499942,75.5002744255097,-0.011955593509820665,2314.0,0,0.00584443248223272
2026-08-31 09:15:00+05:30,2341.0,2343.10009765625,2306.199951171875,2314.0,0,0.0,0.0,-0.011955593509820672,-0.012672249772000321,-0.006994828342522741,0.025618318446511523,0.009686687624963941,-0.012027636404040774,-16.300048828125,57.800048828125,-31.900146484375,-0.0004269854824934129,2332.0142647879466,-0.007724766121693041,2292.028564453125,0.009586021696072436,2286.699997674851,0.011938602507060804,2290.036005859375,0.010464461728679908,2315.3865544832515,-0.0005988436274565749,2298.722875180172,0.006645918472718791,2297.5129020428367,0.007176063273680254,2310.529508463542,2299.1567700940977,0.006455945109514354,10.975086146607396,62.12790068079112,12.895677504970081,5.251252326634344,7.644425178335737,67.08247130344732,81.95771819707058,75.3214280525621,2.830731448680336,-32.91752869559298,19.921439034598215,0.008609092063349009,0.14220055564129563,0.08472324504374128,0.07433099863835546,-1.0,261244.3,0.0,15024270.0,14133744.189499946,76.70937928948916,0.002117503173617113,2318.89990234375,2,0.014545958073945464
2026-08-31 10:15:00+05:30,2313.5,2328.300048828125,2312.89990234375,2318.89990234375,215514,0.0,0.0,0.0021175031736171412,-0.00583069567256167,-0.006980151237132914,0.028473833575286767,0.014791389104646724,0.002115264423588483,-16.300048828125,64.199951171875,0.0,-0.00021607605877259462,2330.9428362165177,-0.0051665504986428785,2296.749982561384,0.009644027408527175,2287.9904668898807,0.013509424930372056,2290.67400390625,0.012322093143482806,2316.089224055351,0.001213544909757929,2300.557150376861,0.007973178133773465,2298.35160793699,0.008940448596198535,2314.112353515625,2300.4076348012813,0.008038691605219809,7.676762743703321,69.54462174919767,12.718830242914464,6.744767909890368,5.974062333024096,71.7848749884747,77.60707711289626,65.06428509507325,3.140143752271506,-28.2151250105656,18.714303152901785,0.008070336772181871,0.14170666998980913,0.08545777040459664,0.07558870793311964,inf,263749.3,0.8171168605945085,15239784.0,14239081.314309476,72.61953444914333,0.001811287890544475,2323.10009765625,2,0.019659837580264232
2026-08-31 11:15:00+05:30,2319.0,2326.89990234375,2318.0,2323.10009765625,202998,0.0,0.0,0.0018112878905445218,-0.008069983921327961,-0.008789458524895544,0.030839544279519737,0.02280634337803633,0.00180964948674894,-20.599853515625,69.5,-4.2998046875,4.316600994669347e-05,2329.9142717633927,-0.002924645850588502,2301.9499860491073,0.00918791100385023,2289.7999906994046,0.014542801594937366,2291.356005859375,0.013853845371773943,2317.4913987755313,0.0024201595240783795,2302.6065092204417,0.008900169592040982,2299.3221369455887,0.01034129160441935,2317.6257021949405,2302.657154771738,0.00887797944307065,3.6868801947340817,71.31148360543386,12.770389076854372,7.949892143283169,4.820496933571203,75.31838680755112,71.39524436649107,63.0879213974783,2.9651692195807944,-24.68161319146944,18.642874581473215,0.008024998406342361,0.13942383690082233,0.08473862910553569,0.07554722726298425,-0.058075113449706284,259150.25,0.7833216444900177,15442782.0,14353719.47485143,78.76820288417187,0.00012905371051487175,2323.39990234375,1,0.019672477450005877
2026-08-31 12:15:00+05:30,2321.199951171875,2326.0,2319.300048828125,2323.39990234375,164497,0.0,0.0,0.00012905371051497028,0.004062187702571274,-0.0039014352224008286,0.03335705535381828,0.022983423870250208,0.00012904538380125927,-9.10009765625,75.0,11.499755859375,-0.0008179356913166242,2328.2285505022323,-0.002073957970079293,2307.3142613002233,0.006971586538218305,2292.280936104911,0.013575546412606655,2291.61400390625,0.013870528973598587,2318.673099489175,0.002038580969268293,2304.496817686197,0.008202695057971093,2300.2663630396346,0.010056895877717421,2320.485691034226,2305.1610392683365,0.007912186074945404,-1.6060589618213192,72.2057713043696,12.689168718666679,8.897747458359872,3.791421260306807,75.37079878024294,74.15802019208961,57.36280354795086,3.0469664549439446,-24.629201218767943,18.728585379464285,0.008060853131896752,0.1394052912030314,0.08477449231792486,0.07557509063458932,-0.18966196711297645,252765.3,0.6507894873228223,15607279.0,14473106.096294152,82.72769948634198,-0.0006025231998752501,2322.0,1,0.019657021932039637
2026-08-31 13:15:00+05:30,2324.0,2325.800048828125,2320.699951171875,2322.0,103140,0.0,0.0,-0.0006025231998753044,0.001336882912934989,-0.00853970964987194,-0.0018912923523239922,0.022457067371202122,-0.00060270478992364,-20.0,-4.39990234375,-10.89990234375,0.0002582842736820243,2325.1285574776784,-0.0013455417196677438,2312.0142647879466,0.004319062976441019,2294.6999860491073,0.011896986149324244,2292.05400390625,0.01306513548227984,2319.3384795913403,0.0011475342784497454,2306.088016078361,0.00689998985758207,2301.118662528276,0.00907442880358549,2322.4437895275296,2306.836259702539,0.0065733925560064995,-2.216163917555448,70.23373557410262,12.369255502138913,9.592049067115681,2.7772064350232313,73.67366339850639,74.78761632876683,52.04548724541599,3.035139305099238,-26.3263366004926,18.1785888671875,0.007828849641334915,0.13947895212089048,0.08470361314802816,0.07544718000668918,-0.37299768384833765,248649.95,0.4148000029760697,15504139.0,14571299.706170898,79.02624704690213,0.03329028803967485,2399.300048828125,2,0.019672220546749546
2026-08-31 14:15:00+05:30,2323.0,2399.300048828125,2322.0,2399.300048828125,1759256,0.0,0.0,0.03329028803967482,0.03280097626819978,0.036862596727798236,0.029609920848904903,0.05607647870090826,0.03274816521952639,85.300048828125,69.0,105.300048828125,0.0004306632213607103,2334.6714215959823,0.02768210834051107,2322.342843191964,0.03313774529963592,2300.8095121837796,0.04280690605752136,2294.2200048828126,0.045802078144913556,2335.330793438697,0.02739194617273379,2314.5618372374306,0.03661090847838309,2304.9689129714075,0.04092512281871576,2334.0818940662202,2327.426165103391,0.03088127340078694,2.206740253836051,80.32721410792752,18.14403672901608,11.302446599495761,6.841590129520318,99.99999999933732,83.0148207260289,133.71610882960388,6.711446052235119,-0.0,23.278599330357142,0.009702246012005568,0.18009061204237303,0.10969771509135587,0.08570495621741211,16.056971107232886,317712.3,5.5372612265876855,17263395.0,14827689.734154621,85.46413049774756,-0.02163136974457374,2347.39990234375,0,0.010542050633566329
2026-09-01 09:15:00+05:30,2348.800048828125,2362.89990234375,2325.699951171875,2347.39990234375,0,0.0,0.0,-0.021631369744573692,0.010329689682688548,0.012290310578388697,0.005224371114667337,0.03409687327918509,-0.021868757413219184,28.5,12.199951171875,-56.800048828125,-0.021047805181617175,2335.4428362165177,0.005119828214934174,2329.0428292410716,0.007881810017487867,2304.4047502790177,0.018657812634480908,2295.1080029296877,0.022784069136306137,2337.744615219708,0.004130171902087932,2317.5471158834594,0.012881199374838921,2306.6328733389505,0.01767382641424415,2337.4228352864584,2327.991041841174,0.008337171472626175,2.9178438022557494,66.21710603749806,18.321485700277208,12.706254419652051,5.6152312806251565,65.60629814205974,79.75998717996784,75.73686956798977,0.9026822937378203,-34.39370185727758,28.035749162946427,0.011943320409505994,0.19970638661135737,0.11477988309453918,0.09449293120109087,-1.0,314581.55,0.0,17263395.0,15059661.664235132,84.48397036453069,0.0009372903655245217,2349.60009765625,1,0.002753517125122267
2026-09-01 10:15:00+05:30,2347.39990234375,2355.60009765625,2343.10009765625,2349.60009765625,243079,0.0,0.0,0.0009372903655244791,0.011886346966516026,0.011407170972415503,0.0025174495913715678,0.04296877074309324,0.0009368513831910201,26.5,5.900146484375,-2.0,0.0,2340.528564453125,0.0038758481058062746,2336.271414620536,0.00570510898361242,2308.1952311197915,0.017938199498121962,2296.1000048828123,0.02330041925858753,2340.1157117070165,0.004052955972126242,2320.4610233173494,0.012557450457508923,2308.3178625278642,0.017884120639762868,2340.163804408482,2328.788658646175,0.008936594109902888,4.227613043995138,67.6799661480052,18.42723496821327,13.850450529364295,4.576784438848975,60.92769634374407,75.51133149504706,78.83491648694773,0.8282216205515012,-39.07230365546977,28.507167271205358,0.012132774125958461,0.19669530181661676,0.11126894849553158,0.09077162016477648,inf,326735.5,0.7439626242021429,17506474.0,15292691.410498453,85.9724991434959,0.005277452259267026,2362.0,2,0.0035430298579318827
2026-09-01 11:15:00+05:30,2349.60009765625,2367.39990234375,2346.5,2362.0,234204,0.0,0.0,0.005277452259267124,-0.015546221009891337,0.016613626271272386,0.012647374062165095,0.0496378032920739,0.005263575309972654,38.60009765625,29.5,12.10009765625,0.0,2346.685721261161,0.006525918063967451,2338.814278738839,0.00991345121838974,2313.3952287946427,0.021010145867146557,2297.5080029296873,0.028070412372033986,2344.4925693656132,0.0074674711547994205,2324.2372939248626,0.01624735399170562,2310.4230443895167,0.022323598154765277,2343.5942824590775,2333.145931392444,0.012367022662111602,5.379802253661876,58.06892155040307,19.289255977997982,14.938211619091033,4.3510443589069485,59.93554274621072,62.15651241067153,94.12240930584085,1.1476554208843845,-40.064457252715165,23.814296177455358,0.010082259177580558,0.196586049867273,0.1124724952352337,0.09209456900367441,-0.036510763990307726,324998.95,0.7206300204969871,17740678.0,15525832.990450982,86.57467392728417,-0.0008891183980736664,2359.89990234375,1,0.004654779730492675
2026-09-01 12:15:00+05:30,2362.0,2367.699951171875,2359.89990234375,2359.89990234375,195651,0.0,0.0,-0.0008891183980737072,0.005325040691839256,0.016322094032622747,0.007642998438834425,0.049637437660419836,-0.0008895138982849913,37.89990234375,17.89990234375,-0.7001953125,0.0,2351.9428362165177,0.0033831885727414993,2340.928553989955,0.00810419793523871,2318.6142694382443,0.0178061670065934,2298.7460009765623,0.02660315726103774,2347.574035961241,0.005250469716264702,2327.4793492356703,0.013929469715257627,2312.3633133288986,0.020557577929394135,2346.4056989397322,2336.1083477797024,0.010184268459401518,6.711110123870875,56.76413320249823,19.577278825302074,15.866025060333243,3.7112537649688306,57.679801120695394,59.51434673688342,102.41950863065395,0.6912126769370772,-42.32019887823048,23.571446010044642,0.009988324499113084,0.1965861293749092,0.11257160129175706,0.0922714323571046,-0.1646129015729877,326717.35,0.5988387209923177,17545027.0,15718137.181836601,85.79724685855953,4.241606016873316e-05,2360.0,1,0.0052035682571847704
2026-09-01 13:15:00+05:30,2359.60009765625,2371.199951171875,2356.60009765625,2360.0,432983,0.0,0.0,4.2416060168637415e-05,0.004426243578268485,-0.016379797452727995,0.019878997407087207,0.046006582339571,4.2415160632993716e-05,-39.300048828125,46.0,-77.199951171875,-0.00012704127289556646,2357.1714215959823,0.0011999884175166616,2342.6999860491073,0.007384647651815301,2323.9333147321427,0.015519673064284496,2300.1860009765624,0.02600398359003017,2350.059228768993,0.004230008805441933,2330.4357720324274,0.012686137211915636,2314.2314186885496,0.01977701146991045,2348.948558407738,2341.8270062266192,0.0077601777266439135,5.7333343190651505,55.794397317651146,19.58781985687665,16.610384019641927,2.9774358372347223,57.78731728745444,58.46755371812021,98.81047551503546,1.1789924973199661,-42.21268271147144,23.2357177734375,0.009845643124333751,0.19673415123176888,0.11269032234960287,0.09283678792273548,1.213037500447225,332127.25,1.303665989466383,17978010.0,15933363.164518831,85.78747001101563,-0.0018220545881885593,2355.699951171875,0,0.005211810284787194
2026-09-01 14:15:00+05:30,2360.60009765625,2364.199951171875,2350.5,2355.699951171875,631649,0.0,0.0,-0.0018220545881885153,-0.002667251832398354,0.0035358478203215693,0.0158696150665798,0.044795317420176284,-0.0018237165487450832,8.300048828125,36.800048828125,47.60009765625,0.0002542786679024346,2361.9857003348216,-0.002661213893908361,2343.55712890625,0.005181363883067333,2328.671409970238,0.011606850621303743,2301.3060009765627,0.023636122346270556,2351.187373249569,0.001919276180897088,2332.7325155905587,0.009845721885302383,2315.85763564868,0.017204129869588337,2350.6818870907737,2344.719255294093,0.004683160191986488,4.2383766040738,52.85986254246715,19.029831643395028,17.09427354439255,1.9355580990024777,53.16858010421783,56.21189950412258,78.72857788636522,0.5849680261259245,-46.83141989470805,23.057146344866073,0.009787811191058603,0.19700998357752963,0.11323202056052328,0.09364699247939332,0.4588309471734455,357260.4,1.7680353042206698,17346361.0,16067934.386945609,74.76091412569112,0.005645901050135315,2369.0,2,0.005415624261410233
2026-09-01 15:15:00+05:30,2356.0,2369.0,2356.0,2369.0,83429,0.0,0.0,0.0056459010501352935,0.0038561371383643017,0.008256682642761914,0.01975803900574835,0.05120691220406237,0.005630022687874814,19.39990234375,45.89990234375,11.099853515625,0.00012737141161615648,2357.6571219308034,0.004811080442393802,2346.1642717633927,0.009733217964074664,2334.1142694382443,0.014946025144748722,2302.5939990234374,0.028839648242242225,2354.7498985996554,0.006051641156800974,2336.0295596277806,0.014113879782179959,2317.941649936967,0.02202745270330649,2354.074269903274,2349.5888011121656,0.008261530221219119,3.3649844798109783,58.61253721051004,19.436769768484737,17.56277278921099,1.8739969792737483,67.45433185185769,59.470076414510004,98.28285604732127,2.376836646498541,-32.5456681470682,23.150006975446427,0.009772058664177567,0.1970760463317671,0.11364563359617856,0.0935597556712383,-0.8679187333471596,343704.6,0.24273460407570852,17429790.0,16197634.921522217,81.35732809594037,-0.007387083157450401,2351.5,0,0.0038833387586002044
2026-09-02 09:15:00+05:30,2343.10009765625,2363.0,2304.0,2351.5,0,0.0,0.0,-0.0073870831574504026,-0.0036016949152541944,-0.004445385266723112,0.012094387035096243,0.045854875526714745,-0.007414502773682792,-10.5,28.10009765625,-29.89990234375,-0.010932841850459715,2358.242850167411,-0.0028592687843532515,2346.842843191964,0.0019844348851666394,2338.776169549851,0.00544037972329451,2303.5439990234377,0.020818356843573183,2354.0999188797246,-0.0011044216343037414,2337.4359632979827,0.006016865027680935,2319.257663664929,0.013902007025863207,2354.7857003348213,2350.3131053873676,0.000504994253706577,0.8350135468263956,52.16006891993106,18.13808288907103,17.677834809182997,0.4602480798880322,49.84257677052034,56.82182957553197,-5.136858918200401,1.4058432458980439,-50.15742322843034,26.550013950892858,0.011290671465397221,0.19955350791759932,0.12565671661213207,0.11273475703754224,-1.0,341213.8,0.0,17429790.0,16314983.024234386,77.8580839227429,-0.006081245514830959,2337.199951171875,0,0.0038101919890664118
2026-09-02 10:15:00+05:30,2351.300048828125,2354.699951171875,2337.199951171875,2337.199951171875,297272,0.0,0.0,-0.006081245514830913,-0.007853292177892546,-0.009619031362021024,0.0065460599362079375,0.004642387070788789,-0.006099811596539601,-22.699951171875,15.199951171875,-12.199951171875,-8.503132973630234e-05,2356.4714006696427,-0.008178096068674154,2348.499982561384,-0.00481159526225753,2343.0047433035716,-0.0024774990952470227,2304.4939990234375,0.014192248780983133,2350.719925338155,-0.005751418542270358,2337.414507650155,-9.1792224946691e-05,2319.9612827828487,0.007430584517488453,2353.4999813988097,2350.009226664191,-0.0054507341277519475,-3.0437759755359393,55.62558237456469,15.773146733564772,17.29689719405935,-1.523750460494579,34.837286632878026,50.7113984184187,3.87030471581484,0.6069412820327509,-65.16271336607264,25.164289202008927,0.010766853383417518,0.16048381298225553,0.11248873539836791,0.104406236950926,inf,356077.4,0.8348521978648439,17132518.0,16392843.498116825,79.2913786870177,0.0001283796142364949,2337.5,1,0.004978728894904236
2026-09-02 11:15:00+05:30,2337.5,2343.300048828125,2335.5,2337.5,194857,0.0,0.0,0.00012837961423639577,-0.013296749683410769,-0.009533898305084776,-0.025757532434640518,0.003089709917611483,0.00012837137427894086,-22.5,-61.800048828125,0.199951171875,0.00012837961423643995,2352.9714006696427,-0.006575260823498752,2349.8285609654017,-0.005246578908008258,2343.5333193824404,-0.0025744542791598427,2305.3919970703123,0.013927350737087906,2348.0759402705244,-0.004504087831716976,2337.422279681959,3.325043947622335e-05,2320.6490756148937,0.00726129795416573,2352.0333170572917,2351.2046489578443,-0.005828777585954894,-1.3831643253794816,54.613106046905216,13.764461085385392,16.59040997232456,-2.8259488869391696,35.15213309078803,39.94399883139548,-19.904796682109488,0.6068734720191876,-64.84786690816266,24.621425083705358,0.010533229982329338,0.16039917549414243,0.1122458596553401,0.10409913427208409,-0.3445161333728034,340779.25,0.5717983122505241,17327375.0,16481846.498296175,79.61899015873254,0.0013689630681818182,2340.699951171875,1,0.005519377851311125
2026-09-02 12:15:00+05:30,2337.89990234375,2345.199951171875,2335.699951171875,2340.699951171875,173733,0.0,0.0,0.0013689630681819054,-0.004592833862694046,-0.00636753419829128,-0.0028542010098856485,0.002355258699470175,0.0013680268925367399,-15.0,-6.699951171875,7.5,0.0001710812165774669,2350.2285505022323,-0.004054328813390114,2351.085693359375,-0.004417423923266616,2344.0285528273807,-0.0014200346030296164,2306.16599609375,0.014974618104943289,2346.6007424507948,-0.0025146123804403366,2337.7202498174056,0.0012746184470536462,2321.4353844602656,0.00829855822848161,2350.8161690848215,2352.2073876382606,-0.004892186176634173,-2.540747645420145,54.38679549165924,12.289111328182571,15.730150243496164,-3.4410389153135927,38.509897552811104,36.166439092159074,-13.476094405413557,0.8053381210967677,-61.49010244613957,24.664289202008927,0.010537142613964757,0.16030499862560885,0.11118618609853718,0.10252688813107823,-0.10840770411122003,327354.85,0.5307176600560508,17501108.0,16578919.022267967,79.49486001002109,-0.001153480253000076,2338.0,1,0.00550353828237351
2026-09-02 13:15:00+05:30,2340.800048828125,2348.0,2336.89990234375,2338.0,363774,0.0,0.0,-0.0011534802530001054,0.00034231081843194566,-0.013085690164626462,-0.004937051912715318,-0.002432031100664145,-0.0011541460233650243,-31.0,-11.60009765625,-16.0,4.276398442262674e-05,2347.085693359375,-0.0038710531043145723,2352.1285574776784,-0.0060067114243208255,2344.161888485863,-0.00262861047102874,2306.813994140625,0.013519081269046855,2344.880593960636,-0.0029343046201816443,2337.7456816521867,0.00010878785909400091,2322.0849772265296,0.006853764151418874,2349.071409970238,2352.219942871268,-0.006045328760330167,-3.608751906654326,53.59607451313496,10.77778294825066,14.739676784447063,-3.9618938361964027,35.67679179363561,36.44627414574493,-11.109496975985826,-2.55491383239207,-64.32320820531507,24.978585379464285,0.010683740538688452,0.15982941706776574,0.1106645329679675,0.10213505245110832,1.0938681770302705,326305.7,1.1148257600158344,17137334.0,16632101.401099589,80.36053639037445,0.00427715996578272,2348.0,2,0.005514510161455689
2026-09-02 14:15:00+05:30,2338.0,2348.0,2328.199951171875,2348.0,620742,0.0,0.0,0.004277159965782706,0.00449197860962558,-0.0014884116521369783,-0.005927180355630779,0.006645230439442651,0.004268038915973332,-3.5,-14.0,27.5,0.0,2345.9857003348216,0.0008586154915139082,2353.9857003348216,-0.0025427938385384555,2344.366652715774,0.001549820408857819,2307.7999951171873,0.01741918925723628,2345.5044751685086,0.0010639608058351777,2338.6778924110786,0.003986058798078747,2323.1012526294107,0.010717891586686894,2348.520935639881,2352.2307651293827,-0.0017986182274714788,-2.9959540058447662,56.14365028080766,10.268590822112401,13.845459591980132,-3.5768687698677315,46.16996585058726,40.11888506567801,-10.388700127220346,0.025564355508858112,-53.83003414836342,26.028581891741073,0.011085426700055362,0.15952612790735002,0.11159224792908108,0.10363605592836332,0.706394629632684,336197.05,1.8463636132440728,17758076.0,16739337.077185342,84.2356815490655,-0.00902894002209327,2326.800048828125,0,0.004989118530043368
2026-09-03 09:15:00+05:30,2353.300048828125,2353.300048828125,2316.10009765625,2326.800048828125,0,0.0,0.0,-0.009028940022093312,-0.005938352900289878,-0.004449727263829306,-0.014025956559747144,-0.006490158485002118,-0.00906994792628334,-10.39990234375,-33.099853515625,-6.89990234375,0.0022572610000522754,2339.9571358816966,-0.005622789773287168,2348.80712890625,-0.009369470914524808,2344.0952264694943,-0.007378189011293123,2308.35599609375,0.007990124905161248,2341.763589900432,-0.006389859820536801,2337.598088448992,-0.004619288351671582,2323.246303460733,0.001529646409894932,2344.8961821056546,2353.8719898295976,-0.011501025169776087,-3.6350122312513116,26.688176092301504,8.061465948069781,12.688660863198063,-4.627194915128282,33.928668741843,38.59180879535531,-55.95380258741451,-0.9703799744841081,-66.0713312566689,23.164289202008927,0.009955427503822466,0.16225788793168652,0.11556466329066574,0.10699327637106959,-1.0,295838.9,0.0,17758076.0,16836359.83173912,76.16724903259238,0.004340662413477133,2336.89990234375,2,0.0025247488817441792
2026-09-03 10:15:00+05:30,2326.800048828125,2342.39990234375,2325.699951171875,2336.89990234375,355038,0.0,0.0,0.004340662413477192,-0.0004705293653763931,-0.0002567262700534645,-0.009788176972987284,0.009896241289433894,0.004331268911254786,-0.60009765625,-23.10009765625,9.7998046875,0.0,2337.871407645089,-0.0004155512138785218,2348.05712890625,-0.0047516844565414825,2343.852364676339,-0.0029662543756446514,2309.1799951171874,0.01200422110236747,2340.790852389096,-0.0016622373764717637,2337.5346169848785,-0.000271531654126675,2323.7817387110476,0.005645178897039222,2343.3085518973216,2352.8036704754927,-0.00675949648128603,-3.208754208365269,45.38259367811624,7.046054820672907,11.560139654693034,-4.514084834020126,48.95822358429022,43.01895272557351,-46.47702589357275,-1.0626628982319803,-51.04177641422169,19.099993024553573,0.00817321829034672,0.1569237125807181,0.11154701569190223,0.10366449977058877,inf,313590.8,1.1321696937537673,18113114.0,16957955.466811586,78.36559597488832,-0.0018827945259175202,2332.5,0,0.0028784529507724435
2026-09-03 11:15:00+05:30,2337.5,2344.89990234375,2330.60009765625,2332.5,336271,0.0,0.0,-0.0018827945259175527,-0.006601362862010185,-0.0035032047434229163,-0.009848432165706744,0.0058648920733939125,-0.0018845692114596386,-8.199951171875,-23.199951171875,-7.599853515625,0.00025679219535585865,2337.1999860491073,-0.0020109473203661805,2346.835693359375,-0.006108520251304036,2344.7333170572915,-0.005217359675103464,2310.11599609375,0.009689558422213581,2339.132681911277,-0.002835530435090405,2337.076924531708,-0.0019583970401928423,2324.1236313106147,0.0036040977237764915,2341.2342680431548,2353.024534576307,-0.008722618177032267,-3.0565666426219313,42.62290246912078,5.81921851029756,10.41195542581394,-4.5927369155163795,42.41074510111238,41.76587914241522,-47.8547098006017,-1.1610620567646108,-57.58925489739951,19.228550502232142,0.008243751555079913,0.15703226242543905,0.1114120074049631,0.1034830241829366,-0.052859130571938806,319628.65,1.052067766766211,17776843.0,17035944.755686674,78.86973818042543,-0.0015434502277599143,2328.89990234375,0,0.002968566201029524
2026-09-03 12:15:00+05:30,2332.5,2333.0,2326.5,2328.89990234375,162960,0.0,0.0,-0.0015434502277599238,0.0009024641015813462,-0.0038922573380025804,-0.016927014629062875,0.0024965797613936136,-0.0015446425741054686,-9.10009765625,-40.10009765625,-0.900146484375,0.0,2335.9714006696427,-0.0030272195643587414,2344.4714006696427,-0.006641794957037391,2345.2095075334823,-0.006954434193335084,2311.0119921875,0.0077402930909547425,2337.086125997772,-0.003502747957362265,2336.333558878257,-0.0031817616565303053,2324.310936057012,0.0019743340770580443,2338.8428292410713,2353.3903083989903,-0.010406436181803912,-1.8249207568284607,34.54712068883366,4.50451881294839,9.23046810324083,-4.725949290292439,37.053453029592006,42.80747390499821,-88.79180796200353,-1.3178007481456282,-62.94654696891989,18.199986049107142,0.007814842548957682,0.15706646560479195,0.11127117145969365,0.10329005217235952,-0.5153908603477553,317626.75,0.5130550244902216,17613883.0,17090986.493240323,74.26109907246023,0.0014599796586161444,2332.300048828125,1,0.0029540513751187703
2026-09-03 13:15:00+05:30,2328.800048828125,2332.60009765625,2325.0,2332.300048828125,200920,0.0,0.0,0.0014599796586161062,-0.001968357100366913,-0.006686520942025154,-0.008164980298479674,0.0038306563047527664,0.0014589149245150862,-15.699951171875,-19.199951171875,-6.599853515625,-4.287582971018501e-05,2334.771414620536,-0.001058504390165915,2342.499982561384,-0.004354294048746026,2345.6476004464284,-0.00569034820735963,2312.1319921875,0.008722709909625533,2336.1289105638425,-0.0016389770780208127,2335.966876146427,-0.0015697257335897108,2324.6242345970554,0.0033019591368050865,2337.2199823288693,2353.4387198381883,-0.008982035874512883,-1.143433028060055,37.269457458695065,3.6943866463948325,8.123251811871631,-4.4288651654767985,42.113198498198024,40.525798876300826,-90.15579261937926,-0.9933311894029401,-57.88680150031388,18.185703822544642,0.0077973260051485815,0.15713281273624216,0.11131873356094658,0.10332909413434216,0.23294059891998042,319447.9,0.6289601528136493,17814803.0,17159921.398646004,74.27793945664753,0.0006859552725340181,2333.89990234375,1,0.0026859148857793056
2026-09-03 14:15:00+05:30,2332.10009765625,2335.5,2330.300048828125,2333.89990234375,333393,0.0,0.0,0.0006859552725340112,0.0006001724946409492,0.00305133804651625,-0.0014119668394098062,0.005124850277239412,0.0006857201127493037,7.099853515625,-3.300048828125,22.7998046875,-8.573132431025788e-05,2334.1856863839284,-0.00012243414988164446,2340.6356898716517,-0.0028777598996058197,2346.1476004464284,-0.005220344235947777,2313.35798828125,0.008879695302910304,2335.683108919824,-0.0007634625473221487,2335.7789694370927,-0.0008044712782882422,2324.9879862733965,0.0038331019871780695,2336.0733049665178,2352.897915158413,-0.008074303900845575,-1.1656621552669568,38.125513712792916,3.1451900824340555,7.1276394659841165,-3.982449383550061,45.99984975890769,41.72216709556593,-76.4506465636667,-1.481641944121367,-54.00015023955385,17.5142822265625,0.007504298795748179,0.1571080340270595,0.11132177883656265,0.10333708301939985,0.6593320724666534,330960.55,1.007349667505686,18148196.0,17254042.789251145,73.56075802285247,-0.005912766298863954,2320.10009765625,0,0.002735116267297499
2026-09-03 15:15:00+05:30,2333.89990234375,2333.89990234375,2320.10009765625,2320.10009765625,71200,0.0,0.0,-0.005912766298863947,-0.003778524220231283,-0.007188927805872658,-0.007443808489304815,-0.033009606785344814,-0.005930315913557254,-16.7998046875,-17.39990234375,-23.899658203125,0.0,2330.1999860491073,-0.004334344027689028,2338.092843191964,-0.00769547949650401,2346.05712890625,-0.011064108767926852,2314.199990234375,0.002549523570465001,2332.566506667109,-0.00534450313644704,2334.353617457016,-0.006105981413513156,2324.7963043668415,-0.002020050832741005,2333.3352260044644,2345.1287962104675,-0.010672632818568905,-1.9575721404403281,35.092145965406516,1.57822613180997,6.0177567991492875,-4.439530667339318,24.769381009234316,37.62747642211337,-126.88713362021261,-1.3353137292679842,-75.23061898922721,17.521414620535715,0.007552008052681944,0.09870367126509035,0.08762795917396765,0.09516354562597672,-0.7864382275572672,246557.75,0.2887761589323382,18076996.0,17332419.285512943,86.59600924878373,0.0003878722063151825,2321.0,1,0.0020685251546090693
2026-09-04 09:15:00+05:30,2332.300048828125,2363.89990234375,2321.0,2321.0,0,0.0,0.0,0.00038787220631508745,-0.00484502362112571,-0.0049303322615219525,-0.008416265041579662,-0.011246444339284123,0.00038779700333634005,-11.5,-19.699951171875,5.2998046875,0.005258372767706899,2329.371407645089,-0.0035938483736901445,2334.6642717633927,-0.005852778032648808,2342.3285551525296,-0.00910570598885586,2315.179990234375,0.0025138476447497493,2330.253205333687,-0.00397090123618485,2333.139652233651,-0.005203139992937692,2324.647429685789,-0.0015690248934998956,2331.056180245536,2345.1287962104675,-0.01028890022989242,-2.2235670504459644,27.569991097768565,0.4043494214852217,4.895075323616474,-4.490725902131253,28.38068065980743,33.049970475983166,-50.24168237557083,-0.6931350124213973,-71.61931933852313,19.699968610491073,0.008487707285860657,0.06469537909574716,0.08976992797105407,0.0973128136737996,-1.0,246557.75,0.0,18076996.0,17403331.35355933,86.23225046024436,-0.0006031462058380009,2319.60009765625,1,0.001981076969547841
2026-09-04 10:15:00+05:30,2321.0,2325.0,2316.60009765625,2319.60009765625,300253,0.0,0.0,-0.0006031462058380122,-0.006126999993932847,-0.003993217861420706,-0.007869932567899918,-0.012768130214978024,-0.0006033281716825051,-9.2998046875,-18.39990234375,2.2001953125,0.0,2326.9000069754466,-0.0031371822155271713,2332.3857073102677,-0.005481773282154384,2341.0047549293154,-0.009143363433152241,2316.0119921875,0.001549260315081376,2328.1225837981997,-0.003660668987645003,2331.9087836357053,-0.005278373693613944,2324.4494950963954,-0.0020862563159033815,2329.0476236979166,2343.4305838394844,-0.010169059987337135,-2.5090817021369465,32.45318592983264,-0.6316356458942209,3.7897331297143353,-4.421368775608556,7.322205650857091,20.1574224399663,-138.21454612943327,-0.7657712232617045,-92.67779434705086,15.6571044921875,0.006749915430681722,0.06445396141971949,0.08938412937160226,0.09683215856065204,inf,249416.45,1.2038219612218792,17776743.0,17438894.36750606,78.6906144353488,-0.0007329691502504662,2317.89990234375,1,0.0020314752426188395
2026-09-04 11:15:00+05:30,2319.60009765625,2323.0,2317.39990234375,2317.89990234375,292240,0.0,0.0,-0.000732969150250451,-0.0009483191327488427,-0.006174225521116128,-0.012819462374893509,-0.018670659464966155,-0.0007332379034712983,-14.400146484375,-30.10009765625,-5.100341796875,0.0,2324.814278738839,-0.0029741629076870365,2331.0071323939733,-0.0056229901093251345,2339.4952218191966,-0.009230760240084936,2316.599990234375,0.0005611292907079727,2326.0780475073097,-0.003515851573561842,2330.6352489728,-0.005464324215750885,2324.1926483217817,-0.0027074975831167672,2327.116183035714,2341.3353107800467,-0.01000941997858431,-1.9090876207702787,37.675506283895466,-1.5717348473062884,2.717439534310211,-4.289174381616499,3.765297158071881,13.156061156245487,-135.0545996305156,-0.9740696929865095,-96.23470283983607,14.807111467633929,0.006388158286151743,0.06055515934761975,0.08751376739567442,0.09513162629986402,-0.026687493547108643,252318.25,1.1582198275392241,17484503.0,17443238.0467912,70.11172594778054,0.0009492192955680559,2320.10009765625,1,0.0038668050426940923
2026-09-04 12:15:00+05:30,2317.60009765625,2324.300048828125,2316.10009765625,2320.10009765625,250516,0.0,0.0,0.0009492192955680157,-0.0003877218197975152,-0.005912766298863947,-0.0028794701011156665,-0.016865039338309407,0.000948769071817332,-13.7998046875,-6.699951171875,0.600341796875,-0.00012934324178396248,2323.5571637834823,-0.0014878334740866276,2329.7642822265625,-0.004148138352036311,2337.4999883742557,-0.00744380355274355,2317.0779931640627,0.001304273961041412,2324.882457537098,-0.0020570329761584486,2329.6775079440226,-0.004111045522442607,2324.0321561388196,-0.0016919122535295121,2325.661911737351,2339.484004261792,-0.008285547826025946,-2.340726601673346,39.152140949883595,-2.114854141464093,1.75098079915535,-3.865834940619443,8.368235029550961,6.4852459461599965,-121.49263839987181,-0.7656074569607504,-91.63176496835699,14.835675920758929,0.00639441200650758,0.060924097354690565,0.08755534323796624,0.09517515623710415,-0.14277306323569672,255061.5,0.9821788078561406,17735019.0,17471026.70900156,76.2213975235139,-0.004353302543477781,2310.0,0,0.00318360443898473
2026-09-04 13:15:00+05:30,2320.10009765625,2320.10009765625,2310.0,2310.0,290007,0.0,0.0,-0.004353302543477766,-0.004138686520124724,-0.004353302543477766,-0.011510934771648218,-0.021186440677966156,-0.004362805755261366,-10.10009765625,-26.89990234375,3.69970703125,0.0,2320.3714425223216,-0.004469733738423786,2327.5714285714284,-0.007549254280976263,2335.123802548363,-0.010759088028195444,2317.4419921875,-0.0032112959947153494,2321.905966029679,-0.005127669338837291,2327.888643585475,-0.007684492827764701,2323.4818755059246,-0.005802444877252662,2323.0266741071428,2335.937787889339,-0.01110380080488532,-2.5461203832141064,32.37657703096302,-3.3219798500176694,0.7363886693207463,-4.058368519338416,0.0,4.044510729207633,-158.58191446084422,-1.6183986371373007,-99.99999999814472,14.8785400390625,0.0064409264238337914,0.06206413927212269,0.08705795289082646,0.09405001020198767,0.15763863385971355,247912.7,1.1697948511713956,17445012.0,17468549.117668077,68.92826340242497,-0.00034634148403679655,2309.199951171875,1,0.0034821886293252844
2026-09-04 14:15:00+05:30,2310.0,2311.300048828125,2302.5,2309.199951171875,609471,0.0,0.0,-0.0003463414840367829,-0.0037533765643106287,-0.005084036548093529,-0.009989302820203605,-0.019739356014703002,-0.0003464014741003302,-11.800048828125,-23.300048828125,-1.699951171875,0.0,2316.8428780691966,-0.00329885421651368,2325.5142822265625,-0.007015364807418141,2332.7047526041665,-0.010076200773390347,2317.9239892578125,-0.003763729150034452,2319.364763058118,-0.004382584424899286,2326.189671547875,-0.007303669422918415,2322.921800041844,-0.005907150584972779,2320.577143787202,2329.7774282476516,-0.008832378932971814,-2.763632417594307,33.09855320263395,-4.293697848991542,-0.26962863434171136,-4.02406921464983,10.911989947892613,6.4267416591478765,-175.88154802597865,-0.7564078256361817,-89.08801005047873,14.714250837053571,0.00637201244941132,0.06204577185741869,0.08655476953889127,0.09351327037699185,1.101573410296993,246803.8,2.469455494607448,16835541.0,17408262.630271118,55.05043744203438,-0.0022518410193262495,2304.0,0,0.0032276179040546396
2026-09-04 15:15:00+05:30,2309.0,2309.0,2304.0,2304.0,71010,0.0,0.0,-0.002251841019326295,-0.006939397861546626,-0.006725339282410148,-0.010691701398884201,-0.027437737441958654,-0.0022543802259570684,-15.60009765625,-24.89990234375,-3.800048828125,-8.658893820495796e-05,2314.5428641183034,-0.004555052438968358,2322.371425083705,-0.007910631729821207,2330.242850167411,-0.011261852027789362,2318.57798828125,-0.006287469455383804,2316.2918104464948,-0.005306676123903428,2324.1724286798863,-0.008679402797724165,2322.179768667654,-0.007828751637982313,2317.7085728236607,2328.838516489191,-0.010665624221393152,-3.2491615368536366,22.636782680272304,-5.420895259630015,-1.2998819593993722,-4.121013300230643,2.4430006282058163,4.451663525366162,-167.9771309397313,-1.4078438837170382,-97.55699937016551,13.67138671875,0.005933761596677112,0.056970000119053156,0.0858806164666084,0.09331711290214144,-0.8834891241748992,246182.85,0.28844413816803127,16764531.0,17346954.855959583,45.271724088297674,-0.008897569444444444,2283.5,0,0.003245825012507407
2026-09-07 09:15:00+05:30,2284.800048828125,2299.89990234375,2272.89990234375,2283.5,493659,0.0,0.0,-0.00889756944444442,-0.011471861471861522,-0.014840978382615444,-0.020923572356243314,-0.028917712098660453,-0.008937389190728177,-34.39990234375,-48.800048828125,-18.7998046875,-0.00833331214056713,2309.185721261161,-0.011123280827806873,2319.278564453125,-0.015426592131482918,2326.1714215959823,-0.0183440571919189,2318.8239892578126,-0.015233579358088133,2309.733448357196,-0.011357781728382149,2320.474935163533,-0.015934210106394057,2320.662914994413,-0.0160139220367928,2312.5257161458335,2324.8831645306204,-0.017800105038378408,-4.389899975793648,22.835586347386027,-7.877578185235052,-2.615421204566508,-5.262156980668544,11.648458962784082,8.334483179627522,-236.35953250032637,-2.1007502679519394,-88.35154103611701,13.235682896205358,0.00579622636137489,0.059286252184039864,0.07144045181585172,0.07496355174993931,5.951964512040558,270865.8,1.822522444694008,16270872.0,17244470.77443962,39.42153083010079,-0.0037661912223560324,2274.89990234375,0,
2026-09-07 10:15:00+05:30,2283.0,2283.39990234375,2273.5,2274.89990234375,190481,0.0,0.0,-0.003766191222355997,-0.014853650421531639,-0.019482002245575947,-0.025279576018127803,-0.026655848934485804,-0.003773301177766114,-45.2001953125,-59.0,-10.80029296875,-0.0002189621195532214,2302.799979073661,-0.01211571868309723,2314.8499930245534,-0.017258176901816392,2322.5237978980654,-0.0205052346922755,2318.9019873046873,-0.018975396632465235,2302.7667391545065,-0.01210145879602902,2316.331750361734,-0.017886836810614846,2318.868287047328,-0.018961139340753646,2306.6085611979165,2322.159220476913,-0.02035145467907962,-5.276109071856263,10.358155273692901,-10.398604470634382,-4.172057857780083,-6.226546612854299,2.197802197778046,5.429753929589334,-223.67901042418504,-2.3186913248453696,-97.80219780112304,12.757114955357142,0.005607769793391052,0.05743315497989744,0.07026127586047617,0.07417879878310898,-0.6141445815836437,265526.25,0.7173716346312249,16080391.0,17133606.0340168,31.34520013535733,-0.0006153687651521412,2273.5,1,
2026-09-07 11:15:00+05:30,2274.89990234375,2277.10009765625,2263.89990234375,2273.5,444638,0.0,0.0,-0.0006153687651521134,-0.01323784722222221,-0.015800865800865815,-0.020085382395063522,-0.027379679144384994,-0.0006155581822222276,-36.5,-46.60009765625,8.7001953125,0.0,2296.4571358816966,-0.009996762196422383,2310.6357073102677,-0.01607164088772782,2319.4904668898807,-0.019827831821843108,2318.9339892578123,-0.019592618620564575,2296.9133913236055,-0.010193414959413548,2312.4379548743036,-0.016838486322286347,2317.089138535668,-0.018812024885325015,2301.095228794643,2317.526185031002,-0.018997060449780494,-6.47475569418572,10.771378479911448,-12.366938021139958,-5.811033890452059,-6.5559041306879,9.600097656153999,7.815452938905395,-202.61488594726512,-2.521118535226381,-90.39990234284599,12.678571428571429,0.005576675358946933,0.05724066751054017,0.07099106204370287,0.07512359603991983,1.3342905591633811,278015.3,1.5993292455487105,15635753.0,16990953.364110436,21.34649895195402,-0.0018913784157136573,2269.199951171875,0,
2026-09-07 12:15:00+05:30,2273.0,2278.5,2268.10009765625,2269.199951171875,245963,0.0,0.0,-0.0018913784157136293,-0.006262338002244405,-0.01732201664897004,-0.022317987431333508,-0.03054641837549632,-0.001893169330423913,-40.0,-51.800048828125,-3.5,-0.00021992522542325932,2289.1856863839284,-0.008730499815248637,2306.371425083705,-0.016116863705274608,2316.238083612351,-0.020307986805525733,2318.91798828125,-0.02144018777749182,2291.3707032932593,-0.009675759618253772,2308.507227264992,-0.017027140148774468,2315.2111311880685,-0.019873427263872326,2295.570461309524,2314.8255821423986,-0.01971018089763672,-7.239741160738617,10.672044824608363,-14.11116976328185,-7.471061065018017,-6.640108698263833,5.300048828072,5.699316227334701,-162.53160229750085,-2.7721819220641923,-94.699951170928,12.957135881696429,0.005710001833465275,0.05632589842026101,0.0711334480600847,0.07526589609344013,-0.44682415807915654,281626.8,0.873365034861736,15389790.0,16838461.61514754,27.30308994678748,-0.002071193051739588,2264.5,0,
