timestamp,open,high,low,close,volume,Dividends,Stock Splits,return_1,return_3,return_5,return_10,return_20,log_return,momentum_5,momentum_10,acceleration_5,gap,sma_7,close_to_sma_7,sma_14,close_to_sma_14,sma_21,close_to_sma_21,sma_50,close_to_sma_50,ema_9,close_to_ema_9,ema_21,close_to_ema_21,ema_50,close_to_ema_50,wma_14,vwap_20,close_to_vwap,trend_slope_10,rsi_14,macd,macd_signal,macd_hist,stoch_k,stoch_d,cci_20,roc_12,williams_r_14,atr_14,atr_pct,hist_vol_20,parkinson_vol_20,garman_klass_vol_20,vol_change_1,vol_ma_20,rel_volume_20,obv,obv_ema_20,mfi_14,target_return_1,target_price_1,target_direction,target_volatility
2026-07-17 14:30:00+00:00,203.82000732421875,204.64500427246094,202.3699951171875,203.9250030517578,16729585,0.0,0.0,0.0006133464088724505,-0.012326237002463492,-0.01638797817988158,-0.03338651320928521,-0.026866406531931397,0.0006131583888408247,-3.3975982666015625,-7.0435028076171875,0.02239990234375,9.815638940770273e-05,206.15680149623327,-0.010825732783331966,207.78185817173548,-0.01856203979450094,208.7888423374721,-0.023295494295760322,206.61036163330078,-0.01299721156432629,206.41099294063406,-0.012043883193659167,207.3597168737647,-0.016564036032520726,205.93066135528798,-0.00973948362191732,206.89158979143414,207.93121305992682,-0.019266996759140387,-0.7670494618112225,35.78547666050669,-0.4211102265080626,0.3905821884314559,-0.8116924149395186,40.789627706815374,33.69158984073963,-158.72462145216974,-2.4422311425762007,-59.21037228633499,3.182684762137277,0.015607133576032748,0.1248822130413459,0.15025880167705305,0.16702823473325948,-0.692086481488196,16026382.3,1.0438778188886706,56364472.0,85647539.24614835,42.82490931850303,0.004462442802457179,204.8350067138672,2,0.007683383766549508
2026-07-17 15:30:00+00:00,203.9250030517578,205.39990234375,203.83999633789062,204.8350067138672,13260696,0.0,0.0,0.004462442802457112,-0.012700604864955278,-0.00993277916691837,-0.036025218040399265,-0.02935597830291725,0.004452515626587813,-2.05499267578125,-7.654998779296875,1.3426055908203125,0.0,205.8160879952567,-0.004766786167888706,207.63721575055803,-0.013495697418923869,208.56408110119048,-0.01787975363550809,206.77526184082032,-0.00938340065281792,206.0957956952807,-0.006117490059193279,207.13019776831948,-0.011080909877797921,205.88769450660482,-0.005112922339798925,206.49867626371838,207.66988797751458,-0.013650901877217196,-0.5133787212327533,44.33733455708264,-0.5523195943422081,0.2020018318767231,-0.7543214262189313,47.02282656087953,42.5819589287778,-111.18625827828855,-2.6773385632759106,-52.97717343227083,3.064264569963728,0.014959672270420171,0.12291132163260683,0.1494520600919311,0.1664469227666256,-0.20735057085994657,15938288.8,0.8320024920115638,69625168.0,84121599.12746754,48.97378454340317,0.006346511828345314,206.13499450683594,2,0.010977679751331376
2026-07-17 16:30:00+00:00,204.8249969482422,206.64500427246094,204.55999755859375,206.13499450683594,10360412,0.0,0.0,0.006346511828345225,0.011457268989761182,-0.0016225442528529088,-0.013566068501679962,-0.026653637091606286,0.006326457527333478,-0.3350067138671875,-2.83489990234375,1.7199859619140625,-4.88674557417508e-05,205.64642987932478,0.0023757505919041293,207.43042973109655,-0.006245155187373972,208.3309856596447,-0.010540876316813838,206.91290557861328,-0.0037596063406399012,206.10363545759176,0.0001521518491141495,207.03972474454824,-0.004369838874275039,205.89739254582958,0.0011539823698948578,206.29838009788875,207.47555969727483,-0.006461316178100382,-0.3385721842037526,41.490391352142176,-0.54512198629061,0.052577068243256475,-0.5976990545338665,55.927276904131304,47.91324372394208,-71.81599941804015,-2.291105647654356,-44.07272308901906,2.993915012904576,0.014524050222781394,0.12480806193154668,0.1501531194829833,0.1669105658598754,-0.2187128036115148,15899863.2,0.6516038452456622,79985580.0,83727692.54389921,48.260105011220304,-0.013288363695340005,203.3957977294922,0,0.010659906707522367
2026-07-17 17:30:00+00:00,206.13999938964844,206.22999572753906,202.99000549316406,203.3957977294922,9230035,0.0,0.0,-0.013288363695340033,-0.0025950977778399498,-0.019637554669298285,-0.01769631929057025,-0.03729355765998821,-0.013377444034951877,-4.0742034912109375,-3.6641998291015625,-3.73919677734375,2.4279636868303536e-05,205.14725821358817,-0.008537576857419772,206.92512948172433,-0.017056080917068096,207.93175252278647,-0.021814632629402704,206.91922149658203,-0.01702801577151213,205.56206791197187,-0.01053827782758444,206.7084586522704,-0.01602576374648903,205.79929078832618,-0.011678820901741637,205.76042916434153,207.22476847484998,-0.018477379772312414,-0.4330709437606378,30.681500903681155,-0.7517820421489603,-0.10829475383518689,-0.6434872883137734,37.16476096653815,46.704954810516334,-109.72784260884461,-4.279828475942905,-62.835239026612214,3.072485787527902,0.01510594526441039,0.13184435277669143,0.15336132342817593,0.16841189331314127,-0.10910541009372987,15780638.9,0.5848961539827136,70755545.0,82492249.9206707,43.941474949848065,-0.0021180447010734713,202.96499633789062,0,0.008600049768031335
2026-07-17 18:30:00+00:00,203.36000061035156,203.89999389648438,201.63009643554688,202.96499633789062,11831616,0.0,0.0,-0.0021180447010734627,-0.009129349548091525,-0.004097186954678977,-0.020533755707686896,-0.04171391211787734,-0.002120290930054053,-0.8350067138671875,-4.2550048828125,3.23919677734375,-0.0001759973388833611,204.64654323032923,-0.008216835065412318,206.35345023018974,-0.016420631147687766,207.53603835332962,-0.022025292819913896,206.93472137451172,-0.019183465250461683,205.04265359715563,-0.010132805164221199,206.36814389641768,-0.01649066321117228,205.6881419863483,-0.013239196106040895,205.23241141183036,206.88922252652912,-0.01896776516774011,-0.4924772628033108,28.062598682924843,-0.9394937975828554,-0.2745345625847206,-0.6649592349981348,34.213925874033485,42.43532124823432,-138.2346182804668,-2.873570897969761,-65.78607411911688,3.080336434500558,0.01517668804997942,0.13083841362219936,0.15467071882086111,0.17009620791973024,0.2818603613095725,15771325.9,0.750197927239586,58923929.0,80247647.92822587,38.71397342439332,-0.0016012462942188385,202.63999938964844,0,0.009455084644969594
2026-07-17 19:30:00+00:00,202.97000122070312,203.82000732421875,202.52000427246094,202.63999938964844,11012934,0.0,0.0,-0.001601246294218872,-0.016954884955604155,-0.006301354139409909,-0.022586065865151106,-0.03816211109569234,-0.0016025296592381982,-1.285003662109375,-4.6826019287109375,-0.4499969482421875,2.4658847105553848e-05,203.95654296875,-0.00645502007404012,205.6498783656529,-0.014635938517980366,207.09984770275298,-0.021534773504440993,206.8984213256836,-0.020582186701711396,204.5621227556542,-0.009396281873220046,206.02922166852957,-0.016450201827765194,205.56860698255616,-0.014246375630409314,204.73728463309152,206.39030441518184,-0.018170936062824897,-0.5066738962914363,21.106211388533765,-1.1017806126961602,-0.43998377260700855,-0.6617968400891516,32.14038927021779,34.506358703596476,-119.4094565059409,-2.1346461030809185,-67.8596107228999,3.0546722412109375,0.015074379443330706,0.1302987265793822,0.14865653648725882,0.163044845583597,-0.06919443633059086,15096131.7,0.7295202651153341,47910995.0,77167966.69696628,38.421202285129596,0.016260354218662877,205.93499755859375,2,0.009368240622174685
2026-07-20 13:30:00+00:00,205.97500610351562,207.74000549316406,204.66000366210938,205.93499755859375,21217575,0.0,0.0,0.016260354218662787,0.012484032892747354,0.005370131123451527,-0.004615988370013313,-0.01701671809740457,0.016129570481030035,1.0999908447265625,-0.9550018310546875,2.3849945068359375,0.01645779078116743,204.26154218401228,0.008192708997887196,205.4331000191825,0.0024431191437112713,206.87389555431548,-0.004538503967363452,206.93412139892578,-0.004828221820417436,204.8366977162421,0.0053618314227451115,206.02065584035358,-0.0004157752115195427,205.58297524044,0.0017123125966064879,204.77530052548363,206.22065353909605,-0.0013851957871269056,-0.29015291255426595,40.97835382107589,-0.9535236411147139,-0.5426917463085497,-0.4108318948061642,54.817598117705316,40.39063775398554,-19.71925133289202,-0.6201156522215051,-45.18240187541237,3.0396717616489957,0.014760345728847626,0.14442976822998188,0.14997256076379928,0.16517203829992474,0.926605117219444,15425426.2,1.3754935990034427,69128570.0,76402309.86868377,48.69312746926767,0.0026950636907279377,206.49000549316406,2,0.005061261738820068
2026-07-20 14:30:00+00:00,205.9261016845703,206.5050048828125,204.58009338378906,206.49000549316406,10233874,0.0,0.0,0.002695063690727917,0.017367571841821805,0.0017222257054290147,9.68870651556486e-05,-0.0017886257183399312,0.0026914385184986763,0.355010986328125,0.0200042724609375,-0.7449798583984375,-4.31974852689291e-05,204.62797110421317,0.00909960832282059,205.39238630022322,0.005344011103367288,206.7305624825614,-0.001163625670570417,207.05922149658204,-0.0027490492782743558,205.1673592716265,0.006446669812521301,206.0633239906091,0.0020706329214234404,205.61854505427232,0.004238238523949714,204.91622125534784,206.13340358906004,0.0017299569011784398,-0.05824408225435635,48.15717781155865,-0.7822273906380133,-0.5905988751744424,-0.19162851546357085,58.63733646016767,48.53177461603027,-24.796768178194025,-0.4015943365059284,-41.362663532950016,2.9414520263671875,0.014245009192226113,0.13793855576053163,0.14766189844155597,0.1645530858868521,-0.5176699505009408,15170753.35,0.6745791566112305,79362444.0,76684227.4049996,50.49940970072691,-0.0058841181866301565,205.27499389648438,0,0.0048935539497313016
2026-07-20 15:30:00+00:00,206.4604949951172,206.53500366210938,204.77999877929688,205.27499389648438,8034257,0.0,0.0,-0.0058841181866301495,0.013003328635869282,0.009239110089636293,-0.010579878109142848,-0.017963952086978652,-0.005901497819457883,1.8791961669921875,-2.19500732421875,1.5241851806640625,-0.00014291489787242532,204.69082641601562,0.0028539016168640037,205.25345720563615,0.00010492729886903017,206.65508597237724,-0.006678239102572363,207.13032135009766,-0.00895729529849181,205.1888861965981,0.00041965089572808424,205.99165761841596,-0.0034790909991882692,205.60507245984925,-0.001605400875641,204.90056893484933,206.03058930785872,-0.0036673943122185475,0.17383233784324967,44.11324612856935,-0.7360306563456334,-0.6196852314086807,-0.11634542493695266,74.20001797132872,62.5516508497339,-31.449528419665537,-0.7806107100008344,-25.79998201851385,2.635695321219308,0.01283982657203532,0.13351280405324856,0.14539928621990353,0.16287908374614976,-0.2149349307994216,14902960.55,0.539104761972949,71328187.0,76174128.31880917,45.954102389056246,-0.00723420121547009,203.7899932861328,0,0.0071480924328432
2026-07-20 16:30:00+00:00,205.2899932861328,205.36000061035156,203.0426025390625,203.7899932861328,8684039,0.0,0.0,-0.007234201215470137,-0.010415928802245622,0.00406472526360524,-4.911563039800004e-05,-0.03173852756130091,-0.007260494935199288,0.8249969482421875,-0.010009765625,-1.05419921875,7.30697361799864e-05,204.35582624162947,-0.0027688613821308552,205.00112806047713,-0.005907941999134331,206.40556190127418,-0.01267198708714909,207.16259521484375,-0.01627997527834117,204.90910761450505,-0.005461515797883222,205.79150631548112,-0.009725926327932264,205.5338928844094,-0.00848473005495427,204.7054404122489,205.83395168075026,-0.009930132409728547,0.0736193929769245,40.133814579977305,-0.8099104071549164,-0.6577302665579279,-0.15218014059698848,59.570005319639506,64.13578658371198,-71.74288234165053,-1.2980132313229256,-40.42999467012508,2.7158660888671875,0.013326788254223206,0.13202759090791316,0.14578752967886985,0.16326040653980323,0.0808764270299045,14831543.25,0.585511490855815,62644148.0,74885558.76463686,46.03122397061274,0.002551667351648723,204.30999755859375,2,0.006099628260982399
2026-07-20 17:30:00+00:00,203.7899932861328,205.01499938964844,203.6501007080078,204.30999755859375,6310147,0.0,0.0,0.002551667351648801,-0.010557450126284618,0.008241206938291334,0.001887922035427092,-0.031561622307832105,0.0025484173759093985,1.6699981689453125,0.3849945068359375,0.845001220703125,0.0,204.4864262172154,-0.0008627890950247526,204.81684221540178,-0.0024746239192210305,206.1122283935547,-0.008743929697907002,207.19219512939452,-0.013910743930228092,204.7892856033228,-0.0023403960969672084,205.65682370121863,-0.006548900826043186,205.48589698927938,-0.005722531073464662,204.61328967866444,205.59742504673298,-0.006261885273321547,0.014315929475327024,42.82934670579376,-0.8170818322689399,-0.6896005797001303,-0.1274812525688096,64.8924622798014,66.22082852358989,-57.279568211666955,-1.5231135313546293,-35.107537709963175,2.7008590698242188,0.013219417072512197,0.132101784037141,0.14484549454397175,0.1620737400455004,-0.2733626599327801,14565878.05,0.4332143231145615,68954295.0,74320676.50133811,50.38311089936232,-0.0066080841485146,202.95989990234375,0,0.007600283260171136
2026-07-20 18:30:00+00:00,204.3105926513672,204.31500244140625,202.27999877929688,202.95989990234375,9559725,0.0,0.0,-0.006608084148514548,-0.011278012729149411,-0.014446780253577374,-0.009154230234399208,-0.04484966513461219,-0.006630014200379323,-2.97509765625,-1.8751068115234375,-4.6450958251953125,2.9126953186122064e-06,204.48569815499442,-0.007461637984514202,204.56612069266183,-0.007851841667972944,205.73086620512464,-0.01346888949568035,207.18119323730468,-0.02037488668242924,204.423408463127,-0.007159202420989256,205.4116488104118,-0.011935783205357563,205.38683827998778,-0.011816426008387957,204.3656973702567,205.2616544826522,-0.011213758293523717,-0.06458906693109148,40.723885165051826,-0.9210890942412959,-0.7358982826083634,-0.1851908116329325,51.073659150744646,58.51204225006186,-91.90460634459895,-0.4122193998184508,-48.92634083901994,2.737644740513393,0.013488599185440821,0.12898934509816287,0.14545272993023442,0.16290839549349848,0.5149765924629015,14464480.05,0.6609103795611373,59394570.0,72899142.54882972,45.604916720035625,0.0020698915434570466,203.3800048828125,2,0.0064728658718518975
2026-07-20 19:30:00+00:00,202.9499969482422,203.44000244140625,202.5800018310547,203.3800048828125,7870520,0.0,0.0,0.0020698915434569365,-0.002011818130562837,-0.015061264601760715,-0.013364977793385191,-0.02674973609079656,0.002067752269490854,-3.1100006103515625,-2.7549896240234375,-0.1349029541015625,-4.879266350780926e-05,204.59141322544642,-0.0059211103903618,204.27397809709822,-0.004376344077738629,205.29705665225075,-0.009337940838948166,207.1729934692383,-0.01830831578427079,204.21472774706413,-0.004087476321891011,205.22695390790278,-0.008999544114025664,205.30813893107896,-0.009391415548822116,204.20754859561012,204.85555786507277,-0.007202894554732716,0.003516200415188272,38.84964687569079,-0.9585668754729113,-0.7804320011812731,-0.1781348742916382,55.37360589293713,57.11324244116107,-85.37202704477126,-0.2672542163965618,-44.62639409682746,2.684788295200893,0.013200846842021989,0.11807733770264399,0.14020520356903607,0.15692383353658976,-0.17670016658428978,13626982.8,0.5775687924108922,67265090.0,72362566.11560784,39.862068637637876,0.009882950430619252,205.38999938964844,2,0.0065644588966010066
2026-07-21 13:30:00+00:00,207.5399932861328,208.64999389648438,204.01010131835938,205.38999938964844,24526611,0.0,0.0,0.009882950430619264,0.005286093896334831,0.0005602508663187233,0.009804537175386763,-0.008065286335535382,0.009834433474573148,0.1150054931640625,1.99420166015625,3.225006103515625,0.020454264447957126,204.51355634416853,0.004285500976769885,204.3875492640904,0.0049046535817005715,205.1265854608445,0.0012841530424292059,207.22619354248047,-0.008860820736191167,204.44978207558103,0.004598768971615888,205.2417762244251,0.0007221880844596122,205.3113491451405,0.00038307791963296424,204.3563514346168,204.7964653121519,0.0028981656328344167,0.027640089038105914,54.76611707934277,-0.8166645283087917,-0.7876785066067769,-0.028986021702014808,53.56065347803278,53.33597284057152,41.84674660606369,0.27094620430471955,-46.43934650772199,2.3826446533203125,0.011600587469638973,0.12066556058812569,0.14424415237315413,0.16152961244841493,2.1162630931628406,13953125.0,1.7577862306830905,91791701.0,74212959.91412139,61.354535565473086,0.005891264021923802,206.60000610351562,2,0.005286503486876859
2026-07-21 14:30:00+00:00,205.3699951171875,206.72999572753906,204.70030212402344,206.60000610351562,11920887,0.0,0.0,0.005891264021923748,0.01793510049484337,0.013788767407423075,0.01790954022226332,-0.002991965609184466,0.0058739783823216025,2.8100128173828125,3.635009765625,2.69500732421875,-9.739652621980733e-05,204.5292707170759,0.010124396274282167,204.57862091064453,0.00988072548276738,205.10468110584077,0.007290545440530093,207.21219360351563,-0.002954399011712714,204.87982688116796,0.008396040003181914,205.3652516679788,0.006012479840197467,205.3618847121356,0.0060289736486861594,204.65134567987351,204.69454868978445,0.009308784361471156,0.06632856888400562,57.528767129721885,-0.599656005312653,-0.7500740063479522,0.15041800103529923,70.79746812422883,59.91057583173292,52.32644869838487,0.22558595535413115,-29.202531861525948,2.3651221139090404,0.011447831771662984,0.12266393116526413,0.13219583556216769,0.1459627123538596,-0.513961101270779,14002216.0,0.8513571708935214,103712588.0,77022448.30325268,52.95387073249613,-0.0073330074776926995,205.0850067138672,0,0.004704294609540039
2026-07-21 15:30:00+00:00,206.6199951171875,206.82000732421875,205.02000427246094,205.0850067138672,13342712,0.0,0.0,-0.007333007477692721,0.008383330662407484,0.003793300203291272,0.012065768513536801,-0.010792815593974714,-0.007360026143444435,0.7750091552734375,2.44500732421875,-2.035003662109375,9.675224143876782e-05,204.50212969098772,0.0028502247079645413,204.59647805350167,0.002387766715296928,205.00301470075334,0.00039995515789430073,207.1424935913086,-0.009932712703028966,204.92086284770784,0.0008010110043335921,205.33977485396866,-0.001240715006536937,205.3510267514192,-0.0012954405038000454,204.71886378696988,204.65894684825076,0.0020818042512954675,-0.05983130457502886,50.68044949664052,-0.5436560482327764,-0.708790414724917,0.16513436649214064,49.21596500594402,57.858028869401885,40.66783681303477,0.8305033846438026,-50.784034979810755,2.3822719029017856,0.011616021770981507,0.12526188740764635,0.13293550474430124,0.14597024055045338,0.11927174546659147,14224363.05,0.9380182404722859,90369876.0,78293631.89341909,44.8382956155532,0.005071035190709002,206.125,2,0.0025404949864793218
2026-07-21 16:30:00+00:00,205.0800018310547,206.36000061035156,204.8300018310547,206.125,11789499,0.0,0.0,0.005071035190709061,0.0035785608478295927,0.01559470663505036,0.000922633081597457,-0.003697614151990325,0.005058220794999696,3.16510009765625,0.19000244140625,2.3900909423828125,-2.4403942992567783e-05,204.83570207868303,0.0062943027422798755,204.59576416015625,0.007474425710197986,204.94598606654577,0.005752803243805182,207.06919372558593,-0.004559798145699287,205.16169027816628,0.0046953684214774,205.41115895815332,0.0034751814140176643,205.38137864352043,0.003620685387289394,204.92266671316963,204.61819534757552,0.007363981731231546,0.08818326493038856,49.97240639812593,-0.41062350008002113,-0.6491570317959379,0.23853353171591674,64.03090057689427,61.34811123568905,51.87334450990811,1.5569205129504782,-35.96909940886051,2.3426284790039062,0.01136508661730766,0.126638269047887,0.1328893325087922,0.14555592362267716,-0.11640909284409351,14219722.05,0.8290948978148274,102159375.0,80566559.80833155,45.316197916785846,0.0006064281382656155,206.25,1,0.011437503795896115
2026-07-21 17:30:00+00:00,206.125,206.96499633789062,205.71119689941406,206.25,7310358,0.0,0.0,0.0006064281382656134,-0.0016941243619337243,0.014111491042795521,-0.0011623104594862266,-0.0010655360071798459,0.0006062443350273895,2.8699951171875,-0.2400054931640625,-0.29510498046875,0.0,205.11284528459822,0.005544044371372297,204.79963575090682,0.00708186928052034,204.91550990513392,0.006512391841288033,206.9903936767578,-0.003576947043786234,205.37935222253304,0.004239217662539666,205.48741723468484,0.0037110922681971845,205.41544222612748,0.004062780114407121,205.14323149181547,204.58649246906455,0.008131072148758085,0.2823263354232176,59.20947031075379,-0.2917447401303832,-0.5776745734628269,0.2859298333324437,65.81155336673574,59.68613964985801,83.55378852079426,1.7814847123998556,-34.18844661901905,2.2007577078683034,0.010670340401733978,0.12646618172328467,0.13259749084799144,0.14524628412929105,-0.37992632256892345,14087439.15,0.5189273878780161,109469733.0,83319242.96944283,50.31939938022842,0.0025212328361742422,206.77000427246094,2,0.011061729317026606
2026-07-21 18:30:00+00:00,206.24989318847656,207.34500122070312,206.22000122070312,206.77000427246094,10329363,0.0,0.0,0.0025212328361743364,0.008216093343891506,0.006718948765341182,0.0072829639285263426,-0.00337396705125359,0.0025180598607547617,1.3800048828125,1.4950103759765625,-1.489990234375,-5.178740530277922e-07,205.65714590890067,0.005411231195670741,205.07142203194755,0.008282881269728985,204.92979576474144,0.008979702052809672,206.91959381103516,-0.0007229355897059474,205.65748263251865,0.005409585032822749,205.60401605630085,0.005671038136896764,205.46856230637587,0.006334019917548944,205.40594729468935,204.5455631718297,0.010875039605487287,0.4212163545759426,62.20710338030976,-0.15379956185236665,-0.49289957114073485,0.3391000092883682,70.48679645521668,66.77641679961557,110.84140542963314,0.40547100966922933,-29.51320352908472,2.1189793178013394,0.010248001518628938,0.12554633135298332,0.13207730950923136,0.14488153374032517,0.4129763549199643,13894346.75,0.7434219964317501,119799096.0,86793514.68663876,57.13397433759999,0.001982823402083363,207.17999267578125,2,0.011207527627398904
2026-07-21 19:30:00+00:00,206.7899932861328,207.82009887695312,206.5,207.17999267578125,10439183,0.0,0.0,0.0019828234020833335,0.005118217954062976,0.0028072921351949276,0.016634768640914954,0.016584835983368684,0.001980860202451838,0.579986572265625,3.3899993896484375,-0.800018310546875,9.66726955493931e-05,206.2000013078962,0.004752625420292703,205.3957072666713,0.008687062805965384,204.9159858340309,0.011048463752227773,206.8638717651367,0.0015281591122974,205.96198464117117,0.005913751689304171,205.74728665807177,0.006963426060065164,205.53567722282315,0.00800014613116281,205.6870900472005,205.10109089852259,0.010135985957661738,0.4548192906711435,64.4860622445344,-0.011264526049444612,-0.3965725621224768,0.3853080360730322,76.92304005844521,71.07379662679921,120.77244952802876,0.33415040159737336,-23.076959925856187,2.1204147338867188,0.010234650105402551,0.10714402623521083,0.10044682495386316,0.10445575987602104,0.010631826957770762,11699701.4,0.8922606349594527,130238279.0,90931111.28791125,57.039902142395775,-0.0018365343059835843,206.79949951171875,0,0.011462544876305917
2026-07-22 13:30:00+00:00,205.80499267578125,208.22999572753906,204.9499969482422,206.79949951171875,20545500,0.0,0.0,-0.001836534305983628,0.002664240056818201,0.008359912922564883,0.0121849247852448,0.014095851008673943,-0.0018382228027503497,1.7144927978515625,2.489501953125,1.1345062255859375,-0.006636741232755613,206.40135846819197,0.0019289652281344128,205.45745740618025,0.006531970766477495,205.0588189987909,0.008488688862143564,206.78086181640626,9.013259326169987e-05,206.1294876152807,0.003250441769327531,205.8429423720397,0.004647024224641808,205.5852388812112,0.00590636096788662,205.87426234654018,205.33807421670463,0.007117166655925114,0.458224312569405,53.38868693285507,0.07018386242992847,-0.3032212772119958,0.3734051396419243,70.94983039339975,72.78655563568722,85.1526534516962,0.7426650398517234,-29.050169590901653,1.9904142107282365,0.009624850231350877,0.10756617330088347,0.10328226404254738,0.10770327865334918,0.9681137882150357,11890497.15,1.727892428787134,109692779.0,92717936.78430066,44.04390228755259,0.02611465428724312,212.1999969482422,2,0.011460434359571382
2026-07-22 14:30:00+00:00,206.8000030517578,213.5458984375,206.4499969482422,212.1999969482422,26786013,0.0,0.0,0.026114654287243022,0.026261027052193464,0.02947239271433455,0.045526712667598,0.03595572042362427,0.025779489323119412,6.0749969482421875,9.240097045898438,4.360504150390625,2.43491904114367e-06,207.20135716029577,0.024124551385323354,205.86531393868583,0.03077100696726543,205.45286632719495,0.032840284692203896,206.85226165771485,0.02585292153754914,207.34358948187304,0.02342202852029962,206.42085642442171,0.027996882795166742,205.84464115834967,0.030874526313136655,206.7732676188151,205.9470338868477,0.030361996205294534,0.6553963297553644,66.22046406040202,0.5640057986258284,-0.12977586204443098,0.6937816606702594,88.0533154832571,78.64206197836735,261.58155367927014,4.126799126127837,-11.94668450786657,2.3597706386021207,0.011120502698058818,0.14009276689831568,0.12487168959879788,0.12365622817217455,0.3037411111922319,12566763.0,2.1314966312327206,136478792.0,96885637.28103393,55.19994719641977,0.006126310416841791,213.5,2,0.004439601950559249
2026-07-22 15:30:00+00:00,212.22500610351562,214.25999450683594,211.83999633789062,213.5,19851505,0.0,0.0,0.0061263104168418625,0.03050491141830003,0.035151515151515156,0.04975904648551177,0.035729040140827895,0.006107620870313211,7.25,10.1199951171875,1.1750030517578125,0.00011785652984443558,208.40349905831474,0.024454968197221698,206.45281437465124,0.0341346067219314,205.86548505510603,0.03708496809367182,206.96616180419923,0.03156959639591012,208.57487158549844,0.02361323958652924,207.06441493129245,0.031080111330630673,206.14485130900263,0.03567951682643106,207.79122576032367,206.5056921026867,0.03386980681288651,0.8380295466682017,73.2526257269032,1.0481798576246604,0.10581528188938728,0.9423645757352731,93.65613707168978,84.2197609827822,296.4836183669182,4.498067912083296,-6.343862919962973,2.4072701590401784,0.011275270065709149,0.14000022815620694,0.1253472612552822,0.12441475883996513,-0.25888541157655676,13041317.65,1.5222008644195548,156330297.0,102547033.44474499,62.36022527718088,0.001217772865742096,213.75999450683594,1,0.007139093531223817
2026-07-22 16:30:00+00:00,213.49000549316406,214.38999938964844,213.1999969482422,213.75999450683594,13149669,0.0,0.0,0.001217772865742095,0.03365818104759377,0.03380562987832736,0.0407517169388012,0.05095580583787518,0.0012170319817904084,6.989990234375,8.3699951171875,-0.260009765625,-4.681267838824678e-05,209.4942125592913,0.020362290181725043,207.16495731898718,0.03183471410013644,206.22858029320128,0.036519740391416686,207.12296173095703,0.032043925600426945,209.61189616976594,0.019789422322150252,207.67310398361457,0.029309960733636058,206.44348437558432,0.035440741340643095,208.76551644461495,206.94736657336873,0.03291961645242305,1.0490122578694798,80.28337034328855,1.4363137407744375,0.37191497366639736,1.0643987671080402,94.79764779514585,92.16903345003091,243.27440510931606,5.321294802389808,-5.20235219659652,2.3267418997628346,0.010884833268825434,0.1282499088781804,0.12129786409809039,0.12231465755019134,-0.33759838359862393,13237299.35,0.993380043188341,169479966.0,108921598.45000738,67.73468183495535,-9.351148103269511e-05,213.74000549316406,1,0.006647274571972825
2026-07-22 17:30:00+00:00,213.77000427246094,214.37989807128906,213.46009826660156,213.74000549316406,9948041,0.0,0.0,-9.351148103264872e-05,0.0072573448024011444,0.03166335094744732,0.0345595313587308,0.05308801689792597,-9.351585350377748e-05,6.5600128173828125,7.1399993896484375,-0.4299774169921875,4.682712332607712e-05,210.564213344029,0.015082297692871574,207.8385293143136,0.028394524337194856,206.7211616152809,0.03395319483987644,207.31296173095703,0.031001649431436948,210.4375180344456,0.015693434752267945,208.2246404844827,0.026487571287538782,206.72962245862666,0.03391087813700474,209.6421895345052,207.3942247033556,0.030597673579650007,1.2356864336872884,79.54047244012969,1.7224444260174039,0.6420208641365988,1.0804235618808051,94.63258575829394,94.36212354170986,190.88703875907734,5.093913050238175,-5.367414233448424,2.2949491228376115,0.010737106128222087,0.12747810892542502,0.11927973162583923,0.11960814753746343,-0.2434759384437738,13143120.6,0.7569009904694931,159531925.0,113741629.55000669,68.39287267506191,-0.001824643864626974,213.35000610351562,0,0.012204721766346339
2026-07-22 18:30:00+00:00,213.72999572753906,214.2050018310547,212.91000366210938,213.35000610351562,11609223,0.0,0.0,-0.0018246438646269958,-0.0007025475245169277,0.03167564045011462,0.04030035896860906,0.05285238228447353,-0.0018263105549627954,6.550506591796875,8.264999389648438,-0.0095062255859375,-4.6831502609245076e-05,211.50421360560827,0.008726977427222678,208.58067975725447,0.022865618962354586,207.21568588983445,0.029603551426665965,207.5073617553711,0.02815632322001285,211.02001564825963,0.011041561380266015,208.6905828134857,0.022326945601430913,206.98924534666153,0.03072990940263821,210.37705310639882,207.84672293690772,0.026477603730379506,1.1903404979354721,84.63122124925036,1.895880830084593,0.8927928573261976,1.0030879727583955,91.19395849249788,93.54139734864589,144.59411355696682,3.8755571047679807,-8.806041499034713,2.242091587611607,0.010508983001918708,0.12757865041700828,0.11920025202027319,0.11948768791566387,0.16698584173507136,13172935.05,0.8812935732192803,147922702.0,116996969.78333938,67.51209733351297,-0.006046871622915746,212.05990600585938,0,0.012517661399664988
2026-07-22 19:30:00+00:00,213.35000610351562,213.39999389648438,211.72000122070312,212.05990600585938,13401761,0.0,0.0,-0.006046871622915728,-0.007953258536045671,-0.0006601835268498224,0.028792751999317856,0.02974195022642001,-0.006065227987590801,-0.1400909423828125,5.934906005859375,-6.6905975341796875,0.0,212.2013440813337,-0.00066652770785207,209.20067269461495,0.013667419298429226,207.66425287155877,0.02116711505950986,207.6719598388672,0.02112921826507373,211.2279937197796,0.0039384566004990905,208.9968849218833,0.014655821712875246,207.18809478427715,0.023513953476097183,210.84094993954614,208.22907577445662,0.018397191732886165,1.032530094111482,77.34505235811392,1.9072446051950749,1.0956832068999731,0.8115613982951018,77.55186641948198,87.79280355675793,100.1114085364151,2.642739468062588,-22.448133570884004,2.3006624494280135,0.010849115670897238,0.1202840524537637,0.11609742721414744,0.11439546074336612,0.15440637155475434,12782144.35,1.048475172321145,134520941.0,118665919.42302135,65.54731735121429,-0.016428857501440183,208.5760040283203,0,0.012616922631695357
2026-07-23 13:30:00+00:00,209.39500427246094,210.8686981201172,208.0500030517578,208.5760040283203,24237343,0.0,0.0,-0.016428857501440186,-0.02416020086145687,-0.02306321298210623,0.01127759528882577,0.010102176762377457,-0.01656530772587488,-4.9239959716796875,2.3260040283203125,-4.783905029296875,-0.012566740142345614,212.45513044084822,-0.01825856784187981,209.4282444545201,-0.004069367187866535,207.7900150844029,0.0037826117082399584,207.7738800048828,0.0038605623739364596,210.69759578148776,-0.010069368590981273,208.9586230224685,-0.0018310753995789961,207.24252259776904,0.006434400690696834,210.75766078404018,208.40316846729203,0.0008293326934449919,0.592901981166296,59.184231777129135,1.6164947600768471,1.199845517535348,0.41664924254149915,39.99817329325928,69.58133273507973,27.51815252361958,1.702219665090736,-60.00182669642048,2.210656302315848,0.010598804558577543,0.13589277198103256,0.11791110523966343,0.11677471269106282,0.80851926847524,13482317.8,1.797713372399514,110283598.0,117867603.09701931,53.74029244834804,-0.010528532060714142,206.3800048828125,0,0.010362834668070794
2026-07-23 14:30:00+00:00,208.5399932861328,209.12989807128906,206.04010009765625,206.3800048828125,15403198,0.0,0.0,-0.010528532060714135,-0.03266932749615825,-0.03452465294570084,-0.0018861507065335292,0.0053830764544333665,-0.010584349181639476,-7.3799896240234375,-0.3899993896484375,-2.45599365234375,-0.00017265045590976916,211.6237030029297,-0.024778406415182218,209.41253008161272,-0.014481106730356066,207.78477696010046,-0.006760707390758213,207.79083618164063,-0.006789670443349383,209.8340776017527,-0.016460971251196322,208.72420319159065,-0.011231080406210226,207.2086983736531,-0.003999318065992818,210.35122884114583,208.4186709947614,-0.009781590594589166,0.027375192349901493,49.39991905248596,1.1950982856550638,1.198896071159291,-0.003797785504227269,16.213425182335293,44.58782163169219,-16.33402534513989,0.12371370906550049,-83.78657480720445,2.2863780430385043,0.011078486233807805,0.1397488802715797,0.12074329293328306,0.11919363782395345,-0.3644848777359796,13850764.85,1.1120828464573924,94880400.0,115678345.65920796,52.83427496363802,0.01574764959350315,209.6300048828125,2,0.008832463023464767
2026-07-23 15:30:00+00:00,206.34500122070312,209.81500244140625,205.9600067138672,209.6300048828125,11580527,0.0,0.0,0.015747649593503166,-0.011458559841952098,-0.01922897213775454,0.011825525116536229,0.02865700863182208,0.015624941921420254,-4.1100006103515625,2.45001220703125,3.269989013671875,-0.00016960781704158457,211.0708465576172,-0.006826341478687094,209.73717280796595,-0.0005109629529099211,207.99215843563988,0.007874558634726383,207.80143615722656,0.008799596188515314,209.79326305796468,-0.0007781859759066444,208.80654879988356,0.003943631498426728,207.30365157009075,0.01122196012993998,210.3802254813058,208.55581983436107,0.005150587738570006,-0.30555987113562655,61.325142937329,1.1105842582801415,1.1812337085834612,-0.0706494503033197,50.2092497601201,35.47361607857156,6.82313551983546,1.6387902462041755,-49.79075022941964,2.4331632341657365,0.011606941647090635,0.14693026651212868,0.12472543434914612,0.12087077448989962,-0.24817385324787744,13995589.25,0.8274411883015214,106460927.0,114800496.26309292,58.81275978259831,0.0023851547409900137,210.1300048828125,2,0.004673103857601474
2026-07-23 16:30:00+00:00,209.63999938964844,210.42999267578125,209.17999267578125,210.1300048828125,9217654,0.0,0.0,0.002385154740990103,0.007450525585297907,-0.015092576182729522,0.016104997250754982,0.02848616021616679,0.0023823147743643356,-3.220001220703125,3.33050537109375,0.8899993896484375,4.767689072695943e-05,210.55227661132812,-0.002005543399053898,210.0232445853097,0.0005083261032039189,208.29406374976747,0.008814178858413391,207.81293640136718,0.011149779804655726,209.86061142293426,0.0012836780473018338,208.92686298924073,0.005758674956163817,207.41448895490336,0.013092219070994894,210.43260309128533,208.6944594198296,0.006878694657092659,-0.6693733805349202,60.255584669539786,1.0715993734903293,1.1593068415648349,-0.08770746807450558,54.87295121133392,40.431875384596445,33.78217688893445,1.624994216234497,-45.12704877807286,2.413163321358817,0.011484144411899343,0.14691495844357108,0.12455912101527336,0.12065384458298484,-0.20403846906103673,14140964.6,0.6518405399303524,115678581.0,114884123.3808936,58.34026141303671,-0.007423963843068227,208.57000732421875,0,0.005392238581831106
2026-07-23 17:30:00+00:00,210.13499450683594,210.1999969482422,208.19000244140625,208.57000732421875,7295185,0.0,0.0,-0.007423963843068204,0.01061150494036367,-0.01645713585077324,-0.017106454647635272,0.027641457374458556,-0.007451658617781482,-3.489898681640625,-3.6299896240234375,-0.2698974609375,2.3745414302904626e-05,209.81370544433594,-0.005927630501913117,210.1889593941825,-0.007702364932117582,208.4969213576544,0.00035053738965587657,207.76373657226563,0.003880709719854307,209.60249060319117,-0.0049259113095279985,208.8944215651478,-0.0015530057648108664,207.45980340075886,0.005351417022746873,210.23883812313989,208.88979011335988,-0.0015308684496550043,-0.7725506405905431,55.53411299211852,0.9043994519752516,1.1083253636469184,-0.20392591167166674,38.347557620481126,47.809919530645054,6.280266616411186,0.6709212750123239,-61.652442368925655,2.467177254813058,0.011829012648813123,0.14753541262737213,0.12441525638374618,0.1202074978000918,-0.2085638059315309,14027737.6,0.5200542815970552,108383396.0,114265006.48747517,54.79571134011869,-0.0034760803473944104,207.84500122070312,0,0.004956412945494389
2026-07-23 18:30:00+00:00,208.57980346679688,208.8249969482422,207.1199951171875,207.84500122070312,9313061,0.0,0.0,-0.003476080347394439,-0.00851501989472947,-0.0035047310980123036,-0.026487113720360056,0.02195395924227328,-0.003482135951936428,-0.7310028076171875,-5.654998779296875,2.7588958740234375,4.696812693135732e-05,209.02727617536272,-0.005656079801097674,210.26574489048548,-0.011512781937122749,208.7295452299572,-0.004237751815514886,207.6850427246094,0.0007701974778466416,209.25099272669357,-0.006719162894582364,208.79901971565283,-0.004569075545681881,207.47490919761944,0.0017837917101069317,209.92631036667598,209.01875475374837,-0.005615541698267526,-0.7744823930103426,52.539446435053335,0.7052605712829916,1.027712405174133,-0.3224518338911415,30.66741020591307,41.29597301257604,-28.072379611328437,0.5055629783669151,-69.33258978349372,2.50860595703125,0.012069599664585545,0.14851410870253984,0.12531178186960493,0.12133177455431522,0.2766038147079204,14099864.65,0.6605071205417563,99070335.0,112817894.91723944,50.04065525895172,0.00411362179757777,208.6999969482422,2,0.004685230243142545
2026-07-23 19:30:00+00:00,207.85000610351562,208.97999572753906,206.88999938964844,208.6999969482422,10705777,0.0,0.0,0.004113621797577682,-0.0068053486001098396,0.011241360648029053,-0.023671396372682563,0.016115670521593017,0.004105183987488865,2.3199920654296875,-5.05999755859375,3.050994873046875,2.4079880598915223e-05,208.5472891671317,0.0007322453421457098,210.3743166242327,-0.007958764657442488,208.98287818545387,-0.0013536096337963973,207.63354278564452,0.005136232558019341,209.1407935710033,-0.0021076549210345247,208.79001764588824,-0.000431154222125214,207.52295185450663,0.0056718791016191145,209.71754397437687,209.26022927243645,-0.0026772040064154514,-0.6291757704874462,53.51674115732658,0.6094077105866518,0.9440514662566369,-0.33464375566998517,39.72456599327031,36.24651127322151,-24.88607757186877,-1.6493873941181976,-60.27543399613647,2.5635986328125,0.012283654385658623,0.14538207624273286,0.1177447822862523,0.11233191183903068,0.1495443871783939,13408822.95,0.7984128838094621,109776112.0,112528201.30607378,50.11811656053178,-0.0028270069310875204,208.11000061035156,0,0.007538413306546682
2026-07-24 13:30:00+00:00,207.55999755859375,208.60000610351562,205.6699981689453,208.11000061035156,20305939,0.0,0.0,-0.0028270069310875057,-0.0022055266707264876,-0.0072508907935705524,-0.026340435754281688,0.007308782488996357,-0.0028310104623022886,-1.5200042724609375,-5.6300048828125,-3.839996337890625,-0.0054623833555958136,208.480717250279,-0.0017781819096517762,210.4679238455636,-0.011203242718025891,209.1124020531064,-0.004793601110734056,207.55974273681642,0.0026510818826279577,208.93463497887296,-0.00394685337163386,208.7281979153849,-0.002961733542494243,207.5459733743437,0.002717601439502877,209.41563517252604,209.2681446737014,-0.0055342587623650906,-0.45295905419199184,53.00291529556409,0.480299263308126,0.8513010256669348,-0.3710017623588088,27.981675453592274,32.79121721759189,-48.4636019999841,-2.5245898780436495,-72.01832453493984,2.545741489955357,0.012232672540852885,0.14465585351018503,0.11971122067649281,0.11578103162256513,0.8967272529588464,13828075.55,1.4684573371455145,89470173.0,110332198.61025722,50.15719694418692,0.005285695547015965,209.2100067138672,2,0.008776667011027531
2026-07-24 14:30:00+00:00,208.11000061035156,210.36000061035156,207.10000610351562,209.2100067138672,15086430,0.0,0.0,0.005285695547015967,0.00656742036203517,-0.004378233224990313,-0.019404730589225982,0.020113610770948087,0.005271775288926694,-0.9199981689453125,-4.1399993896484375,0.600006103515625,0.0,208.88500322614397,0.0015558967025019498,210.25435311453683,-0.00496706196658749,209.23668779645647,-0.00012751627293539072,207.53034301757813,0.008093581265553495,208.98970932587181,0.0010541063897591984,208.77199871524692,0.0020980208136800204,207.61122958373682,0.0077008220284049194,209.24791288829985,209.42150932557652,-0.0010099373860376166,-0.16313916342456475,41.46691746309752,0.46142220018447233,0.7733252605704424,-0.31190306038597004,40.59642257974899,36.100888008870534,-12.83171986774572,-2.1285497332860186,-59.40357740878313,2.2717481340680803,0.010858697295317481,0.14262556052233757,0.12284993829822072,0.1208140929129779,-0.25704346890828345,13915261.45,1.0841643223311481,104556603.0,109782141.88547082,47.062778723692134,0.007456610623445613,210.77000427246094,2,0.00907419666853816
2026-07-24 15:30:00+00:00,209.2100067138672,211.90989685058594,208.97999572753906,210.77000427246094,14557643,0.0,0.0,0.007456610623445714,0.009918578603200112,0.010548002449951133,-0.006082723310095184,0.022534890345474512,0.00742894753260395,2.1999969482421875,-1.2899017333984375,3.1199951171875,0.0,209.04786028180803,0.008238036918068077,210.0593534197126,0.003383095497418861,209.50740196591332,0.006026528393240341,207.55574310302734,0.015486255024138766,209.34576831518964,0.006803270821888165,208.95363558408454,0.008692687654323137,207.7351031009417,0.01460947681061839,209.31666637602308,209.6332191558398,0.005422733673572155,0.18142063125826002,42.32283951151973,0.5658183554006939,0.7318238795364927,-0.16600552413579883,58.486300332415894,42.35479945525239,30.968559039669568,-1.389539227266567,-41.513699656116216,2.3081697736467635,0.010951130269239152,0.14376787637391078,0.12538473483942625,0.12379600015106491,-0.03505050565309353,14053668.65,1.0358606967725825,119114246.0,110670913.70590217,45.478189647474046,-0.0024671645012101983,210.25,0,0.016959400264249767
2026-07-24 16:30:00+00:00,210.77499389648438,210.8800048828125,209.52000427246094,210.25,9038412,0.0,0.0,-0.002467164501210206,0.010283020438096147,0.011571116770535683,0.008025832019738832,0.019393939393939297,-0.0024702129666242215,2.404998779296875,1.6739959716796875,0.2050018310546875,2.3673311772408443e-05,209.06500244140625,0.005668081911128077,209.8086395263672,0.002103633456787379,209.7038305373419,0.002604480143524315,207.6235430908203,0.012650091940768774,209.52661465215175,0.0034524747562295847,209.07148689462232,0.005636890629500525,207.83372650874793,0.011625993200572966,209.34208592006138,209.73780372207668,0.0024420789615952664,0.25377061628868436,40.2716301984156,0.5996803201697674,0.7053951676631477,-0.10571484749338034,52.58386298212697,50.555528631430626,15.234142642416078,-1.453014302702667,-47.416137006391835,2.3203125,0.011035969084370817,0.1443358771889395,0.12547419645606503,0.12380661547444063,-0.3791294373683982,14140071.35,0.6392055440370885,110075834.0,110614239.4481972,39.18431015747209,-0.01153390274320006,207.8249969482422,0,0.016319030599774298
2026-07-24 17:30:00+00:00,210.27000427246094,210.52999877929688,207.72999572753906,207.8249969482422,7838822,0.0,0.0,-0.011533902743200097,-0.006620188906734548,-0.00419262104837026,0.007001608834393602,0.005102252038410304,-0.011600934120172891,-0.875,1.4449920654296875,-3.279998779296875,9.514517222754985e-05,208.9585723876953,-0.0054248812407872845,209.38613891601562,-0.007455803788388078,209.7788303920201,-0.00931377794469255,207.5994430541992,0.0010864860267616482,209.18629111136985,-0.006507568712504265,208.95816962676957,-0.0054229642255480106,207.83338417304185,-4.0355522444069014e-05,209.07760024297806,209.81769732182346,-0.00949729407484309,-0.006061284228274137,35.534344739840975,0.425928848892255,0.6495019039089692,-0.2235730550167142,25.248949670770156,45.43970432843768,-39.336866310418635,-1.997034299109896,-74.75105031751339,2.4546127319335938,0.011810960028706713,0.15084675102482473,0.12815588995678492,0.12504404421916848,-0.13272132317048613,14015544.3,0.5592948680558912,102237012.0,109816408.2626546,34.03699581207188,-0.010674361026955983,205.60659790039062,0,0.017932883651295178
2026-07-24 18:30:00+00:00,207.8300018310547,207.88580322265625,204.80999755859375,205.60659790039062,17993073,0.0,0.0,-0.010674361026955959,-0.024497823539423647,-0.012029228305313944,-0.01919289647811173,-0.007594337440936405,-0.010731740711570884,-2.5034027099609375,-4.023406982421875,-1.6284027099609375,2.4082198416787948e-05,208.63880048479353,-0.014533263119528798,208.83303833007812,-0.015449856284580751,209.72343008858817,-0.019629815259262877,207.50217498779296,-0.009135215510414331,208.47035246917403,-0.013736987225524673,208.65348128800784,-0.014602600295927717,207.7460592211732,-0.010298444787799968,208.5736614408947,209.68150790077746,-0.019433807211533764,-0.17906204375591545,32.617369182970194,0.10797858297567586,0.5411972397223106,-0.43321865674663473,9.273581854631544,29.035464835842898,-123.09384874551166,-1.4236566386190173,-90.72641813372701,2.581813267299107,0.012557054557837441,0.15558714018627068,0.1313360361834863,0.12741352330484118,1.295379713941712,14393238.8,1.2501059177868985,84243939.0,107380934.99954464,32.95858169115803,0.00658251645276599,206.9600067138672,2,0.01794086443897911
2026-07-24 19:30:00+00:00,205.60000610351562,207.17999267578125,205.2899932861328,206.9600067138672,13248396,0.0,0.0,0.006582516452765974,-0.015648006117159663,-0.010754743691955837,-0.015085890140787761,0.0007761488907247482,0.006560946296869155,-2.25,-3.1699981689453125,0.2534027099609375,-3.2060240003394445e-05,208.3902304513114,-0.006863199557579572,208.46875980922155,-0.00723731026523039,209.71295456659226,-0.013127218861616741,207.4220050048828,-0.002227334997569401,208.16828331811269,-0.005804326120099975,208.49952905399505,-0.0073838168705013555,207.7152336326514,-0.0036358764139380138,208.3239238920666,209.75144764136874,-0.013308327350669962,-0.17881369026662525,38.5840439308697,-0.03439404004888047,0.4260789837680724,-0.4604730238169529,30.282248614365002,21.60159337992224,-109.80663310300318,0.28103586458446694,-69.71775137155028,2.596813746861049,0.012547418161030164,0.1573698670809134,0.12839481400985814,0.12278728669830405,-0.2636946451559442,14028383.6,0.9443993248088823,97492335.0,106439163.57101658,40.11986487756281,-0.03872728609218488,198.94500732421875,0,0.01776524944054405
2026-07-27 13:30:00+00:00,208.11000061035156,208.75,198.8800048828125,198.94500732421875,34792635,0.0,0.0,-0.0387272860921849,-0.04272820764787477,-0.05610379422375533,-0.0461475747327279,-0.06246460798609943,-0.039497128888463205,-11.824996948242188,-9.625,-9.574996948242188,0.005556599628781148,207.08094569614954,-0.03928868657877094,207.78083147321428,-0.04252473188361487,209.33893112909226,-0.049651174527179924,207.1511050415039,-0.03961406682142202,206.3236281193339,-0.03576236450636536,207.63093616946992,-0.041833500370676055,207.37130318918346,-0.04063385692878068,207.05409022739954,208.748972051938,-0.046965331763324854,-0.7371846721539101,32.077073646584694,-0.7849207582304132,0.1838790353683753,-0.9687997935987884,0.4988716833725903,13.351567384123049,-211.84356771415037,-5.097074516845007,-99.50112830895274,3.0153917585100447,0.015156910942634178,0.18157824101019227,0.14817846240952962,0.1265820463150779,1.626177161371082,14428714.7,2.4113467986167887,62699700.0,102273500.37377691,38.181463304154484,-0.0094498721435551,197.06500244140625,0,0.008381533479405125
2026-07-27 14:30:00+00:00,198.9499969482422,200.0,196.77000427246094,197.06500244140625,27222128,0.0,0.0,-0.009449872143555083,-0.04154339182793387,-0.06271104665205118,-0.051865566725128875,-0.07697891128146961,-0.009494805485594603,-13.18499755859375,-10.779998779296875,-1.3600006103515625,2.5080418405679705e-05,205.34594508579798,-0.0403267892185134,207.115474155971,-0.04852593344593641,208.6182171049572,-0.055379701848775185,206.91300720214844,-0.047594904225007735,204.47190298374838,-0.036224539578401695,206.67039673964595,-0.04647687549704406,206.9671345324079,-0.04784398311995415,205.62531302315847,207.4566146901508,-0.050090532250393456,-1.3335698700903542,32.458824188390835,-1.5139672003550402,-0.15569021177630782,-1.3582769885787322,1.9484825761053168,10.909867624614307,-279.46038199121017,-6.217580610931933,-98.05151741728962,3.0254058837890625,0.01535232459489229,0.1794213929367621,0.15025056665507827,0.1288944387176959,-0.21758935475855734,14797245.85,1.8396753203907872,35477572.0,95911983.38579816,36.22462386822912,0.003628225859653676,197.77999877929688,2,0.0076631804318928525
2026-07-27 15:30:00+00:00,197.0749969482422,198.5399932861328,195.9199981689453,197.77999877929688,18304743,0.0,0.0,0.003628225859653611,-0.04435643427119784,-0.04833392670010228,-0.05232390191003922,-0.07475671846084386,0.00362165972569453,-10.044998168945312,-10.919998168945312,3.1399993896484375,5.0716802639060535e-05,203.490230015346,-0.028061451577259602,206.26904514857702,-0.04115521242232092,207.86964561825707,-0.04853833665277335,206.7274072265625,-0.043281191242419255,203.13352214285808,-0.026354701612321143,205.86217874325058,-0.03926014974316611,206.60685469895256,-0.042722957727973736,204.38058297293526,206.56975329006738,-0.042551023907092984,-1.6781037710705307,25.329772038760566,-2.0108675004174756,-0.5267256695045415,-1.4841418309129342,11.632347691926686,4.693233983801536,-232.91087958747633,-5.17332702016798,-88.36765230181936,2.9371915544782365,0.014850801762523036,0.18054018398377608,0.15243489724642945,0.132197027977871,-0.3275785419861371,15054999.55,1.21585809014521,53782315.0,91899634.01572214,29.76078374357317,-0.011173988617242633,195.57000732421875,0,0.008753785672473997
2026-07-27 16:30:00+00:00,197.77999877929688,198.14999389648438,195.44000244140625,195.57000732421875,12949732,0.0,0.0,-0.011173988617242614,-0.016964487047919752,-0.048814535519109414,-0.06025656263204615,-0.08500981426954457,-0.01123688661463757,-10.036590576171875,-12.539993286132812,0.0084075927734375,0.0,201.3930882045201,-0.028914005600623884,205.22904532296317,-0.04706467344082414,207.00345575241815,-0.055233128290471084,206.49440734863282,-0.05290409636091045,201.62081917913025,-0.03001084848041233,204.92652679606584,-0.04565792246658553,206.17403715484537,-0.05143242076892112,202.95404459635418,205.89763630341955,-0.05015904584708978,-2.053209298138647,21.70267229808671,-2.553556598017707,-0.9320918552071746,-1.6214647428105322,0.7893486113192492,4.7900596264504225,-200.87258745230122,-5.905840325402362,-99.21065138260906,3.0414766584123885,0.015551856340398011,0.18179074322422561,0.1549650941822134,0.13393954631561975,-0.292547729296172,15205084.1,0.8516711854293525,40832583.0,87036105.34755813,25.024937594726822,0.005803520296209466,196.7050018310547,2,0.010336820466546721
2026-07-27 17:30:00+00:00,195.5800018310547,197.0800018310547,195.5,196.7050018310547,10165862,0.0,0.0,0.005803520296209452,-0.001826811488044977,-0.04955065978998818,-0.059772498836135335,-0.07801736018880134,0.005786744745833672,-10.2550048828125,-12.5050048828125,-0.218414306640625,5.110449691458752e-05,199.8045174734933,-0.015512740560704705,204.38154493059432,-0.03755986433172788,206.1922651018415,-0.04601173213774489,206.2820553588867,-0.046426983244488074,200.63765570951517,-0.019600776656474757,204.17911543561027,-0.03660567139089212,205.80270243626535,-0.04420593363191577,201.8175054640997,205.28841547105247,-0.04181148566157799,-2.1091565473164193,26.553044017345215,-2.8590991315122665,-1.3174933104681932,-1.5416058210440733,7.680676986408416,6.700791096551455,-160.82566712949097,-5.747482171791693,-92.3193230075199,3.0107628958565846,0.015305980365599206,0.18519159890700584,0.1553754187135799,0.13405828238036513,-0.21497510527630992,15132916.05,0.6717715188805266,50998445.0,83603947.21921925,29.185795512017364,0.005210817655591281,197.72999572753906,2,0.010090401331560226
2026-07-27 18:30:00+00:00,196.69500732421875,198.02000427246094,196.08999633789062,197.72999572753906,12772277,0.0,0.0,0.005210817655591171,-0.0002528215798687228,-0.006107273628131793,-0.061868426628986284,-0.06757482141826643,0.005197288324171763,-1.2150115966796875,-13.040008544921875,9.039993286132812,-5.080962224067255e-05,198.67928859165735,-0.00477801622324399,203.65904453822546,-0.029112622147966723,205.44845508393786,-0.03756883619887908,206.09885528564453,-0.04060604580489285,200.05612371311994,-0.011627377069971212,203.5928318257856,-0.0287968689547703,205.48612570258982,-0.03774527330491811,200.93063223702566,204.63449219774262,-0.03374062894293428,-1.8190100054350273,30.24551221675597,-2.984136086165819,-1.6508218656077185,-1.3333142205581003,13.904116378046824,7.458047325258168,-121.09716781977919,-4.987749196251895,-86.09588361588149,3.0268347603934154,0.015307919009662638,0.18782409222129065,0.15586399550910668,0.13500897971485737,0.25638898108197816,15101441.85,0.8457653995469313,63770722.0,81715068.62691265,34.323031671024125,-0.006119412740722586,196.52000427246094,0,0.00983101301688736
2026-07-27 19:30:00+00:00,197.72999572753906,197.8300018310547,196.30999755859375,196.52000427246094,13711449,0.0,0.0,-0.006119412740722585,0.004857579959422154,-0.002765575633387085,-0.06530319014287311,-0.0578014705575739,-0.0061382130841493784,-0.5449981689453125,-13.729995727539062,0.670013427734375,0.0,197.18785967145647,-0.0033868991737365808,202.78904506138392,-0.030914099856796686,204.70845976329986,-0.04000057203433146,205.8998553466797,-0.04555540390438867,199.34889982498817,-0.014190675519135417,202.94984750275609,-0.031681931814095836,205.13451309748675,-0.04199443913608976,199.9787602015904,203.89337107726462,-0.036162856917861294,-1.4650921033117332,26.537942404257066,-3.144615798209287,-1.9495806521280323,-1.1950351460812547,6.557430206639101,9.380741190364786,-107.72866169519735,-6.065676609198471,-93.44256978728922,2.986121041434152,0.01519499784499757,0.18182643490615927,0.1540809907208461,0.13172955530427047,0.07353207262886641,14575147.15,0.9407417200587233,50059273.0,78700230.94815907,29.149557625162544,-0.012365193780482928,194.08999633789062,0,0.009672429007707307
2026-07-28 13:30:00+00:00,194.9499969482422,195.4550018310547,192.74000549316406,194.08999633789062,36821242,0.0,0.0,-0.012365193780482953,-0.0132940467645557,-0.01865710619972205,-0.066089261696331,-0.059550384020488956,-0.01244227889650188,-3.69000244140625,-13.735000610351562,-3.1450042724609375,-0.007989045848147134,196.4942866734096,-0.012235929991709462,201.78761618477958,-0.03814713703640761,204.0186498732794,-0.048665421232358036,205.63225524902344,-0.05613058562772099,198.29711912756866,-0.02121625774578345,202.14440648776832,-0.03984483315557496,204.70139479318888,-0.05183842770571829,198.81888703845797,202.57845734344832,-0.041902091253092084,-1.2531614976385055,24.781260914865953,-3.4283584756653624,-2.2453362168354984,-1.183022258829864,7.0422456731006635,9.167930752595533,-123.56670471694393,-7.913843334618452,-92.95775432168281,3.0396924700055803,0.015661252652600027,0.18296054231515163,0.15369869153548704,0.13274807499246782,1.6854376951699268,15646049.35,2.3533891001053244,13238031.0,72465735.71500106,27.409016676659945,0.01355044016917767,196.72000122070312,2,0.006739534920426497
2026-07-28 14:30:00+00:00,194.08999633789062,197.85000610351562,193.89999389648438,196.72000122070312,20666546,0.0,0.0,0.013550440169177724,-0.005107947851410777,0.005880216052648102,-0.043221359481823374,-0.061584712881757264,0.013459453968683045,1.149993896484375,-8.8865966796875,4.839996337890625,0.0,196.44500078473772,0.0013998851325585653,200.89547293526786,-0.020784299683494434,203.55864969889322,-0.03359546984749763,205.49065521240234,-0.042681522342662655,197.98169554619557,-0.006372782706023826,201.65127873621694,-0.024454481748861293,204.3883989668169,-0.0375187524577716,198.14320504324778,201.9544828882719,-0.025919115994264712,-0.8611793388581566,28.705473198292054,-3.401793420619782,-2.4766276575923554,-0.9251657630274268,20.761702052059558,11.453792643933113,-86.49379093935579,-6.435195614379322,-79.23829794272392,3.0889794485909596,0.015702416782265496,0.1801183851703073,0.1546244326993019,0.13546302184864045,-0.43873305522937,16100350.3,1.2836084690654213,33904577.0,68793244.40881048,28.71815310068679,0.002846673216342045,197.27999877929688,2,0.004912345153138821
2026-07-28 15:30:00+00:00,196.6999969482422,198.6999969482422,196.44000244140625,197.27999877929688,13377269,0.0,0.0,0.0028466732163421327,0.0038672628247160556,0.0029231435036718434,-0.046772359975584155,-0.06115264743215487,0.0028426291151469668,0.5749969482421875,-9.680007934570312,-0.5749969482421875,-0.00010168906230532562,196.37357221330916,0.004615827658308833,199.93190111432756,-0.013264028002719665,202.9705541701544,-0.028036359333477406,205.35775512695312,-0.03933504406796425,197.84135619281585,-0.0028374118754475233,201.2538896492242,-0.01974565995635598,204.10963817514948,-0.033460641334136974,197.66114182245164,201.54577322197707,-0.021165288532053822,-0.21532062566439925,26.18861520178399,-3.2975412968003184,-2.640810385433948,-0.6567309113663704,25.02752722512922,17.610491650096485,-63.69819005332015,-5.073979705877611,-74.9724727693581,3.0411289760044644,0.015415292958265134,0.1803125162224505,0.15601941480739523,0.13760561495506307,-0.3527090109784189,16308331.05,0.8202721025828082,47281846.0,66744539.79844758,28.10974378134651,0.0021289445029608763,197.6999969482422,2,0.012779008949902781
2026-07-28 16:30:00+00:00,197.27999877929688,198.2449951171875,196.60000610351562,197.6999969482422,10884017,0.0,0.0,0.002128944502960861,0.018599622229199975,-0.00015171587490558913,-0.006258062932675612,-0.052116843238535715,0.002126681511898264,-0.029998779296875,-1.2450103759765625,-0.6049957275390625,0.0,196.6778564453125,0.005197028894855293,199.0354723249163,-0.006709735511302725,202.37864903041296,-0.023118308697893112,205.21505493164062,-0.036620402854289434,197.81308434390112,-0.0005716881470881926,200.93080849458946,-0.016079224338651815,203.85827969566293,-0.03020864669604857,197.3635546003069,201.24811712382356,-0.017630575760272396,-0.007340659195238169,27.769341740327576,-3.1447793367774466,-2.7416041757026477,-0.4031751610747989,27.880794416407113,24.55667456453197,-57.39356437298751,-3.845499625425669,-72.11920557797175,3.0614852905273438,0.015485510054475897,0.18045417198963207,0.15568567527618654,0.13798938719124879,-0.1863797461200788,16487772.65,0.6601265817429863,58165863.0,65927522.96050019,32.279859497463775,-0.005032853477726606,196.7050018310547,0,0.013065442469788347
2026-07-28 17:30:00+00:00,197.69009399414062,198.08990478515625,196.64999389648438,196.7050018310547,6939840,0.0,0.0,-0.00503285347772664,-7.624740522249596e-05,0.0009413675685516765,-0.001826811488044977,-0.05359762960004644,-0.00504556093924882,0.18499755859375,-0.3600006103515625,0.214996337890625,-5.00908156518839e-05,196.6778564453125,0.00013801953220695908,198.2411869594029,-0.007749071481573923,201.8136487688337,-0.025313684029395708,205.026455078125,-0.04058721711721956,197.59146784133185,-0.004486357735772866,200.54664425244994,-0.01915585491692496,203.57775899509005,-0.03375986256026801,197.05282520112536,200.97112947208976,-0.02122756463687143,0.017844768483474622,29.25125015981621,-3.068628929164504,-2.8070091263950188,-0.26161980276948515,24.76575701478221,25.891359552106184,-56.200955120421604,-4.955065978974875,-75.2342429789717,2.9643358503069197,0.015069956649286674,0.18063774559986495,0.1554814043458682,0.13744858218971137,-0.3623824733092571,16369111.6,0.42395947743431595,51226023.0,64527380.10711922,32.45410783010256,0.00602423704310029,197.88999938964844,2,0.013078642474530713
2026-07-28 18:30:00+00:00,196.7050018310547,198.02999877929688,196.53309631347656,197.88999938964844,10170431,0.0,0.0,0.006024237043100289,0.0030920550188870966,0.019578562128170773,0.0005561766155854908,-0.0517968266251323,0.006006163875499394,3.8000030517578125,0.1100006103515625,3.6150054931640625,0.0,196.70071411132812,0.0060461665514908,197.69000135149275,0.0010116750305397375,201.339601062593,-0.017133249766671646,204.9163391113281,-0.03428882124342499,197.6511741509952,0.0012083168221889249,200.30513108310436,-0.01205726323826348,203.35470959879822,-0.026872798864134143,197.00600019182477,200.62618052562883,-0.013638205785496767,0.17265941476495122,35.024096345102606,-2.879467078877184,-2.821500716891452,-0.05796636198573202,32.16736828962534,28.271306573604893,-47.351865382927535,-0.5303012871520185,-67.83263170412856,2.851557050432478,0.014409808778680668,0.18171603630549943,0.1548450336112641,0.13610226801858263,0.46551375824226504,16342344.3,0.6223361112273225,61396454.0,64229196.66834596,37.79890639564813,-0.004750126051369432,196.9499969482422,0,0.012491478345464829
2026-07-28 19:30:00+00:00,197.91000366210938,198.14999389648438,196.75,196.9499969482422,13539085,0.0,0.0,-0.004750126051369485,-0.0037936267656916156,0.0011691527354202869,0.007056243658751127,-0.05362550396126553,-0.004761443754689588,0.2299957275390625,1.3799896240234375,-3.57000732421875,0.00010108783931747705,196.76214163643974,0.0009547330103196354,196.97500065394811,-0.00012693847251067013,200.7800772530692,-0.01907599776436184,204.79603912353517,-0.03831149376146797,197.5109387104446,-0.0028400541552887418,200.00011888902597,-0.015250600638197383,203.10354439681564,-0.030297587699998945,196.90733293805803,200.051242167618,-0.015502254251247554,0.10531965569141116,30.256371963431633,-2.773434860116055,-2.8118875455363725,0.03845268542031777,26.29602060773716,27.743048637381573,-45.820519459131205,-0.058359166639786145,-73.70397938601675,2.816556658063616,0.014300871803463379,0.18187707915220613,0.15263061625050448,0.13228352543052857,0.33122037797611537,16004001.6,0.8459812325937283,47857369.0,62669974.98564634,32.13137094050704,-0.02698655762255744,191.63499450683594,0,0.013480678378533551
2026-07-29 13:30:00+00:00,195.84500122070312,197.07400512695312,190.92300415039062,191.63499450683594,26776737,0.0,0.0,-0.026986557622557417,-0.025774674141602505,-0.028614174307534213,-0.025774674141602505,-0.08400655629760712,-0.02735738149850858,-5.6450042724609375,-5.07000732421875,-5.875,-0.0056105394498880915,196.4114270891462,-0.0243185065811779,196.4528568812779,-0.02452426730209895,199.99555315290178,-0.04180372270393519,204.5759390258789,-0.06325741228709542,196.33574986972286,-0.023942432114284498,199.2396530360996,-0.03816839877676178,202.65379734230663,-0.05437254559214718,196.19533211844308,199.09722793251083,-0.03748034818529434,-0.21865351510528314,33.86309112296742,-3.082743887921197,-2.866058814013338,-0.21668507390785896,7.843898666071482,22.102429187811328,-97.98590449787056,-3.106989741307002,-92.15610132291165,2.5509142194475447,0.013311317309236221,0.19843248697496207,0.16357523529096643,0.14189183811024023,0.9777360877784578,16588516.95,1.6141730499904634,21080632.0,58709085.17748954,33.43216769084559,0.00386153632883406,192.375,2,0.0036697544429901427
2026-07-29 14:30:00+00:00,191.61000061035156,193.16000366210938,190.9600067138672,192.375,13980503,0.0,0.0,0.0038615363288341253,-0.027869015143050846,-0.026934734600103538,-0.02708236404818387,-0.08727524742411563,0.0038540997357263784,-5.3249969482421875,-5.3549957275390625,0.32000732421875,-0.0001304244903106828,195.79071262904577,-0.017445733677367497,196.11785670689173,-0.019084731853186307,199.19388616652716,-0.03423240691630619,204.30473907470704,-0.058391886202338004,195.5435998957783,-0.016204058314620937,198.61559366918146,-0.03142046177675513,202.25070725045146,-0.04882903691492818,195.65161786760603,198.3010480051825,-0.029884098267588328,-0.3535694674182121,39.09807769159153,-3.2309172591068034,-2.939030503032031,-0.29188675607477244,18.670402392860552,17.603440555556404,-115.47396089296085,-1.6336898320536875,-81.32959759428101,2.4773428780691966,0.01287767577937008,0.1960023230850007,0.16270296484520375,0.1411739982170333,-0.4778862338603841,16559659.95,0.844250609143698,35061135.0,56456899.44630007,35.519643285340734,-0.004080590836176089,191.58999633789062,0,0.008942413299990092
2026-07-29 15:30:00+00:00,192.375,192.60000610351562,190.6820068359375,191.58999633789062,14222182,0.0,0.0,-0.004080590836176068,-0.027215032715944387,-0.02600343379960013,-0.02508654502029839,-0.08875150374368312,-0.004088939165445777,-5.1150054931640625,-4.9300079345703125,0.209991455078125,0.0,194.9778551374163,-0.017375608102369402,195.67571367536272,-0.020880043111684524,198.28055245535714,-0.03374287611458592,204.00673889160157,-0.06086437448641187,194.7528791842008,-0.016240493385992084,197.97690300270048,-0.03226086764621465,201.83264015584123,-0.05074820311517105,195.0479031517392,197.6985678566337,-0.030898410569883183,-0.5535692413378355,35.65800207831033,-3.372809312037475,-3.02578626483312,-0.3470230472043552,11.324402863087204,12.61290130733975,-135.01848060287423,-2.6003433799467985,-88.67559712444084,2.4272003173828125,0.012668721560438374,0.19586595079864766,0.16351521564760513,0.14228956046006377,0.01728686013657743,16818848.45,0.845609736141002,20838953.0,53064714.07046196,36.264057839736864,0.0030246792739304315,192.16949462890625,2,0.01897327348368658
2026-07-29 16:30:00+00:00,191.5749969482422,193.0800018310547,191.27999877929688,192.16949462890625,12697362,0.0,0.0,0.003024679273930353,0.0027891571862739273,-0.02890749799578518,-0.009894903113094933,-0.07533021796812467,0.0030201141346468535,-5.7205047607421875,-1.920501708984375,-0.605499267578125,-7.828900221860275e-05,194.18778337751115,-0.01039348981429409,195.43281991141183,-0.01669793888236438,197.4195760091146,-0.02659351968185445,203.74462890625,-0.05681197261211269,194.23620227314188,-0.010640177371871782,197.44895678690102,-0.026738364405064705,201.45369327243202,-0.046086018541861014,194.58040727887834,197.24048315421953,-0.025709674019215614,-0.8320510811872871,41.477195341893136,-3.3993139421211254,-3.100491800290721,-0.29882214183040423,18.55187861232805,16.18222795609194,-130.89646433755829,-2.812168724398676,-81.4481213752,2.362201145717076,0.012292279533056857,0.1958110173287931,0.16223819460287034,0.1424385520600842,-0.10721420946518612,17061775.45,0.7441993382933663,33536315.0,51204866.53994177,42.12357095468019,0.005362465678155188,193.1999969482422,2,0.02152098502635249
2026-07-29 17:30:00+00:00,192.110107421875,194.0570068359375,191.7100067138672,193.1999969482422,13691975,0.0,0.0,0.005362465678155237,0.004288483161752676,-0.0190403658700512,-0.017893474230471274,-0.06034145343020081,0.005348138854325223,-3.75,-3.5200042724609375,1.9705047607421875,-0.00030903555814424207,193.68706839425224,-0.002514733947111505,195.18246241978235,-0.010156985658200612,196.723147437686,-0.017909181178294768,203.5328289794922,-0.05076739749065429,194.02896120816195,-0.00427237384952105,197.0626877106593,-0.019601329948716512,201.1300189067775,-0.03942734158530263,194.28269755045574,196.59455484905263,-0.017266795122578806,-0.8273977156641243,41.16904842846957,-3.299135744295228,-3.1402205890916224,-0.15891515520360544,31.404255639158862,20.426845704858042,-100.4272546824858,-1.6893991715972605,-68.59574434836918,2.416986737932478,0.012510283520177657,0.19665437046487957,0.16119659190886648,0.14222877830947983,0.07833225515662234,16846720.55,0.8127382987901464,47228290.0,50826144.96470922,42.99391602478038,0.0008799077206551644,193.3699951171875,1,0.021420531816215796
2026-07-29 18:30:00+00:00,193.17100524902344,196.32989501953125,192.56500244140625,193.3699951171875,15825181,0.0,0.0,0.0008799077206551598,0.009290666597005615,0.009053673181229183,-0.01981956450883604,-0.0656649166786536,0.0008795208287928496,1.7350006103515625,-3.910003662109375,5.4850006103515625,-0.00015006055733203115,193.0413534981864,0.0017024415393072192,194.87103380475725,-0.007702728611097459,196.14045206705728,-0.014124862671920847,203.31402893066405,-0.048909727802496326,193.89716798996704,-0.002718827088821142,196.72698838398006,-0.017064223339927166,200.82570424836223,-0.03712527317676968,194.04103524344308,196.0921146464605,-0.013881840859163995,-0.7235526652374228,38.52027551359389,-3.1694904562332056,-3.146074562519939,-0.023415893713266467,33.52446490037042,27.82686638395245,-57.61043707077798,-0.37096256081429757,-66.47553508715764,2.5480499267578125,0.01317706981996068,0.1939797539503182,0.16524662572116663,0.14922555026784848,0.15579972940353737,16975559.8,0.9322332333334892,63053471.0,51990652.206165485,43.71735048379934,-0.017117431050188533,190.05999755859375,0,0.02143520976752192
2026-07-29 19:30:00+00:00,193.3800048828125,193.7550048828125,190.02000427246094,190.05999755859375,21014144,0.0,0.0,-0.01711743105018848,-0.010977273340839533,-0.012033800865009714,-0.03864440823258375,-0.0446606320265438,-0.01726562787364343,-2.31500244140625,-7.6399993896484375,-4.0500030517578125,5.176483362313809e-05,192.05706787109375,-0.010398317201374801,194.40960475376673,-0.022373417201581605,195.33568972632997,-0.02700833716102054,203.05603088378905,-0.0640022030794498,193.1297339036924,-0.015894685313518484,196.12089830894496,-0.030903900617325855,200.4035196722929,-0.05161347530503277,193.39956374395462,195.13004645209855,-0.025982922597845234,-0.7365425699799035,34.68467716585815,-3.2958423525255967,-3.176028120521071,-0.11981423200452568,0.4607525331189907,21.796491024216095,-128.1783353070779,-3.3855244107097997,-99.53924745536025,2.706263950892857,0.014238998135545603,0.1523634935634932,0.13552440103236918,0.1352361228264234,0.3278928057758075,16286635.25,1.2902692101488549,42039327.0,51042906.94843543,42.42926580852903,0.035515100950788116,196.80999755859375,2,0.019214244691320666
2026-07-30 13:30:00+00:00,193.4499969482422,197.17999267578125,191.52000427246094,196.80999755859375,33838063,0.0,0.0,0.03551510095078814,0.01868530366135923,0.02724568777326475,0.0005337725353280476,-0.001294014054516457,0.03489898499273769,5.220001220703125,0.1049957275390625,7.535003662109375,0.017836469710494948,192.79635402134485,0.020818046884764844,194.60389055524553,0.011336397217149165,195.23402259463356,0.008072235274403648,202.92463073730468,-0.030132533229031595,193.86578663467267,0.015186851558568516,196.18354369527665,0.003193202913527477,200.26259723646157,-0.017240362032126748,193.71961611793154,194.90354575690893,0.009781514206277403,-0.3112492930230893,55.352225134190924,-2.8188150079965624,-3.1045854980161693,0.28577049001960697,78.22579510113947,37.403670844876295,-1.4131351186763754,-0.2382406851221381,-21.774204887339774,2.9448351178850447,0.01496283295767713,0.2002189019348925,0.1449723767783172,0.1447775261901902,0.6102517904131617,16617432.0,2.0362991706540456,75877390.0,53408095.8104892,57.87211584243913,-0.016767456392937276,193.50999450683594,0,0.00797770349863045
2026-07-30 14:30:00+00:00,196.80999755859375,197.25,193.43499755859375,193.50999450683594,19038422,0.0,0.0,-0.016767456392937308,0.0007239974824615469,0.0069756122350130845,-0.022133533257475024,-0.021589666795507667,-0.016909621596378852,1.3404998779296875,-4.3800048828125,-3.8795013427734375,0.0,192.95849609375,0.002858119358554343,194.37460436139787,-0.004448162646545787,195.06473650251115,-0.007970389848742496,202.68703063964844,-0.0452768788600136,193.79462820910533,-0.0014687388649431445,195.94049376905477,-0.012404272416865165,199.99778928628018,-0.03243933246744576,193.57376331147694,194.75579455192167,-0.006396729031583214,0.00040731205277049414,43.84584643256865,-2.676200494240902,-3.0189084972611164,0.3427080030202143,40.207294687132986,39.63128077379715,-11.952421603083218,-2.1193740546602022,-59.79270530134626,2.9351915631975447,0.015168165193031867,0.20825884263717054,0.1481501598893725,0.14464497251596126,-0.4373666719634631,16654115.95,1.1431661732846288,56838968.0,53734845.54282356,49.09647515005962,0.0015503232922019156,193.80999755859375,2,0.002732366162545379
2026-07-30 15:30:00+00:00,193.50999450683594,194.3699951171875,192.72999572753906,193.80999755859375,13266492,0.0,0.0,0.0015503232922018384,0.019730611639326767,0.0031573531055228976,-0.015943129922838306,-0.008999384873505822,0.001549122781672788,0.6100006103515625,-3.1399993896484375,-0.730499267578125,0.0,193.275639125279,0.0027647479823652613,194.12674713134766,-0.0016316637322416957,194.87568882533483,-0.0054685695951062615,202.43123046875,-0.04258845282988358,193.79770207900302,6.344491941218947e-05,195.7468122953765,-0.009894489284710508,199.75513078715522,-0.02976210525909555,193.49848240443637,194.64791685427772,-0.004304794570737555,0.31960607454169965,43.28040230730912,-2.510035597634044,-2.9171339173357023,0.40709831970165844,46.07899701313309,54.837362267135184,-44.78890899822674,-1.4717491906650506,-53.92100297470884,2.890906197684152,0.014916187163127334,0.20489240440898196,0.14633164529851203,0.1441620043949221,-0.30317271042736627,16669953.95,0.7958325523748672,70105460.0,55293951.68160227,43.151885248119164,-0.0009803541808972335,193.6199951171875,1,0.00440447040582742
2026-07-30 16:30:00+00:00,193.80999755859375,194.01499938964844,192.67999267578125,193.6199951171875,8373037,0.0,0.0,-0.0009803541808972582,-0.01620853859548743,0.0012928582836675417,0.010358236581266667,-0.015683417732899496,-0.0009808350423593114,0.25,1.9850006103515625,-0.3600006103515625,0.0,193.48285348074776,0.0007088051161736328,193.83531842912947,-0.00111085695675006,194.78283110119048,-0.005969910065599743,202.2019302368164,-0.04244239958310683,193.76216068663993,-0.0007337117265202914,195.55346527917746,-0.009887169011399502,199.5145372314702,-0.02954442416100488,193.43091546921502,194.56279359846894,-0.0048457285375039785,0.2758752071161818,42.02813600258011,-2.3664019207165268,-2.8069875180118675,0.44058559729534075,44.28038670118456,43.52222613381688,-46.807499606983605,-2.157766580226046,-55.719613286515305,2.8687646048409596,0.014816468738622983,0.20359096343598154,0.14606560928658907,0.14432701181896565,-0.3688582482844749,16580312.7,0.5049987386546696,61732423.0,55907139.42621158,38.71606434838466,-0.0006713646694638224,193.49000549316406,1,0.006273548103407977
2026-07-30 17:30:00+00:00,193.6199951171875,194.07000732421875,193.0601043701172,193.49000549316406,7580624,0.0,0.0,-0.0006713646694638253,-0.0001032970608201289,0.018046974527150983,0.00579599996446567,-0.021443333464779224,-0.0006715901356425263,3.4300079345703125,1.1150054931640625,3.1800079345703125,0.0,193.52428327287947,-0.00017712392024157145,193.60567583356584,-0.0005974532508056054,194.6297360374814,-0.005855891126996073,201.94923034667968,-0.04188787864629173,193.70772964794475,-0.0011239827918858118,195.36587802590353,-0.009601843227102027,199.27828108486997,-0.02904619389612115,193.38487374441965,194.4327197148658,-0.004848536928760675,0.25234738741811824,43.498492302468904,-2.2372704125612017,-2.693044096921734,0.45577368436053245,42.68149629641282,44.34696000357683,-38.55214801615235,-1.756786752309436,-57.318503691287034,2.838049752371652,0.014667681388107933,0.20238836584470485,0.14499282766167287,0.14328045776903336,-0.09463865978377972,16320730.05,0.46447824189090114,54151799.0,55739964.14752476,42.00787045594783,0.0029199812216509978,194.05499267578125,2,0.007422228579549054
2026-07-30 18:30:00+00:00,193.49000549316406,194.9250030517578,193.13999938964844,194.05499267578125,10395289,0.0,0.0,0.0029199812216509358,0.0012640994802832761,-0.01399829742893166,0.012865997103227222,-0.012543311332632201,0.0029157263572207066,-2.7550048828125,2.464996337890625,-6.1850128173828125,0.0,193.62214006696428,0.0022355532722912507,193.33174678257532,0.0037409577332147264,194.4547358921596,-0.0020557134519879907,201.7053302001953,-0.03792828636101517,193.77718225351205,0.0014336591080383986,195.24670663043784,-0.006103631529653198,199.07344624529787,-0.025209055572925014,193.44478265671503,194.315945282434,-0.001342929455800032,0.18989588674176555,42.04520347361338,-2.065532841318344,-2.5675418458010566,0.5020090044827126,49.630917005120786,45.53093333423939,-16.303887767746936,1.262816415738911,-50.36908298257908,2.858628409249442,0.014731022221163794,0.20190241613535465,0.1453862880806536,0.14432493552618428,0.3712972705149338,16154922.05,0.643475033047281,64547088.0,56578737.8477605,42.01935918295601,0.005642736657296966,195.14999389648438,2,0.007375778378250035
2026-07-30 19:30:00+00:00,194.0399932861328,195.32550048828125,193.99000549316406,195.14999389648438,11945984,0.0,0.0,0.005642736657296865,0.007902070126439398,0.008475011297623292,0.01550974192513599,0.0054613714183826545,0.0056268760556320765,1.6399993896484375,2.980499267578125,4.3950042724609375,-7.729453100658195e-05,194.34928240094865,0.004119961162911369,193.2031751360212,0.010076536056317267,194.38949730282738,0.003912230877722538,201.47292999267577,-0.031383551608595135,194.05174458210652,0.005659569393397057,195.23791456371478,-0.00045032578547269693,198.9195853688738,-0.018950328422312996,193.68721560523625,194.36348942269353,0.004046564898185887,0.2035352918590096,46.29018245611749,-1.8200912526096715,-2.41805172716278,0.5979604745531084,70.95425525320518,54.42222285157959,12.459175168929402,1.442491953980481,-29.04574473296356,2.8540213448660716,0.014624757540937141,0.19801198763996025,0.14304504646643645,0.14082012808371697,0.14917286089881676,14911159.15,0.801143886925786,76493072.0,58475341.10035474,47.75819862067346,0.009454272500166155,196.9949951171875,2,0.008354497143160168
2026-07-31 13:30:00+00:00,198.4405059814453,200.08999633789062,194.9499969482422,196.9949951171875,29866755,0.0,0.0,0.009454272500166061,0.018114577107432472,0.01643360816632189,0.01964284797562388,0.0013978949510875527,0.009409860568151336,3.18499755859375,3.7949981689453125,1.5449981689453125,0.01686145112917349,194.3757106236049,0.013475369351272418,193.5860323224749,0.017609549376043622,194.527830578032,0.012682835827715433,201.2692300415039,-0.021236405204182345,194.64039468912273,0.012097182765239523,195.397649159485,0.008174847366718044,198.84411124135673,-0.00929932555013145,194.19279160272507,194.53260193473892,0.012657997466470922,0.36518505361735126,62.89081847928571,-1.4598723463845715,-2.2264158510071383,0.7665435046225668,69.26510764570585,63.28342663467728,103.5046305567139,2.8211278681462773,-30.73489234436365,2.7818069458007812,0.014121206196796174,0.19489847172542024,0.14728017618628172,0.1488503674321793,1.5001502597023402,15371169.6,1.9430372429174159,106359827.0,63035768.32889238,60.43187666745413,-0.006979872758605091,195.6199951171875,0,0.008248444502034194
2026-07-31 14:30:00+00:00,197.0,198.92999267578125,195.32000732421875,195.6199951171875,14917314,0.0,0.0,-0.006979872758605121,0.008064736803865546,0.010329511674605163,0.011635724553007432,-0.00841445494921389,-0.0070043460171086225,2.0,2.25,-1.18499755859375,2.5406141965674365e-05,194.67713928222656,0.00484317695663907,193.81781768798828,0.00929830626867908,194.47544933500745,0.005885297018661427,201.0456399536133,-0.026987130074796185,194.8363147747357,0.004022249873458319,195.41786242836704,0.0010343613746850576,198.71767531491872,-0.015588347603234446,194.4639866420201,194.50622057904505,0.005726164103240595,0.4049828525655997,57.572921703442056,-1.2706994443975361,-2.035272569685218,0.764573125287682,55.610677821636436,65.27668024018249,80.37491303065389,1.795550586697681,-44.38932216843307,2.8825204031808034,0.014735305567507425,0.1962061934422876,0.15040270685558413,0.15246865500586887,-0.5005378388110794,15448171.85,0.9656362024481232,91442513.0,65741172.58328358,60.09357162670899,0.012268731291173458,198.02000427246094,2,0.006078312030222231
2026-07-31 15:30:00+00:00,195.60000610351562,198.02000427246094,195.2386932373047,198.02000427246094,9730128,0.0,0.0,0.012268731291173562,0.014706689550289864,0.02341205566536053,0.04188154696473245,0.001618651133831417,0.012194080368629954,4.529998779296875,7.9600067138671875,2.529998779296875,-0.00010218287583433514,195.278568812779,0.014038588444880522,194.277103969029,0.0192657818494625,194.51068769182478,0.018041767381842464,200.76204010009766,-0.0136581388904791,195.47305267428078,0.013029681397625411,195.65442077783013,0.012090621235207832,198.6903156661949,-0.0033736490451639397,195.02427818661644,194.48159862650394,0.018194038258263226,0.3147477172059039,63.95401430202075,-0.9165524296633976,-1.811528541680854,0.8949761120174564,79.44395534004028,68.10658026912752,100.41832465879298,2.4948278469616487,-20.55604465002923,2.944185529436384,0.014868121734663401,0.20114457496712426,0.15236386166139515,0.15282643419236216,-0.3477292225664754,15390477.4,0.6322174255621206,101172641.0,69115598.14678039,65.65228020831213,0.006236746710965083,199.2550048828125,2,0.00980137253383422
2026-07-31 16:30:00+00:00,198.0449981689453,199.3199005126953,197.5,199.2550048828125,9171395,0.0,0.0,0.006236746710965191,0.011472422252558179,0.026796590674269316,0.012423186598998104,0.01296359029013372,0.006217378693428706,5.20001220703125,2.44500732421875,0.670013427734375,0.00012621904830311499,196.0835702078683,0.016173892955773886,194.78321184430803,0.022957794956455793,194.5847356887091,0.024001210462627293,200.4771401977539,-0.006096133024093256,196.22944311598712,0.015418490307907625,195.9817466055558,0.016701852769115018,198.71246034135638,0.0027302995520330654,195.68799830845424,194.54644624030232,0.024202748153363873,0.6921556260011718,64.95117543370698,-0.5301232106879468,-1.5552474754822727,1.025124264794326,91.70812200675178,75.58758505614283,151.75159510305022,3.043393449965228,-8.291877983317725,2.9456067766462053,0.014783100571871793,0.20126591506967864,0.15282413432976402,0.1532694527413317,-0.05742298559690073,15502055.15,0.5916244595478684,110344036.0,73042116.0375632,65.15425698025726,-0.0035377293470489745,198.5500946044922,0,0.00985324208874592
2026-07-31 17:30:00+00:00,199.2550048828125,199.97000122070312,198.49000549316406,198.5500946044922,9755690,0.0,0.0,-0.00353772934704899,0.014978527555679522,0.017423012115549197,0.02604568363769033,0.003335667375206741,-0.003544001909637582,3.4001007080078125,5.04010009765625,-1.7999114990234375,0.0,196.80644008091517,0.008859743222077865,195.16536167689733,0.017342897830307857,194.67259724934897,0.01991804398724263,200.17294219970702,-0.008107227567188667,196.69357341368817,0.009438646919540791,196.21523278727727,0.011899493143502818,198.70609305755778,-0.0007850713114248612,196.19024934314547,194.59037157004215,0.020349018312061748,0.7494676377129748,61.44655480560637,-0.2775561443972663,-1.2997092092652716,1.0221530648680053,84.70801442304999,85.286697256614,153.3573979724037,4.467061535784956,-15.291985567019509,2.8836778913225447,0.014523679261156988,0.2007852173734141,0.15278861516246073,0.15359338180738044,0.06370841077066247,15481318.1,0.6301588751670957,100588346.0,75665566.51017623,64.57144632815749,0.008838565777491994,200.30499267578125,2,0.008370418593030792
2026-07-31 18:30:00+00:00,198.59500122070312,201.1199951171875,198.25999450683594,200.30499267578125,15913383,0.0,0.0,0.008838565777492091,0.011539179648619502,0.016802444938383898,0.033512177901059426,0.017034758971947284,0.008799734296981155,3.30999755859375,6.4949951171875,-0.0901031494140625,0.00022617272633470363,197.69929722377233,0.013180094661876293,195.6607186453683,0.023736363959732203,194.78759692964098,0.028325190274331863,199.90424194335938,0.0020047134994434627,197.4158572661068,0.014634768704346815,196.58702914077762,0.01891255771672635,198.76879500337049,0.00772856560496323,196.87553347633,194.74407090225407,0.028555024796055366,0.8674794205664103,63.895115523410844,0.06347893766431412,-1.0270715798793544,1.0905505175436685,92.65762959867646,89.69125534282608,167.06852549346613,1.775821940208714,-7.342370392314527,2.819042750767299,0.014073751797670862,0.202093503293116,0.15507454562328354,0.15596102698075912,0.6311899004580916,15600033.0,1.0200864959708738,116501729.0,79554724.8425404,64.66378735966732,0.0025211797073371694,200.80999755859375,2,0.008383336883748529
2026-07-31 19:30:00+00:00,200.30499267578125,201.97000122070312,199.8800048828125,200.80999755859375,19652521,0.0,0.0,0.002521179707337229,0.00780403321209322,0.02653104268966544,0.037134607079473136,0.047877492706221325,0.0025180068655295484,5.19000244140625,7.19000244140625,1.8800048828125,0.0,198.50786917550224,0.011597164347397174,196.42857578822546,0.02230541942670147,194.97140648251488,0.029945883765128054,199.65344177246095,0.0057928166720266116,198.0946853246042,0.01370714327608763,196.9709353605791,0.019490500925770097,198.84884216239885,0.009862543703339086,197.5621039980934,195.27470240095894,0.02834619686804489,0.9145486233305913,74.2665729306495,0.37023354887523396,-0.7476105541284368,1.1178441030036708,88.89948323675353,88.75504241949334,163.00979226782385,3.772416546403348,-11.100516753677102,2.701542445591518,0.013453226823479193,0.17311275193251383,0.14131702234711868,0.14470223857173575,0.234968139709828,15243822.2,1.2892121636002811,136154250.0,84945155.80991751,74.18540160814919,0.022808170401185872,205.39010620117188,2,0.009926662726865472
2026-08-03 13:30:00+00:00,198.5,205.72000122070312,198.08999633789062,205.39010620117188,33652814,0.0,0.0,0.022808170401185768,0.03444980275786236,0.03721897671797958,0.06150240513806926,0.06765487304052953,0.022551952671648768,7.3701019287109375,11.900100708007812,2.1800994873046875,-0.011503399166708417,199.70717075892858,0.028456341455434495,197.04144069126673,0.0423700998154182,195.6264118012928,0.04990989871933363,199.5200457763672,0.029420905563317362,199.55376949991773,0.029246937884715326,197.73631452790568,0.03870706142926187,199.10536232078212,0.03156491521425088,198.75697471981957,196.21661895046614,0.046751836310943574,1.1327362572937802,71.47182988170519,0.9717139644868666,-0.40374565040537613,1.3754596148922427,97.47013186862962,93.00908156801988,182.06657329238107,5.974980026000677,-2.529868123701661,2.737971714564732,0.013330592038691783,0.1876889085372385,0.1608281205069932,0.15336689140000415,0.7123917079137074,16227437.75,2.073821789887932,169807064.0,93027242.30421108,74.32591780952183,0.004989953527542846,206.4149932861328,2,0.004427961035761083
2026-08-03 14:30:00+00:00,205.38999938964844,207.39999389648438,204.8000946044922,206.4149932861328,19086003,0.0,0.0,0.004989953527542834,0.03050348635214184,0.03593379452391332,0.0636932883814132,0.07737876314845082,0.004977544971066704,7.1599884033203125,12.360000610351562,-0.210113525390625,-5.200422036510469e-07,201.2493133544922,0.025668062392420837,197.96322631835938,0.042693621057371685,196.29498291015625,0.05155511478638714,199.47682556152344,0.03478182342757752,200.92601425716074,0.027318408963806586,198.52528532410813,0.03974157724596329,199.39201451550176,0.03522196607352012,200.00678173246837,196.99362574450868,0.04782574819855021,1.2946184458592276,86.44490823999826,1.5136430152394666,-0.020267917276407588,1.5339109325158742,93.30842031521519,93.22601180686611,210.86518213876732,6.60830414809954,-6.691579677991334,2.651178632463728,0.012843924708394685,0.1856805716579476,0.16165910299809683,0.1544463189348912,-0.43285565955940564,16470628.8,1.158790185351029,188893067.0,102157320.84666717,83.20647797449631,0.0032701260747184297,207.08999633789062,2,0.005294578507724591
2026-08-03 15:30:00+00:00,206.4199981689453,207.47999572753906,206.27000427246094,207.08999633789062,11203186,0.0,0.0,0.003270126074718327,0.03127333726232662,0.04301132039453193,0.061183719266420855,0.07764240488739893,0.003264790840540859,8.539901733398438,11.94000244140625,1.379913330078125,2.4246701912481603e-05,202.54502650669642,0.022439306012885518,198.91179765973772,0.04111469894863439,197.0330781482515,0.05104177574701987,199.491025390625,0.038091793514760525,202.15881067330673,0.024392632941081207,199.30389541627017,0.03906647637427851,199.69389615559544,0.03703718703798203,201.2236844017392,197.52019139184029,0.04844975533168315,1.4120564571428673,86.7260594934065,1.9748282071062135,0.37875130760011666,1.5960768995060968,97.36486952564671,96.04780723649718,188.04946057193987,7.028782086182099,-2.635130467596529,2.6204637799944197,0.012653743909996427,0.18566905850170215,0.1609051102627133,0.15333661601925483,-0.4130156010139996,16395920.0,0.6832910870509248,200096253.0,111484838.19460364,89.20037529948829,0.007267395380880278,208.59500122070312,2,0.00939565485689354
2026-08-03 16:30:00+00:00,207.08680725097656,208.67990112304688,206.69000244140625,208.59500122070312,9609744,0.0,0.0,0.0072673953808801706,0.015603940612368916,0.041386929173254705,0.05888477571024109,0.07968428838321984,0.007241115112324101,8.290008544921875,11.600006103515625,-0.2498931884765625,-1.539952180424856e-05,203.87931169782365,0.023129808922670997,199.981440952846,0.04307179819673904,197.81524512881325,0.054494061288430165,199.47032531738282,0.045744528108409295,203.44604878278602,0.025308687333560335,200.14854139849135,0.042200956165615325,200.04295909932517,0.0427510278784116,202.51477820986793,198.0224106808813,0.05339087885767866,1.596565528958676,88.60571265725396,2.433707841447159,0.7897426143695252,1.643965227077634,99.45645961544032,96.70991648543406,170.77228447997356,7.492725821870386,-0.5435403781575491,2.667241777692522,0.012786700362285628,0.1860031146679104,0.1601086593094509,0.15184583555052522,-0.14223114746108834,16191808.45,0.5934941751364406,209705997.0,120839234.27130805,93.10439651309761,-0.004242644846026643,207.7100067138672,0,0.009253256591418648
2026-08-03 17:30:00+00:00,208.5998992919922,208.74000549316406,207.57000732421875,207.7100067138672,10728882,0.0,0.0,-0.004242644846026655,0.0062738341198849135,0.03436088461312847,0.06180355739931942,0.07415841112262145,-0.004251670400866614,6.9000091552734375,12.090011596679688,-1.3899993896484375,2.3481249600303863e-05,205.1878705705915,0.012291838383281446,200.99715532575334,0.03339774325263969,198.50619797479538,0.04636534694092554,199.42192535400392,0.04156053224894463,204.29884036900225,0.01669694423466639,200.8359473362528,0.03422723605386824,200.3436276332288,0.0367687216590054,203.54525364467077,198.55380961421398,0.0461144367735749,1.4693576798119001,85.28569410478913,2.6948965077906735,1.170773393053755,1.5241231147369185,93.39744629972466,96.7395918136039,145.16439693782374,6.436081583472046,-6.602553693865083,2.6786771501813615,0.01289623544164871,0.18798645563545902,0.15515985913347555,0.14425831101265604,0.11645866945050765,15936993.5,0.6732061476965526,198977115.0,128280937.19785014,93.22614788941769,0.0006258226364727141,207.83999633789062,1,0.008737455884047268
2026-08-03 18:30:00+00:00,207.6999969482422,208.72000122070312,207.60000610351562,207.83999633789062,9701905,0.0,0.0,0.000625822636472817,0.0036216138551488086,0.011927985149972065,0.049590909269540795,0.09354940022986935,0.0006256268911503009,2.44989013671875,9.819992065429688,-4.4501190185546875,-4.8191061101552284e-05,206.26429966517858,0.007639211803798204,201.98179844447546,0.02900359308859493,199.19524565197173,0.043398378598751085,199.40732513427736,0.04228867318636649,205.00707156277994,0.013818668563485771,201.47267906367438,0.03160387454902651,200.63760287654887,0.03589752547899732,204.45763244628907,199.35091216130928,0.04258362344321568,1.3649780066277404,84.96103025630049,2.8791899741324585,1.5124567092694958,1.3667332648629626,93.89824300872935,95.58404964129811,126.26859663761763,5.505216624512032,-6.101756984490982,2.631176539829799,0.012659625607092346,0.17184741128301664,0.14994756319767014,0.1416449066487112,-0.09572078432776132,15371381.55,0.6311667541685606,208679020.0,135937897.46472156,93.22636874724547,-0.005533073117528358,206.69000244140625,0,0.008782369013150984
2026-08-03 19:30:00+00:00,207.85000610351562,207.9199981689453,205.9199981689453,206.69000244140625,11942945,0.0,0.0,-0.005533073117528375,-0.00913252363742556,0.0013323119163743957,0.03731398146293219,0.05020072661639596,-0.005548437266773602,0.2750091552734375,7.43499755859375,-2.1748809814453125,4.8160920907055426e-05,207.10430036272322,-0.0020004312831233785,202.80608476911272,0.01915089321257832,199.98715064639137,0.033516412296073245,199.3842251586914,0.036641701603341376,205.34365773850521,0.006556543882202492,201.94698118892273,0.023486467708189712,200.8749518790923,0.028948609609550115,205.08539297921317,200.1597713618232,0.03262509262036429,1.150127474969755,79.18594288768786,2.8990307554597905,1.789771518507555,1.1092592369522356,85.13414226009264,90.80994385618222,95.13706794621399,5.658934465022656,-14.865857732655726,2.6786411830357144,0.01295970366918019,0.13050155968920668,0.1380361563529791,0.12883586832026134,0.23098968707691947,14276625.65,0.8365383594687165,196736075.0,141728200.08712903,87.5625263422873,0.01728386913689398,210.2624053955078,2,0.007193492553501366
2026-08-04 13:30:00+00:00,210.67999267578125,212.1708984375,209.11500549316406,210.2624053955078,29989052,0.0,0.0,0.017283869136893948,0.01228827980905467,0.01531898746302085,0.05898919773544464,0.08657129535539343,0.017136202146969596,3.1724090576171875,11.712310791015625,2.89739990234375,0.019304224622508304,207.8003431047712,0.01184821090253644,203.7537569318499,0.0319436979304531,200.62774149576822,0.04802259063408134,199.41547332763673,0.054393632985517304,206.32740726990576,0.019071621059219914,202.70292884406683,0.03729337604795519,201.24308731110858,0.044818026819530656,206.0795690627325,201.55586816955145,0.04319664470691133,0.9994359898238793,80.8584502621744,3.1665161530609964,2.065120445418243,1.1013957076427534,88.72862087179607,89.25366871353935,126.52845168377114,6.1824062513100495,-11.271379122298017,2.702990940638951,0.012855322070256523,0.11937839076333492,0.13519258605886,0.1299776197548829,1.5110265516587407,14824157.15,2.0229853000445286,226725127.0,149823145.50740245,87.68136806032055,-0.001723615300327865,209.89999389648438,0,0.003349995545540065
2026-08-04 14:30:00+00:00,210.24000549316406,211.03990173339844,209.0500030517578,209.89999389648438,14932802,0.0,0.0,-0.0017236153003278298,0.009911458789889416,0.006256107136529687,0.047901957372744164,0.08301943419108815,-0.0017251024342564605,1.30499267578125,9.595001220703125,-1.8674163818359375,-0.00010653308327519986,208.29820033482142,0.0076899059093190605,204.77375684465682,0.025033662178163454,201.40821765718005,0.04216201472829747,199.45127319335938,0.05238733519110215,207.04192459522147,0.013804302229303471,203.3572074851957,0.032173860430950434,201.58257384386843,0.041260610448484336,206.89906732468378,202.3309973562678,0.03740898151582552,0.7990310616600396,84.8554167824808,3.3110885113385677,2.3143140586023083,0.9967744527362594,86.58825288831656,86.81700534006842,105.44138386993129,5.342394796998485,-13.411747105777533,2.5872704642159596,0.012326205523758084,0.12089337428176346,0.13549402747057102,0.1304079264430874,-0.5020582177789414,14907472.65,1.0016991042408518,211792325.0,155724972.12574506,87.27795337102191,0.0015260243416584727,210.22030639648438,2,0.0037605559972937906
2026-08-04 15:30:00+00:00,209.89999389648438,210.9499969482422,209.6199951171875,210.22030639648438,9540619,0.0,0.0,0.001526024341658383,0.01708018730165195,0.012085598196890368,0.04686175465514264,0.0857365545807891,0.001524861149735143,2.5102996826171875,9.410308837890625,1.2053070068359375,0.0,208.7453874860491,0.007065635931844339,205.64520699637276,0.022247537236158688,202.18966093517486,0.03971837839841153,199.4714791870117,0.05388653682836214,207.67760095547405,0.012243522793501634,203.9811255680401,0.030587049713737012,201.92130845377494,0.041100159295809,207.6252739315941,202.83260256952843,0.03642266446976693,0.5262211757240418,83.14412791049045,3.4121762449026107,2.533886495862369,0.8782897490402419,86.70434499841674,87.34040625284312,97.81211810893313,5.877716560740119,-13.29565499476704,2.483605521065848,0.011814298835479048,0.119840377287978,0.13536529891614985,0.13019698904327345,-0.36109653097924954,14965851.75,0.6374925503321252,221332944.0,161973350.39948362,87.30339591011473,0.005897148275698378,211.4600067138672,2,0.018290731472914663
2026-08-04 16:30:00+00:00,210.22000122070312,211.64999389648438,209.94000244140625,211.4600067138672,9087924,0.0,0.0,0.005897148275698427,0.0056957463037992095,0.017417294263667227,0.02955303264096898,0.09287302036558165,0.005879828156322414,3.6200103759765625,6.0699005126953125,1.109710693359375,-1.4516950644766634e-06,209.15467398507255,0.011022143014351901,206.51699284144811,0.02393514356559559,203.03918529692152,0.04147387315699535,199.48527923583984,0.06002812600427672,208.43408210715268,0.014517417574465648,204.6610238540244,0.033220701879508756,202.29537505220992,0.04530321891564099,208.40058056059337,203.31401173382872,0.04006607764280821,0.5410737830125929,83.14843096786387,3.5513843093960986,2.737386058569115,0.8139982508269834,94.9513765556111,89.41465814744815,97.74911640518839,5.5690144758828035,-5.0486234372870715,2.475754874093192,0.011707910694581134,0.11859841066353656,0.1360114585307524,0.13049208475075388,-0.04744922735097168,15041216.75,0.604201385502938,230420868.0,168492161.59953278,87.33077568358479,0.005201885982227329,212.55999755859375,2,0.019905540561849035
2026-08-04 17:30:00+00:00,211.4698944091797,212.64999389648438,211.0399932861328,212.55999755859375,12059709,0.0,0.0,0.005201885982227372,0.012672719101750829,0.028399995393350252,0.029770144962012246,0.09535959177164721,0.005188402911392888,5.8699951171875,6.1450042724609375,2.2499847412109375,4.675917430491987e-05,209.8475298200335,0.012925897869150839,207.5177001953125,0.02429815557184384,203.94728015718005,0.042230116502332084,199.5314791870117,0.06529555348660404,209.2592651974409,0.015773410835705475,205.3791123726216,0.0349640482081198,202.69790926814656,0.04865411945296437,209.20631452287947,203.98233890638937,0.042050986855772576,0.616760562089856,87.25106190025585,3.7077273981438736,2.931454326484067,0.7762730716598067,99.38189317324903,93.67920490909229,102.21195808964265,5.851302297094541,-0.6181068198828465,2.485040937151228,0.011691009435839483,0.11847769398258924,0.13556176529622554,0.12950516609332197,0.32700372494312235,15124437.75,0.7973657731508068,242480577.0,175538677.35195822,87.50478958165448,-0.0003292814557470705,212.49000549316406,1,0.019884108780134763
2026-08-04 18:30:00+00:00,212.57000732421875,213.05999755859375,212.1999969482422,212.49000549316406,13768942,0.0,0.0,-0.0003292814557470658,0.010796764287836824,0.010594381308756118,0.026075663966224294,0.08885478933643998,-0.0003293356807894759,2.22760009765625,5.4000091552734375,-3.64239501953125,4.709148353369567e-05,210.5118168422154,0.0093970432663263,208.38805825369698,0.01968417611748932,204.82513791038878,0.03742151798814486,199.62477935791014,0.06444703997454757,209.90541325658555,0.012313128072627797,206.0255572017618,0.03137692419897308,203.08191304167667,0.04632658965306441,209.869288562593,204.7311035354414,0.037898012679551646,0.6554446235658594,85.58749256568454,3.7823817057821714,3.101639802343688,0.6807419034384834,96.19243807673624,96.84190260186546,101.81208696348165,3.456787390237549,-3.8075619165837313,2.3421837942940846,0.011022559808623149,0.11966493775218896,0.13504601074433928,0.12936687244006345,0.1417308659769485,15215585.65,0.9049235643453526,228711635.0,180602768.55653363,87.43366019502344,-0.0030590104874101886,211.83999633789062,0,0.019907000921850035
2026-08-04 19:30:00+00:00,212.48500061035156,212.97999572753906,211.80999755859375,211.83999633789062,11957434,0.0,0.0,-0.0030590104874101964,0.0017969810458655644,0.009242508326908316,0.015556437585741323,0.07535725063406917,-0.0030636988235454563,1.94000244140625,3.2449951171875,-0.28759765625,-2.3553497496791477e-05,211.2475302559989,0.002804605957622076,209.17591530936105,0.012736079221055623,205.6198999314081,0.030250459262586998,199.74944732666015,0.060528573034786315,210.29232987284655,0.007359595406891503,206.55414257777352,0.02559064511669739,203.425367288587,0.041364698815192176,210.32954697381882,205.8135925031331,0.029280883548235572,0.6934886379236217,81.94360230428171,3.745914900738711,3.230494822022693,0.5154200787160184,91.85035990555299,95.80823038517941,91.40809748101451,2.6282020338568053,-8.149640087766983,2.2764696393694197,0.010746174842864149,0.12074425402773165,0.12368323556688325,0.1134699152415764,-0.1315647927052057,14320119.6,0.83500936682121,216754201.0,184045762.12257802,81.14986493645381,0.04195525999654545,220.72779846191406,2,0.019222196491542134
2026-08-05 13:30:00+00:00,216.86000061035156,222.22000122070312,216.39999389648438,220.72779846191406,54180378,0.0,0.0,0.04195525999654537,0.03842586091989775,0.049983240180480504,0.06267291573477074,0.12834988227908695,0.04109900574578615,10.507492065429688,13.017791748046875,8.567489624023438,0.023697150487248856,212.74258640834265,0.03753461959989006,210.27146475655692,0.049727782689930354,206.75003342401413,0.06760707510584033,200.0248031616211,0.10350214059934026,212.37942359066008,0.03930877450399961,207.84265674905902,0.06199469307376137,204.1038940012665,0.08144824743256963,211.8697980608259,208.55855663761474,0.05834928099059436,1.1609285398161415,85.54918563527313,4.3836540132251685,3.4611266602631883,0.9225273529619802,91.43392216399852,93.15890671542927,189.0461782426301,6.585447083453502,-8.566077830260928,2.472898210797991,0.011203383660864442,0.17587489940012904,0.1302851401863936,0.11797956785605311,3.531104081360599,16283272.8,3.3273641402114196,270934579.0,192320887.53947535,83.13113576241591,-0.00732937972849689,219.11000061035156,0,0.0060656233799877305
2026-08-05 14:30:00+00:00,220.6999969482422,220.72999572753906,218.35000610351562,219.11000061035156,17737803,0.0,0.0,-0.007329379728496899,0.031154383481817316,0.03617702474981854,0.05422442489913748,0.10650437270404423,-0.0073563716020984705,7.649993896484375,11.270004272460938,-2.8574981689453125,-0.00012595383936901865,214.0583016531808,0.02359964046305469,211.1782509940011,0.037559500464554064,207.8686051141648,0.05407933290339212,200.42810302734375,0.0932099705616926,213.7255389945984,0.02519334676172724,208.86696073644924,0.04904097726963177,204.69236877025023,0.07043560991867492,213.0482695079985,209.46904821666348,0.046025665728284475,1.3646251535527623,78.6369844033797,4.704295893672793,3.709760506945109,0.9945353867276836,80.92024522151621,88.06817576368924,168.91172795428548,5.040868346827102,-19.07975477234882,2.457190377371652,0.011214414542995309,0.18047563114997317,0.1288371879732051,0.1178156039543455,-0.6726157392257397,16683656.55,1.063184377288083,253196776.0,198118591.20238245,75.04723686259031,0.00940165922529977,221.1699981689453,2,0.007740222333411379
2026-08-05 15:30:00+00:00,219.0989990234375,221.3699951171875,218.44000244140625,221.1699981689453,14334618,0.0,0.0,0.009401659225299674,0.04404268312095838,0.040506213347966114,0.07005658501380085,0.1099846565912943,0.009357738696499673,8.610000610351562,14.479995727539062,0.9600067138671875,-5.021033674120913e-05,215.62254333496094,0.025727619886854316,212.183965410505,0.04235019710849962,208.97098577590216,0.05837658442242713,200.91020294189454,0.10084005157672003,215.2144308294678,0.027672713751100305,209.985418684858,0.05326360065419427,205.33855031529708,0.07709924818920734,214.38050246465775,210.22010016823464,0.0520877784374359,1.456200801788453,79.89333926398652,5.066231122131569,3.9810546299824017,1.0851764921491673,93.55826468645868,88.63747735732447,161.745501818437,6.48018440130102,-6.441735307406347,2.580047607421875,0.01166545023633534,0.1810809093783943,0.1304739931904105,0.11924220388161517,-0.19186057033106074,16941817.7,0.8461086203282663,267531394.0,204729334.32596508,75.47428776318318,-0.0005425469918204694,221.0500030517578,1,0.0061608409634084215
2026-08-05 16:30:00+00:00,221.1699981689453,221.60000610351562,220.6082000732422,221.0500030517578,12081572,0.0,0.0,-0.0005425469918204362,0.001459737251442439,0.04028423613961052,0.051305404006761535,0.11332106636405781,-0.0005426942236954852,8.55999755859375,10.78759765625,-0.0500030517578125,0.0,216.99254281180245,0.01869861603242143,213.0736083984375,0.03743492548531585,210.00884283156623,0.0525747395741539,201.37560302734374,0.09770001791947402,216.3815452739258,0.021575119874019045,210.99128999093978,0.047673593830353356,205.95468571672694,0.0732943622157735,215.56264081682477,210.92564415561824,0.047999658536645014,1.6101096822411776,78.09560716269098,5.282491521152622,4.241342008216446,1.041149512936176,92.82209846121864,89.10020278973117,156.2228927712108,6.355853996613719,-7.177901532646397,2.5087552751813615,0.01134926596034744,0.179448683826807,0.12986192916207911,0.11856436044966542,-0.1571751685325692,17058111.8,0.7082596328158665,255449822.0,209559856.96158746,75.80578133414049,0.0031205793604396517,221.73980712890625,2,0.006700051003895365
2026-08-05 17:30:00+00:00,221.05999755859375,221.8000030517578,220.59010314941406,221.73980712890625,9319375,0.0,0.0,0.003120579360439635,0.012002220397193675,0.04673249132437274,0.056406925091483595,0.1070108845854878,0.0031157204584358017,9.899810791015625,11.839813232421875,1.339813232421875,4.521378284510641e-05,218.30394417898995,0.015738895432340222,214.07573699951172,0.03580074153558192,211.11311485653832,0.050336485630174864,201.8989990234375,0.09827095825803099,217.45319764492191,0.0197127912138786,211.9684279125731,0.046098276580686236,206.573710085832,0.07341736291950834,216.71813398088727,211.74141703813012,0.04721981287642186,1.6336920636698218,81.92916008305767,5.446754079005444,4.482424422374246,0.9643296566311985,97.05402452231056,94.47812922332929,139.8974499445118,7.28134138548554,-2.94597547155447,2.5116053989955356,0.011326813311080909,0.1791605864758585,0.1267590853221644,0.11517618291612636,-0.22862894000880019,16728411.4,0.5570986256351873,264769197.0,214817889.34619817,75.72350657955003,0.00042933015137689806,221.8350067138672,1,0.006386749254597342
2026-08-05 18:30:00+00:00,221.74000549316406,222.17999267578125,221.1699981689453,221.8350067138672,14860918,0.0,0.0,0.00042933015137691655,0.003006775559196262,0.0050161704129176865,0.05525013504393339,0.10470100797216841,0.0004292380155576561,1.107208251953125,11.614700317382812,-8.7926025390625,8.945811777327304e-07,219.6389443533761,0.00999851081485736,215.07538059779577,0.031429102193155735,212.1383536202567,0.045709099406524546,202.40159912109374,0.0960141010597981,218.329559458711,0.01605576113390663,212.86538962178165,0.04213750815940809,207.17219230653927,0.07077597743215229,217.75270327613467,212.83833504339225,0.04226997767389263,1.5273122047088632,81.90049933592707,5.5209728125450965,4.690134100408416,0.8308387121366803,97.63807094642966,95.83806464331963,126.00545397498075,5.503885155568367,-2.361929047435362,2.503748212541853,0.011286533399843488,0.1797215231902712,0.12518181501182407,0.11289214507362628,0.5946260344711958,16488831.25,0.9012717623633876,279630115.0,220990482.26560786,76.3329320512245,-0.011878241422120336,219.1999969482422,0,0.0066197775740066645
2026-08-05 19:30:00+00:00,221.8300018310547,221.8699951171875,218.85000610351562,219.1999969482422,15732584,0.0,0.0,-0.01187824142212035,-0.008369174747681174,0.00041073587531337274,0.03660261982705881,0.06723737088652193,-0.01194935140037342,0.089996337890625,7.739990234375,-1.0172119140625,-2.2561285013654147e-05,220.69037301199776,-0.006753244572511549,215.96895163399833,0.014960693607961463,213.0140678769066,0.029040002535800462,202.8309991455078,0.08070264344017168,218.50364695661727,0.003186903291183891,213.4412630150962,0.026980415369410992,207.6438709199394,0.05565358600304079,218.30265212286088,214.25275184491252,0.02309069573532316,1.196637497060077,76.70744502643566,5.306004114641155,4.813308103254964,0.4926960113861911,77.06906079643382,90.58705208839136,87.95501611233213,4.4306828595240235,-22.93093919597316,2.576604570661272,0.011754583058949171,0.17641131605574883,0.1001627800061722,0.09951655624204617,0.05865492293275554,15592819.75,1.0089633723881146,263897531.0,225076867.85935947,74.87462937271265,0.0028056820334230134,219.81500244140625,2,0.005132000688094857
2026-08-06 13:30:00+00:00,221.52999877929688,223.62750244140625,219.33009338378906,219.81500244140625,33560480,0.0,0.0,0.002805682033423018,-0.008680465237263624,-0.0061264897533888085,0.03413156269355255,0.06491780922473156,0.0028017534541007957,-1.3549957275390625,7.2550048828125,-1.4449920654296875,0.010629570545086373,220.55997358049666,-0.003377635239039163,216.65127999441964,0.014602832935275053,213.70096769787017,0.028610234241669304,203.29689910888672,0.08125113272677667,218.7659180535751,0.004795465386749343,214.0206938720335,0.027073590242680922,208.12117019529106,0.056187615296829564,218.8154588971819,215.40954058574056,0.020451563304326868,0.880474360195517,73.34111316954005,5.126174329531295,4.87588134851023,0.25029298102106523,73.84668042966447,82.85127072417599,87.80584918779896,4.564114765763986,-26.15331956347564,2.5013623918805803,0.011379397966869721,0.17630686369495088,0.10497826275202356,0.10535480029372156,1.1331829532898094,16316543.6,2.0568375768014984,297458011.0,231970310.06323,75.39719452958583,-0.007328439192114063,218.2041015625,0,0.005246622630007704
2026-08-06 14:30:00+00:00,219.82179260253906,219.9698944091797,217.7100067138672,218.2041015625,17120226,0.0,0.0,-0.007328439192114011,-0.0163675932178301,-0.01287446935068104,0.026891128625434302,0.05366799662536792,-0.007355424121717656,-2.8459014892578125,5.7140960693359375,-1.49090576171875,3.089034441401055e-05,220.43055943080358,-0.010100495475956914,217.2444305419922,0.004417471224045469,214.2623538062686,0.018396828403075605,203.7791812133789,0.07078701692272407,218.6535547553601,-0.002055549443780617,214.40100366207588,0.017738246722018913,208.51657926851493,0.04645924236779086,219.02250177292598,215.86074562493246,0.010855868818448192,0.3637857661464561,69.12373861052725,4.798359193255806,4.860376917459345,-0.06201772420353979,61.282184231721935,70.73264181927341,51.66542707235712,3.1893004040837636,-38.717815761139036,2.5206473214285716,0.011551787080844735,0.18022711753043663,0.10653451438372458,0.10649657186393804,-0.48986945359541934,16612395.6,1.0305693659257669,280337785.0,236576736.24768427,74.54239611104124,0.001493543038206954,218.52999877929688,1,0.0041556105636577035
2026-08-06 15:30:00+00:00,218.2100067138672,219.1300048828125,217.27000427246094,218.52999877929688,11943067,0.0,0.0,0.0014935430382070347,-0.003056561032268257,-0.014475562106642359,0.03158045013716637,0.047628167024396095,0.0014924288120953426,-3.209808349609375,6.69000244140625,-0.3639068603515625,2.706251314652319e-05,220.0534166608538,-0.006922945822276832,217.83797999790735,0.0031767590821076847,214.80711582728796,0.017331283173062602,204.2153811645508,0.07009568786173695,218.62884356014746,-0.0004521122613125765,214.7763668545505,0.017476931841718446,208.9092623865848,0.04605222517545887,219.19391087123327,216.17428326989526,0.010897297651495361,-0.25825783055318674,69.13167867431164,4.512839315254439,4.790869397018365,-0.27803008176392563,62.757964107857866,65.96227625641475,42.08011134019729,2.8086193494753706,-37.2420358848362,2.558504377092634,0.011707794771302193,0.17944043237336757,0.10612552092010488,0.10708310345767916,-0.3024001552315957,16729061.75,0.713911346522467,292280852.0,241881890.1288572,70.01031105293627,0.0019677295427278914,218.9600067138672,2,0.009600060468795841
2026-08-06 16:30:00+00:00,218.5399932861328,219.75,218.47999572753906,218.9600067138672,8048183,0.0,0.0,0.0019677295427278363,-0.0038896149855238704,-0.012960082552292196,-0.0080089221220222,0.05416205111146888,0.0019657960988654476,-2.875,-1.767791748046875,0.334808349609375,4.573517087686282e-05,219.75484575544084,-0.0036169352208714903,218.37369428362166,0.002684904114326819,215.3006875174386,0.016996319141410986,204.6489813232422,0.06992961947829517,218.6950761908914,0.0012114151246063192,215.156697750852,0.017676925713935605,209.30340922294883,0.04613683803203639,219.34351443336124,216.50836207675846,0.011323556344804022,-0.28598567047248996,67.93622476453467,4.272015664133562,4.6870986504414045,-0.41508298630784246,62.919623965374846,62.319924101651544,46.78885704319323,3.044849665120283,-37.08037602668077,2.5270767211914062,0.011541270751248202,0.17774249207653642,0.10616835433796781,0.10747284496657981,-0.3261209201957923,16595026.8,0.48497559521868316,300329035.0,247448284.87848982,69.92442481648878,0.006622199962466279,220.41000366210938,2,0.009518025189808042
2026-08-06 17:30:00+00:00,218.97000122070312,220.91000366210938,217.38999938964844,220.41000366210938,8250020,0.0,0.0,0.006622199962466269,0.010109352133225391,0.005520103698509082,0.005933106878446948,0.06047925108593333,0.006600369520331591,1.2100067138671875,1.3000030517578125,4.0850067138671875,4.564535316694838e-05,219.56487383161272,0.003849112181491072,218.93440900530135,0.006739893758616797,215.90544927687873,0.020863551153047142,205.10318145751953,0.07462986237337099,219.038061685135,0.006263486658041463,215.63427101551176,0.022147373068689653,209.73896194605317,0.050877727328268285,219.61502235049292,216.8330372298748,0.016496408840254197,-0.3218631422892165,68.46415897570202,4.1503214984241765,4.579743220037959,-0.42942172161378256,72.77345080936524,66.15034629419931,48.94501836130413,4.045509569641843,-27.226549182172732,2.6635055541992188,0.012084322444231315,0.17808886335283003,0.11096235343172951,0.11307753468573238,0.025078579848395677,16522432.55,0.4993223591643592,308579055.0,253270262.98530033,69.50297923283343,-0.0025407084492055612,219.85000610351562,0,0.010904751184280562
2026-08-06 18:30:00+00:00,220.4149932861328,220.4499969482422,219.41000366210938,219.85000610351562,9312481,0.0,0.0,-0.0025407084492055088,0.00604039414081492,0.00015924146086754298,-0.005968223883699553,0.06367024774621144,-0.002543941526282632,0.035003662109375,-1.3199920654296875,-1.1750030517578125,2.2637919969658016e-05,219.28130231584822,0.002593489648495703,219.46012333461218,0.0017765540407867833,216.47735450381325,0.015579697042294513,205.56608154296876,0.06948580453187099,219.20045056881114,0.0029632947059003373,216.01751965987575,0.017741553785343298,210.13547348163993,0.046229855725326854,219.73710196358817,217.28419762882797,0.011808536942289964,-0.25659590695542944,66.92154785169309,3.9630077855911168,4.456396133148591,-0.49338834755747385,68.03473849996033,67.9092710915668,49.57755915307157,-0.39768092850612163,-31.965261491577646,2.6763621738978793,0.012173582440682534,0.17649707126873976,0.10949747089032182,0.11162087170824145,0.12878283931432888,16390909.35,0.568149136887271,299266574.0,257650864.03431934,68.99100874250257,-0.003911760684448806,218.99000549316406,0,0.01093270278133306
2026-08-06 19:30:00+00:00,219.86000061035156,220.2899932861328,218.57000732421875,218.99000549316406,10008767,0.0,0.0,-0.003911760684448762,0.0001370057470635455,0.003601691833638343,-0.009319147388165416,0.04150813399684772,-0.0039194316314155415,0.7859039306640625,-2.05999755859375,0.7509002685546875,4.5460571109496177e-05,219.25130353655135,-0.0011917741841043705,219.97083827427454,-0.0044589218680116645,217.06306893484933,0.008877311869594093,205.98808166503906,0.0631197869457542,219.15836155368174,-0.0007681936446475698,216.28774564472013,0.012493818548879964,210.48271003111148,0.040418025123083505,219.6744195847284,218.00853222468612,0.004501994754324128,-0.23456077701281416,66.28153833054071,3.702485508493396,4.305614008217551,-0.6031284997241553,35.83546916926307,58.881219492862876,35.23777906207334,-0.05476478337487775,-64.1645308169009,2.7156470162527904,0.01240078062067157,0.1698953547647456,0.10635986832371692,0.10706522026712056,0.0747691189920281,15391895.1,0.6502621629743305,289257807.0,260661049.07866988,69.44546956683169,0.01990909945414939,223.3498992919922,2,0.010520883409023796
2026-08-07 13:30:00+00:00,222.0,223.4499969482422,220.66000366210938,223.3498992919922,24342350,0.0,0.0,0.019909099454149315,0.013338303983650768,0.02205601308570526,0.007261177791815898,0.06407768359507848,0.019713505142712015,4.8199005126953125,1.6100921630859375,4.03399658203125,0.01374489443042711,219.75628880092077,0.016352708314575463,220.1581311907087,0.014497616254310258,217.68628292992003,0.026017332308758464,206.51607971191407,0.08151336013873328,219.99666910134385,0.015242186185502602,216.92975961265395,0.029595476852840894,210.98730568840094,0.05859401618119384,220.12496105375743,218.72925546479578,0.021124946534273582,0.13055101386648835,57.522017708072866,3.803976842200939,4.205286575014229,-0.4013097328132904,95.63345292451024,66.50122019791121,93.93897654610096,0.9856224357210764,-4.366547059760309,2.2927889142717635,0.010265457569175192,0.18048032386183613,0.10780527997407943,0.10828653454380376,1.432102775496722,15862372.5,1.5345970471945478,313600157.0,265702868.8807013,65.08945608420447,0.0038061250931599533,224.1999969482422,2,0.0051861293254002305
2026-08-07 14:30:00+00:00,223.3300018310547,224.64999389648438,222.67999267578125,224.1999969482422,15850676,0.0,0.0,0.0038061250931600288,0.0197861756832447,0.023931266321262523,0.010661032581865904,0.0665001911156553,0.0037989001259972266,5.239990234375,2.364990234375,0.4200897216796875,-8.908650060055926e-05,220.61284528459822,0.01625994016350297,220.5217023577009,0.0166799664214372,218.3672354561942,0.02671079056267741,207.1673797607422,0.08221669457367643,220.83733467072352,0.015226874036119348,217.5906902795256,0.030374951521113486,211.50545044368883,0.060019949735872796,220.66387648809524,219.22941598999134,0.022672965376394117,0.5325509529881104,65.27444524840965,3.9079567389979957,4.1458206078109825,-0.23786386881298682,93.90247179052426,75.12379796143252,126.38938665990976,1.425014183660775,-6.097528195925593,2.2635040283203125,0.010095914625872003,0.1803862198447549,0.10859439008886253,0.10908914942106739,-0.34884364081528696,16177875.35,0.9797748874360067,329450833.0,271774103.55872977,73.43500839348587,-0.007805530882339829,222.4499969482422,0,0.005268866351212726
2026-08-07 15:30:00+00:00,224.2100067138672,224.75999450683594,222.25,222.4499969482422,12096313,0.0,0.0,-0.007805530882339817,0.01579976879440803,0.00925544781197929,0.014826642542186796,0.05197195632952889,-0.007836153493091625,2.0399932861328125,3.25,-3.1999969482421875,4.464659126318438e-05,221.17284502301897,0.005774451764566876,220.6131308419364,0.008326186656647978,218.94960167294457,0.01598721919809811,207.76887969970704,0.07066080959614081,221.15986712622725,0.005833471681698725,218.0324454312271,0.020260982296729915,211.93464834582818,0.04961599570640183,220.92098243350074,219.60331213729106,0.012962850073766127,0.6014526571964042,53.91393682769248,3.805286210972895,4.077713728443365,-0.27242751747047045,69.15887087964813,86.23159853156089,112.90253272111111,0.32028070580934204,-30.841129107000707,2.233504159109933,0.010040477364535842,0.18426983928596688,0.10984911657009297,0.11021103031232732,-0.2368582261097255,16328294.8,0.7408191209286592,317354520.0,276115095.6007555,67.12840102612552,-0.002809620177901912,221.8249969482422,0,0.008502549388067803
2026-08-07 16:30:00+00:00,222.4600067138672,222.64999389648438,221.55039978027344,221.8249969482422,9554800,0.0,0.0,-0.0028096201779018726,-0.006827414512313945,0.008983355878537713,0.009144027862118875,0.04358769051591871,-0.0028135745693026394,1.9749908447265625,2.0099945068359375,-0.06500244140625,4.499782316150803e-05,221.5821293422154,0.0010960613418900423,220.66848754882812,0.005240935904601769,219.44317263648622,0.010853945844515602,208.37357971191406,0.06455433195926646,221.29289309063026,0.0024045230290861723,218.37722284186484,0.015788158039074556,212.32250515376597,0.04475499093960701,221.08256458100817,219.9540780813548,0.008505952166010251,0.6342604922158388,52.29875584941786,3.631623703705685,3.98849572349583,-0.3568720197901447,60.81440072202171,74.62524779739803,77.27020962330734,-0.004512257002730829,-39.18559926462713,2.2412033081054688,0.010103474986718017,0.18496223346193003,0.1091592189581708,0.10966272460281012,-0.2101064183772361,16203049.35,0.5896914706366675,307799720.0,279132678.876874,61.918544040020784,0.0005410137614227678,221.94500732421875,1,0.008572416547168308
2026-08-07 17:30:00+00:00,221.8249969482422,222.39999389648438,221.67999267578125,221.94500732421875,5864404,0.0,0.0,0.0005410137614227928,-0.0100579377998119,0.013493774861551566,0.017144067113913808,0.04449621905327139,0.0005408674662405281,2.9550018310546875,3.74090576171875,0.980010986328125,0.0,221.8014155796596,0.0006473887652305889,220.68314470563615,0.00571798367410455,219.89007786342077,0.009345257779502911,208.9690899658203,0.06209491250815486,221.42331593734795,0.00235608153847744,218.70156688571518,0.01483043987601439,212.69985818005824,0.043465704317915826,221.25276721772693,220.31318613711957,0.007406824873732933,0.5279450592531363,50.629950133828636,3.4637507869366004,3.8835467361839844,-0.41979594924738395,62.41667752352884,64.1299830417329,71.30316319860727,1.2522857728926866,-37.583322463120005,2.2062105451311385,0.00994034770918884,0.184830213522795,0.10903750645986804,0.10949138224416048,-0.3862347720517436,15807822.45,0.3709811404163386,313664124.0,282421387.93621933,58.25282265635201,0.004933591321180294,223.0399932861328,2,0.008503149356629368
2026-08-07 18:30:00+00:00,221.9600067138672,223.13999938964844,221.76499938964844,223.0399932861328,8282356,0.0,0.0,0.0049335913211803195,0.0026522649853211178,-0.0013875359104336127,0.02063787366507408,0.052870077142457506,0.004921461040390097,-0.309906005859375,4.5099945068359375,-3.2649078369140625,6.758155918532878e-05,222.2571280343192,0.0035223403574674,220.7692151750837,0.010285755236471524,220.39245823451452,0.012012820551187364,209.56588989257813,0.06429530779268092,221.74665140710493,0.0058325204498696015,219.09596928575314,0.018001353531144727,213.10535367441412,0.046618442194795266,221.5670136951265,220.68515664177662,0.010670571053258353,0.46175037725226886,53.485278549473605,3.3801027860087913,3.782857946148946,-0.4027551601401549,77.03600181506765,66.7556933535394,92.41755540197533,1.467138643356039,-22.963998171581192,2.2322823660714284,0.010008439890857049,0.18396508661850322,0.10920120809155595,0.10939927322696279,0.4123099295341863,15624068.55,0.5301023848874498,321946480.0,286185682.41848415,56.80959349164581,0.004214501747228546,223.97999572753906,2,0.0076577749584003365
2026-08-07 19:30:00+00:00,223.0399932861328,224.2100067138672,222.38999938964844,223.97999572753906,11686341,0.0,0.0,0.004214501747228594,0.009714859952414168,-0.0009812721842004102,0.02292651105108834,0.014733972287528374,0.004205645608827611,-0.220001220703125,5.019989013671875,0.08990478515625,0.0,222.96998378208704,0.004529811270177944,221.1106436593192,0.012976996587409381,220.97055344354538,0.013619200554470828,210.17808990478517,0.06566767177749482,222.19332027119177,0.008041085367276476,219.53997168955186,0.020224217047114985,213.53181022551706,0.04893034668201633,221.9951177687872,220.989274012774,0.013533334267520444,0.4236373130207775,65.32856924486093,3.351032862818471,3.6964929294828512,-0.34546006666438034,89.58611752772435,76.34626562210696,120.02643889673028,2.647014480320485,-10.413882458924501,2.146569388253348,0.009583754929859732,0.11150206178040893,0.09500496710429544,0.09687330282014872,0.4109923553153234,13499366.7,0.8656954996266601,333632821.0,290704457.5214856,64.33374281821133,-0.015983101561828857,220.4001007080078,0,0.006722298728825171
2026-08-10 13:30:00+00:00,223.4499969482422,224.1378936767578,220.17999267578125,220.4001007080078,23836130,0.0,0.0,-0.015983101561828805,-0.006960763095491207,-0.009215087742668437,-4.492969437419614e-05,0.005887910611394043,-0.01611220886781793,-2.049896240234375,-0.0099029541015625,-1.82989501953125,-0.002366277298885329,222.548583984375,-0.009653996614547668,221.15243639264787,-0.003401887390021393,220.95494878859748,-0.0025111366983593293,210.78489196777343,0.04561621400104338,221.834676358555,-0.006466868363816933,219.6181652366842,0.003560431672295178,213.80115495032064,0.030864874229466432,221.90037870861235,221.14196235270535,-0.003354685093690931,0.208358815999576,51.576515977866144,3.0044932022045714,3.5580929840271955,-0.5535997818226241,41.79039407506198,69.47083780595132,24.485797349741983,0.8557643980912107,-58.20960591158687,2.1130262102399553,0.009587228878038328,0.12341819811454818,0.0996711246710303,0.09989435944892361,1.0396572374535364,13804283.05,1.7267198820586336,309796691.0,292522765.47182035,48.837661806666866,-0.004310813637169562,219.4499969482422,0,0.0033933799442720943
2026-08-10 14:30:00+00:00,220.39999389648438,221.13999938964844,218.92999267578125,219.4499969482422,14292207,0.0,0.0,-0.004310813637169564,-0.016095751640761158,-0.01070663826292828,-0.0018194639261692735,-0.00777682884180908,-0.004320131983689333,-2.375,-0.4000091552734375,-0.325103759765625,-4.846255654779499e-07,221.87001255580358,-0.010907357779780262,221.2414289202009,-0.008097181349324733,220.97113909040178,-0.006883895102384343,211.23769195556642,0.03887708162596446,221.35774047649244,-0.008618372793899336,219.6028772104622,-0.0006961669362500928,214.0226781659254,0.025358615399082976,221.67338678269158,221.11689021216367,-0.007538516222413143,-0.10584965457339658,53.48095406469935,2.622956778412288,3.3710657429042143,-0.7481089644919265,29.105414123041307,53.49397524194254,-57.772734499985575,0.22378069937359482,-70.89458586360755,2.1094632829938615,0.009612500853585207,0.11957716647612365,0.09790810407211624,0.09917645312140282,-0.4003973379906889,13802162.5,1.035504907292607,295504484.0,292806738.66498035,49.602162013221424,-0.005057615922819521,218.34010314941406,0,0.004232249197732746
2026-08-10 15:30:00+00:00,219.42999267578125,220.60000610351562,218.34010314941406,218.34010314941406,13335496,0.0,0.0,-0.005057615922819503,-0.025180340591602013,-0.01624233055866231,-0.0029677260488962798,-0.012259216760604374,-0.00507044895019943,-3.6049041748046875,-0.64990234375,-1.2299041748046875,-9.115640345879978e-05,221.2828848702567,-0.013298731723218308,221.22786494663782,-0.013053336648650753,220.83638218470983,-0.011303749004530213,211.73429412841796,0.031198578615509724,220.75421301107679,-0.010935736304750183,219.48807956854873,-0.005230244947179046,214.19198894959163,0.019366336809073143,221.28654334658668,221.02092157895768,-0.012129251884300888,-0.5456408361935944,49.49171091001194,2.2056024478603717,3.137973083895446,-0.9323706360350741,12.891511385414372,27.92910652783922,-83.03960009430944,-0.939113687352911,-87.1084886010171,2.1380277361188615,0.00979218982344246,0.1207353316580585,0.09988200899381651,0.10128159326207442,-0.06693934673630186,13864858.7,0.9618198272731044,282168988.0,291793619.5540298,49.19920814039918,0.000723593603164188,218.4980926513672,1,0.005918938961781188
2026-08-10 16:30:00+00:00,218.36000061035156,219.0,216.77000427246094,218.4980926513672,17200195,0.0,0.0,0.0007235936031642076,-0.008629796676728696,-0.020363615367128052,-0.02172289602997346,-0.01461945204838444,0.0007233319355326786,-4.541900634765625,-4.851806640625,-0.9369964599609375,9.113058320666213e-05,220.807612827846,-0.010459422783891835,221.19487108503068,-0.012191866929023965,220.7148626418341,-0.010043591826682418,212.22805603027345,0.029543863042169126,220.30298893913488,-0.008192790739930235,219.39808075789585,-0.004102078301759145,214.36085576142597,0.019300337625664642,220.92257370721725,220.8324835242956,-0.010570867273070482,-0.6441489067966583,48.745335172952394,1.8660835172663042,2.8835951705696177,-1.0175116533033135,21.628166343123752,21.208363950526476,-111.71279440062537,-0.6149253648443131,-78.37183364436059,2.206598554338728,0.010098937375391418,0.12005640110852146,0.10157012859329043,0.10379474599607867,0.2898054185611094,14258899.7,1.2062778588729395,299369183.0,292515101.7869794,42.4629298337011,0.00019176659282093197,218.5399932861328,1,0.006118117110382294
2026-08-10 17:30:00+00:00,218.48989868164062,219.0449981689453,217.8300018310547,218.5399932861328,8173686,0.0,0.0,0.00019176659282083008,-0.004146747207857127,-0.024287894210087146,-0.02524533335928647,-0.014853442098903824,0.00019174820795813313,-5.44000244140625,-5.660003662109375,-0.898101806640625,-3.750133297318615e-05,220.32118225097656,-0.008084510743077998,221.06129891531808,-0.011405459216720221,220.56249055408296,-0.009169724475182457,212.72645599365234,0.02732869903415596,219.95038980853448,-0.006412339271701217,219.3200728059174,-0.0035568085939463308,214.5247435074929,0.01871695410502123,220.56859000069755,220.71538903895433,-0.009856112717304551,-0.6118031510661514,44.49989539436079,1.5821552488646091,2.623307186228616,-1.041151937364007,22.152580435397777,18.890752721311966,-86.31050059751534,-0.20549440419245185,-77.84741955208656,2.041955130440848,0.009343622188905203,0.12002948524937077,0.10179759940688528,0.10410627657316217,-0.5247910852173479,13924538.1,0.5869987170346426,307542869.0,293946317.712029,42.42651496753854,0.0027858078315559226,219.1488037109375,2,0.00621685230155934
2026-08-10 18:30:00+00:00,218.5449981689453,219.4499969482422,218.3699951171875,219.1488037109375,8153843,0.0,0.0,0.0027858078315559087,0.0037038571927852093,-0.005677388499599978,-0.014840158609095377,-0.00023354579387502294,0.002781934660524744,-1.2512969970703125,-3.3011932373046875,4.1887054443359375,2.2901450380865723e-05,219.76529802594865,-0.002805239592174171,221.01121303013392,-0.008426763934977627,220.43457612537202,-0.005832898073564482,213.2396319580078,0.027711414143059703,219.7900725890151,-0.0029176425965051936,219.30450288819193,-0.0007099679906394981,214.70607920174564,0.020692122578404613,220.31359064011346,220.70653981542503,-0.007057951729854472,-0.5959604179096646,47.943517166455116,1.390240140854928,2.3766937771538785,-0.9864536362989504,29.772244626090167,24.517663801537235,-61.874187096545505,-1.8809480525190017,-70.22775536139417,2.0448128836495534,0.009330705205844426,0.1130330567139774,0.09808050030079724,0.10229106276889843,-0.0024276684961962447,13545601.05,0.6019550531498932,315696712.0,296017783.8346929,42.05284933779776,-0.007249896533496131,217.55999755859375,0,0.006572028700526746
2026-08-10 19:30:00+00:00,219.14999389648438,219.21499633789062,217.3699951171875,217.55999755859375,10481185,0.0,0.0,-0.00724989653349617,-0.0042933788638157555,-0.00861243752987706,-0.019226865539610838,-0.010258648671687465,-0.0072763047486674795,-1.8899993896484375,-4.2649993896484375,-0.638702392578125,5.430947040164783e-06,218.84815543038505,-0.005886080553213399,220.90906960623605,-0.01516040990800766,220.35648091634116,-0.012690724348590436,213.70973205566406,0.01801633208687384,219.34405758293084,-0.008133614577884944,219.1459114945921,-0.007236794541020893,214.81799756868085,0.012764293592409414,219.85342857724143,220.5646459108636,-0.013622529303587849,-0.678244748017273,45.97801481110827,1.0972937376307073,2.1208137692492444,-1.023520031618537,9.887287253934112,20.60403743847402,-88.92288884747715,-2.9616411596792758,-90.11271273355023,2.0537425449916293,0.009439890457937108,0.11534917080761954,0.09073798835894294,0.09261426093209393,0.28542884625078013,12391636.3,0.8458273585708772,305215527.0,296893759.37424594,41.95871476103661,0.009261810131735056,219.5749969482422,2,0.005992716533785456
2026-08-11 13:30:00+00:00,222.14999389648438,222.1999969482422,218.8300018310547,219.5749969482422,25985660,0.0,0.0,0.009261810131734993,0.004735992010186596,0.0056558267629975845,-0.010678367603531802,0.006282628859519912,0.009219182571705916,1.234893798828125,-2.3700103759765625,3.1248931884765625,0.021097611644499765,218.73028346470423,0.003861895436488132,220.63943372453963,-0.004824326995062577,220.34505208333334,-0.003494769352916669,214.19823211669922,0.025101817033618218,219.39024545599312,0.0008421135217941121,219.1849192631057,0.0017796739230332417,215.00454656395777,0.021257459236582125,219.67555222284227,220.65706382346534,-0.004903839725176178,-0.5720771763169157,37.76963049182726,1.0160132449611012,1.899853664391616,-0.8838404194305147,35.10633421505804,24.92195536502744,-11.77791426110021,-1.2924252818290696,-64.8936657724263,2.0666002546037947,0.009411819575620982,0.11732070962386813,0.09386246237536708,0.09476769852034306,1.479267372916326,12834908.0,2.0246082013209596,331201187.0,300161133.4338416,42.394341732672785,-0.002254332797755563,219.0800018310547,0,0.0047826856242262905
2026-08-11 14:30:00+00:00,219.58999633789062,220.55999755859375,218.46499633789062,219.0800018310547,12698811,0.0,0.0,-0.002254332797755554,-0.000313950515438699,0.00266322315506895,-0.01775462506402581,0.002516830892006272,-0.0022568776312575163,0.5819091796875,-3.959991455078125,-0.652984619140625,6.831100925350266e-05,218.67742701939173,0.0018409527546957027,220.27371978759766,-0.005419248186704299,220.38676161993118,-0.005929393305048599,214.63993225097656,0.020686130178543437,219.32819673100545,-0.001131614191193243,219.17538131473742,-0.00043517425684472017,215.16436833913804,0.0181983361005513,219.4676279703776,220.70237580249844,-0.007350958346221995,-0.38287990578271486,33.02095305967657,0.9012666587923377,1.7001362632717605,-0.7988696044794228,28.911143700356888,24.634921723116346,-47.28624062680887,-1.2374597790778321,-71.08885628712744,2.075528826032366,0.009473839732863674,0.11758555504484434,0.09430738688672385,0.09529488791806734,-0.5113146635490498,12872695.2,0.9864920129546763,318502376.0,301907918.4401424,34.34014011632871,-0.0018714791796722397,218.6699981689453,0,0.004769330590876799
2026-08-11 15:30:00+00:00,219.08999633789062,219.3800048828125,218.25,218.6699981689453,7908260,0.0,0.0,-0.0018714791796722308,0.0051020436790205625,0.0005948791379446483,-0.02370746343371266,-0.0013244818050305307,-0.0018732325848145337,0.1300048828125,-5.30999755859375,-0.451904296875,4.562035216522969e-05,218.72455487932478,-0.00024943111855604475,220.00371987479073,-0.0060622688861734254,220.3934282575335,-0.007819788921140138,215.1009323120117,0.016592516910805172,219.19655701859344,-0.002402222264837207,219.1294373923927,-0.0020966567929555746,215.30184401873834,0.015643870425458097,219.25379842122396,220.69414937076462,-0.009171748356634394,-0.0955683133301668,36.24193870751985,0.7683877973375104,1.5137865700849107,-0.7453987727474003,25.537543988626403,29.851673968013774,-70.10556103659093,-1.4755948758399087,-74.46245599793274,1.9769581386021204,0.009040829355409213,0.11758884074916838,0.09414037751411881,0.09506580912665634,-0.3772440585185495,12865699.05,0.6146778320607459,310594116.0,302735175.350605,35.19205977501228,-0.006333301164760522,217.28509521484375,0,0.015730644143822557
2026-08-11 16:30:00+00:00,218.6699981689453,219.2698974609375,216.72000122070312,217.28509521484375,9786776,0.0,0.0,-0.006333301164760496,-0.010428790915289032,-0.008504306044727628,-0.014133412294992098,-0.014177706979471516,-0.0063534415985701505,-1.86370849609375,-3.1150054931640625,-1.99371337890625,0.0,218.55126953125,-0.005793488727455825,219.67944117954798,-0.010899271920199339,220.3136705671038,-0.0137466519642223,215.48623413085937,0.008347916474718409,218.81426465784352,-0.006988435810544269,218.96176992170643,-0.0076573856132719,215.37961857544835,0.008847061072861262,218.89131513323102,220.61897880048272,-0.015111499489982074,-0.08585252343366981,34.342249952363545,0.5450472822256529,1.320038712513059,-0.7749914302874061,7.544640582452517,20.66444275714527,-101.9407049537106,-2.5802090407528104,-92.45535940419636,2.0805511474609375,0.009575213363779912,0.11684326079796943,0.0911686396118972,0.09103151164520694,0.23753847243262105,12942536.85,0.7561713838195484,300807340.0,302551571.9838807,35.18313976771903,-0.0037512650986699717,216.47000122070312,0,0.01514813922627486
2026-08-11 17:30:00+00:00,217.28500366210938,217.83999633789062,216.3000030517578,216.47000122070312,7055894,0.0,0.0,-0.0037512650986699647,-0.011913458958085488,-0.005010095376550394,-0.013579383772978182,-0.015374140500232891,-0.003758318739165923,-1.089996337890625,-2.9799957275390625,0.773712158203125,-4.2134843296110385e-07,218.25555637904577,-0.008181029559831597,219.28836931501115,-0.01285233732686728,220.1260514032273,-0.016608893673427206,215.8305340576172,0.002962820649427911,218.34541197041546,-0.008589192384577553,218.7352454943425,-0.010356100904129856,215.42237867918385,0.004863109152993688,218.46338980538505,220.5418609799312,-0.01846297905131094,-0.15396148988032787,31.981081637945564,0.29883228900453673,1.1157974278113547,-0.816965138806818,2.14915411149743,11.743779560858783,-121.44665946672936,-3.3529755558786407,-97.85084587586034,2.1391220092773438,0.009881840426870552,0.1171763812014879,0.09186312020812702,0.09179476131414079,-0.2790379589764801,12829707.5,0.5499653051326384,293751446.0,301713464.74732065,34.978830906783486,0.006398089800091326,217.85499572753906,2,0.01499487178832647
2026-08-11 18:30:00+00:00,216.47999572753906,217.97000122070312,216.39999389648438,217.85499572753906,7567601,0.0,0.0,0.006398089800091267,-0.003727088527144762,-0.0078333200255426,-0.0022217971635885014,-0.005182929527167035,0.00637770890986418,-1.720001220703125,-0.485107421875,-0.6300048828125,4.617040134675002e-05,218.0707266671317,-0.000989270512777048,218.91801234654017,-0.004855775034689823,220.03105090913317,-0.009889764070085136,216.2166320800781,0.007577417295292002,218.24732872184018,-0.0017976531332456823,218.65522278826947,-0.0036597665060195315,215.51777542617816,0.010844675325403171,218.27227332705544,220.4981195283988,-0.01198705824113541,-0.18021112818733132,33.25517858253971,0.21300720039940302,0.9352393823289644,-0.7222321819295614,19.65855822587561,9.784117639941853,-95.28193227960399,-1.1547657974208587,-80.34144176148217,2.153051103864397,0.009882954929099875,0.11918271525582738,0.09163566644120129,0.09082847031895758,0.07252192280666359,12707649.2,0.5955154160220286,301319047.0,301675901.15233773,34.64833109110086,-0.0017213284402667302,217.47999572753906,0,0.015028913087318312
2026-08-11 19:30:00+00:00,217.86000061035156,218.17999267578125,216.89280700683594,217.47999572753906,11068340,0.0,0.0,-0.001721328440266734,0.000896980589039531,-0.007303296011242022,-0.004659523163218604,-0.02628120085596819,-0.0017228116283466235,-1.600006103515625,-1.018096923828125,0.1199951171875,2.297345900085026e-05,218.0592978341239,-0.002656626488006248,218.45372663225447,-0.004457378318613596,219.95914568219865,-0.011270956463116311,216.5601321411133,0.00424761278692855,218.09386212297997,-0.0028146890034527576,218.5483839645667,-0.004888566173044672,215.5947252419178,0.008744511181788196,218.08053777785528,220.16021324572716,-0.012173941325104274,-0.21095167985921542,28.213345363271998,0.11342335946488902,0.7708761777561495,-0.6574528182912605,15.054977570967317,12.28756330278012,-84.38726370723606,-0.8976993611709996,-84.94502241627414,2.114992414202009,0.009724997497434044,0.09242651509728388,0.0885368563110487,0.08740626940578441,0.46259560989010917,12043948.7,0.9189959435811943,290250707.0,300587787.42354363,34.304565797818015,0.032171222307749464,224.47659301757812,2,0.01482413121663075
2026-08-12 13:30:00+00:00,221.0399932861328,224.72999572753906,220.1999969482422,224.47659301757812,32684933,0.0,0.0,0.03217122230774949,0.03698707327447104,0.026554145046210786,0.027164820691069513,0.0012337023777917455,0.031664566386221185,5.8065948486328125,5.9365997314453125,7.4066009521484375,0.016369310412518944,218.759525844029,0.026134026170815196,218.74490465436662,0.026202614283710058,220.01279776436942,0.02028879819059014,217.03346405029296,0.03429484480571198,219.3704083018996,0.02327654288097084,219.087312060295,0.024598781675569316,215.9430337821398,0.03951764076820434,218.88358662923176,220.31103253268515,0.018907634524639942,0.19915946161701054,61.117246693563764,0.5922423749242398,0.7351494171897677,-0.14290704226552786,96.99403403209489,43.9025232763126,113.5015810010567,2.8105189013017213,-3.005965956042705,2.350142342703683,0.010469431628041419,0.15011094584132456,0.09680229096814745,0.09315904724700463,1.9530112916661397,12885661.55,2.536535114877357,322935640.0,302716154.3355871,50.44230237528363,-0.0028363234841684262,223.83990478515625,0,0.003449761549073498
2026-08-12 14:30:00+00:00,224.4499969482422,225.10000610351562,223.35000610351562,223.83990478515625,15909944,0.0,0.0,-0.0028363234841684015,0.0274719844620972,0.030166862406421968,0.021406008131380938,0.006248180966428318,-0.0028403534716577787,6.5548095703125,4.69110107421875,0.7482147216796875,-0.00011848036794525101,219.43951198032923,0.020052873637457887,219.05846949986048,0.021827210315997343,219.99565051850817,0.01747422850210936,217.40246002197264,0.029610726403479382,220.26430759855094,0.01623321193330098,219.5193659443733,0.01968181177171447,216.25271499794437,0.03508483020547937,219.56291998000373,220.40986544411595,0.015562095345021704,0.5358263008675535,62.18019763112322,0.9098463328838307,0.7700888003285803,0.13975753255525036,85.68067179289814,65.90989446532012,141.5534256228182,2.4447866198484136,-14.319328195738237,2.317284720284598,0.010352420058873768,0.14765459893875765,0.09525942229938214,0.09237990703927546,-0.5132330851037694,13076343.1,1.2166967384023442,307025696.0,303126586.87505496,58.55016904396774,-0.0027694059513120083,223.22000122070312,0,0.004287135842817346
2026-08-12 15:30:00+00:00,223.85000610351562,223.94000244140625,222.89010620117188,223.22000122070312,9441156,0.0,0.0,-0.0027694059513120317,0.02639325733827591,0.031182149775654144,0.0260158288546819,0.006288760471780508,-0.0027732478507992305,6.75,5.660003662109375,0.1951904296875,4.512742430365675e-05,220.08951241629464,0.014223707299932628,219.4070336478097,0.01737851111462813,220.03231738862536,0.014487343813377787,217.73856018066405,0.0251744157556006,220.85544632298138,0.010706346332311358,219.85578733313056,0.015301911895817982,216.5259419086408,0.030915738100591467,220.11779087611606,220.45762251524488,0.012530202738871935,0.6540540700819686,63.91816102776924,1.098861726908524,0.8358433856445691,0.26301834126395485,78.63631554964824,87.10367379154711,109.1151825940699,2.14148809294663,-21.363684438988116,2.2308556692940846,0.009993977497914216,0.1476432464721121,0.0952014925706675,0.09230310102936706,-0.40658772903286144,13070660.9,0.7223166504151293,297584540.0,302598772.8869545,59.724774331626804,0.00394273107577265,224.10009765625,2,0.005158040533880862
2026-08-12 16:30:00+00:00,223.22079467773438,224.2899932861328,222.67010498046875,224.10009765625,8219260,0.0,0.0,0.0039427310757726985,-0.0016772143423374741,0.028666324166012558,0.02060845164932168,0.009710019423338823,0.003934978881468798,6.2451019287109375,4.5251007080078125,-0.5048980712890625,3.5545964828749143e-06,221.0630841936384,0.013738220805503763,219.8071768624442,0.019530394116625136,220.14065551757812,0.0179859650610413,218.07876220703125,0.027610829171319483,221.50437658963511,0.011718599454186265,220.24163372614143,0.017519230423475893,216.8229676242333,0.03356254234373735,220.7435327439081,220.52376739454903,0.016217436804832848,0.8986512256907357,65.34561089774425,1.3046351931320714,0.9296017471420696,0.3750334459900019,88.63740793871354,84.31813176041997,111.87540420221737,2.2593296707294748,-11.362592049922823,2.1872765677315846,0.009760266017719081,0.148193100944979,0.0961993260911801,0.09333177250134729,-0.1294222868470768,13188403.7,0.6232187144832395,305803800.0,302904013.5643874,67.44430124436772,8.878827428277595e-05,224.1199951171875,1,0.0065353418837438395
2026-08-12 17:30:00+00:00,224.0904998779297,224.22000122070312,223.1699981689453,224.1199951171875,7219140,0.0,0.0,8.878827428282499e-05,0.0012512975838694373,0.030531540923732114,0.02300526403144465,0.004842189130041641,8.878433283730097e-05,6.6399993896484375,5.0399932861328125,0.3948974609375,-4.282808629111723e-05,222.15594046456474,0.008840882888419551,220.20574842180525,0.017775406516031142,220.24422636486236,0.017597595252675756,218.38926208496093,0.026240910278687943,222.0275002951456,0.009424484891515214,220.59421203441835,0.015983116919690787,217.1091255651335,0.03229191556905989,221.3185751778739,220.5478243569362,0.01619680797419197,1.046843865778255,65.30378568990386,1.452573345112711,1.034196066736198,0.41837727837651295,88.86351537092932,85.37907961976371,110.99073825513753,3.015259069763891,-11.136484617707055,2.1754913330078125,0.009706815011577117,0.14727618107125034,0.0958165471605772,0.09339977484004189,-0.12168005392212922,13135242.9,0.5496007995406007,313022940.0,303867720.8439696,67.30050254130256,-0.004997301185027596,223.0,0,0.006703839714421098
2026-08-12 18:30:00+00:00,224.1199951171875,224.4499969482422,222.80999755859375,223.0,7523883,0.0,0.0,-0.004997301185027614,-0.0009855802325061669,-0.006577937582394111,0.019801535955148886,-0.0043753716681519395,-0.0050098294503661,-1.476593017578125,4.3300018310546875,-8.116592407226562,0.0,222.8909410749163,0.0004892927660373421,220.480833871024,0.011425782843502045,220.24232192266555,0.012521108809823748,218.6950619506836,0.019684660508098247,222.2220002361165,0.003501002434742594,220.8129200312894,0.009904673913060838,217.34014024885377,0.026041483844814244,221.69114205496652,220.49676165142913,0.011352721599225799,1.0289086748410876,60.274254722234716,1.462581422414587,1.1198731378718758,0.3427082845427112,76.13630254528708,84.54574195164331,98.78870064081993,1.5598329041760386,-23.86369744334928,2.215491158621652,0.009934937930994247,0.14764329203589208,0.09551608362590575,0.09277796435769206,0.04221319991023864,12927120.0,0.5820231420455599,305499057.0,304023086.19216293,62.82686723898559,0.00506728647001121,224.1300048828125,2,0.005878928227686736
2026-08-12 19:30:00+00:00,222.99000549316406,224.3498992919922,222.22999572753906,224.1300048828125,10766745,0.0,0.0,0.005067286470011201,0.0001334547680937881,0.001296015998285327,0.03150197514100417,0.016923332443237626,0.005054490981327204,0.29010009765625,6.84490966796875,1.766693115234375,-4.4818416304451486e-05,223.8409423828125,0.0012913745667865993,220.95012010846818,0.014391867145258237,220.2494652157738,0.01761883808988776,219.02086212158204,0.02332719683283396,222.6036011654557,0.00685704862526193,221.11447319960968,0.01363787561959788,217.6064094501855,0.029978875388274786,222.17769818987165,220.52708313250628,0.016337774477001663,0.9185567013433105,67.96736115295673,1.5438977537169194,1.2046780610408847,0.3392196926760347,88.97726266811762,84.65902686144467,94.80310370212483,2.3050954032897595,-11.022737320518754,2.2351270403180803,0.009972457911098317,0.13622329213088252,0.0899470099042572,0.08926728076427415,0.4310090946390315,12273650.75,0.8772243254518219,316265802.0,305189059.1262427,68.88651421538216,0.008477195623485558,226.02999877929688,2,0.005641685169602221
2026-08-13 13:30:00+00:00,225.05499267578125,227.22999572753906,224.13499450683594,226.02999877929688,29866520,0.0,0.0,0.008477195623485478,0.008522236764777258,0.012588466728908454,0.04416315195954934,0.029984059797488083,0.00844146598342672,2.80999755859375,9.55999755859375,2.5198974609375,0.004127014557681634,224.06285749162947,0.008779417122858534,221.41119166782923,0.020860766236135534,220.51755560012091,0.02499775205719694,219.40766204833983,0.03018279612071082,223.28888068822394,0.01227610655135154,221.56133916139942,0.020168950209413714,217.93674628662126,0.037135786555217154,222.85501534598214,221.1677860201802,0.021984271971014154,0.7707912045967011,67.76459279432463,1.741579318374562,1.3120583125076202,0.42952100586694186,89.02106355669058,84.71154292336509,132.4174960299142,3.3658026578623463,-10.978936434160284,2.125126429966518,0.009401966294005776,0.1373264382783037,0.0921234592009995,0.09229220789488772,1.7739600036965677,13052366.4,2.2882072939662494,346132322.0,309088417.49517196,69.69164501001148,-0.00699023067551955,224.4499969482422,0,0.004022253072652274
2026-08-13 14:30:00+00:00,226.03500366210938,226.47999572753906,224.3000030517578,224.4499969482422,12534298,0.0,0.0,-0.006990230675519515,0.006502228467453852,0.001561352697529328,0.030272435106107,0.02798337873206469,-0.007014776793535904,0.3498992919921875,6.595001220703125,-2.4600982666015625,2.2142560011977833e-05,224.15001351492745,0.001338315481713858,221.79476274762834,0.01197158205048856,220.75565083821616,0.016735001328309147,219.69141387939453,0.021660305174413176,223.5211039402276,0.004155728437431302,221.82394441474875,0.011838453871199826,218.19216788119462,0.028680356072296177,223.26018938337054,221.46234551415935,0.013490561689541606,0.5011060309525175,63.94573992636532,1.7505709472572732,1.3997608394575507,0.35081010779972255,74.56541040322499,84.18791220934439,99.68316148846309,3.297465813879716,-25.43458958762588,2.131197248186384,0.00949519838339913,0.1387172330330878,0.0918150933776353,0.09120787633410438,-0.5803227828350943,13012306.5,0.9632648908170122,333598024.0,311422665.733727,69.62910963020735,0.0037424653567018173,225.2899932861328,2,0.002001050776669326
2026-08-13 15:30:00+00:00,224.4481964111328,225.4600067138672,223.7100067138672,225.2899932861328,8854908,0.0,0.0,0.003742465356701752,0.005175515897243743,0.00522040957717107,0.03591133764954724,0.031084484776728427,0.0037354797567145594,1.1699981689453125,7.80999755859375,0.820098876953125,-8.021996586536729e-06,224.4457266671317,0.0037615624566978154,222.26761954171317,0.013597903962069604,221.0865979875837,0.019012438278896322,219.9992138671875,0.024049083294067023,223.87488180940863,0.00632099262445433,222.13903976669275,0.014184600431942316,218.47051397550592,0.03121464396499863,223.7262201218378,221.8106875517819,0.015685924662773378,0.16573038323959158,66.81638748817456,1.804674399150855,1.4807435513962117,0.3239308477546432,82.25065194666207,81.94570863552588,83.88093997359081,4.07446390523021,-17.749348044188785,2.175482613699777,0.009656365921797146,0.1389309201746996,0.09071880606338827,0.08930398513337734,-0.2935457574089909,12595042.15,0.7030471112794171,342452932.0,314377929.1876578,69.17279443910518,0.0002441650149123529,225.34500122070312,1,0.0012780352890725023
2026-08-13 16:30:00+00:00,225.3000030517578,225.90989685058594,224.9600067138672,225.34500122070312,6232415,0.0,0.0,0.000244165014912312,-0.003030560378238123,0.010515700541269712,0.003868591337079952,0.031138501618148018,0.0002441352114862624,2.345001220703125,0.868408203125,1.1750030517578125,4.443058246374273e-05,224.62357003348214,0.003211734134179413,222.84332711356026,0.011226156688357062,221.41264125279017,0.01776032274239285,220.30170776367189,0.022892666190397978,224.16890569166753,0.005246470403205711,222.4304908079664,0.013103016596945937,218.74010171061173,0.030195192643730866,224.13653767903645,222.0094924031742,0.01502417208114935,0.2467698633171003,71.95768202026815,1.8308851508377586,1.550771871284521,0.2801132795532375,82.75392707407518,79.85666314132074,88.24232642894351,3.4380691928208416,-17.246072916775688,2.0611964634486606,0.009146847954354114,0.13892416216202572,0.09038798129245455,0.08883807830980259,-0.29616264787844215,12497978.6,0.49867384154426375,348685347.0,317645302.31264275,74.05647907123836,0.0012425337938721077,225.625,1,0.001591325035654546
2026-08-13 17:30:00+00:00,225.34500122070312,225.74000549316406,225.0399932861328,225.625,5719340,0.0,0.0,0.0012425337938721803,0.005235032602957768,0.0066702140927947795,0.007974874795256381,0.029551593161351475,0.0012417624876076767,1.4949951171875,1.78509521484375,-0.850006103515625,0.0,224.83857073102678,0.003497750703594918,223.49725559779577,0.009520226082882126,221.75002252487909,0.017474530243480314,220.58500762939454,0.022848299731459163,224.46012455333403,0.005189676558269921,222.72090073451488,0.013039186066034216,219.01009772196028,0.03020364059381102,224.5074273972284,222.18889251464446,0.015464803152180961,0.28592114172144556,75.69005553547738,1.8528919369655341,1.6111958844207237,0.2416960525448104,85.18009734967367,83.39489212347031,82.19773826256093,3.7451740079246747,-14.81990264109272,2.0011978149414062,0.008869574803025094,0.1388530511755577,0.09001783283143616,0.08848264041483218,-0.08232362575341978,12376253.45,0.4621220810567676,354404687.0,321146196.0923911,77.83815609806162,0.000686975199099723,225.77999877929688,1,0.0014959284477653438
2026-08-13 18:30:00+00:00,225.6284942626953,226.24000549316406,225.4199981689453,225.77999877929688,8365507,0.0,0.0,0.0006869751990996598,0.0021749989247934476,-0.0011060478757251024,0.01146849540629935,0.0377826866746922,0.0006867393396511168,-0.25,2.55999755859375,-1.7449951171875,1.5487036876662662e-05,225.2357134137835,0.0024165144916919036,224.0633272443499,0.00766154620683296,222.06579371861048,0.016725696463526958,220.84940765380858,0.022325580031416204,224.7240993985266,0.0046986477355641775,222.99900055676778,0.01247089993934155,219.27558403793427,0.029663196519899338,224.81179315476192,222.4892815776437,0.01479045272789912,0.2645058165977787,73.88749932823418,1.8613827183262117,1.6612332512018215,0.2001494671243902,85.97300496025683,84.63567646133522,84.43948244014366,0.5806421703891762,-14.026995030069358,1.9476263863699776,0.00862621311405526,0.13503030854272588,0.08853522131032474,0.08785260742289316,0.4626699933908458,12270469.55,0.6817593219160875,362770194.0,325110386.3693062,77.97648638221362,-0.0018159432382235034,225.3699951171875,0,0.0017530523137561328
2026-08-13 19:30:00+00:00,225.75999450683594,226.1999969482422,224.85000610351562,225.3699951171875,10655293,0.0,0.0,-0.0018159432382235385,0.00011091391576911747,0.004098900340628875,0.005666652867261979,0.02639188545821236,-0.0018175940619833215,0.9199981689453125,1.2698974609375,1.1699981689453125,-8.86007288909739e-05,225.41285487583704,-0.0001901389282920864,224.62689862932478,0.003308136703100955,222.4376983642578,0.013182553022620551,221.10700744628906,0.019280201564460673,224.85327854225878,0.0022980166367879435,223.21454551680594,0.009656402970431053,219.51458055084615,0.026674376488437353,224.9860155378069,222.88584601880598,0.011145387393333074,0.24895603164069893,73.73191342924764,1.8141158563940678,1.691809772240271,0.12230608415379685,73.54194972885877,81.56501734626309,71.29834756432749,0.6835645920654809,-26.458050256916476,1.9521124703543526,0.008661811743531497,0.13271460940682459,0.08330613605404089,0.08437690950845882,0.27371754037143226,11503951.2,0.9262289812216866,352114901.0,327682244.90556276,71.82151560750542,-0.0011314266741269104,225.11500549316406,1,0.001746250697072573
2026-08-14 13:30:00+00:00,226.8000030517578,227.49000549316406,224.5,225.11500549316406,19626364,0.0,0.0,-0.0011314266741269119,-0.0022603634652008653,-0.0007767224385616389,0.004439632329352294,0.027547031274736344,-0.0011320672204861147,-0.17498779296875,0.9950103759765625,-1.0949859619140625,0.0063451567002980784,225.28214154924666,-0.000741896605440958,224.67249952043807,0.0019695600203342768,222.7015082949684,0.010837363503565293,221.37250762939453,0.016905883679187644,224.90562393243985,0.0009309752111231177,223.38731460556576,0.007734059969524876,219.73420505838806,0.024487768908448847,225.0510964529855,223.30749102545698,0.008094284967327538,0.20232321996837369,53.230316833659366,1.7360686771075677,1.7006615532137306,0.035407123893837156,54.84799256325563,71.4543157507904,73.37332152776207,0.8489401765475355,-45.15200741773299,1.6478271484375,0.007319934736559437,0.13237110953690878,0.085565619629415,0.08604689333232159,0.8419356464435093,11850328.85,1.6561872880008723,332488537.0,328139987.0097949,69.5918176443055,0.001923455330212144,225.54800415039062,2,0.001994091212174455
2026-08-14 14:30:00+00:00,225.11500549316406,226.94000244140625,224.92999267578125,225.54800415039062,10960396,0.0,0.0,0.0019234553302120982,-0.0010275251579437983,0.0009008539288106743,0.011426027580226927,0.03145381643133027,0.0019216078586484523,0.2030029296875,2.548004150390625,0.37799072265625,0.0,225.43899972098214,0.0004835207286357445,224.7945066179548,0.0033519392611896445,223.00950840541296,0.0113829036399269,221.46891174316406,0.018418352152010594,225.03409997603003,0.00228367244970005,223.58374092782256,0.008785358069455433,219.96219717964306,0.025394395229468673,225.16783040364584,223.5711542597659,0.008842150934726529,0.08556933674915027,58.82475356094293,1.689677547164905,1.6984647520039655,-0.00878720483906048,63.07989091397654,63.82327773536364,74.50321559042308,0.6460981094060594,-36.92010906701208,1.6663992745535714,0.007388224430640776,0.13181438596213055,0.08694803622216335,0.08794673258822824,-0.4415472983177118,12002935.65,0.9131429443262905,343448933.0,329597981.8660049,68.64706757408595,0.00045218642691134344,225.64999389648438,1,0.001705587543266884
2026-08-14 15:30:00+00:00,225.5399932861328,225.8000030517578,224.6199951171875,225.64999389648438,6741009,0.0,0.0,0.0004521864269113607,0.001242395994867307,0.00011077627250699607,0.006781729266755798,0.038497342274534274,0.00045208422143847693,0.024993896484375,1.519989013671875,-0.178009033203125,-3.55173360453924e-05,225.4904283796038,0.0007076376501943875,224.96807752336775,0.0030311694913370923,223.3418891543434,0.01033440144555956,221.5997116088867,0.018277470932489083,225.1572787601209,0.002188315381472588,223.7715821067918,0.008394326804141395,220.18524803128392,0.024818855550210187,225.28189537411643,223.86196087934138,0.007987212343318712,0.02438416143564914,63.26419095190278,1.6422115698649407,1.6872141155761606,-0.04500254571121998,65.01885587067453,60.98224644930224,59.82537364948452,0.6826694684202742,-34.9811441103141,1.6756929670061385,0.00742607140404988,0.12857091467495946,0.08404122738944494,0.08509354393954319,-0.38496665631424265,11850647.3,0.5688304469241945,350189942.0,331559120.92638534,69.81986922134698,-0.002348764873177922,225.1199951171875,0,0.003512394003616643
2026-08-14 16:30:00+00:00,225.63999938964844,225.7100067138672,224.9499969482422,225.1199951171875,5873716,0.0,0.0,-0.002348764873177922,2.216477756555868e-05,-0.002923215810424984,-0.004026030469512776,0.03995931929461771,-0.0023515275481563983,-0.660003662109375,-0.910003662109375,-0.68499755859375,-4.429207669501702e-05,225.45828465053015,-0.0015004528836254952,225.04092734200614,0.0003513484241061755,223.71497962588356,0.006280381821759347,221.67871154785155,0.015523744004518865,225.14982203153426,-0.00013247585131311558,223.89416510773685,0.005475042231919299,220.37876752484877,0.02151399449941393,225.30215105329242,224.10597575590265,0.004524731470725271,0.05134690409336578,55.78837604840957,1.5440293594454317,1.6585771643500151,-0.11454780490458338,54.94285215943161,61.01386631469423,52.25189101159815,0.9506704561336293,-45.05714782155702,1.6142730712890625,0.00717072275362112,0.1278445578833373,0.08298129587254152,0.08389467792284261,-0.12865922594080503,11791538.4,0.49812974361343715,344316226.0,332774083.3143487,65.46988278696088,-0.0017768030613014001,224.72000122070312,0,0.003162179788091315
2026-08-14 17:30:00+00:00,225.1199951171875,226.5,224.55999755859375,224.72000122070312,5731432,0.0,0.0,-0.0017768030613013464,-0.0036710718536679954,-0.0028841190511913473,0.0012029595728761944,0.03151181119458846,-0.0017783834481622607,-0.649993896484375,0.2700042724609375,0.010009765625,0.0,225.32899911063058,-0.0027027053434242913,225.0837849208287,-0.0016162146031616972,224.1078367687407,0.0027315620050868453,221.75211151123048,0.013383817133614773,225.06385786936804,-0.0015278181575602641,223.9692411180065,0.00335206789533083,220.54901198350973,0.018911847301707006,225.25936090378534,224.35085028712393,0.0016454180276344295,-0.05071363865915171,53.264460944901565,1.4176018540188977,1.6103821022837916,-0.19278024826489393,47.33841957791143,55.76670920267252,46.15734664763464,0.2632384442219038,-52.66158040307719,1.677844456263951,0.007466377924271332,0.12739963640594154,0.08357440439823956,0.08576124954921814,-0.024223847390646758,11699729.95,0.4898772898600108,338584794.0,333327484.33202976,63.7464931104746,0.0018245089884397969,225.1300048828125,2,0.003169506485885349
2026-08-14 18:30:00+00:00,224.6999969482422,225.4499969482422,224.64999389648438,225.1300048828125,6670272,0.0,0.0,0.001824508988439888,-0.0023044051749915306,6.662989708572375e-05,-0.000710144294412185,0.03517569112359853,0.0018228465936444668,0.0149993896484375,-0.1599884033203125,0.6649932861328125,-8.901865589259136e-05,225.23614283970423,-0.0004712296861112286,225.23592812674386,-0.00047027685508185254,224.45426577613466,0.003010587053617389,221.8199154663086,0.014922417626616282,225.07708727205693,0.0002351088304753706,224.0747650966252,0.004709320059880629,220.72865876387453,0.01994007549163059,225.26552356538318,224.70135269776827,0.0019076528908078005,-0.06933994485033884,62.559019877141004,1.335100803109185,1.5553258424488703,-0.22022503933968518,55.13315153279994,52.47147442338099,24.58997718318121,-0.39817453494709654,-44.86684844818869,1.617844717843192,0.007186268745821539,0.12680034793696898,0.08296381291245647,0.0849180032356312,0.1638054852609261,11479826.55,0.5810429252522111,345255066.0,334463444.49088407,64.10220732259373,0.00013325091567643478,225.16000366210938,1,0.004452934486754208
2026-08-14 19:30:00+00:00,225.1649932861328,225.92999267578125,224.86000061035156,225.16000366210938,19538830,0.0,0.0,0.00013325091567639724,0.00017772097454527014,-0.001720256801840514,-0.0008209525731283085,0.003044462833938999,0.00013324203856171328,-0.38800048828125,-0.18499755859375,-0.4029998779296875,0.00015541421650290324,225.20614406040735,-0.00020488072601339735,225.3094994681222,-0.0006635131069265478,224.81998043968565,0.0015124243928730026,221.88641540527342,0.014753441533777627,225.09367055006743,0.0002946911473767832,224.17342314803284,0.004400970017844832,220.90243699517785,0.019273516059060906,225.2554003034319,224.99334265884238,0.000740737487148509,-0.07991875541566008,56.978335644328695,1.2576414686582211,1.4957889676907405,-0.23814749903251942,38.359720003092356,46.943763704601245,39.49292721585811,0.31633179929503435,-61.6402799704526,1.5428510393415178,0.006852242912777592,0.05626984120124512,0.07142089326345985,0.0768057244585727,1.9292403668096294,10822521.4,1.805386127487814,364793896.0,337352058.92032367,66.19703874060558,0.006395462861899829,226.60000610351562,2,0.00458860216290238
2026-08-17 13:30:00+00:00,226.02000427246094,227.1699981689453,225.02999877929688,226.60000610351562,19035868,0.0,0.0,0.006395462861899848,0.008365988219117604,0.004210114038235124,0.004321356691481926,0.012330693765298717,0.00637509866880101,0.95001220703125,0.975006103515625,1.3380126953125,0.0038195087775816493,225.4182870047433,0.005242339095329144,225.350214276995,0.005545997950456242,224.9210953485398,0.007464443263388422,222.03441558837892,0.02056253533046929,225.39493766075708,0.0053464751926547375,224.39402159853128,0.009830852396421202,221.12587107785777,0.024755742052930914,225.4274678548177,225.1687046765913,0.00635657352549836,0.020007509171343786,54.11856009231592,1.2974938490306442,1.4561299439587214,-0.15863609492807718,76.45503497811875,56.64930217133701,117.64075444257824,0.5814784750395892,-23.544964995426227,1.4742802211216517,0.0065060908270305326,0.059218944619707475,0.07232730865654043,0.07799895651184292,-0.02574166416310497,10978817.6,1.7338723251946546,383829764.0,341778507.02315,63.603316538491875,0.003706956378045714,227.44000244140625,2,0.0031309275542914703
2026-08-17 14:30:00+00:00,226.60000610351562,227.75,225.61000061035156,227.44000244140625,15492978,0.0,0.0,0.003706956378045634,0.010260727173155626,0.010305647541485774,0.007352306099230876,0.01890512139425482,0.00370010254792876,2.32000732421875,1.660003662109375,1.3699951171875,0.0,225.6885724748884,0.007760383910022634,225.56378609793526,0.008317897016713724,225.09252857026598,0.010428928432411468,222.1869155883789,0.02364264717880834,225.8039506168869,0.0072454526151667035,224.67092894788354,0.012325019113410631,221.37348407250673,0.02740399734091525,225.7061062767392,225.36597479916702,0.009202931560890144,0.16919263844092908,74.19107118554655,1.3809392241509784,1.4410917999971729,-0.06015257584619449,92.32678032953476,69.04717843691527,176.13486553752512,0.9296861298653711,-7.673219645712718,1.471423557826451,0.006469502031416193,0.058763637306360354,0.07440373557908286,0.08048747268358766,-0.18611654588065019,11281408.7,1.3733194507880917,399322742.0,347258910.35427856,73.07633591629788,-0.0018009449929515988,227.0303955078125,0,0.0017246801673340144
2026-08-17 15:30:00+00:00,227.46499633789062,227.9199981689453,226.71200561523438,227.0303955078125,9952374,0.0,0.0,-0.0018009449929515808,0.008306945351226558,0.01028121339693433,0.007367442102315547,0.013075843706491064,-0.0018025686440824946,2.310394287109375,1.660400390625,-0.009613037109375,0.00010989226264497648,225.88577270507812,0.005067263816671423,225.68810054234095,0.0059475664079763,225.2739759172712,0.007796815337331832,222.36344146728516,0.02098795561766377,226.04923959507204,0.004340452170923876,224.88542590787708,0.009538055173057579,221.59532373663637,0.02452701473796046,225.90165419805618,225.50787250488102,0.006751529274845041,0.24082551176189698,65.1350166272697,1.3979042586833543,1.4324542917344092,-0.03455003305105486,73.98821233442246,80.92334254735864,193.7018575593373,0.6228899757590122,-26.011787636337765,1.432708740234375,0.0063106472462572194,0.058411121257861985,0.073657878116887,0.07989097761753172,-0.35762033612905153,11368064.4,0.8754677709250133,389370368.0,351269525.3681568,79.38307166103996,-0.004890963328427875,225.9199981689453,0,0.009277133122959724
2026-08-17 16:30:00+00:00,227.03089904785156,227.2100067138672,225.8300018310547,225.9199981689453,6804284,0.0,0.0,-0.004890963328427866,-0.0030009175474587924,0.0035090537422768353,0.0035759174472520527,0.008031425535310444,-0.004902963232952482,0.7899932861328125,0.80499267578125,-1.5204010009765625,2.217941073194115e-06,226.00005885532923,-0.00035425073245141,225.7291717529297,0.000845377735331645,225.36063784644716,0.0024820675333586746,222.51124145507814,0.015319480901552732,226.0233913098467,-0.00045744442777243157,224.97947793161055,0.004180471241099093,221.76491881241319,0.018736414121604577,225.93257388160342,225.5853826174093,0.0014833210718357564,0.2039111615585642,54.22482616638415,1.3066867144479772,1.407300776277123,-0.10061406182914578,41.52043651438617,69.27847639278112,92.79060826281746,0.062006993712790656,-58.47956345637404,1.4634312220982142,0.006477652416575214,0.06163816744787105,0.07412168589491021,0.07975311712453141,-0.31631548412469224,11347321.6,0.5996378916413191,382566084.0,354250149.9997609,74.78091864307443,-0.001726272099899682,225.52999877929688,0,0.009476401153660566
2026-08-17 17:30:00+00:00,225.91000366210938,226.27999877929688,225.38999938964844,225.52999877929688,6431278,0.0,0.0,-0.0017262720998997283,-0.008397835216350846,0.0016432541800039946,-7.982944101669887e-05,0.011345286005815636,-0.0017277638245768272,0.3699951171875,-0.01800537109375,-0.4199981689453125,-4.4239141806380794e-05,226.1157727922712,-0.0025905933307442315,225.7223859514509,-0.0008523176438270537,225.4277808779762,0.0004534396821993647,222.64264129638673,0.012968573612336307,225.92471280373675,-0.0017471042434433607,225.0295252814002,0.0022240348117368606,221.91256900719293,0.01630114863827471,225.90601748511904,225.66173113499468,-0.0005837602815269481,0.16459280712046392,49.31307638191239,1.1892178984004431,1.363684200701787,-0.17446630230134397,30.116939486939703,48.541862778582775,18.66733566198086,0.07099599129221555,-69.88306048382051,1.477001735142299,0.006549025598058644,0.058865432202464256,0.07293967437115426,0.07891735582133741,-0.05481928737836339,11292691.35,0.5695079942125576,376134806.0,356334402.95216465,70.50800617078599,-0.00013301458546200647,225.5,1,0.009679387337743591
2026-08-17 18:30:00+00:00,225.5301055908203,225.9149932861328,225.35000610351562,225.5,5615571,0.0,0.0,-0.00013301458546199907,-0.0067409278144865414,-0.004854395736481609,-0.0006647192578839167,0.006112502062826541,-0.00013302343268652053,-1.100006103515625,-0.149993896484375,-1.470001220703125,4.7360228801114795e-07,226.1686292375837,-0.0029563305920661926,225.70238603864397,-0.000896694280442461,225.5468284970238,-0.00020762205939954637,222.74444122314452,0.012370942959167278,225.8397702429894,-0.0015044747992008964,225.07229571036382,0.0019002973612739819,222.05325257553832,0.01552216589700093,225.8763660249256,225.76190810600764,-0.001160107602755988,0.13125363743279625,47.93814654780928,1.0812385199760115,1.3071950645566321,-0.22595654458062064,29.23978172818702,33.62571924317096,-14.508217850651546,0.17102125466528184,-70.76021824257319,1.4587860107421875,0.0064691175642382194,0.05644120174307714,0.07027849178205324,0.0763286894857443,-0.12683435547336008,11035132.65,0.508881150604021,370519235.0,357685339.33767277,66.0311733504073,-0.001995551876905488,225.0500030517578,0,0.010313992981435247
2026-08-17 19:30:00+00:00,225.49000549316406,226.00999450683594,224.86000061035156,225.0500030517578,8321416,0.0,0.0,-0.001995551876905477,-0.0038508990980821167,-0.010508263119915151,-0.0003109100344163007,-0.0043356887706572644,-0.0019975456434367773,-2.3899993896484375,-0.0699920654296875,-1.2899932861328125,-4.432153807491432e-05,226.15291486467635,-0.0048768410240195665,225.67952946254186,-0.0027894705925720713,225.59063793364027,-0.0023965306664857724,222.84844116210937,0.009879189094426095,225.6818168047431,-0.002799577573097668,225.070269105036,-9.004322676063515e-05,222.17077220205675,0.012959539282104748,225.7893816266741,225.73742475648544,-0.0030452270174789937,0.033402876416405713,47.65744200021471,0.9484202929178593,1.2354401102288777,-0.28701981731101833,16.081969183235188,25.146230132787306,-52.211489393621456,-0.2207960564787565,-83.91803078752503,1.444500514439174,0.006418575849121602,0.047946723519753535,0.06482749624506512,0.06983914286594443,0.4818468148653092,9957877.45,0.8356616198364641,362197819.0,358115099.30551344,67.12438564569482,-0.022572769438649463,219.97000122070312,0,0.010327109567294384
2026-08-18 13:30:00+00:00,220.4499969482422,221.63999938964844,218.8350067138672,219.97000122070312,26756702,0.0,0.0,-0.022572769438649498,-0.024653028815181055,-0.031098894363096097,-0.021137415335517495,-0.019959883218764962,-0.02283143433225707,-7.060394287109375,-4.75,-4.6703948974609375,-0.020439929087391565,225.20577130998885,-0.023248827322704783,225.31202915736608,-0.023709466186149268,225.30206662132628,-0.023666296011218082,222.86804107666015,-0.013003389099414116,224.53945368793512,-0.020350332167291502,224.60660838827846,-0.020643235748163596,222.08446745768995,-0.009521000100469168,225.02811119442893,225.07539709317638,-0.022683047273874386,-0.40101330684848824,27.927878356808804,0.4283099086381412,1.0740140699107303,-0.6457041612725891,12.49307181325518,19.271607574892464,-518.2118626622325,-2.5171694346961706,-87.50692817573766,1.6748570033482142,0.007614024612656893,0.09033136962321102,0.06719115075349293,0.0743504487484023,2.2154025228398626,10668997.65,2.507892763478113,335441117.0,355955672.4192741,50.89171331796756,-0.0019561660643478748,219.53970336914062,0,0.002651329662110279
2026-08-18 14:30:00+00:00,219.94000244140625,220.52999877929688,218.69020080566406,219.53970336914062,13264389,0.0,0.0,-0.0019561660643478973,-0.026431470646826494,-0.028241390100549824,-0.024831436913892557,-0.025523947305058248,-0.0019580818559956554,-6.3802947998046875,-5.590301513671875,0.6800994873046875,-0.00013637668377625668,224.07715715680803,-0.020249515145677553,224.88286481584822,-0.023759753554630492,225.06824311755952,-0.024563837491309765,222.79183715820312,-0.014597185563574219,223.53950362417623,-0.017893035415084146,224.14598065926592,-0.020550345255161834,221.98467278755078,-0.011014136191011187,224.25846775599888,224.75148979732677,-0.02318910736859972,-0.7671644421813159,24.218353025466783,-0.018390761319807325,0.8555331036646228,-0.8739238649844301,9.203913476628266,12.592984824372877,-348.5610430692852,-2.4788076888137964,-90.79608651253726,1.6626990182059151,0.007573568665175018,0.08861856893996052,0.06751051647993066,0.07509782517727459,-0.504259194574877,10889471.7,1.2180929769072266,322176728.0,352738630.09362894,42.90251822323696,-4.420425870500705e-05,219.52999877929688,1,0.002859941628160742
2026-08-18 15:30:00+00:00,219.52999877929688,220.36000061035156,219.32000732421875,219.52999877929688,8440865,0.0,0.0,-4.4204258704994004e-05,-0.02452790134462446,-0.02660399961191673,-0.025004462565479724,-0.025804887660725306,-4.4205235742030736e-05,-6.0,-5.6300048828125,0.3802947998046875,-4.4204258704805705e-05,223.00567190987724,-0.015585581751343936,224.44572230747767,-0.02190161379607241,224.79395766485305,-0.023416816627165916,222.6984371948242,-0.014227483836095572,222.73760265520036,-0.014400818890263822,223.72634594290508,-0.018756607076845386,221.88841106173692,-0.010628821357295776,223.5447522844587,224.54056879074946,-0.02231476493719782,-1.0563913466075376,23.529427265206863,-0.3689344926838203,0.6106395843949343,-0.9795740770787545,9.098769349831874,10.265251546571774,-226.0638409445922,-2.3095418357024324,-90.90123063933365,1.652697971888951,0.007528346836748049,0.08855881046464803,0.06766600603651352,0.07529286384554837,-0.36364464281015885,10999894.2,0.7673587442322853,313735863.0,349024080.8466167,47.91906397065923,0.0036441627850692542,220.3300018310547,2,0.004514318775711124
2026-08-18 16:30:00+00:00,219.52999877929688,220.4499969482422,219.38999938964844,220.3300018310547,7609414,0.0,0.0,0.0036441627850691827,0.0016365895729133495,-0.022926821148316234,-0.027669921021964416,-0.023468135928843448,0.003637538911305873,-5.1699981689453125,-6.2700042724609375,0.8300018310546875,0.0,222.20710100446428,-0.008447521095932171,224.10357992989677,-0.01683854448021615,224.55514817010788,-0.018815628915502283,222.65603729248048,-0.010446765736515231,222.25608249037126,-0.00866604251153102,223.41758738728234,-0.013819796338869548,221.82729697425918,-0.006749823685456947,222.99598955426896,224.36288420106203,-0.017974819606862043,-1.1146413885236146,29.754891998874967,-0.5755547283110616,0.37340072185373513,-0.9489554501647968,17.766381651416904,12.023021492625682,-160.49655996465407,-2.132102761795368,-82.23361833774862,1.6741256713867188,0.007598264682368639,0.08987081604858961,0.06812069542440613,0.07548316881792987,-0.0985030562625987,11094397.9,0.6858789515742895,321345277.0,346388004.28979605,52.29046244972706,-0.0017927847736497551,219.93499755859375,0,0.004946798451985163
2026-08-18 17:30:00+00:00,220.30999755859375,220.50999450683594,219.2220001220703,219.93499755859375,7081084,0.0,0.0,-0.001792784773649747,0.0018005590031633378,-0.02272830670430026,-0.032997734797096445,-0.025888038144675107,-0.0017943937355745935,-5.1150054931640625,-7.5050048828125,0.05499267578125,-9.079232194708392e-05,221.4078151157924,-0.006652057681079337,223.76179395403182,-0.017102099191281587,224.28419567289808,-0.019391460469323135,222.6182373046875,-0.012053099416151066,221.79186550401576,-0.008372119244292202,223.100988311947,-0.014190841453881239,221.753089154037,-0.008198720488498621,222.44017857142856,224.16427579049713,-0.018866869919260353,-1.050164630390121,29.767447226823762,-0.7623879633912622,0.1462429848047357,-0.908630948195998,13.486718113086368,13.450623038111715,-133.16624739519457,-2.320574710654839,-86.51328187607916,1.6275536673409599,0.007400157707506086,0.08962147492622229,0.06882198808142798,0.07628178799452055,-0.06943110205332503,11030176.75,0.6419737562229,314264193.0,343328593.6907678,50.0295154715918,-0.003159988510898689,219.24000549316406,0,0.004960755416252297
2026-08-18 18:30:00+00:00,219.92999267578125,220.19000244140625,219.1300048828125,219.24000549316406,7061411,0.0,0.0,-0.0031599885108987147,-0.0013209733874428586,-0.0033186149178888735,-0.03431430402622171,-0.02719967057210071,-0.0031649918176347015,-0.7299957275390625,-7.7903900146484375,4.385009765625,-2.2756191002043107e-05,220.51353018624442,-0.0057752678123604234,223.34107971191406,-0.018362381985533437,223.97276742117745,-0.021130970441117825,222.56413726806642,-0.014935612788702268,221.28149350184543,-0.009225751220153972,222.74998987387582,-0.015757506353573356,221.65453685361064,-0.010893218766058158,221.83727344331288,223.94887756047575,-0.021026549088280496,-0.957072350999311,25.681258877045593,-0.9555200591904338,-0.07410962399429823,-0.8814104351961356,5.956844617496268,12.403314793999847,-119.15960925951617,-3.2480143036522606,-94.04315537166926,1.6461247035435267,0.007508322670550858,0.08985172826113198,0.06840652746301588,0.07554049643376758,-0.002778246946371521,10850482.65,0.6507923405600763,307202782.0,339888040.196409,49.96181240022946,0.002554267216578823,219.8000030517578,2,0.004821140981103665
2026-08-18 19:30:00+00:00,219.24000549316406,220.02999877929688,218.9199981689453,219.8000030517578,12278943,0.0,0.0,0.0025542672165788094,-0.0024054771247324913,0.0011856610837244208,-0.02708921373401796,-0.023610165078789658,0.002551010620371138,0.2602996826171875,-6.1199951171875,0.99029541015625,0.0,219.76353018624442,0.00016596414101244616,222.95822252546037,-0.014165072890854008,223.70752970377603,-0.017467121724400306,222.4993374633789,-0.01213187617717399,220.9851954118279,-0.005363220635011332,222.48180925368328,-0.012054047074273403,221.5818100378517,-0.008041305311936387,221.36512988862538,223.5291299656095,-0.016682957225345768,-0.807371402732524,28.79746488435576,-1.051273091861077,-0.269542317567654,-0.7817307742934231,12.024123632319563,10.489228787634067,-100.23990239738775,-3.3591273775962454,-87.97587635684596,1.6489824567522322,0.007502194876477927,0.09092351559888194,0.06324703903318629,0.07073683034978337,0.7388795242197346,10483111.6,1.1713070955001565,319481725.0,337944581.6062748,47.476666858503656,-0.007506865934323479,218.14999389648438,0,0.004629298695761244
2026-08-19 13:30:00+00:00,221.6699981689453,222.8699951171875,216.75999450683594,218.14999389648438,25906631,0.0,0.0,-0.007506865934323481,-0.008116051023820514,-0.006286179066578912,-0.03272294117304797,-0.032800158359962306,-0.007535184262677954,-1.3800048828125,-7.3800048828125,-1.6403045654296875,0.008507711970953211,219.50352913992745,-0.0061663484352184085,222.35465022495814,-0.01890968470504648,223.37586248488654,-0.023394956510721245,222.3827374267578,-0.019033597568014773,220.4181551087592,-0.010290264933691066,222.08800785757427,-0.017731772188247206,221.44722901270003,-0.014889484645624866,220.72403273809525,222.92561615612772,-0.021422492138710853,-0.7041356763403657,17.120590668384267,-1.2459376159768283,-0.4648213772494889,-0.7811162387273394,12.45518757528041,10.145385275032082,-93.89923630646229,-3.911547434618031,-87.54481241575903,1.932553972516741,0.00885883120136556,0.09279941686852458,0.08457030189145245,0.09024462486049538,1.1098421093737465,11230423.35,2.306825859774912,293575094.0,333718916.11996293,33.59606542014488,0.005134129760773797,219.27000427246094,2,0.0025442377592925663
2026-08-19 14:30:00+00:00,218.14999389648438,219.9499969482422,217.9600067138672,219.27000427246094,11630304,0.0,0.0,0.005134129760773876,0.00013683077241943842,-0.004810954249464983,-0.0276274755101511,-0.028273830253016663,0.005120995054250051,-1.05999755859375,-6.2299957275390625,0.32000732421875,0.0,219.46500069754464,-0.0008885080740119781,221.77107892717635,-0.011277731374186162,223.07691010974702,-0.017065440952163693,222.36013549804687,-0.0138969659226493,220.18852494149957,-0.004171519243695793,221.83182571347305,-0.011548484680956095,221.36184765033772,-0.009449882172882847,220.3127466110956,222.65831082255943,-0.015217516640479137,-0.435848659886406,18.8880973291583,-1.2949082801950453,-0.6308387578386002,-0.6640695223564451,22.491119549737377,15.656810252445785,-86.87828454221763,-2.943517152245197,-77.50888044130205,1.9218390328543526,0.00876471471427321,0.09565028107324908,0.08603932021130625,0.09146065527412271,-0.5510684503901724,11474888.1,1.0135440013571895,305205398.0,331003342.9656808,24.416708182464987,0.0005933161536551051,219.4001007080078,1,0.004196290423759411
2026-08-19 15:30:00+00:00,219.2550048828125,220.64999389648438,218.64010620117188,219.4001007080078,9384406,0.0,0.0,0.000593316153655099,-0.0018193918935288655,-0.0024320679133543743,-0.02510509783219428,-0.025408202439779592,0.0005931402112155595,-0.5348968505859375,-5.64990234375,0.5251007080078125,-6.840602616001743e-05,219.44644383021765,-0.00021118192393893335,221.22605787004744,-0.008253806896039247,222.77929614839098,-0.015168354953941301,222.35913757324218,-0.013307466909230981,220.03084009480122,-0.0028665953668984986,221.6107598038853,-0.009975414090109274,221.28491639769734,-0.008517596772360157,219.99661618187315,222.46807961956853,-0.01379064770457551,-0.1091044518951822,20.311314425887716,-1.3081407569583234,-0.7662991576625449,-0.5418415992957786,25.264144659494736,20.07015059483751,-68.30630065865385,-2.7179967651490067,-74.73585533093589,1.9791172572544642,0.009020584999089786,0.09583952557584484,0.0879295044939777,0.0940462180218488,-0.19310742006399828,11650422.6,0.8054991927932296,314589804.0,329440148.7784731,23.977275960898496,-0.0019083909739505327,218.9813995361328,0,0.004075727494753281
2026-08-19 16:30:00+00:00,219.3800048828125,219.52490234375,218.75999450683594,218.9813995361328,6246936,0.0,0.0,-0.001908390973950569,0.003811165083245305,-0.0011795564247023549,-0.0044942568490438095,-0.025536675210918514,-0.0019102142720850508,-0.25860595703125,-0.9886016845703125,0.2762908935546875,-9.159442101608586e-05,219.25378635951452,-0.0012423357785658878,220.73044368198939,-0.00792389176895114,222.48698207310267,-0.015756348997543895,222.37196350097656,-0.01524726369029706,219.82095198306754,-0.003819255805040742,221.3717270522714,-0.01079779946588836,221.1945824031262,-0.0100055925553812,219.69732840401787,222.30915777112887,-0.014969056013459733,-0.10793954353437012,21.466793810933353,-1.3370011583673715,-0.8804395578035102,-0.4565616005638613,23.334075967691735,23.696446725641284,-71.1868098859215,-2.890731913010324,-76.66592402180406,1.9351817539760046,0.008837196940317548,0.0958499193637087,0.08631741507350796,0.09194875977864445,-0.3343280331221816,11676197.8,0.5350145746931418,308342868.0,327430883.942428,24.096730142774675,0.0008156132272188355,219.16000366210938,1,0.004121892203940996
2026-08-19 17:30:00+00:00,218.9803924560547,219.77999877929688,218.6300048828125,219.16000366210938,6294469,0.0,0.0,0.0008156132272187921,-0.0005016673881890199,-0.002911735126308157,-0.0017295263736091249,-0.02651801666246445,0.0008152807954954452,-0.6399993896484375,-0.37969970703125,-0.3813934326171875,-4.598929773276149e-06,219.14307294573103,7.725873398907565e-05,220.27544403076172,-0.005063843469050084,222.22222028459822,-0.013779974921289649,222.3852017211914,-0.014502754833080226,219.68876231887592,-0.0024068534556931365,221.17066128952942,-0.009090978051464287,221.1147950015177,-0.008840617559698224,219.4879364013672,222.1457704415055,-0.013440574508569763,-0.11450955681745423,23.341541200716293,-1.330128480950492,-0.9703773424329066,-0.35975113851758544,25.946044919070022,24.848088515418834,-63.36064432977399,-2.6171958719181454,-74.05395507011917,1.9537527901785714,0.00891473242162316,0.09548340049553054,0.0867084005336158,0.09253581697063223,0.007609010241180547,11657407.65,0.5399544383266033,314637337.0,326212450.90029204,28.168066423211386,0.0017110786353980785,219.53500366210938,2,0.004004775843357622
2026-08-19 18:30:00+00:00,219.16000366210938,219.99000549316406,219.14999389648438,219.53500366210938,6058312,0.0,0.0,0.001711078635397989,0.0006148718877805326,0.006348887482812371,2.2798172643057057e-05,-0.02498223444889114,0.0017096164081026996,1.385009765625,0.0050048828125,2.0250091552734375,0.0,219.18521554129464,0.0015958563626169396,219.84937286376953,-0.0014299299450516347,221.9557916550409,-0.010906622327219867,222.40510192871093,-0.012904822064327585,219.6580105875226,-0.0005599928957002447,221.02196514158214,-0.006727663825238019,221.0528423999723,-0.006866406789330842,219.38921101888022,221.79236800452844,-0.010177826959144053,-0.09395735511539995,25.737093997966852,-1.2796712153851217,-1.0322361170233496,-0.24743509836177213,30.0000989726858,26.426739953149184,-51.252838033035744,-0.1977531282346656,-69.99990101650339,1.9733973911830358,0.008988987442801338,0.09596616101831462,0.0865011350823708,0.09218939875551288,-0.03751817667224988,10983381.75,0.5515889493688954,320695649.0,325687041.19550234,31.98539955470177,-0.008586374537913123,217.64999389648438,0,0.0033934983475093347
2026-08-19 19:30:00+00:00,219.5399932861328,219.84500122070312,217.0399932861328,217.64999389648438,11947374,0.0,0.0,-0.00858637453791311,-0.006079994202561223,-0.007388198770514776,-0.01216360873370892,-0.039496963662669526,-0.008623449832564984,-1.6200103759765625,-2.6800079345703125,-3.0050201416015625,2.2728147858800687e-05,218.87807137625558,-0.005610783538267303,219.32080078125,-0.007618095861433889,221.59817214239212,-0.017816835796610034,222.37512573242188,-0.021248472914195814,219.25640724931498,-0.007326642687329232,220.7154223011187,-0.013888600862871857,220.91939736061985,-0.014799078320786105,219.09596048990886,221.18859075933605,-0.015998098503578983,-0.12845609001888875,23.04663746856204,-1.3759271713551584,-1.1009743278897113,-0.2749528434654471,14.566273332198001,23.504139074651277,-77.83475199157722,-0.8607597822386727,-85.43372665143538,2.0916126796177457,0.009609982716576225,0.09487133145613873,0.08845728643450637,0.09295937379533596,0.9720631753531346,10628957.05,1.1240401051390077,308748275.0,324073825.3673593,31.31872653649185,-0.0006891518524724286,217.5,1,0.002366008322245411
2026-08-20 13:30:00+00:00,218.36000061035156,219.86000061035156,216.7100067138672,217.5,19258361,0.0,0.0,-0.0006891518524724249,-0.007574391469114428,-0.008660436808716865,-0.011071441951593153,-0.0437038442433495,-0.0006893894267664219,-1.9001007080078125,-2.43499755859375,-0.28009033203125,0.003262149018031256,218.78521510532923,-0.005874323384715995,219.14437212262834,-0.007503601879863391,221.16483851841517,-0.016570620099240797,222.37392578125,-0.021917703544176194,218.90512579945198,-0.006418880299462951,220.42311118283519,-0.01326136432398543,220.78530334647792,-0.014880081675125893,218.85318705240886,220.4954333525635,-0.01358501310891253,-0.1652105568836466,35.96179323665143,-1.447626625223819,-1.1703047873565329,-0.27732183786728615,12.824590474533201,19.130320926472336,-80.14186254113787,-0.9247022231929563,-87.175409509233,1.8726839338030135,0.008610041074916797,0.09262326057120968,0.09146611517060382,0.09686468696763752,0.6119325468508812,10817226.2,1.7803418957810089,289489914.0,320780119.5228489,32.90414013566739,-0.0030804513514727013,216.8300018310547,0,0.002744010693566644
2026-08-20 14:30:00+00:00,217.5,218.97000122070312,216.63999938964844,216.8300018310547,11502198,0.0,0.0,-0.003080451351472724,-0.012321505846138336,-0.009824568249337196,-0.010992536041441237,-0.04492963884391765,-0.0030852057079568686,-2.151397705078125,-2.410003662109375,-0.2512969970703125,0.0,218.43664332798548,-0.0073551830519160795,218.95082201276506,-0.009686285542134385,220.65960039411272,-0.017355232023445865,222.31902587890625,-0.02468985290902028,218.49010100577254,-0.007598052118006018,220.09646487812785,-0.014841051849092759,220.63019348312798,-0.017224259255099093,218.5446043468657,220.02907217861463,-0.01453930753727156,-0.26125728719607866,35.00794413215897,-1.5407513888803805,-1.2443941076613025,-0.296357281219078,3.049800508463682,10.146888105064962,-98.31329397535971,-1.588526288248232,-96.95019947548495,1.907698495047433,0.008798129774149233,0.09265864553261016,0.0935830763703789,0.09948522453060837,-0.4027426321481875,10894717.4,1.05575918839345,277987716.0,316704652.52067286,33.31404838136372,4.609374510693784e-05,216.83999633789062,1,0.0024398523242995843
2026-08-20 15:30:00+00:00,216.8000030517578,216.9600067138672,215.66000366210938,216.83999633789062,8087364,0.0,0.0,4.609374510700093e-05,-0.0037215602173598095,-0.010585906577167403,-0.013466818347451004,-0.04019122656093754,4.6092682822974905e-05,-2.32000732421875,-2.9600067138671875,-0.168609619140625,-0.0001383516074501097,218.07091413225447,-0.005644575753058395,218.75867898123605,-0.008770772671840937,220.1743432907831,-0.01514412125882295,222.27422576904297,-0.0244483111450556,218.1600800721962,-0.006050986660174769,219.80042228356083,-0.013468699991110777,220.4815583009618,-0.016516401603456833,218.2631609235491,219.7030624242732,-0.013031525618157427,-0.282759027414695,35.1174114226807,-1.5953566830644945,-1.314586622741941,-0.2807700603225536,16.366075923522757,10.746822302173214,-143.40721741637083,-1.4072345261306134,-83.6339240626076,1.9262706211635046,0.008883373241498366,0.09247023256957732,0.09355889196348383,0.10003989905608605,-0.29688534313180837,10958871.4,0.7379741676683969,286075080.0,313787550.37584686,27.782168155220816,-0.0025133655144324476,216.2949981689453,0,0.0056219362059883125
2026-08-20 16:30:00+00:00,216.8350067138672,217.97999572753906,216.1999969482422,216.2949981689453,8404406,0.0,0.0,-0.0025133655144324862,-0.005540238303699763,-0.01475849153491171,-0.008503304054270466,-0.04094799210897404,-0.0025165293198484854,-3.2400054931640625,-1.8549957275390625,-0.9199981689453125,-2.3010625842473336e-05,217.68714250837053,-0.006395161070963523,218.4704644339425,-0.009957713371571203,219.71600995744978,-0.015570152530766492,222.22672576904296,-0.026692233256569293,217.78706369154605,-0.00685102915344465,219.48174736405034,-0.014519426938061967,220.31737947225528,-0.01825721290316207,217.934670148577,219.41832078046568,-0.01423455707981242,-0.4196484497794681,27.02792387154473,-1.6634335431751595,-1.3843560068285847,-0.27907753634657473,8.807146453698335,9.407674295228256,-141.69346465840482,-1.3432800813796473,-91.19285353243203,1.9776992797851562,0.009143527573537584,0.09247784981217914,0.09480618718899529,0.10157371190284432,0.039202142997396994,11057527.8,0.7600619371718874,277670674.0,310347847.86386144,28.105086085124583,0.002889572136623429,216.9199981689453,2,0.006522339858619836
2026-08-20 17:30:00+00:00,216.3000030517578,217.0,216.17999267578125,216.9199981689453,5010054,0.0,0.0,0.0028895721366233307,0.00041505482235226765,-0.0033539891937063304,-0.010717408025383901,-0.03804878860778127,0.0028854053479513853,-0.7299957275390625,-2.350006103515625,2.510009765625,2.3139151875197826e-05,217.3671417236328,-0.0020570889930270823,218.25510733468192,-0.006117195524241178,219.3060099283854,-0.010879828419697068,222.219423828125,-0.02384771577508305,217.61365058702592,-0.003187540929561388,219.24886107358623,-0.010622006852061406,220.1841488329098,-0.014824639653905002,217.72794131324406,219.19946710854992,-0.010399062414076928,-0.41071224528770617,33.27305937398408,-1.6479560570148806,-1.437076016865844,-0.2108800401490365,17.47567267605767,14.216298351092922,-143.29684356825786,-1.3102842778947654,-82.52432731007269,1.9442716326032365,0.00896308154622057,0.09392940175086344,0.09499925416951219,0.10162790418938114,-0.403877680350045,11027251.95,0.45433386511133445,282680728.0,307712884.0673032,28.511727963769104,0.0024432914612330598,217.4499969482422,2,0.006260282985168523
2026-08-20 18:30:00+00:00,216.88099670410156,217.4600067138672,216.47000122070312,217.4499969482422,6606937,0.0,0.0,0.0024432914612331214,0.002813136970363228,-0.00022989908854165186,-0.008888344870729759,-0.03377029993537817,0.0024403114776428065,-0.0500030517578125,-1.950103759765625,0.67999267578125,-0.00017979653869070394,217.06928362165178,0.0017538793155655922,218.12724958147322,-0.00310485111111699,218.9226764497303,-0.0067269390515584,222.23902374267578,-0.021548991323671062,217.5809198592692,-0.0006017205511911546,219.0853279712822,-0.007464356642115739,220.07692719037385,-0.011936418213651927,217.62059326171874,218.90464816635674,-0.006645136274139051,-0.3283682158101031,39.883999219429114,-1.574770590512145,-1.4646149315951043,-0.11015565891704071,24.82656598190311,17.03646170388637,-103.74293909421839,-0.320878738401954,-75.17343400422725,1.939272199358259,0.008918244316236664,0.09519560656489628,0.0948747535611623,0.1013933654402484,0.3187356862820241,10941528.0,0.603840432524598,289287665.0,305958101.2989886,33.03218213099059,-0.0018394752913221803,217.0500030517578,0,0.005942696977546067
2026-08-20 19:30:00+00:00,217.44000244140625,217.44000244140625,216.35499572753906,217.0500030517578,8167918,0.0,0.0,-0.0018394752913222234,0.00349062571582337,0.0010146253693921192,-0.008819911136134229,-0.013274529039146499,-0.0018411692035878251,0.220001220703125,-1.931396484375,0.2700042724609375,-4.596232226331301e-05,216.9835706438337,0.000306163308708981,217.93082101004464,-0.004041731932181299,218.5417240687779,-0.006825795043805034,222.22292388916014,-0.02327807026767045,217.47473649776694,-0.0019530243045565723,218.9002984331436,-0.008452685513091956,219.95822428297717,-0.013221698077834531,217.47696039109002,218.6586655571465,-0.007356957481115232,-0.27501711858119526,34.17249501815547,-1.5313937912279982,-1.4779707035216831,-0.0534230877063151,19.278793853169525,20.527010837043434,-99.89702153747395,-1.0124509405921602,-80.72120613296083,1.9382008143833704,0.00892974331777483,0.05475782284678244,0.09153006746534255,0.09707598539176143,0.2362639450020485,10012088.8,0.8158055889396424,281119747.0,303592543.7467039,25.45128429865349,-0.011082218263037336,214.6446075439453,0,0.006154928205567091
2026-08-21 13:30:00+00:00,218.4199981689453,218.74000549316406,214.5850067138672,214.6446075439453,32276874,0.0,0.0,-0.011082218263037347,-0.010489538282347999,-0.010124464264075872,-0.020603194208399844,-0.022297086814244915,-0.011144083538131516,-2.1953887939453125,-4.5153961181640625,-2.4153900146484375,0.0063118871131943675,216.5756574358259,-0.00891628318128899,217.68043627057756,-0.013946263516509835,218.2881338936942,-0.01669136239676039,222.1662161254883,-0.03385577119997678,216.90871070700263,-0.01043804628992146,218.51341744321647,-0.017705136574777205,219.74984715595633,-0.02323205079803583,217.03879859561013,218.20964709248966,-0.016337680739738073,-0.3282055581462444,31.438830157495104,-1.6718407406601727,-1.5167447109493812,-0.1550960297107915,0.98270331451185,15.029354383194827,-135.07194160142475,-2.16749816827557,-99.01729666900006,1.7985578264508928,0.008379236017258367,0.06603810648646423,0.09864188972136077,0.09917190400974399,2.951664793892397,10962713.05,2.944241434833505,248842873.0,298378289.389875,24.45030852553836,0.0055225905773881746,215.8300018310547,2,0.0033713671658364393
2026-08-21 14:30:00+00:00,214.64990234375,215.9499969482422,214.5,215.8300018310547,10991780,0.0,0.0,0.005522590577388131,-0.007449966152784482,-0.002149824738561068,-0.0168765881032672,-0.016854174685993373,0.005507396987029736,-0.464996337890625,-3.7050018310546875,1.7303924560546875,2.466775133672436e-05,216.43280029296875,-0.002785152994810928,217.43472181047713,-0.0073802379217693895,218.11148143949964,-0.010460153648845566,221.99328430175783,-0.027763373518532027,216.69296893181306,-0.003982441631624588,218.2694705693836,-0.011176408372430979,219.5961277314504,-0.017150238209046414,216.79207400367375,218.01362237020913,-0.010015982099670922,-0.22096072621348412,31.910297676756898,-1.6682638406378203,-1.5470485368870692,-0.12121530375075107,21.626067492501384,13.962521553394252,-144.41234230626893,-1.439116615264732,-78.37393249123843,1.7599868774414062,0.008154505224027738,0.0700724334855741,0.09917050860202847,0.0991650887076573,-0.6594533906846122,11090258.8,0.9911202432895432,259834653.0,294707466.87655354,24.584960152565998,-0.0006950338414529608,215.67999267578125,1,0.0016251503584150686
2026-08-21 15:30:00+00:00,215.82000732421875,217.02499389648438,215.4300994873047,215.67999267578125,9577215,0.0,0.0,-0.0006950338414529744,-0.0063119574140244605,-0.005716418512037302,-0.00905123489982762,-0.02110474795365813,-0.0006952754894488677,-1.2400054931640625,-1.970001220703125,-0.7750091552734375,-4.6307310156604625e-05,216.267085484096,-0.002714665558089262,217.16899980817522,-0.006856444214884926,217.9281478155227,-0.010316038392774306,221.8300860595703,-0.027724342955489745,216.49037368060672,-0.003743265767637796,218.034063488147,-0.010796802915535902,219.44255380769866,-0.017145995918355292,216.55811011904763,217.85989509426565,-0.010005983054068655,-0.21253869667431138,30.478209787176723,-1.6584164146519527,-1.569322112440046,-0.08909430221190662,21.493469852363454,14.700746886458894,-100.5256991024949,-1.5878859865678614,-78.50653012942162,1.730344499860491,0.00802273997873132,0.06805305285818064,0.0998822317958676,0.10046125909751674,-0.1286929869411506,11188648.85,0.8559760100076783,250257438.0,290474130.7930722,24.60490565258543,-0.002781856755848896,215.0800018310547,0,0.010863190153075603
2026-08-21 16:30:00+00:00,215.67010498046875,215.82000732421875,214.63499450683594,215.0800018310547,7493432,0.0,0.0,-0.002781856755848855,0.002028442699266275,-0.010899034952626896,-0.011126428362966956,-0.02207468470881091,-0.002785733310369262,-2.3699951171875,-2.4199981689453125,-1.1299896240234375,-4.5844286202836316e-05,216.09351457868303,-0.00469015809937514,216.89032854352678,-0.008346737840366344,217.6781478155227,-0.011935722581845647,221.66728607177734,-0.029716988724082315,216.20829931069633,-0.005218566924736951,217.76551242841134,-0.01233212076327817,219.27147333802634,-0.019115443715247964,216.27957705543156,217.70617256401496,-0.012062913522472615,-0.2250584046575897,29.90913286924105,-1.6796643800298057,-1.591390565957998,-0.08827381407180757,10.564685803524895,17.894741049463242,-128.43010978034204,-2.0292899796021486,-89.43531417826019,1.7603519984654017,0.008184638197278674,0.0682850133672571,0.09979113123187347,0.10022392273160581,-0.21757713489777564,11209266.25,0.6685033465058428,242764006.0,285930309.3842082,24.422598798859923,0.0013483042759159086,215.3699951171875,1,0.011469237728478507
2026-08-21 17:30:00+00:00,215.0850067138672,216.12680053710938,214.89999389648438,215.3699951171875,7216980,0.0,0.0,0.0013483042759159236,-0.0021313381363322614,-0.007740188486289434,-0.006733416508499457,-0.01765193522628894,0.001347396129918798,-1.6800079345703125,-1.4600067138671875,0.6899871826171875,2.3269865956241088e-05,215.87208557128906,-0.0023258702150882197,216.61961364746094,-0.00576872292045248,217.4607667468843,-0.009614477411094407,221.49268402099608,-0.027642849382783885,216.04063847199458,-0.0031042463100798274,217.547738127391,-0.010010414398876686,219.1184741921111,-0.01710708824861586,216.07686593191966,217.57700126946497,-0.010143563609161034,-0.23703968803024308,30.704117641674742,-1.6540368043803824,-1.603919813642475,-0.05011699073790732,15.84688973649142,15.968348464126587,-103.55973928410133,-1.047552879955871,-84.15311024529366,1.765838623046875,0.00819909301700938,0.06836212526468227,0.09999852746323583,0.10070650834068748,-0.03689257472410501,11217044.7,0.6433940661750237,249980986.0,282506564.29999787,24.823184026080185,-0.002275109093578173,214.8800048828125,0,0.011848152830179528
2026-08-21 18:30:00+00:00,215.36000061035156,215.4600067138672,214.72500610351562,214.8800048828125,6506839,0.0,0.0,-0.002275109093578198,-0.0037091423411318436,0.001096684149491045,-0.009038883454065227,-0.0223839767999765,-0.0022777010863959243,0.2353973388671875,-1.959991455078125,1.9154052734375,-4.6406217497719985e-05,215.50494384765625,-0.0028998822657295004,216.287113734654,-0.006505745199232172,217.2531476702009,-0.010923398868217978,221.3078842163086,-0.029044963112043375,215.8085117541582,-0.004302457135699591,217.3052169233384,-0.011160394926783187,218.9522597093935,-0.018598825296287615,215.8449180966332,217.3882151691618,-0.01153793127371691,-0.2583136253172267,26.57452196209441,-1.6541963372618795,-1.613975118366356,-0.04022121889552355,7.089642527422754,11.167072689146357,-114.66833677424565,-1.2045954561726226,-92.91035745392054,1.7583378383091517,0.008182882531391883,0.06728402491494566,0.09968213862574281,0.10030783272370111,-0.09839863765730261,10928439.5,0.5954042203372218,243474147.0,278789191.2238076,20.75868999658917,-0.0006050115406661489,214.75,1,0.011818003124077981
2026-08-21 19:30:00+00:00,214.8800048828125,215.47999572753906,214.57000732421875,214.75,8523398,0.0,0.0,-0.0006050115406661671,-0.001534321314140108,-0.0050039467260908355,-0.007143013856189762,-0.015585578691777235,-0.000605194634001115,-1.0800018310546875,-1.5449981689453125,-1.315399169921875,0.0,215.17637198311942,-0.001981500009447557,216.07997131347656,-0.006154995788762674,217.0126713344029,-0.01042644800637401,221.1428842163086,-0.02890838761977329,215.59680940332657,-0.0039277455249278875,217.0729244757622,-0.0107011248932193,218.78746521098594,-0.018453823243822453,215.63996959867933,217.04318332935713,-0.010565562549212733,-0.3014396898308861,32.275513156015265,-1.6458408469829635,-1.6203482640896776,-0.02549258289328593,4.664178572490138,9.200236945468102,-109.83673549717915,-0.9592776891943899,-95.33582140885315,1.6229793003627233,0.007557528756019399,0.062916875811653,0.08066157244967952,0.08094235271437211,0.3099137691896172,10059277.85,0.8473170864844934,234950749.0,274614101.48820686,21.255457631005996,-0.02509894942793219,209.36000061035156,0,0.012666912174634785
2026-08-24 13:30:00+00:00,215.3800048828125,215.58999633789062,208.6199951171875,209.36000061035156,33308701,0.0,0.0,-0.025098949427932227,-0.027905440140655435,-0.02930263482960216,-0.0348515472174481,-0.045195436990986604,-0.02541929972715358,-6.3199920654296875,-7.55999755859375,-5.239990234375,0.002933666509008458,214.42142813546317,-0.02360504530307667,215.49854278564453,-0.028485307120477678,216.59410022553942,-0.03339933824430856,220.84748413085939,-0.05201546019717887,214.34944764473158,-0.02327716301199145,216.37174957890667,-0.03240602796884837,218.41776071684342,-0.041469888147937096,214.74397350492933,216.06313142170404,-0.031023945488592098,-0.6041280315450382,19.67385333286623,-2.0505099629246217,-1.7063806038566665,-0.3441293590679553,7.149807311139692,6.30120947035086,-249.60658122108933,-3.4495461417776796,-92.85019267919847,1.8958369663783483,0.009055392438108139,0.10360677908509071,0.10506738071986718,0.09513986581494632,2.907913369761684,11143197.7,2.9891510405491593,201642048.0,267664382.10837764,19.543533988807383,0.002435969169608043,209.8699951171875,2,0.005396986663798311
2026-08-24 14:30:00+00:00,209.35000610351562,210.34500122070312,208.86000061035156,209.8699951171875,16077894,0.0,0.0,0.0024359691696080876,-0.023315383710816984,-0.024223575736993186,-0.03485859709098493,-0.043437106729060315,0.002433007006227643,-5.2100067138671875,-7.5800018310546875,1.1099853515625,-4.773837794589496e-05,213.56999860491072,-0.017324547042539627,215.00139944893974,-0.023866841540940837,216.14648074195497,-0.02903811157689667,220.5242840576172,-0.04831344985841875,213.45355713922277,-0.016788485842290923,215.78068099147765,-0.027392099455354882,218.08255422273928,-0.03765802878998838,213.9935004824684,215.4737900607757,-0.026006851886633733,-0.7348302975158854,23.757129829461974,-2.303507458197714,-1.825805974724876,-0.47770148347283814,12.351765990712826,8.055250624780884,-254.7403423990765,-2.970481567359047,-87.64823399940576,1.835479736328125,0.008745793963041175,0.10448944439254075,0.10433951485416995,0.09387476304879677,-0.5173064839724612,11477872.1,1.4007730579259545,217719942.0,262907768.76472262,19.072308706360758,0.0038118981768265905,210.6699981689453,2,0.005489859403345529
2026-08-24 15:30:00+00:00,209.85499572753906,211.02999877929688,209.58999633789062,210.6699981689453,12455353,0.0,0.0,0.0038118981768267,-0.018998844382093982,-0.021822895736635983,-0.02939417089660723,-0.037954828057513046,0.003804651303362415,-4.6999969482421875,-6.3800048828125,0.510009765625,-7.146990993157764e-05,212.85428510393416,-0.010261888474136309,214.56068529401506,-0.018133271338689836,215.7307615734282,-0.023458700871163873,220.24868408203125,-0.04349032073887388,212.8968453451673,-0.01045974717286749,215.3160734621565,-0.021577930613741216,217.79186575004147,-0.03270033780433831,213.41598031180246,215.11154620631712,-0.02064765055935766,-0.7445891408306748,28.04390813761657,-2.411656164517069,-1.9429760126833147,-0.46868015183375444,20.256926380447723,13.252833227433413,-188.04529519038334,-2.8812465668119067,-79.74307360967087,1.8454796927315849,0.008760049882579177,0.1066496710587979,0.10509245449784134,0.09473143755117046,-0.22531190963194558,11788292.95,1.0565866536257058,230175295.0,259790390.3109395,25.716760599437706,-0.006634571084033144,209.2722930908203,0,0.009596608952795791
2026-08-24 16:30:00+00:00,210.6699981689453,210.75,209.1699981689453,209.2722930908203,8261610,0.0,0.0,-0.006634571084033092,-0.0004189315976096397,-0.02609694557225284,-0.025028881529320923,-0.04511640083075319,-0.006656677683556947,-5.6077117919921875,-5.372314453125,-0.90771484375,0.0,212.0246124267578,-0.01298113131500375,214.05906350272042,-0.022361914200455763,215.26842317127046,-0.02785420170821657,219.928330078125,-0.048452316186236154,212.17193489429792,-0.013666471981360378,214.76663888294414,-0.02558286436234105,217.45776486144456,-0.037641662397303044,212.71086135137648,214.8165697307682,-0.025809352820738107,-0.9313088361336944,26.439367077508635,-2.580402636788449,-2.0704613375043417,-0.5099412992841073,6.445625541222933,13.018105970794492,-176.854855516716,-3.7607284305139537,-93.55437444889564,1.8311941964285714,0.008750294505661659,0.10739945707281233,0.10571991888091474,0.09457809061448567,-0.3367020589460612,11886650.0,0.6950326626930211,221913685.0,256183085.04323095,20.835294858635677,0.005340918677385836,210.38999938964844,2,0.008972924169534513
2026-08-24 17:30:00+00:00,209.27999877929688,210.4199981689453,209.1999969482422,210.38999938964844,7195595,0.0,0.0,0.005340918677385842,0.002477744720823738,-0.020302680374163273,-0.025205033569264956,-0.04165624670285473,0.0053267065526363035,-4.3600006103515625,-5.44000244140625,1.247711181640625,3.6821350608422644e-05,211.3131844656808,-0.00436880016910596,213.59263501848494,-0.014994129495824349,214.8508039202009,-0.0207623357657461,219.62923004150392,-0.04206739990878013,211.81554779336804,-0.00673014053294867,214.36876256537178,-0.018560368255572963,217.1805975880408,-0.0312670573420276,212.2216528029669,214.55131613106388,-0.019395437960650918,-0.8901273681383705,28.793443805556677,-2.5940433574730264,-2.1751777414980786,-0.41886561597494776,17.490142860799526,14.730898260823395,-139.25461117286045,-3.0684190594047327,-82.50985712931906,1.8597651890345983,0.008839608319887008,0.10993313492677045,0.10613126682779776,0.09457191947335736,-0.12903235567885674,11943514.15,0.602468830331649,229109280.0,253604627.42006612,24.650476707595814,-0.0048481594915158474,209.3699951171875,0,0.00892011661596509
2026-08-24 18:30:00+00:00,210.38999938964844,210.47999572753906,209.11000061035156,209.3699951171875,9234044,0.0,0.0,-0.004848159491515847,-0.006170802976488754,4.77383779460272e-05,-0.029256295311912317,-0.03804272461057312,-0.00485994994016318,0.0099945068359375,-6.30999755859375,4.3699951171875,0.0,210.52604021344865,-0.005491221395146973,213.01549203055245,-0.01711376425534801,214.36675589425224,-0.02330940147970679,219.30412994384767,-0.045298439336999646,211.32643725813196,-0.009257914751789617,213.91432916099137,-0.021243710328365025,216.8742994519289,-0.034602091412727076,211.65863414946057,214.17630494177425,-0.022440903655850004,-0.8486101040309239,24.569092597141108,-2.656536646325634,-2.2714495224635898,-0.38508712386204413,7.411059594427696,10.448942665483386,-123.07700196939874,-2.4573701091714315,-92.58894039569088,1.8869073050362724,0.009012310020693892,0.10778862054845538,0.10348080539036479,0.0917745449314436,0.2832912358185806,11807847.65,0.7820260113196835,219875236.0,250392304.42767885,20.52684370134564,-0.004346317163598244,208.4600067138672,0,0.00824110773790012
2026-08-24 19:30:00+00:00,209.3699951171875,209.47000122070312,207.3699951171875,208.4600067138672,15642243,0.0,0.0,-0.0043463171635982345,-0.003881480749105215,-0.0067183896513315355,-0.03077922196777505,-0.041563187522449696,-0.004355789857560856,-1.4099884033203125,-6.6199951171875,-1.41998291015625,0.0,209.6274697440011,-0.005569227313357659,212.40192086356026,-0.01855875000399205,213.92913745698473,-0.02556515119027053,218.95773010253907,-0.04794406383235615,210.753151149279,-0.010880712449118618,213.41848166579825,-0.02323357805380949,216.5443271876912,-0.03733332837105242,211.05123610723587,213.4713945543638,-0.023475687929686087,-0.8217042864179184,23.804883930015563,-2.7478163703773077,-2.3667228920463335,-0.3810934783309743,9.586724730584953,11.49597572860406,-129.06507134601307,-3.414722260403059,-90.41327526061998,1.958693368094308,0.009396015086833515,0.10801836027304686,0.10111013431432368,0.08794111606550799,0.6939753590084692,11627041.75,1.345333003556128,204232993.0,245996179.5298047,19.74894716263792,0.01611769015934037,211.8199005126953,2,0.007501100624201522
2026-08-25 13:30:00+00:00,211.02499389648438,214.72909545898438,210.11000061035156,211.8199005126953,34049760,0.0,0.0,0.01611769015934028,0.006796431043277096,0.0054583108831085525,-0.0164837010028277,-0.023106125886873552,0.015989179218733666,1.14990234375,-3.5500946044921875,2.5598907470703125,0.012304456970135245,209.97888401576452,0.00876762682853294,212.20015607561385,-0.0017919664619909397,213.65865652901786,-0.008606045016782242,218.68672821044922,-0.031400294631114226,210.9665010219623,0.004045189575572115,213.27315610642526,-0.006814057710094313,216.35905555337763,-0.020979732182004694,210.9736333937872,213.12355883584945,-0.00611691326040645,-0.48052937408685076,41.85995173802107,-2.5199919608773484,-2.3973767058125364,-0.12261525506481208,46.08913472458238,21.028973016531676,-34.59111135556058,-1.789731219469524,-53.910865265060295,2.1096997942243303,0.009959875295512788,0.12574442199612024,0.10886788928732966,0.09984678122418132,1.1767824473766324,12754419.85,2.6696439665971945,238282753.0,245261567.4793471,37.90230561105761,-0.002950115579150269,211.19500732421875,0,0.002841190836285515
2026-08-25 14:30:00+00:00,211.8000946044922,212.0399932861328,210.19000244140625,211.19500732421875,15545762,0.0,0.0,-0.0029501155791502587,0.008716684575599043,0.009187619655718127,-0.01714909472662851,-0.026032969512116977,-0.002954475747560777,1.9227142333984375,-3.68499755859375,0.7728118896484375,-9.350352896537424e-05,210.16817147391183,0.004885781910271314,211.86908503941126,-0.003181576562073408,213.39032345726378,-0.010287796079349397,218.4083282470703,-0.03302676679370299,211.01220228241363,0.0008663245055354507,213.08423348986105,-0.008866100202215692,216.1565438581165,-0.022953441266767776,210.83961356026785,212.90261268620768,-0.008020593737370924,-0.16570962717635757,36.19730249144493,-2.3626282253256647,-2.390427009715162,0.027798784389497122,39.616910308026334,31.76425658773122,-53.617082424310574,-1.80630206143923,-60.38308968161633,2.138270786830357,0.010124627536945693,0.12581990518286693,0.10971347608715458,0.10092538753504121,-0.5434398950242234,13127339.75,1.1842279011632952,222736991.0,243116369.7194093,37.04531582130878,0.00475858608949318,212.1999969482422,2,0.0027120789907753387
2026-08-25 15:30:00+00:00,211.1999969482422,212.3195037841797,210.88999938964844,212.1999969482422,9384332,0.0,0.0,0.0047585860894932,0.01794104439183153,0.008603058908905448,-0.011874286620525365,-0.01893248228285227,0.004747299809036789,1.80999755859375,-2.5500030517578125,-0.1127166748046875,2.3625672247800766e-05,210.3867427280971,0.008618671483877294,211.62051391601562,0.0027383121867561463,213.16937110537575,-0.004547436398120352,218.14136810302733,-0.027236333971976476,211.24976121557935,0.004498162398813903,213.00384834971388,-0.0037738820575116405,216.00138515576847,-0.017598906621674362,210.88373514811198,212.73836795328836,-0.002530671877495338,0.2500181872132238,40.1389492699907,-2.132242898685547,-2.338790187509239,0.2065472888236921,55.15712179141018,46.95438894133963,-33.088613121732536,-1.471884775409745,-44.84287819717013,2.1264572143554688,0.010021004924256022,0.1275169851885254,0.10926536338474514,0.09985769405088991,-0.39634145949230404,13176336.05,0.7122110398816064,232121323.0,242069222.41279888,36.9182281088531,0.00028274061949390146,212.25999450683594,1,0.005993212819048637
2026-08-25 16:30:00+00:00,212.22000122070312,212.5800018310547,211.72000122070312,212.25999450683594,8252922,0.0,0.0,0.00028274061949384865,0.002077680109731972,0.01380331211275454,0.01385170943843117,-0.021482591284552766,0.0002827006558976033,2.8899993896484375,2.899993896484375,1.0800018310546875,9.427084235878893e-05,210.81355721609933,0.0068612157103684086,211.41908482142858,0.003977454003803092,212.97722807384673,-0.0033676537792046773,217.87356811523438,-0.025765280556674174,211.45180787383066,0.003822084290164525,212.9362252730886,-0.0031757431849946493,215.85466395384955,-0.016653193316061563,210.96899922688803,212.6468990205431,-0.0018194693432512928,0.3044664787154624,41.756853643419575,-1.9226563799921337,-2.255563426005818,0.3329070460136845,55.842275288716436,50.205435796050985,-19.264441510060912,-1.2192899834459818,-44.15772469986388,2.1032420567103793,0.009908801051216153,0.12681668236693716,0.10930900669794524,0.1001223566061939,-0.12056372259634462,13338479.45,0.6187303456092216,240374245.0,241907795.9925323,41.1155896542851,-2.3507133480476967e-05,212.2550048828125,1,0.006281575563150461
2026-08-25 17:30:00+00:00,212.27000427246094,212.52000427246094,208.47999572753906,212.2550048828125,5895282,0.0,0.0,-2.35071334804271e-05,0.005019046482318101,0.018204922031660242,0.01136422462054787,-0.02389051339773629,-2.350740977741931e-05,3.7949981689453125,2.385009765625,0.904998779296875,4.715804147743193e-05,211.07998657226562,0.0055666969172324995,211.19658551897322,0.00501153634294519,212.75508553641183,-0.0023504991776630876,217.61626831054687,-0.024636317263096362,211.61244727562706,0.0030364830398916212,212.87429614669986,-0.0029091876055231942,215.71350085302458,-0.016032821110035584,211.08045523507255,212.50104590363327,-0.0011578343992301476,0.35733258278365454,40.74030727989779,-1.736937836721438,-2.1518383081489425,0.4149004714275044,59.4283338149293,56.80924363168531,-42.92485439343934,-1.1618137914672326,-40.571666172905246,2.304185049874442,0.010855739543742412,0.12621509050602778,0.11630951512860337,0.11066820286868193,-0.28567336514267305,13302896.7,0.44315776728537626,234478963.0,241200288.08848163,37.564166606565415,-0.0010364948559144188,212.03500366210938,1,0.006387169454318332
2026-08-25 18:30:00+00:00,212.25999450683594,213.43499755859375,211.7100067138672,212.03500366210938,10411266,0.0,0.0,-0.0010364948559143938,-0.0007775367036082503,0.0010155001909331052,0.006479353989785608,-0.023105272145297118,-0.0010370323881726095,0.2151031494140625,1.3650054931640625,-3.57989501953125,2.3507686078680687e-05,211.46070207868303,0.0027158785428128295,210.99337114606584,0.004936802091841549,212.49722871326264,-0.002175205078908609,217.362568359375,-0.024510037480017306,211.69695855292355,0.0015968349828687815,212.7979968299189,-0.003585527961599052,215.569246061224,-0.016394928607276663,211.19224432082405,212.36147713684525,-0.0015373479179746014,0.4240034212054448,41.40491886834504,-1.5891876470728903,-2.039308175933732,0.45012052886084186,56.75192033554611,57.34084314639728,-0.24422180366900206,1.2777049311934197,-43.24807965228843,2.3748986380440846,0.011200502733112072,0.12619146367103684,0.11710440728305332,0.11186989925407481,0.7660335841440664,13415064.1,0.77608768190679,224067697.0,239568612.74672148,42.21322551722449,0.0044567738774659565,212.97999572753906,2,0.0064083395474858985
2026-08-25 19:30:00+00:00,212.02999877929688,213.22999572753906,211.88999938964844,212.97999572753906,8922989,0.0,0.0,0.004456773877465903,0.0033920721725069214,0.008451849434963465,0.017717121468677544,-0.007755199794923562,0.004446871870538136,1.7849884033203125,3.70770263671875,1.56988525390625,-2.3604040493483708e-05,212.10641479492188,0.004118597419402441,210.8669422694615,0.010020790529448285,212.3034188406808,0.0031868393384790897,217.11956817626952,-0.019065865336240283,211.95356598784667,0.004842710406421762,212.814542184248,0.0007774541231633919,215.46770683245202,-0.011545633178506248,211.4571275983538,211.8956927397834,0.005117154453356918,0.4260288841681623,44.90357566348617,-1.3799345685154378,-1.9074334544500733,0.5274988859346355,68.24817246425191,61.47614220490911,16.029978845089683,1.4818700541733836,-31.751827523582644,2.405613490513393,0.011295020841204024,0.12193329228254965,0.11055598880183483,0.10876876636210336,-0.14294870575778196,12247369.85,0.7285636923914729,232990686.0,238942143.53274798,46.76686350167731,-0.011632086501531002,210.50259399414062,0,0.006167150623008611
2026-08-26 13:30:00+00:00,212.4199981689453,213.60000610351562,210.19320678710938,210.50259399414062,25202730,0.0,0.0,-0.011632086501531025,-0.008256158151085269,-0.007999071529278035,0.0005351708960446011,-0.024683351673620457,-0.011700268467798921,-1.6974029541015625,0.1125946044921875,-3.482391357421875,-0.0026293434586575634,211.91822814941406,-0.006680096222155355,210.94855608258928,-0.002114079834099164,212.10618010021392,-0.007560298833858055,216.82641998291015,-0.02916538486979029,211.66337158910548,-0.005484074009804339,212.6043650760564,-0.00988583221776288,215.27299652506724,-0.02215978133768846,211.40854782831101,211.7008326090198,-0.005660056222294115,0.3107664576709277,53.952909848144394,-1.3978915874835138,-1.8055250810567616,0.40763349357324774,42.56768804653314,55.85592694877706,-22.6427418860703,-0.079462750395832,-57.43231193987823,2.151099068777902,0.010218872024102274,0.12608874101357323,0.11485258154597218,0.1136634654123828,1.824471710096247,12957917.35,1.9449676455915963,207787956.0,235975078.05343863,48.793567525404455,0.0027558265747274946,211.08270263671875,2,0.0030615315234369164
2026-08-26 14:30:00+00:00,210.49009704589844,211.52999877929688,210.08079528808594,211.08270263671875,12315793,0.0,0.0,0.0027558265747273936,-0.0044912444122111594,-0.005546461418000637,0.008180291156679953,-0.021315329169049657,0.0027520362467332755,-1.1772918701171875,1.71270751953125,0.520111083984375,-5.936719355808028e-05,211.90218462262834,-0.0038672653958953715,211.0351780482701,0.0002251974712839444,211.88011823381697,-0.003763522522743184,216.51607391357422,-0.02509453999705901,211.54723779862815,-0.002195893299015282,212.4660321270257,-0.006510826584615632,215.10867127454378,-0.0187159755762145,211.42643403552827,211.5042098872164,-0.0019929024141903773,0.15358983304509305,54.17522095983855,-1.3497536156148158,-1.7143707879683725,0.36461717235355673,50.450562522432065,53.755474344405705,-37.00112665459069,0.8650975813143608,-49.54943746397931,2.1485421316964284,0.010178674542480023,0.1268714077919209,0.11471113120975672,0.11330466234337125,-0.5113309946977966,13094846.25,0.9405068807127077,220103749.0,234463522.9054921,49.77230640445821,-0.004277003763902105,210.17990112304688,0,0.003343623380581825
2026-08-26 15:30:00+00:00,211.08990478515625,211.42999267578125,209.75999450683594,210.17990112304688,10716305,0.0,0.0,-0.004277003763902054,-0.01314721880300107,-0.00977646562874357,0.00825047660840017,-0.022782688610244906,-0.004286176307846641,-2.075103759765625,1.7198944091796875,-0.8978118896484375,3.4120031378701116e-05,211.6135995047433,-0.006775076767490575,211.0001711164202,-0.003887532360894888,211.61820911225817,-0.006796711848371767,216.17087188720703,-0.027714051906393703,211.2737704635119,-0.005177497131139491,212.2582020357549,-0.00979138093494326,214.91538617056352,-0.02203418346109657,211.31239711216517,211.35801939039817,-0.005574041007498396,-0.1487753511498959,48.32450868879032,-1.3686752271716784,-1.6452316758090337,0.2765564486373553,38.182738038213124,43.73366286905945,-50.400056309677524,-0.09986133714058136,-61.81726194819825,2.1649703979492188,0.010300558647001488,0.1272531314036,0.11535447463765626,0.11396852333180987,-0.1298729200791212,13255989.9,0.8084122785881119,209387444.0,232075324.91449288,43.391258097647345,-0.0005466682638382211,210.06500244140625,1,0.03383015131504316
2026-08-26 16:30:00+00:00,210.1750030517578,210.32000732421875,209.47000122070312,210.06500244140625,10464674,0.0,0.0,-0.0005466682638382014,-0.0020787941109483565,-0.009290924548677082,-0.008284859293397173,-0.024631995152782027,-0.0005468177414124585,-1.970001220703125,-1.7548980712890625,0.1051025390625,-2.330418495235512e-05,211.30002920968192,-0.005844896344260605,211.05679321289062,-0.004699165359151779,211.37939961751303,-0.006218189560945573,215.83156402587892,-0.02671787887222335,211.0320168590908,-0.004582311405030289,212.05882025445047,-0.009402192328724749,214.7251750439299,-0.02170296334162283,211.18770795549665,211.1927188687139,-0.005339750505335158,-0.23238663076544513,52.97058061171545,-1.3770681199221144,-1.59159896463165,0.21453084470953554,36.621423797497705,41.751574786047634,-69.9236546391466,0.3319517315871477,-63.37857618891367,2.112827845982143,0.010057971682176897,0.12694284107419845,0.11503878398633391,0.11355701170587323,-0.023481134588834496,13418374.6,0.779876424078964,198922770.0,228917938.7321602,42.870425631968324,0.003427516303692501,210.78500366210938,2,0.03390501114110277
2026-08-26 17:30:00+00:00,210.05999755859375,210.9149932861328,209.89999389648438,210.78500366210938,10633222,0.0,0.0,0.003427516303692535,-0.001410342822460997,-0.0103060949829189,-0.0019413511110134563,-0.01905715342354164,0.003421655757280782,-2.1949920654296875,-0.410003662109375,-0.2249908447265625,-2.3825400491793937e-05,211.09002903529577,-0.0014450013322701693,211.08500780378068,-0.0014212479834132224,211.16106669108072,-0.0017809297654274845,215.5288641357422,-0.022010325589722782,210.98261421969454,-0.0009366201016850509,211.9430187460558,-0.005463803860076473,214.57065851915263,-0.017642928828909308,211.1514693487258,211.07555729771437,-0.001376538521671658,-0.29501486623765183,51.52570657152434,-1.3105146693437462,-1.5353821055740693,0.22486743623032313,46.405245014283615,40.40313561666482,-31.920713389446266,1.1153203844142305,-53.59475497212777,2.0981848580496654,0.009954146744723473,0.12792175955492766,0.1152675595756854,0.113730769274389,0.016106378469123772,13624693.75,0.7804375052466774,209555992.0,227073943.8052878,43.924983965991224,0.0004981176351016497,210.88999938964844,1,0.03336115770231088
2026-08-26 18:30:00+00:00,210.78500366210938,211.3300018310547,210.49000549316406,210.88999938964844,13711133,0.0,0.0,0.000498117635101547,0.003378526028451345,0.0018403830003093091,-0.0061734098842295415,-0.0179743916663635,0.0004979936156948075,0.3874053955078125,-1.30999755859375,2.5823974609375,0.0,210.92645699637276,-0.00017284511029728436,211.1935795375279,-0.0014374497015620235,210.9710664295015,-0.0003842566718965635,215.2360641479492,-0.020192084330687143,210.96409125368533,-0.00035120604457485836,211.84728971365513,-0.004518775412685721,214.42631894544658,-0.016492003281935494,211.12546822684152,210.94863955111458,-0.00027798312229293645,-0.2713141135969009,56.317581857226884,-1.2350612848493654,-1.4753179414291286,0.24025665657976325,47.83199179919235,43.619553536991226,4.716959460044868,-0.439005551787969,-52.16800818721903,2.060327802385603,0.009769679967465373,0.12801888638726075,0.1152271837331133,0.11367656779236335,0.2894617454615356,13884080.5,0.9875434674986218,223267125.0,226711389.63335562,50.04810093785708,-0.004457311603806615,209.9499969482422,0,0.03305633836135201
2026-08-26 19:30:00+00:00,210.89500427246094,210.9949951171875,209.22999572753906,209.9499969482422,19896937,0.0,0.0,-0.00445731160380658,-0.0005474757424008825,-0.005366170104548984,-0.010882868267102275,0.002818094842236274,-0.004467275034941528,-1.1327056884765625,-2.30999755859375,-1.520111083984375,2.3732196059373376e-05,210.49360002790178,-0.002582515951007303,211.30000741141183,-0.0063890696441610195,210.74249485560827,-0.003760503584743593,214.92506408691406,-0.023147915110714345,210.7612723925967,-0.0038492624149633354,211.67480855316302,-0.008148402810434047,214.25077690634052,-0.02007357928955534,210.95965721493675,210.8511870304999,-0.0042740574285838225,-0.28249587752389144,56.177422432324676,-1.2368565625816075,-1.4276256656596245,0.19076910307801698,23.52340790899658,39.25354824082419,-54.38915455467984,-0.5895074849280758,-76.47659207500112,2.0363987513950894,0.009699446444323656,0.09216225606756957,0.09321872622339072,0.10186297252775367,0.45115192158080597,13213492.3,1.505804563113114,203370188.0,224488418.04922652,48.933961112475835,0.07511314361366069,225.72000122070312,2,0.034804244453053225
2026-08-27 13:30:00+00:00,222.5850067138672,226.39999389648438,220.89999389648438,225.72000122070312,107486188,0.0,0.0,0.07511314361366073,0.07085417510315262,0.07393713677959401,0.06343782727443692,0.07552297361357097,0.0724259059144196,15.54010009765625,13.464996337890625,16.672805786132812,0.06018104286364748,212.66751534598214,0.0613750805026566,212.29287174769811,0.06324814094040514,211.52154250372024,0.06712535540755163,214.93846405029296,0.05016104129150775,213.75301815821803,0.05598509516048687,212.9516442502121,0.05995894990802989,214.70055040886456,0.051324744118272515,212.8823230561756,214.97992925504647,0.049958486835601106,0.6928216695748495,78.40224081377391,0.03383815110174737,-1.1353329023073502,1.1691710534090975,96.2053976215148,55.853599109901246,516.9200619337913,6.371349890120355,-3.794602372904847,2.763606480189732,0.012243516149352252,0.2818525329866675,0.10587846617278396,0.11378965168731349,4.402147476267327,17783907.0,6.044014287749031,310856376.0,232713937.85406208,63.75735825122462,-0.0011961911704799894,225.4499969482422,1,0.0100347897918455
2026-08-27 14:30:00+00:00,225.72000122070312,227.30999755859375,223.5,225.4499969482422,33732591,0.0,0.0,-0.0011961911704799766,0.06904072075837098,0.07323920847370702,0.06326782396509589,0.07015711258251467,-0.0011969071781831593,15.384994506835938,13.414993286132812,-0.1551055908203125,0.0,214.71998596191406,0.049972111064600144,213.3110852922712,0.05690708309547897,212.26344735281808,0.0621235062363031,215.04806396484375,0.04837027030873706,216.09241391622288,0.04330361655177704,214.0878581318512,0.05307231767128183,215.12209733197741,0.048009478079226335,214.63660641624813,216.0645180457004,0.0434383164222883,1.4541321826546547,79.55604005219332,1.007472265146248,-0.7067718688166306,1.7142441339628784,90.1221432268517,69.95031625245436,340.06861162654343,6.214078386268553,-9.877856767837624,2.903606959751674,0.012879161672401319,0.2824075676260409,0.11088575863457281,0.12049450842746841,-0.6861681335280028,18847768.9,1.789739208867316,277123785.0,236943447.10605618,71.51540228111466,0.013639374539216036,228.52499389648438,2,0.00996186928180477
2026-08-27 15:30:00+00:00,225.4499969482422,228.63999938964844,224.83999633789062,228.52499389648438,26653270,0.0,0.0,0.013639374539216043,0.08847343280896247,0.08416153865866272,0.07298806686441917,0.09199832677949749,0.013547195500778467,17.739990234375,15.544998168945312,2.3549957275390625,0.0,217.34071350097656,0.051459665404135616,214.47715650285994,0.06549805873322279,213.11368524460565,0.07231496482320111,215.2277697753906,0.061782102443884546,218.5789299122752,0.045503306234299094,215.4003250195451,0.06093151844449363,215.64770111882083,0.05971449132447974,216.66512756347657,216.95670157123755,0.053320742071638984,2.291132249137007,81.17218785303666,2.004108751905278,-0.1645957446722489,2.168704496577527,99.42953634291986,95.25235906376213,251.20038845375302,7.665302885356224,-0.5704636521198163,3.0729282924107144,0.013446793018137967,0.2818885539345388,0.11538971427970884,0.12350766820086062,-0.20986591276074817,19767351.9,1.3483480303702189,303777055.0,243308552.6197651,73.25759871876447,0.0031703427757435692,229.24949645996094,2,0.009484816330910568
2026-08-27 16:30:00+00:00,228.52999877929688,230.47000122070312,228.31500244140625,229.24949645996094,32466294,0.0,0.0,0.003170342775743462,0.015636608276493602,0.0870572199888473,0.08905782161687825,0.08964065366711726,0.0031653278356760348,18.3594970703125,18.746902465820312,0.6195068359375,2.1900811491740704e-05,220.08135550362724,0.0416579629624325,215.69069235665458,0.06286225870527312,214.06498064313615,0.07093414238580052,215.4221597290039,0.06418716044945103,220.71304322181237,0.038676704890208594,216.65934060503744,0.05811037650029965,216.18110485768906,0.06045112782088092,218.63477289109002,218.03185918904708,0.05144953270859385,2.7791700777223687,81.63815860741492,2.8199055343225723,0.4323045111267154,2.387601023195857,94.44972961891212,94.66713639622789,203.1448188248271,8.118703280333238,-5.550270376540369,3.1654281616210938,0.01380778675847664,0.2819134665820499,0.11645687770872175,0.1252407498083728,0.2180979669661547,21030886.85,1.5437434584457381,336243349.0,252159485.6083589,75.36503618851557,-0.013781928295847437,226.08999633789062,0,0.008845060118869125
2026-08-27 17:30:00+00:00,229.24000549316406,229.60000610351562,226.0800018310547,226.08999633789062,20894230,0.0,0.0,-0.013781928295847456,0.0028387642417904146,0.07687544474519492,0.07109674792728038,0.07985863118229863,-0.013877780776600932,16.139999389648438,15.007293701171875,-2.2194976806640625,-4.1400164202721485e-05,222.26778302873885,0.017196434215751257,216.6789060320173,0.0434333478886924,214.81259954543341,0.05249876783889259,215.53735961914063,0.04895966405707011,221.78843384502804,0.019394890970053275,217.51667294438775,0.03941455741029743,216.56968883730482,0.04395955662887732,220.02134675525483,218.6567187232405,0.03399519419307044,2.8662105261414275,73.05508256540101,3.1748869862014146,0.9808210061416553,2.1940659800597593,79.37851341415163,91.0859264586612,139.20685371212343,6.155507969425149,-20.621486581140278,3.1282849993024553,0.013836459153254215,0.2875468718170548,0.12022129657277933,0.12689960591646976,-0.3564331672718789,21613896.15,0.9667035436366711,315349119.0,258177545.93137234,71.87974815850711,0.004953825441717958,227.2100067138672,2,0.009767856350848828
2026-08-27 18:30:00+00:00,226.10000610351562,227.47999572753906,225.35000610351562,227.2100067138672,23071561,0.0,0.0,0.004953825441717852,-0.005754237907179771,0.006601123006849452,0.08102632792109965,0.0899453103526775,0.004941595621431262,1.4900054931640625,17.030105590820312,-14.649993896484375,4.427336807063401e-05,224.59921264648438,0.01162423517254505,217.76283482142858,0.04338284767528012,215.66212390718005,0.053546179539638354,215.6828598022461,0.05344489090202429,222.87274841879588,0.019460693717931764,218.3978851052495,0.04034893288609754,216.98695620501314,0.04711366382386603,221.42549351283483,219.44139161369964,0.035401776497151774,2.7521377714269817,74.55166761297667,3.506170866113763,1.485890978136077,2.020279887977686,84.65163058111422,86.15995787139268,110.60380158652639,7.936915361770909,-15.348369414177688,3.1572134835379466,0.013895574095466802,0.28585717794835375,0.11997490920683743,0.12647955492847324,0.10420728593492079,21985362.05,1.0494055520909649,338420680.0,265819749.17600355,66.31915551868704,0.003697004150651072,228.0500030517578,2,0.007944573449294041
2026-08-27 19:30:00+00:00,227.1999969482422,228.97999572753906,226.94580078125,228.0500030517578,19429849,0.0,0.0,0.0036970041506509954,-0.005232261909951963,0.011532517803105158,0.08561635875242057,0.0766221799735467,0.0036901870275946273,2.600006103515625,17.985000610351562,1.1100006103515625,-4.4055126663332056e-05,227.18492780412947,0.003807802110756082,218.83926391601562,0.04208906103447196,216.59498087565103,0.052886831124818706,215.85905975341797,0.05647640322444394,223.90819934538828,0.018497775956663905,219.27535037311387,0.04001659403883375,217.42080117939528,0.04888769526492279,222.79711594354538,220.41068366872435,0.03465947864160999,2.4511011807845464,74.46491328116718,3.792775655208885,1.9472679135506388,1.8455077416582464,88.60641457644522,84.21218619057036,105.32821910329173,8.03822397714892,-11.39358541884669,3.206799098423549,0.014061824404719162,0.2825215922935011,0.11228003658042998,0.11627752789790881,-0.15784419615127043,21254366.5,0.91415799195897,357850529.0,274584585.3497175,67.36783390885506,-0.012869973774688476,225.11500549316406,0,0.006303444881409342
2026-08-28 13:30:00+00:00,227.3300018310547,229.25999450683594,223.25,225.11500549316406,45899802,0.0,0.0,-0.012869973774688459,-0.004312401523813736,-0.01492173063951574,0.06798397220907537,0.0659106403380827,-0.01295350939535023,-3.4099884033203125,14.330001831054688,-6.0099945068359375,-0.003157207678425497,227.09849984305245,-0.008734070684088383,219.8830075945173,0.023794462136297573,217.22808111281623,0.03630711250547528,215.9653598022461,0.042366265123507274,224.14956057494345,0.004307146156075165,219.80622811130024,0.024152078980908293,217.72253468189604,0.03395363195653981,223.63388148716518,221.27776553734094,0.017341281201423926,1.7832971435851368,73.37475655102543,3.7399701929288085,2.3058083694262725,1.434161823502536,74.78816222523855,82.68206912759933,75.26200238950146,7.105867064473773,-25.211837770053354,3.3927416120256697,0.01507114820968087,0.287829378884824,0.12435735817183065,0.1305972050189298,1.3623344679621545,22772068.5,2.0156184757656073,311950727.0,278143265.50688726,63.43694633171155,-0.004953048290678789,224.0,0,0.005933646421504023
2026-08-28 14:30:00+00:00,225.11500549316406,226.91000366210938,223.5,224.0,22092103,0.0,0.0,-0.004953048290678774,-0.014127928431909464,-0.022898617187923853,0.06216511284695403,0.05560793224062088,-0.004965355289287279,-5.2494964599609375,13.110000610351562,-1.839508056640625,0.0,226.891357421875,-0.012743356356611474,220.80567169189453,0.014466695006586018,217.8378426688058,0.028287818386700987,216.0823599243164,0.036641769732708156,224.1196484599548,-0.0005338597520405863,220.18748010118205,0.017314880469355858,217.96870979240992,0.027670440465085627,224.1828138078962,221.6340622817535,0.01067497339478493,0.862697819563465,70.31550722556793,3.5670313419107913,2.5580529639231764,1.008978377987615,69.53860853058238,77.6443951107554,58.72007583288966,6.63365977034386,-30.46139146470952,3.5327987670898438,0.015771423067294968,0.28925833584895044,0.12766880145822151,0.13491179547145787,-0.5186884902030733,23407457.05,0.9438061961540585,289858624.0,279259013.9348028,61.74318435702562,-0.017053604125976562,220.17999267578125,0,0.007014705468830638
2026-08-28 15:30:00+00:00,224.0,224.19000244140625,219.94000244140625,220.17999267578125,25938017,0.0,0.0,-0.017053604125976562,-0.034510020919361284,-0.026140049351307426,0.048725867474344486,0.037312722010318655,-0.01720069147747016,-5.910003662109375,10.229995727539062,-0.6605072021484375,0.0,225.699214390346,-0.024453880929309786,221.51996394566126,-0.006048986493166167,218.2178424653553,0.008991703832506198,216.1005596923828,0.01887747532531432,223.33171730312012,-0.014112301939840593,220.1867994261456,-3.091352606993964e-05,218.05542676822841,0.009743237941981136,224.0993899390811,221.78400756865258,-0.007232328924201549,-0.535612575067916,64.40564928618988,3.0861580812961904,2.6636739873977793,0.42248409389841113,51.55364461299611,65.29347178960569,25.69365753132057,4.457142989492541,-48.446355382295806,3.7170846121651784,0.016882027140503027,0.29772969826113055,0.1337509555883736,0.1377153091660185,0.17408546393251934,24291711.8,1.06777230083884,263920607.0,277798213.27434534,59.40756977696519,-0.00676714635270715,218.69000244140625,0,0.007251545404011631
2026-08-28 16:30:00+00:00,220.1999969482422,220.9499969482422,217.88999938964844,218.69000244140625,22368616,0.0,0.0,-0.006767146352707143,-0.02854098080970846,-0.03749836724044664,-0.031144775568307415,0.03031729481312606,-0.006790147313561662,-8.520004272460938,-7.029998779296875,-2.6100006103515625,9.085417897303356e-05,224.19071524483817,-0.024535863572227208,222.1360353742327,-0.015513164836157304,218.52403331938245,0.0007595005432673182,216.08635772705077,0.012049093435283981,222.40337433077735,-0.016696562723151682,220.0507269729875,-0.006183685690536682,218.0803120887452,0.0027957147842404034,223.72206173851376,221.7934659979228,-0.013992583336659781,-0.9938546638696948,61.95127538929663,2.555376014183082,2.64201439275484,-0.08663837857175771,44.53862649172306,55.21029321176719,2.128143924644963,3.6986121078739456,-55.46137350356884,3.874941144670759,0.017718876498212376,0.29929402859731125,0.1307636223564866,0.1328142777324206,-0.13761271727133184,25115378.5,0.8906342383014455,241551991.0,274346192.10536003,57.71423052903411,-0.0013489330360419724,218.39500427246094,1,0.00622092371503431
2026-08-28 17:30:00+00:00,218.6999969482422,219.8300018310547,218.07000732421875,218.39500427246094,13800971,0.0,0.0,-0.0013489330360419993,-0.02502230235508507,-0.04233720083356274,-0.03129293755280427,0.029995050347850105,-0.0013498436652205055,-9.654998779296875,-7.05499267578125,-1.1349945068359375,4.570170892274617e-05,223.0914306640625,-0.02105157682480653,222.67960684640067,-0.019241108939427563,218.81641424269904,-0.0019258608715193165,216.07462982177734,0.010738763975144857,221.6017003191141,-0.014470538998667097,219.90020672748506,-0.0068449342427523065,218.09265295869483,0.0013863434171805258,223.22325759161086,221.90434566289653,-0.01581465824806764,-1.3952956278230344,60.670515250582945,2.08686740665226,2.530984995534324,-0.4441175888820639,43.149746582881384,46.41400589586686,-4.944653242590261,4.02238982945088,-56.850253412410524,3.928155081612723,0.017986469492196473,0.2993333742963917,0.13074214861034206,0.13276988665839398,-0.38302079127291555,25284863.75,0.5458194727270381,227751020.0,269908556.6667543,54.9043248468767,-0.005105453290373922,217.27999877929688,0,0.0061118556772417915
2026-08-28 18:30:00+00:00,218.39500427246094,218.69000244140625,216.80999755859375,217.27999877929688,19575302,0.0,0.0,-0.005105453290373929,-0.01317101459238701,-0.03480446226453393,-0.04920685009308512,0.020189703906552392,-0.005118530646567109,-7.8350067138671875,-11.2449951171875,1.8199920654296875,0.0,221.67285810198103,-0.019816856967862975,223.1360353742327,-0.026244244167411737,219.06617591494606,-0.008153596182436329,216.03702972412108,0.005753500021534769,220.73736001115066,-0.015662782374780002,219.6620060049225,-0.010843965549333055,218.0607841673459,-0.003580585986732253,222.50330984933035,221.89997057678895,-0.020820064939452074,-1.5415183942062993,58.7130759061289,1.607073986406732,2.3462027937088057,-0.7391288073020736,37.90019288822521,41.862855320943225,-19.576804683775322,-3.7391469057792732,-62.099807107066695,4.00244140625,0.018420661951020524,0.3000640662984555,0.131345587817219,0.13347975276645221,0.4184003429903591,25817479.4,0.7582189452623327,208175718.0,264029238.698492,51.15167310494086,0.0011965873909085764,217.5399932861328,1,0.005788474525684994
2026-08-28 19:30:00+00:00,217.2899932861328,218.1802978515625,216.92999267578125,217.5399932861328,17752300,0.0,0.0,0.0011965873909085545,-0.005258627017398987,-0.02883931568690712,-0.05107755242495471,0.03343141363943514,0.0011958720508042807,-6.4600067138671875,-11.709503173828125,1.375,4.599828282419804e-05,220.17142813546317,-0.01195175446515879,223.6781779697963,-0.027442036319094594,219.28331865583147,-0.007950104825013519,215.99712951660158,0.0071429827469328,220.09788666614708,-0.01162161717564582,219.46909575775976,-0.008789859296396862,218.04036099553363,-0.002294839850355845,221.75717090425036,222.26664981428036,-0.02126570284869879,-1.4668693155379489,60.544879598728144,1.2335935296496814,2.123680940896981,-0.8900874112472996,5.344037567943787,28.79799234635014,-24.274360868250195,-3.508540150430888,-94.65596242473558,3.9656775338309154,0.018229648139211744,0.2962395199719596,0.12738525877671783,0.12957667244320784,-0.09312765647242638,25444957.9,0.6976745675810295,225928018.0,260400551.01292133,51.31953379316366,0.011630109939178776,220.07000732421875,2,0.006036351415247758
2026-08-31 13:30:00+00:00,218.86199951171875,220.36000061035156,216.2100067138672,220.07000732421875,31252089,0.0,0.0,0.011630109939178679,0.007669603328783747,-0.0004995247307708617,-0.026626516480963702,0.0425771727158879,0.01156300003973213,-0.1099853515625,-6.019989013671875,6.3500213623046875,0.00607707210802848,219.45071411132812,0.0028220150269077427,223.2746069771903,-0.014352727774746821,219.73890976678757,0.0015067771009743822,216.04552978515625,0.018627913954276053,220.09231079776143,-0.00010133690478206126,219.52372408198332,0.00248849296137546,218.11995496920758,0.008940274883503983,221.27608148484003,222.33139778620276,-0.010171260040151519,-1.31521935238293,37.58189791634368,1.1287470719277621,1.9246941671031375,-0.7959470951753753,27.06873840821238,23.43765628812713,-15.293471240520496,-3.6998082476958767,-72.931261584775,3.0871058872767856,0.014027835618302455,0.29828515103835707,0.1328718538558633,0.1366039631510542,0.7604529553916957,26391772.7,1.1841602818896664,257180107.0,260093842.05930978,40.7398716797201,0.0009087878474395715,220.27000427246094,1,0.002919628277183757
2026-08-31 14:30:00+00:00,220.07000732421875,220.60000610351562,219.1199951171875,220.27000427246094,12671411,0.0,0.0,0.0009087878474396405,0.013761071014185555,0.0072248471051072904,-0.03054444010534274,0.04800698399561498,0.0009083751497812978,1.5800018310546875,-6.94000244140625,1.6899871826171875,0.0,218.91785757882255,0.00617650249544108,222.90460750034876,-0.011819420232809146,220.17640032087053,0.0004251316283378808,216.10092987060546,0.01929225572667597,220.12784949270133,0.00064578280343249,219.5915677356631,0.0030895381994423218,218.20427062815872,0.009466971651590435,220.87546779087612,222.51575238298034,-0.010092535411354004,-0.9874073374158256,38.57976761269178,1.0496933693338804,1.7496940075492862,-0.7000006382154058,28.471242091732652,20.294672689296277,-8.690791284632352,-3.9169081398742027,-71.52875790125472,2.920678274972098,0.013259537015063261,0.2973469969439718,0.13257106250146747,0.13651662465115505,-0.5945419520595887,26489528.0,0.4783554844767336,269851518.0,261023144.5298517,36.91710751325217,-0.00020248531150214244,220.22540283203125,1,0.0037152840135905914
2026-08-31 15:30:00+00:00,220.25,220.36000061035156,219.10000610351562,220.22540283203125,8168409,0.0,0.0,-0.0002024853115021319,0.012344440694940673,0.008381137497480484,-0.034310897237526894,0.04836788742788811,-0.00020250581442055886,1.8303985595703125,-7.8246002197265625,0.250396728515625,-9.08170521307231e-05,218.9243447440011,0.005942957552507894,222.31177956717355,-0.009384913112543783,220.65475754510788,-0.001945821236086045,216.168837890625,0.018765724888801835,220.14736016056733,0.00035450196362401594,219.64918910806017,0.002623336449855857,218.28353071458508,0.008896099999300223,220.5182405017671,222.72442338020392,-0.011220235797380284,-0.5066084427652975,28.87996506424092,0.9722364404943278,1.5942024941382944,-0.6219660536439666,28.15846889672771,27.89948313222425,-17.798959876336752,-2.5939199437505516,-71.84153109625966,2.7392490931919644,0.012438388387323267,0.29730261160255694,0.13285326606379574,0.13690106143923128,-0.35536705422939874,26374714.75,0.30970606042289045,261683109.0,261085998.28891346,30.545688389805235,-0.003884237258025045,219.3699951171875,0,0.007874303370398513
2026-08-31 16:30:00+00:00,220.2299041748047,220.2899932861328,219.33999633789062,219.3699951171875,6945756,0.0,0.0,-0.003884237258025003,-0.003180861470140961,0.009618908089251033,-0.025520335098901392,0.040728663358043926,-0.00389180049886377,2.089996337890625,-5.7450103759765625,0.2595977783203125,2.0439707297755712e-05,219.02148655482702,0.0015912071817284765,221.6061008998326,-0.010090452264424532,221.0978524344308,-0.007814898689474577,216.21943786621094,0.014571110174245507,219.99188715189138,-0.0028268862218163056,219.62380783616263,-0.0011556703322588451,218.32613716174598,0.00478118638934836,220.12600257510232,222.93135487855758,-0.01597514070326343,-0.1896778453250201,25.02593977419737,0.8322335424644507,1.4418087038035259,-0.6095751613390752,23.599615736556682,26.74310890833902,-29.883628797184894,-3.4505573544207317,-76.40038425597507,2.6531775338309154,0.012094532492474611,0.2981399033601162,0.13277469125951405,0.1367342336530175,-0.14968067833038234,26190341.45,0.2652029571000496,254737353.0,260481365.40425503,21.802382093852458,-0.001823375600071004,218.97000122070312,0,0.008507590671387058
2026-08-31 17:30:00+00:00,219.36000061035156,220.02000427246094,218.9105987548828,218.97000122070312,7282736,0.0,0.0,-0.0018233756000709533,-0.0059018614724762886,0.006573540400405475,-0.022455351693289605,0.038313821681633,-0.0018250399728526182,1.4300079345703125,-5.029998779296875,-0.6599884033203125,-4.556004493938596e-05,219.10362897600447,-0.000609883806695744,221.0975298200335,-0.009622579687129389,221.48761422293526,-0.011366834263186852,216.2729379272461,0.012470646208874512,219.78750996565373,-0.0037195414110412087,219.56437087112084,-0.0027070405278272237,218.35138673268548,0.002833114537404523,219.77452261788505,223.19899850620178,-0.018947205470378474,0.09779157541033713,29.0834695804607,0.6811521742888829,1.2896773979005973,-0.6085252236117145,21.149402975775278,24.302495869686563,-45.64134403833106,-3.9815837358064368,-78.85059701656188,2.480991908482143,0.011330282205963839,0.2984252121972804,0.13294044175397426,0.1369054452220066,0.04851595708228151,25868921.6,0.2815245301914711,247454617.0,259240722.6990879,22.92266805466383,0.0038818381457599352,219.82000732421875,2,0.008636919438417621
2026-08-31 18:30:00+00:00,218.9499969482422,219.8498992919922,217.7100067138672,219.82000732421875,12669946,0.0,0.0,0.0038818381457599305,-0.0018408208253872793,-0.0011360021433165501,-0.0016349594129225764,0.04701124324574191,0.0038743232535171515,-0.25,-0.3599853515625,-1.6800079345703125,-9.135622390887938e-05,219.46648733956474,0.0016108153410476147,220.56967272077287,-0.0033987691385830325,221.91285269601005,-0.009430933568542679,216.33093811035155,0.016128387572892026,219.79400943736675,0.00011828296375514602,219.5876105486752,0.001058332821973925,218.40897969705932,0.006460483580437536,219.60418628510973,223.61037140577983,-0.016950752586810277,0.2215571033967031,27.94032040181561,0.6228279177447291,1.1563075018694238,-0.5334795841246947,27.662865799920354,24.137294837417443,-62.26337748334401,-2.352130262183958,-72.3371341924168,2.4816992623465404,0.011289687833896403,0.2974825281377906,0.13336884823443426,0.13756047525972978,0.7397233677013695,25507572.05,0.49671313189527966,260124563.0,259324897.96584144,23.877951886342245,0.004822115927920654,220.8800048828125,2,0.008767211506223132
2026-08-31 19:30:00+00:00,219.82000732421875,221.3000030517578,219.272705078125,220.8800048828125,13880736,0.0,0.0,0.0048221159279207,0.006883392438507219,0.0027693312685326266,0.010014186368638489,-0.021442478786619423,0.00481052676815805,0.6100006103515625,2.19000244140625,0.8600006103515625,0.0,219.9436318533761,0.0042573318515371494,220.05752999441964,0.0037375448520665508,222.4333292643229,-0.006983325685232949,216.39953826904298,0.02070460339050442,220.01120852645593,0.00394887316046968,219.7051009426877,0.00534764070145984,218.50588264552024,0.01086525547292886,219.64556390671504,223.31792437012507,-0.01091681061508107,0.3040435482388722,28.874510270231823,0.6545927309070976,1.0559645476769586,-0.401371816769861,35.78546005310153,28.19924294293239,-34.08896150708097,-1.392854963023916,-64.21453993923562,2.481206621442522,0.011233278552070337,0.12363024028745313,0.12419147082793396,0.12839603221794618,0.09556394320859773,20827299.45,0.6664683548303234,274005299.0,260723031.3976661,22.065256774357835,-0.01480443770451668,217.61000061035156,0,0.00809197243781145
2026-09-01 13:30:00+00:00,216.61000061035156,218.38999938964844,215.10000610351562,217.61000061035156,27988912,0.0,0.0,-0.01480443770451667,-0.006210899222587107,-0.011876024237197025,-0.003594421331772013,-0.034774878882302684,-0.014915117115079448,-2.6154022216796875,-0.785003662109375,-3.22540283203125,-0.019331782769142228,219.59220232282365,-0.00902673998209198,219.5214582170759,-0.008707383880556478,222.04713875906808,-0.019982865681106757,216.41073822021485,0.005541602972172411,219.5309669432351,-0.008750320556696152,219.51463727611167,-0.008676581613807039,218.4707500166901,-0.003939883971968012,219.31922665550596,222.71713124350273,-0.02293101839366131,0.13700121739842955,28.315530678916346,0.4111649048875279,0.9270046191190724,-0.5158397142315445,21.253133154095913,28.233819669039274,-90.50234388792937,-1.167223249572168,-78.74686683743668,2.464778355189732,0.01132658585664816,0.1329246845995271,0.12317538729844793,0.1266523412761065,1.0163852983011852,20540115.5,1.3626462811272897,246016387.0,259322398.59788838,23.845465174762396,0.005468509894161741,218.8000030517578,2,0.004766073328476718
2026-09-01 14:30:00+00:00,217.61000061035156,218.8000030517578,217.52999877929688,218.8000030517578,10756815,0.0,0.0,0.0054685098941618104,-0.004640179412588652,-0.002598313707967259,0.0069956014405399,-0.04255548016394095,0.005453611882534071,-0.5699920654296875,1.5200042724609375,2.04541015625,0.0,219.3822021484375,-0.0026538118907344565,219.15002986363,-0.001597201753010989,221.73047238304503,-0.013216358129664455,216.49384613037108,0.010652297802438811,219.38477416493964,-0.0026655045474555917,219.44967052844314,-0.002960439517261242,218.48366190041824,0.001447893854334552,219.22303263346353,222.2872293683681,-0.015687929200897347,-0.029940312956703363,35.04030226752576,0.31068842792012674,0.8037413808792833,-0.4930529529591565,40.704053228405904,32.58088214520112,-61.9814049451595,0.050299789255584294,-59.295946760593,2.3119212559291293,0.01056636756705927,0.12319885140832904,0.11853138673885837,0.12342299731340052,-0.6156758433482517,19745292.75,0.5447787042813027,256773202.0,259079617.96951804,29.721904375520197,0.00356489382274992,219.5800018310547,2,0.0036881536690935367
2026-09-01 15:30:00+00:00,218.8000030517578,220.41000366210938,218.6999969482422,219.5800018310547,12252538,0.0,0.0,0.003564893822749937,-0.005885562400487654,0.0027857725119924126,0.00937762530055175,-0.0421789132723136,0.003558554649951034,0.6100006103515625,2.040008544921875,1.17999267578125,0.0,219.29000200544084,0.0013224489167788403,219.107173374721,0.002157977984239264,221.30452037992933,-0.007792513889486959,216.5688461303711,0.013903919028395318,219.42381969816267,0.0007117829463826858,219.46151882868054,0.0005398805358040946,218.5266556231883,0.004820218407029839,219.28036222912016,221.58663045798284,-0.009055729683563144,-0.15082177568142396,47.907983357978175,0.2906490573861902,0.7011229161806647,-0.4104738587944745,72.2580311605902,44.738405847697344,-33.305892244290916,0.542593711122608,-27.741968823280743,2.1304931640625,0.009702582868598405,0.12343229190644597,0.11800122425199619,0.12266153532115451,0.13904887273788757,18734604.95,0.6540056773388222,269025740.0,260026867.68670678,37.289555853283304,-0.0055574569009398285,218.3596954345703,0,0.012192128607450907
2026-09-01 16:30:00+00:00,219.60000610351562,219.8498992919922,218.1300048828125,218.3596954345703,8549235,0.0,0.0,-0.005557456900939783,0.0034451303805707045,-0.006643216454335632,-0.0077716718895215475,-0.034191255820834265,-0.0055729570187086725,-1.4603118896484375,-1.7103118896484375,-2.0703125,9.11024332545444e-05,219.14567347935267,-0.003586555154386017,219.08358001708984,-0.0033041480445944868,220.78595842633928,-0.010989208775101742,216.62244018554688,0.008019738156062581,219.2109948454442,-0.0038834704047130825,219.3613530655796,-0.004566244769220017,218.52010816481112,-0.0007340868151094252,219.18069850376673,221.19345288545338,-0.012811217574047006,-0.18572761713210667,48.82622840714939,0.17429007667985275,0.5957563482805023,-0.42146627160064953,52.57566024210887,55.179248210368335,-49.04699096079103,0.496914884634722,-47.42433974176209,2.034771510532924,0.00931843903919214,0.1163802785190851,0.11454193583628076,0.12126971334327727,-0.30224782816425466,18117355.2,0.47188096196292495,260476505.0,260069690.28797278,39.830004542612414,-0.004123428653846033,217.4593048095703,0,0.012153376813689588
2026-09-01 17:30:00+00:00,218.34500122070312,218.60000610351562,217.2899932861328,217.4593048095703,6829555,0.0,0.0,-0.004123428653846073,-0.006127505591809079,-0.015486689594456648,-0.012760246099663974,-0.0429149316322861,-0.00413195342804675,-3.4207000732421875,-2.810699462890625,-1.96038818359375,-6.729361770667613e-05,218.9298597063337,-0.006717013835980311,219.01674434116907,-0.007111052336553675,220.3749731154669,-0.013230487403647575,216.67002624511719,0.0036427676597804055,218.86065683826942,-0.006402941711576132,219.18843958776057,-0.007888804635109612,218.47850803323306,-0.004665004502424766,218.96412847609747,220.76042125415236,-0.01495338895356907,-0.23735349504567219,46.81208328347799,0.009313388642908649,0.47846775635298355,-0.4691543677100749,38.05322366074809,54.2956383544824,-77.08342000684993,-0.037091329894452386,-61.946776323122876,2.002629961286272,0.009209217159186503,0.11391860903137994,0.113498237684118,0.1200529871337127,-0.201150161388709,17305254.9,0.3946520891755256,253646950.0,259458000.73673728,41.24964602534499,0.0006009930383745107,217.58999633789062,1,0.010805735341128116
2026-09-01 18:30:00+00:00,217.4600067138672,217.91009521484375,216.35009765625,217.58999633789062,10236675,0.0,0.0,0.0006009930383745754,-0.009062781111984775,-9.1927174324824e-05,-0.011966859682171593,-0.04586716322688755,0.0006008125143839745,-0.0200042724609375,-2.635406494140625,3.40069580078125,3.2277501185172635e-06,218.61128670828683,-0.004671718399216649,219.03888702392578,-0.006614764646198546,219.91687738327752,-0.010580729742360616,216.71442626953126,0.004040202045739055,218.60652473819366,-0.004650036871112562,219.04312656504513,-0.006633991442394611,218.44366443733728,-0.003907955406450463,218.77389540899367,220.23773165572123,-0.012022169398100978,-0.24650794645975618,51.13208803616052,-0.1096224517324913,0.3608497147358886,-0.4704721664683799,40.16115257410483,43.59667882565393,-100.36482396621416,-1.1269191183618097,-59.838847409766124,1.9797722952706474,0.009098636557662352,0.1123241070358066,0.11293611956108417,0.11959265278485068,0.49887877028591165,16845596.2,0.6076766223329039,263883625.0,259879488.76180995,43.300145069316805,-0.00022980400110014196,217.5399932861328,1,0.01254474881104088
2026-09-01 19:30:00+00:00,217.60000610351562,217.6999969482422,216.63999938964844,217.5399932861328,9239679,0.0,0.0,-0.00022980400110017563,-0.0037539077291995904,-0.0057587282817676,-0.008342079007099823,-0.03364952145431854,-0.00022983041008564097,-1.260009765625,-1.8300018310546875,-1.2400054931640625,4.600287602105594e-05,218.13414219447546,-0.0027237776826802952,219.03888702392578,-0.006843048547915606,219.4164007277716,-0.008551810326878299,216.76762603759767,0.003563111626261107,218.39321844778152,-0.003906829926813001,218.906478085144,-0.0062423223422078756,218.40822635297633,-0.003975276395662689,218.57404291062127,219.28534826559738,-0.007959286807172545,-0.2865627301315109,49.99999994807667,-0.20554539117844683,0.24757069355302153,-0.45311608473146836,39.35465134245625,39.18967585910306,-101.97685887348838,-1.2393929874077951,-60.6453486414147,1.9661788940429688,0.009038241034823391,0.10532241493702191,0.09826451819287915,0.10233775706453403,-0.09739451530892596,15012590.05,0.6154620201595392,254643946.0,259380865.64163756,50.49076313332736,0.0243174069512996,222.8300018310547,2,0.012904873664378749
2026-09-02 13:30:00+00:00,218.78500366210938,223.44000244140625,218.47999572753906,222.8300018310547,33462245,0.0,0.0,0.02431740695129969,0.02469748087435253,0.014800983572723414,0.017627988257902905,-0.005223206111362955,0.02402644631312403,3.25,3.8600006103515625,4.510009765625,0.005723133283052294,218.8798566545759,0.018047093217420426,219.23602948869978,0.016393164712571826,219.3075910295759,0.01606150879194922,216.92922607421875,0.027201386662348056,219.28057512443618,0.016186690064033754,219.26316206204496,0.0162673918201734,218.581629312901,0.019436091365449076,219.07952488490514,219.1409162603908,0.016834307502226305,-0.010993623571636715,58.4967826349839,0.14363868994661289,0.22678429283173981,-0.08314560288512693,92.68584077780658,57.40054823145589,166.25331680704022,1.1826968939628513,-7.31415921020301,2.091179983956473,0.009384642852233964,0.1391173459054605,0.10442254608886584,0.1033915575327418,2.621580901241266,15581097.15,2.147618019312587,288106191.0,262116610.91386256,51.207552981470016,0.015617267418852901,226.30999755859375,2,0.008684310273496393
2026-09-02 14:30:00+00:00,222.83999633789062,227.0,222.59820556640625,226.30999755859375,30878760,0.0,0.0,0.015617267418852832,0.0400753773953928,0.03640920137849202,0.029524110718469387,0.027840880582819416,0.015496572888621225,7.9503021240234375,6.489990234375,4.7003021240234375,4.485260850767432e-05,219.9527130126953,0.02890296036267851,219.6674575805664,0.03023907160012926,219.41759091331846,0.03141227928241514,217.2682260131836,0.0416157102733461,220.6864596112677,0.02548202530053836,219.9037834708221,0.02913189571653059,218.88470257743796,0.0339233162193914,220.02272062755767,219.55385851969214,0.030772126185451974,0.4864611898018831,65.47017828509746,0.693185550119523,0.3200645442892965,0.3731210058302265,94.20165717436112,75.41404976487466,328.9950472991528,3.1636060518063394,-5.7983428172355165,2.2998788016183034,0.01016251525084605,0.1349769883031524,0.10479473194025196,0.10524126799177569,-0.0772059675015827,15828134.3,1.950878064005307,318984951.0,267532643.3030185,55.848896633015514,0.0032256450683318125,227.0399932861328,2,0.0036679970434488817
2026-09-02 15:30:00+00:00,226.32000732421875,227.9499969482422,225.77000427246094,227.0399932861328,23181164,0.0,0.0,0.003225645068331895,0.043670130979109434,0.04405738574834639,0.02788839309646196,0.03818185903109028,0.0032204538356655596,9.5806884765625,6.1599884033203125,1.6303863525390625,4.423032889814843e-05,221.01842607770647,0.027244638898487217,220.15421404157365,0.03127707218553437,219.74425760904947,0.0332010299446828,217.6116259765625,0.043326579024516185,221.95716634624074,0.022900035279510855,220.55252981766853,0.029414595578650022,219.20451789934756,0.035745045137926076,221.00572538829985,220.11846766646858,0.03144454753392404,1.019269230266288,66.86211977338036,1.174075933931931,0.49086682221782346,0.6832091117141077,92.91825438605656,93.26858411274141,289.6730077144098,3.6854327169953147,-7.081745606161338,2.3655929565429688,0.010419278657884966,0.1315672692196545,0.10255590466141651,0.103021989728511,-0.2492844919938495,15868761.7,1.460804846543256,342166115.0,274640592.9884453,62.88052326334581,-0.006751194428391187,225.5072021484375,0,0.007659228337698651
2026-09-02 16:30:00+00:00,227.033203125,227.67999267578125,224.75,225.5072021484375,15789712,0.0,0.0,-0.006751194428391227,0.012014541558064584,0.03638589063741904,0.036290618610982595,0.032565753505531925,-0.0067740868337256375,7.917205810546875,7.8972015380859375,-1.663482666015625,-2.9907334978754703e-05,222.03949846540178,0.015617508177539156,220.59258597237724,0.02227915391795351,220.06888616652716,0.024711880341732745,217.90837005615234,0.0348716852422519,222.66717350668011,0.012754590616202476,221.00295457501113,0.020380938264231173,219.45168198754718,0.027593865337547756,221.7194571358817,220.4667106057722,0.02286282372877421,1.13399549271424,64.69343137087026,1.4151881845223215,0.6757310946787232,0.7394570898435984,80.9899101864569,89.36994058229153,194.6952292266832,2.58720527463393,-19.010089805761005,2.507021222795759,0.011117255674762992,0.13470098866035563,0.10481639568962334,0.10512596747804151,-0.3188559470093909,15968198.75,0.9888223616956169,326376403.0,279567812.9895457,60.27750246207882,-0.00242650979373212,224.9600067138672,0,0.006557312695328632
2026-09-02 17:30:00+00:00,225.5198974609375,225.57000732421875,224.42999267578125,224.9600067138672,11584569,0.0,0.0,-0.0024265097937321567,-0.0059652284887548035,0.03410873244799051,0.028153581244019454,0.03534613391806629,-0.0024294585396948103,7.420013427734375,6.160003662109375,-0.4971923828125,5.629670528920474e-05,223.11102730887276,0.008287261402039206,221.02044350760323,0.01782442901536666,220.38150533040366,0.020775343087790003,218.2221243286133,0.030876256960438497,223.12574014811756,0.008220775265658583,221.3626865876344,0.016250797194731343,219.66769472191265,0.024092354584183264,222.30177990141368,220.81551708614182,0.018769014435202926,1.1973471078159885,64.24063325315728,1.54431537542348,0.8494479508276745,0.6948674245958054,76.73157692272316,83.54658049841221,133.14360454875808,1.8471576153762104,-23.268423069494727,2.5092075892857144,0.011154016333516963,0.13325015577001312,0.10375154168221505,0.10412024882915633,-0.2663217036510862,15568662.1,0.7440953452255862,314791834.0,282922481.657208,59.06916157472786,-0.00248938833867972,224.39999389648438,0,0.006736063525596983
2026-09-02 18:30:00+00:00,224.95799255371094,225.34500122070312,224.17999267578125,224.39999389648438,9886374,0.0,0.0,-0.002489388338679732,-0.011627904632296682,0.007045694262570734,0.021950961040332784,0.03153443422850777,-0.0024924920177417102,1.5699920654296875,4.8199920654296875,-5.8500213623046875,-8.953414367572065e-06,224.0838841029576,0.001410676161700799,221.3475854056222,0.013790114246129276,220.7205527169364,0.01667013395100554,218.50232421875,0.026991336127862076,223.38059089779094,0.004563525392209688,221.63880543389348,0.012458055154975986,219.8532750816998,0.020680696310183662,222.75238661993117,221.1311452768845,0.014782398090020653,1.2015732272454531,61.04069125172141,1.5832109797237592,0.9962005566068916,0.5870104231168677,72.37349741818365,76.69832817578792,104.31203740177094,3.1202579233753354,-27.626502574034234,2.439573015485491,0.010871537797812924,0.13410074998180055,0.1036164912893521,0.10382011888730035,-0.1465911247971331,15175365.8,0.651475169053256,304905460.0,285016098.6422358,59.72808739746786,0.0,224.39999389648438,1,0.0063042119799533985
2026-09-02 19:30:00+00:00,224.41400146484375,224.63999938964844,223.7301025390625,224.39999389648438,10211270,0.0,0.0,0.0,-0.004909857607227619,-0.008439767057197067,0.027662149142921866,0.019675496106502433,0.0,-1.910003662109375,6.0402984619140625,-3.4799957275390625,6.242232058960867e-05,225.06388419015067,-0.002949785995439611,221.59901319231307,0.012639860908260718,221.0472194126674,0.015167684500670402,218.80292419433593,0.02558041544797487,223.58447149752962,0.003647491229998584,221.88982256685628,0.011312692491159465,220.0315777803188,0.019853587199684507,223.1593744187128,221.49320134371254,0.013123619755027861,1.050490562234568,58.942426925758305,1.5956424534094822,1.1160889359674098,0.4795535174420724,72.37349741818365,73.8261905863635,81.71683817768712,2.559410770838186,-27.626502574034234,2.3597586495535716,0.010515858795573816,0.12879837737009894,0.09575248365240085,0.09355521888267032,0.0328630092286617,14123324.85,0.7230075147637773,304905460.0,286910323.53345144,54.42370328004959,0.013324445519117753,227.38999938964844,2,0.006631317675977226
2026-09-03 13:30:00+00:00,226.02000427246094,229.07000732421875,224.75,227.38999938964844,36298079,0.0,0.0,0.013324445519117711,0.0108018874611433,0.0015416055050465616,0.045666910361800594,0.032323943247308806,0.013236455842264606,0.350006103515625,9.930694580078125,2.260009765625,0.00721929777198057,225.71531241280692,0.007419465515796676,222.2975845336914,0.022908098019222146,221.39579046340216,0.027074629168299707,219.18152404785155,0.037450580642770626,224.34557707595337,0.013570235497224846,222.38983864165556,0.022483764449450983,220.32014333362585,0.03208901351014816,223.93150591169083,222.21647898433895,0.02328144352269581,0.9325739284630865,75.20436647633855,1.8257172091317955,1.2580145906002869,0.5677026185315086,86.79229664917489,77.17976382851407,126.40202445845438,3.5567890943762768,-13.207703342963416,2.2804739815848216,0.010028910627978161,0.13601234439610543,0.10300439979129321,0.1028445759590285,2.554707592689254,15304658.25,2.371701373991804,341203539.0,292081105.95883703,68.22068044714604,0.0018690490034680043,227.81500244140625,2,0.004559317567927087
2026-09-03 14:30:00+00:00,227.38499450683594,227.9499969482422,225.44000244140625,227.81500244140625,17066881,0.0,0.0,0.0018690490034680707,0.015218398564204927,0.010233820787017178,0.04699207810839545,0.03446287082132704,0.001867304504743564,2.30780029296875,10.225006103515625,1.957794189453125,-2.2010127208372865e-05,225.93031311035156,0.008341905542023497,222.94151306152344,0.021859945745124884,221.75507609049478,0.027327114480171718,219.5014260864258,0.03787481704865653,225.03946214904397,0.012333571480506391,222.8830353507238,0.022128050629333457,220.61405937706823,0.03264045403379166,224.66716163271948,222.5395596442125,0.02370564049647724,0.7163491810145481,74.18653866560791,2.0190726918563655,1.4102262108515027,0.6088464810048628,90.13353933735719,83.09977780157192,109.22088254366358,4.330152131772799,-9.866460654781111,2.369044712611607,0.010398984646371233,0.13584153408223495,0.10496476722283793,0.10547454785728809,-0.5298131066385083,15749581.85,1.0836402618524121,358270420.0,298384850.1532335,61.78929431392087,-0.0034019232577659976,227.0399932861328,0,0.005493774214762198
2026-09-03 15:30:00+00:00,227.8300018310547,228.09970092773438,226.8800048828125,227.0399932861328,10540837,0.0,0.0,-0.003401923257766004,0.011764703482417538,0.009246028228080627,0.043670130979109434,0.03496375228913151,-0.003407722955846084,2.079986572265625,9.5,-0.227813720703125,6.584021898307372e-05,225.93031311035156,0.00491160376179506,223.474369594029,0.015955403291058722,222.07958039783296,0.022336195337686816,219.81832580566407,0.03285289092239008,225.43956837646175,0.007099130472923068,223.26094061757914,0.016926618055461123,220.86605678526684,0.027953306138120294,225.2136256626674,222.76101913087268,0.01920881028438379,0.3117397320815841,70.01993397019268,2.0857285626089777,1.5453266812029978,0.5404018814059799,84.0406567977576,86.98883092809656,100.15327538488647,4.40573857481439,-15.959343194380704,2.3340225219726562,0.01028022635210734,0.1355876961984938,0.10518249511515153,0.10584932732047467,-0.38238058846253165,15929335.9,0.6617248243224,347729583.0,303084348.5195922,61.57509745862081,0.0017618444639809162,227.44000244140625,2,0.012731612716448478
2026-09-03 16:30:00+00:00,227.02999877929688,227.94000244140625,227.02000427246094,227.44000244140625,6889961,0.0,0.0,0.0017618444639808661,0.00021989995994564637,0.01354727552409929,0.020688419748103648,0.038681103226400726,0.0017602942365958416,3.040008544921875,4.6100006103515625,0.96002197265625,-4.402090878895355e-05,226.20642743791853,0.005453315440476649,224.12296295166016,0.014800087621752207,222.46386646089098,0.0223682886558465,220.12312591552734,0.03323992649756181,225.83965518945067,0.007086210128181472,223.64085532883612,0.016987714999421564,221.12385857570368,0.028563828011854364,225.74237670898438,222.94212242355636,0.020175101810883576,0.19527961908407385,75.49056809590343,2.1460923989457115,1.6654798247515405,0.4806125741941709,87.1854051936467,87.11986710958718,91.32597780984281,4.526865328943939,-12.814594798491605,2.2768870762416293,0.010010934979734695,0.13492865217844333,0.10498362356643842,0.10557322199969132,-0.3463554175062189,15909697.15,0.4330667601677131,354619544.0,307992462.37486917,64.9403742036225,0.009101266458010019,229.50999450683594,2,0.015431978821201694
2026-09-03 17:30:00+00:00,227.44009399414062,230.39999389648438,227.39999389648438,229.50999450683594,24939705,0.0,0.0,0.009101266458010127,0.007440212660558387,0.02277183934643423,0.01413988326968929,0.04408146146735925,0.009060099524730343,5.1100006103515625,3.1999969482421875,2.0699920654296875,4.025357606043095e-07,226.85642569405692,0.011697128722048951,224.98372650146484,0.020118201772791357,222.9657709030878,0.029350799350108547,220.46812591552734,0.041012135217822786,226.57372305292773,0.01295945273057693,224.17441343592702,0.0238010261256248,221.45272665143438,0.03638369225431703,226.4606475830078,223.5533865914628,0.026645124934886386,0.39996348161055784,81.74456550662345,2.334056681648974,1.7991951961310273,0.5348614855179468,93.66543798354596,88.29716665831677,108.37816147808222,5.502437064482126,-6.3345620093365556,2.3976004464285716,0.010446605828953182,0.1371814435587856,0.10661813020521557,0.10631190950017583,2.619716425100229,16523185.1,1.5093763610988051,379559249.0,314808346.8153578,70.2099869707703,0.00012199851248244235,229.53799438476562,1,0.015338395672425198
2026-09-03 18:30:00+00:00,229.5137939453125,230.10000610351562,229.1699981689453,229.53799438476562,9640877,0.0,0.0,0.00012199851248251292,0.011002471690019222,0.009446303711169168,0.011002471690019222,0.03919770604200501,0.0001219910712691941,2.1479949951171875,2.4980010986328125,-2.962005615234375,1.6554566543866916e-05,227.5904257638114,0.008557339854738959,225.83715493338448,0.01638720365768156,223.42853219168526,0.02734414505221539,220.8137857055664,0.03950934789367088,227.16657731929533,0.010439110776963896,224.66201170400325,0.021703636692993203,221.7697959743101,0.03502820740891313,227.06788330078126,223.8627521050665,0.025351436209495815,0.617320462033233,81.64526057039755,2.4569568172582024,1.9307475203564624,0.52620929690174,93.73546615714224,91.52876977811165,105.76025888702497,3.010363280778816,-6.2645338355903055,2.3526011875697543,0.010249288767488015,0.13700178547480013,0.10515256413199879,0.10480719163490183,-0.6134325967368098,16311192.15,0.5910590048441063,389200126.0,321893278.16627616,74.15270761915718,-0.00495778701618201,228.39999389648438,0,0.015403929064672087
2026-09-03 19:30:00+00:00,229.5500030517578,229.69000244140625,228.3300018310547,228.39999389648438,9515504,0.0,0.0,-0.0049577870161819915,0.0042208558071283875,0.0025678355192106928,0.012827935074742003,0.04958408738508835,-0.004970117614098949,0.584991455078125,2.892791748046875,-1.5630035400390625,5.231668519332587e-05,228.16185433523995,0.0010437308284384809,226.6128692626953,0.007886245117480494,223.78662690662202,0.020615025364168572,221.1410855102539,0.032824784094048716,227.41326063473315,0.00433894337996305,225.00182826695607,0.015102835633323881,222.029803735964,0.02869069851571392,227.4095951625279,224.63672916556473,0.01675266883061336,0.6185245192063825,77.19620963136384,2.4344659236730877,2.0314912010197874,0.40297472265330025,83.221473925703,90.20745935546374,87.18027343254279,0.9235103885944193,-16.77852606590774,2.374029976981027,0.010394177059595687,0.12494994760963919,0.10084751037318916,0.09866917869177776,-0.013004314856418175,15387521.75,0.6183909374490404,379684622.0,327397215.6742498,70.3769793456685,0.027653683200540444,234.71609497070312,2,0.015149831808226013
2026-09-04 13:30:00+00:00,231.14199829101562,234.75999450683594,229.82000732421875,234.71609497070312,47125731,0.0,0.0,0.027653683200540513,0.02268354576476672,0.033809469307446216,0.04336810084311993,0.0727426494376251,0.027278226228628626,7.6761016845703125,9.756088256835938,7.0911102294921875,0.012005273501723377,229.20843941824776,0.024029026009732765,227.46187591552734,0.03189202157920255,224.60120282854353,0.04503489747486384,221.57580749511717,0.05930380046484189,228.87382750192717,0.02552614919983037,225.88494342184217,0.03909579547464396,222.5273053530126,0.05477435498668229,228.49002525692893,225.99124418008032,0.038607030207028006,0.9230294274646643,78.31085687630392,2.8929501705321172,2.2037829949222534,0.6891671756098638,99.63903717336134,92.1986590854022,153.9416594530667,3.380946930729735,-0.36096281841618494,2.406886509486607,0.010254458731416678,0.1535880625566235,0.10987117492329147,0.1066317411706746,3.9525207492950454,17205967.55,2.7389178122679882,426810353.0,336865133.51479745,72.13753096247211,-0.012487815584012693,231.78500366210938,0,0.004675156221490392
2026-09-04 14:30:00+00:00,234.72000122070312,234.74000549316406,231.64999389648438,231.78500366210938,17694038,0.0,0.0,-0.012487815584012685,0.009789269455657834,0.01910394466260401,0.032910026588644614,0.05558339434046111,-0.012566443633879544,4.345001220703125,7.385009765625,-3.3311004638671875,1.664244627310679e-05,229.77558244977678,0.008745146855467385,227.85294778006417,0.01725698930093886,225.21953619094123,0.029151411916472424,222.00145568847657,0.044069746944891644,229.45606273396362,0.010149833917597682,226.4213125345937,0.02368898522603735,222.89035234552622,0.039905950270807115,229.06644228980656,226.5573990018596,0.023074084904125266,0.8770148793194632,63.39077118081718,2.985374132251451,2.360101222388093,0.6252729098633578,73.02792398920121,85.29614502942185,135.43553650398087,2.783858543689326,-26.972076001732514,2.313187735421317,0.00997988523357381,0.16381252591936232,0.11222279857489684,0.10670210654595112,-0.6245355217938158,17478042.55,1.0123581029959214,409116315.0,343746198.41815007,63.56061253253426,-0.0027180571342350778,231.15499877929688,0,0.0018930586871592167
2026-09-04 15:30:00+00:00,231.77999877929688,232.05889892578125,230.50999450683594,231.15499877929688,12153842,0.0,0.0,-0.002718057134235119,0.012062193329396953,0.007167462471495689,0.030102518121852384,0.058597367610638385,-0.0027217577587211983,1.6450042724609375,6.7550048828125,-2.6999969482421875,-2.1592780953915403e-05,230.36344037737166,0.003436128582838846,228.1468767438616,0.01318502395629667,225.7707265218099,0.02384840736623572,222.40290161132813,0.03935244146780323,229.7958499430303,0.005914592611649027,226.85164764774854,0.01896989145175415,223.21445612724273,0.03557360392237362,229.5067157563709,226.90686498471396,0.018721927143325413,0.6933568060962492,60.113950242643305,2.973507910670463,2.4827825600445674,0.49072535062589573,67.31612840139222,79.99436318798493,101.15605693303705,2.753819292547288,-32.68387158954151,2.2681100027901784,0.009812074213224876,0.1622029151106492,0.11188146213763499,0.10677058908121079,-0.3131108907983582,17658272.9,0.6882803357286431,396962473.0,348814415.0449929,56.8010821360925,-0.0017520658494760107,230.75,0,
2026-09-04 16:30:00+00:00,231.14999389648438,232.23500061035156,230.60299682617188,230.75,10721650,0.0,0.0,-0.001752065849475959,-0.01689741375084719,0.005280196067247722,0.01477637811412258,0.061118080010732934,-0.0017536025119980023,1.212005615234375,3.3600006103515625,-0.4329986572265625,-2.1651631324905636e-05,230.83629717145647,-0.00037384576218528134,228.5213623046875,0.00975242608755021,226.3607410249256,0.01939054871079295,222.81430358886718,0.03561574047660786,229.98667995442426,0.0033189750194388854,227.206043316135,0.01559798600479268,223.5099676516646,0.03239243611536128,229.85379885718936,227.21017138329236,0.015579534116545082,0.6156587439410522,63.64216045206635,2.8980172884545823,2.5658295057265703,0.33218778272801197,63.644299335038156,67.9961172418772,95.16275288896745,2.8297710678265804,-36.355700655895575,2.175396510532924,0.009427503837588284,0.16105532422142516,0.11215741170659375,0.10747780647913605,-0.1178386225524406,17852877.65,0.6005558437241629,386240823.0,352378834.8502317,57.9534394743362,-0.0017334513390438787,230.35000610351562,0,
2026-09-04 17:30:00+00:00,230.74000549316406,230.77999877929688,229.89999389648438,230.35000610351562,9211968,0.0,0.0,-0.001733451339043901,-0.006191071622069444,0.008537706913928522,0.01112746586020541,0.05864244671345209,-0.0017349555043325389,1.95001220703125,2.535003662109375,0.738006591796875,-4.331313905046235e-05,230.956298828125,-0.002625140460264935,228.90636226109095,0.00630670038245485,226.9745839436849,0.01487136621716787,223.22000366210938,0.0319415927085418,230.05934518424255,0.001263417137169721,227.4918581149878,0.012563737498994768,223.77820445369798,0.029367478686460058,230.09761803036645,227.57665373067013,0.012186453783240367,0.499947801522944,64.13346078810335,2.773938031005116,2.60745121078228,0.16648682022283623,60.01784589726387,63.65942454456475,72.66139459763153,2.6515206634762536,-39.98215409366986,2.156824384416853,0.00936324865317454,0.161731917210428,0.11140481640921789,0.10632987287437211,-0.1408068720765927,17801642.3,0.5174785474708701,377028855.0,354726455.8168763,58.481079923187664,-0.0020838331825891758,229.8699951171875,0,
2026-09-04 18:30:00+00:00,230.35000610351562,230.72000122070312,229.85000610351562,229.8699951171875,8192578,0.0,0.0,-0.002083833182589201,-0.005559056342693602,-0.020646644850326523,0.012464772351750808,0.056679241572086037,-0.0020860073839293228,-4.846099853515625,2.8300018310546875,-6.796112060546875,0.0,231.00372750418526,-0.004907853216231393,229.29707663399833,0.002498586077053037,227.55934579031808,0.01015405154569389,223.60170349121094,0.028033291017368803,230.02147517083154,-0.0006585474401069593,227.70805238791505,0.009494362217722338,224.0170982052074,0.026127009763301765,230.2261024111793,227.9036236195279,0.008628083513642202,0.2635957351519189,64.4036701196303,2.6068216334558656,2.607325295316997,-0.000503661861131377,55.66593576353747,59.77602699861317,59.28915699744221,1.0906353551980588,-44.33406422739626,2.1357519967215404,0.009291129952055922,0.1623408753549739,0.11120983607426568,0.10594838213387933,-0.11065930754427289,17749287.25,0.46157222454101643,368836277.0,356070248.3105072,58.8520366081118,0.0020664119441663855,230.34500122070312,2,
