timestamp,open,high,low,close,volume,Dividends,Stock Splits,Capital Gains,return_1,return_3,return_5,return_10,return_20,log_return,momentum_5,momentum_10,acceleration_5,gap,sma_7,close_to_sma_7,sma_14,close_to_sma_14,sma_21,close_to_sma_21,sma_50,close_to_sma_50,ema_9,close_to_ema_9,ema_21,close_to_ema_21,ema_50,close_to_ema_50,wma_14,vwap_20,close_to_vwap,trend_slope_10,rsi_14,macd,macd_signal,macd_hist,stoch_k,stoch_d,cci_20,roc_12,williams_r_14,atr_14,atr_pct,hist_vol_20,parkinson_vol_20,garman_klass_vol_20,vol_change_1,vol_ma_20,rel_volume_20,obv,obv_ema_20,mfi_14,target_return_1,target_price_1,target_direction,target_volatility
2026-07-17 14:30:00+00:00,524.4600219726562,524.780029296875,523.1400146484375,524.4349975585938,563271,0.0,0.0,0.0,-0.00023829495306881832,0.001097644834707756,-0.0025391747780645346,-0.002368351724497453,0.002552135413810497,-0.000238323349822439,-1.33502197265625,-1.2449951171875,-0.425048828125,-0.00019058942047166314,524.750714983259,-0.0006016522048467632,525.3057120186942,-0.001657538534566299,525.1580897739956,-0.0013769038875734428,524.649599609375,-0.0004090388155076592,524.9111155962255,-0.000907045066268104,525.0302402658488,-0.0011337303294234563,524.3262276491263,0.00020744701243526057,525.1180478050595,525.0099069954099,-0.0010950449299237197,-0.3257234617923786,41.75387801176126,0.05083871940246354,0.2829236978387311,-0.23208497843626757,61.29559909288956,53.05374034468218,-69.1460865131935,-0.14566158237911053,-38.7044008960362,1.9710736955915178,0.003758470934937054,0.03123581462606931,0.040073460279499075,0.03902562419447818,-0.7221861078997314,485157.1,1.1610074344990498,2781567.0,4157329.405260181,43.07876179380697,-0.0022023096610551975,523.280029296875,0,0.001271551778597698
2026-07-17 15:30:00+00:00,524.4400024414062,524.6599731445312,523.0,523.280029296875,588917,0.0,0.0,0.0,-0.0022023096610551685,-0.0028583404784091604,-0.0020976688197394955,-0.005189978171644349,-0.0014501731973378673,-0.0022047383113920024,-1.0999755859375,-2.72998046875,0.23504638671875,9.543380658784646e-06,524.4378662109375,-0.0022077675710674015,525.2428588867188,-0.0037369943382006923,525.1666637602307,-0.0035924490138876048,524.7071997070312,-0.002719936777978981,524.5848983363554,-0.002487431574214464,524.8711301777602,-0.003031412454221418,524.2852002627635,-0.0019172217056342943,524.8479567754837,524.9645090119142,-0.003208749708064047,-0.39986247561967153,45.630920785830334,-0.09060365736365839,0.20821822679825322,-0.2988218841619116,48.50520794071722,57.49356187728055,-100.53619884422278,-0.5019686832715801,-51.49479204820854,1.8924996512276786,0.0036166097409965955,0.03162728652644316,0.040358720522022,0.03933579813800219,0.04553048177520225,500937.0,1.175630867753827,2192650.0,3970217.080949688,41.361306000400624,-0.0008599835304930821,522.8300170898438,1,0.0012527835738637928
2026-07-17 16:30:00+00:00,523.3300170898438,523.4349975585938,522.2349853515625,522.8300170898438,324615,0.0,0.0,0.0,-0.0008599835304931025,-0.0032979649168859426,-0.001966113638222522,-0.007460689123933051,-0.0026134969196575097,-0.000860353528472784,-1.02996826171875,-3.92999267578125,0.07000732421875,9.552780570629164e-05,524.0178658621652,-0.0022668096828431863,525.0735735212054,-0.004272842025379058,525.1090465727307,-0.004340107064917853,524.7307995605469,-0.003622395468860168,524.2339220870531,-0.0026780125017807047,524.6855744424951,-0.0035365129956534524,524.2281342559824,-0.0026670013964821505,524.5262445359003,524.914292834148,-0.003970697260016936,-0.40895198727155796,37.50016090057019,-0.23628622368312335,0.11931733670197792,-0.35560356038510127,43.52166653792872,51.10749119051184,-143.877148541207,-0.5421502864176593,-56.47833345099704,1.8774980817522322,0.0035910296279450414,0.03171390950919635,0.04049262056452028,0.03947124526342269,-0.4487932934522182,507564.25,0.6395544997505229,1868035.0,3770009.2637163843,41.43181264075658,-0.0031559481286992704,521.1799926757812,0,0.0015031861377156912
2026-07-17 17:30:00+00:00,522.7999877929688,523.030029296875,521.0900268554688,521.1799926757812,237435,0.0,0.0,0.0,-0.0031559481286992375,-0.006206688908950708,-0.006860086931885112,-0.011596905778671007,-0.0070113797555291235,-0.0031609386356148054,-3.60003662109375,-6.114990234375,-2.570068359375,-5.743606123093406e-05,523.5607212611607,-0.004547187152695746,524.7350027901786,-0.006774867495950223,524.9652361188616,-0.007210464965371786,524.6919995117188,-0.006693463668588696,523.6231362047987,-0.004665843351996622,524.3668851909756,-0.006077600636484906,524.1085992920529,-0.005587785852439536,524.0071004231771,524.8486672532354,-0.006989966453848335,-0.4254861439404293,27.23381797463189,-0.47935814515574293,-0.0004177596695662533,-0.4789403854861767,25.248906700279978,39.091927059641975,-181.42322911578137,-0.9182367255685278,-74.75109328864579,1.9317844935825892,0.00370655919399542,0.032997316428267,0.0410595065837607,0.03976877609957156,-0.26856429924680003,507807.8,0.46756863521985986,1630600.0,3566256.0005053,37.049450003312366,-0.0009401554957229834,520.6900024414062,1,0.0010036857749890192
2026-07-17 18:30:00+00:00,521.1599731445312,521.6699829101562,520.3900146484375,520.6900024414062,268858,0.0,0.0,0.0,-0.0009401554957230163,-0.00494960004292333,-0.0073776024386137395,-0.009096558372922336,-0.007585683569459212,-0.0009405977190953009,-3.8699951171875,-4.77996826171875,-0.26995849609375,-3.8411933557118446e-05,523.1078665597098,-0.004622113856173385,524.3785749162946,-0.007034178456795503,524.7666655040923,-0.007768525195407074,524.6489001464844,-0.007545803877536466,523.0365094521203,-0.004486315903965335,524.032623122833,-0.006378649980798742,523.9745366704589,-0.006268499705954358,523.4677670433408,524.7453154755729,-0.007728154810650522,-0.5245459970165954,26.595135545871386,-0.703423878451531,-0.14101898342595923,-0.5624048950255718,19.82263918616279,29.53107080812383,-188.97762138783077,-1.1523288047070994,-80.17736080276298,1.9503522600446428,0.0037457071403255377,0.033063929317206565,0.04134523737098258,0.0401365423537019,0.13234358877166374,502106.95,0.5354596266791357,1361742.0,3356302.2861714615,37.207613573733454,9.600298207065187e-05,520.739990234375,1,0.0013064433177552154
2026-07-17 19:30:00+00:00,520.75,521.5399780273438,520.4400024414062,520.739990234375,292118,0.0,0.0,0.0,9.600298207068647e-05,-0.003997526513688232,-0.0070456917280885545,-0.009566976263423177,-0.011728522121422391,9.599837407932149e-05,-3.69500732421875,-5.030029296875,0.17498779296875,0.00011522702243622654,522.5307181222098,-0.0034270289300246683,524.0021449497768,-0.006225460614685597,524.5795229957217,-0.007319257792246546,524.607099609375,-0.007371439269259104,522.5772056085713,-0.0035156821891096516,523.7332928602459,-0.005715318591869497,523.8476917121811,-0.005932452365386523,522.9826224190848,524.4403812806273,-0.00705588505066926,-0.5339737708475233,24.61485990517876,-0.8669700976521426,-0.28620920627119595,-0.5807608913809467,20.37621580475546,21.815920563732742,-159.83480359469843,-1.2431357946156862,-79.6237841841703,1.9753505161830358,0.0037933528310168294,0.02820763813209748,0.03951681280066306,0.03774161057861484,0.08651407062464211,464742.05,0.6285594342065656,1653860.0,3194164.9255837034,32.7020479192648,-0.0020740045129963133,519.6599731445312,0,0.0014656926717683356
2026-07-20 13:30:00+00:00,522.7100219726562,523.4000244140625,519.22998046875,519.6599731445312,840203,0.0,0.0,0.0,-0.0020740045129963303,-0.0029164963210619455,-0.006918009382486767,-0.009001166509649994,-0.012522616352434679,-0.0020761582387628513,-3.62005615234375,-4.72003173828125,0.074951171875,0.0037831389469258807,521.8307146344866,-0.004159857649375264,523.4949994768415,-0.00732581273199452,524.2338082449777,-0.008724799943273286,524.5456994628906,-0.009314205270108632,521.9937591157633,-0.0044709078039187715,523.3629910679082,-0.007075429456358672,523.6834674546262,-0.0076830653632117985,522.4036661783854,524.0531764840507,-0.00838312510380286,-0.6440766715864923,16.853682838775725,-1.0713798082082349,-0.4432433266586038,-0.6281364815496311,8.415851621608512,16.20490220417559,-144.50539992220624,-1.1056764196835847,-91.58414836731725,2.1096365792410716,0.004059648016512263,0.028606479424065977,0.042530209150649055,0.040125963014583065,1.8762452159743663,489504.15,1.7164369290842545,813657.0,2967449.885051922,17.899958184965413,0.00045230804538678093,519.89501953125,1,0.001458160125851362
2026-07-20 14:30:00+00:00,519.489990234375,519.989990234375,518.5399780273438,519.89501953125,233074,0.0,0.0,0.0,0.0004523080453868733,-0.0015267873522225583,-0.005613674545563385,-0.0075687510617014064,-0.008136740368966056,0.0004522057849372332,-2.93499755859375,-3.9649658203125,0.68505859375,-0.00032710410449227756,521.182146344866,-0.0024696295194308023,522.9664306640625,-0.005873055998845951,523.9311901274182,-0.007703627255286884,524.4661999511719,-0.00871587229136745,521.5740111988607,-0.0032190861345799456,523.0477209282119,-0.006027559763306151,523.5349008693958,-0.006952509435558777,521.9236688523065,523.9223444739429,-0.007686873799453847,-0.7148848510286671,14.458170371208197,-1.2005702707209593,-0.594708715471075,-0.6058615552498844,14.760812471381662,14.517626632581878,-163.91726158116404,-1.1174087113652238,-85.23918751772509,2.0967799595424106,0.004033083374079801,0.02593450333721236,0.04145712785615609,0.039409938632912284,-0.7225979911997458,486804.3,0.47878377409566747,1046731.0,2784524.2769517386,12.4065914835967,-0.00018279024555175184,519.7999877929688,1,0.0013762284027148176
2026-07-20 15:30:00+00:00,519.9000244140625,520.1300048828125,519.3400268554688,519.7999877929688,128178,0.0,0.0,0.0,-0.00018279024555178935,-0.001805128200319639,-0.0026478470052686554,-0.009489769476515253,-0.010281843656800627,-0.00018280695372481552,-1.3800048828125,-4.98004150390625,1.55499267578125,9.626718134370469e-06,520.6849975585938,-0.0016997028333310263,522.5614318847656,-0.005284439155472422,523.7235717773438,-0.007491707831771192,524.3765991210937,-0.008727718467580501,521.2192065176823,-0.002722882631652799,522.7524724613716,-0.0056479592616662895,523.3884336899281,-0.0068561811189706105,521.501476469494,523.8377998479182,-0.007708134189846525,-0.6699009133499867,17.339699164113213,-1.295687036475897,-0.7349043796720394,-0.5607826568038576,15.469696059487925,12.882120050826032,-130.4630006811987,-0.8734156617696646,-84.53030392823463,1.9728524344308036,0.0037954068502455912,0.02437838927542075,0.04118674624889713,0.039247684996050795,-0.4500544891322069,476399.55,0.2690556697629117,918553.0,2606812.7267658585,14.908705143638969,-0.002366257209763324,518.5700073242188,0,0.003448393663689723
2026-07-20 16:30:00+00:00,519.8599853515625,519.9600219726562,518.3400268554688,518.5700073242188,222802,0.0,0.0,0.0,-0.002366257209763356,-0.0020974596402277834,-0.0040715110857656445,-0.011419075534264134,-0.013975463615713446,-0.00236906122056859,-2.1199951171875,-5.989990234375,-0.739990234375,0.00011542431705006315,520.0764247349331,-0.0028965308540551756,522.0471452985491,-0.006660582297285081,523.4078572591146,-0.009242983015617276,524.2461987304688,-0.010827339177632301,520.6893666789897,-0.00407029505573423,522.3722483579941,-0.007278796003654223,523.1994757932337,-0.008848381321459138,520.9692865280878,523.6414614819369,-0.009684974416189089,-0.6486886277359754,12.539614977953505,-1.4535611548852785,-0.8786357347146871,-0.5749254201705913,3.0240770461513122,11.084861859006969,-134.86349062923784,-1.0098076156329343,-96.9759229406994,1.9896371023995536,0.00383677627763721,0.02415119350179965,0.04144521294783479,0.03936159036654625,0.7382234080731482,468325.4,0.47574186665937723,695751.0,2424806.848026253,14.8199512151498,0.0008291892506471384,519.0,1,0.003077876318625215
2026-07-20 17:30:00+00:00,518.5650024414062,519.530029296875,518.3599853515625,519.0,137279,0.0,0.0,0.0,0.0008291892506471221,-0.001721538960032687,-0.0033413800879625866,-0.01036352948200503,-0.01270733672358193,0.00082884566316001,-1.739990234375,-5.43499755859375,0.3800048828125,-9.651315621424305e-06,519.7649972098214,-0.001471813634866903,521.662859235491,-0.0051045597522285414,523.0783342633929,-0.007796794468897794,524.1311987304688,-0.009789912798336737,520.3514933431918,-0.0025972700385772625,522.0656803254491,-0.0058722119476080125,523.0347904680089,-0.007714191372223685,520.5630004882812,523.5057749657736,-0.008606925045019066,-0.5300021700746461,18.902232477662793,-1.5263854939769317,-1.0081856865671361,-0.5181998074097955,9.401382427039671,9.298385177559636,-118.77823933431448,-1.1014194470411425,-90.59861755871523,1.9399980817522322,0.0037379539147369832,0.02474857194393164,0.041517432174576374,0.03943985590236198,-0.38385203005359014,460302.9,0.298236226623816,833030.0,2273209.0529761333,17.55151710733584,-0.0020423845059609827,517.9400024414062,0,0.003137900335586454
2026-07-20 18:30:00+00:00,518.9099731445312,518.9400024414062,517.1599731445312,517.9400024414062,287431,0.0,0.0,0.0,-0.002042384505960948,-0.003578271249023768,-0.003309800238639138,-0.010204912392020926,-0.01534192729110706,-0.0020444730173761337,-1.719970703125,-5.34002685546875,0.02001953125,-0.00017346214926508005,519.3721400669643,-0.002757440214969322,521.2400033133371,-0.0063310583434647355,522.7097632998511,-0.009125065558990928,524.0039990234375,-0.011572424243557007,519.8691951628348,-0.0037109194762358585,521.6906186996271,-0.007189349633241369,522.8349948591225,-0.009362403943572756,520.0666195824033,523.246498856079,-0.010141484799733385,-0.4879125729364398,17.791606590372865,-1.650605103421185,-1.136669569937946,-0.513935533483239,9.512538238797061,7.312665903996016,-128.08986740265954,-1.2620091406103495,-90.48746174900784,2.010716029575893,0.003882140827304568,0.024752097913309318,0.04204876703319817,0.04002417333174926,1.0937725362218549,457161.15,0.6287301534699512,545599.0,2108674.7622165014,17.308854668585397,-5.7978330952332975e-05,517.9099731445312,1,0.0028636044875248066
2026-07-20 19:30:00+00:00,518.010009765625,518.3300170898438,517.5750122070312,517.9099731445312,331573,0.0,0.0,0.0,-5.797833095233518e-05,-0.0012727966723204975,-0.003818167730301636,-0.009410408324866726,-0.016800889317758694,-5.798001176073248e-05,-1.98504638671875,-4.9200439453125,-0.26507568359375,0.00013516493008576734,518.9678519112723,-0.002038428320449957,520.749285016741,-0.005452358656840162,522.3240472702753,-0.00845083458976097,523.8883984375,-0.011411639026151367,519.4773507591741,-0.0030172203125877154,521.3469236491638,-0.0065924442031211955,522.641856752668,-0.009053778504324763,519.6226155598958,522.5731542693569,-0.008923499201440276,-0.4090576171379173,8.614667348270828,-1.7315133441504713,-1.2556383247804512,-0.4758750193700201,9.146327846505345,9.353416170780692,-116.55341858507295,-1.2442007959854042,-90.85367214129954,1.933929443359375,0.0037341034999068194,0.023535450755520597,0.04113174119140784,0.038678831720551865,0.15357424912413764,417357.95,0.7944571320613377,214026.0,1928232.0229577872,12.803933998675816,0.006198030814441259,521.1199951171875,2,0.003021779642757149
2026-07-21 13:30:00+00:00,519.6300048828125,521.1300048828125,518.1199951171875,521.1199951171875,1035523,0.0,0.0,0.0,0.006198030814441369,0.004084769011921896,0.0025394523955712955,-0.00011511869111802131,-0.01171068944917475,0.006178902021328847,1.32000732421875,-0.05999755859375,3.3050537109375,0.003321101788858439,519.1764264787946,0.0037435610310179016,520.5035705566406,0.001184284979806132,522.0554751441592,-0.0017919168967849984,523.8261987304687,-0.005166224254981395,519.8058796307769,0.0025280889230062755,521.3262937826205,-0.0003957188960022446,522.5821759042178,-0.0027979920755956283,519.6720435732886,522.083730030042,-0.001845939372209956,-0.19161668768721143,34.76540322324209,-1.5191005167703224,-1.3083307631784256,-0.21076975359189687,51.96840932620367,23.542425137168692,-50.347449372342865,-0.4127874290531943,-48.03159066067307,1.7025059291294642,0.003267013250457496,0.03388522454935058,0.04243647588968759,0.040158421782240564,2.1230618898402462,448949.85,2.306544929238751,1249549.0,1863595.5445808552,33.96586073119272,0.00030709660190933973,521.280029296875,1,0.0014098409939691777
2026-07-21 14:30:00+00:00,521.0900268554688,521.510009765625,519.9949951171875,521.280029296875,325686,0.0,0.0,0.0,0.0003070966019094179,0.0064486752128141145,0.005225952011069346,0.0011331634037570204,-0.007973702856213682,0.00030704945739966463,2.71002197265625,0.59002685546875,1.3900146484375,-5.750741096002917e-05,519.374285016741,0.0036693081176878972,520.2782156808036,0.0019255344273036853,521.769048781622,-0.0009372336015100665,523.7517993164063,-0.004719353752584103,520.1007095639965,0.0022674834146350015,521.32208792028,-8.067684907167415e-05,522.5311113313809,-0.0023942728143321484,519.77557140532,521.8512904563279,-0.0010946818948215295,3.575797032394853e-05,36.07094540975899,-1.3226022642693351,-1.3111850633966076,-0.011417200872727573,54.934082023925455,38.68293973221149,-20.370996405413724,-0.2964611331218639,-45.06591796274121,1.6935773577008928,0.0032488821027385497,0.03224596008276825,0.041650709640778154,0.039724182873935567,-0.6854864643276876,444349.5,0.7329500764600821,1575235.0,1836132.6355731548,30.93451657867311,0.0024938377070041024,522.5800170898438,2,0.0014269177998128973
2026-07-21 15:30:00+00:00,521.22998046875,522.6300048828125,520.9000244140625,522.5800170898438,384418,0.0,0.0,0.0,0.002493837707004065,0.009017095996352253,0.006897913467907024,0.0035334848292343235,-0.0060672961996773855,0.0024907332540130434,3.58001708984375,1.84002685546875,0.8699951171875,-9.601140521805911e-05,519.7714320591518,0.005403500187688048,520.2282148088727,0.004520712668055741,521.6314319428943,0.0018184969096176982,523.6897998046875,-0.0021191604557803325,520.596571069166,0.003809948299506656,521.436445117513,0.002193118611168078,522.5330292042618,8.992328322948269e-05,520.0824782598586,521.7782029574722,0.001536695338795799,0.2662316524298507,46.94854911338514,-1.049875521540116,-1.2589231550253093,0.20904763348519317,86.37486624438124,64.42578586483678,25.05916050689823,0.268625893882068,-13.625133739682576,1.698577880859375,0.003250368987155702,0.0337020018535749,0.041871617175257454,0.03964785637244859,0.18033320437476585,454526.1,0.8457556122739688,1959653.0,1847896.4798042828,39.84023855661834,-0.0009376367605934675,522.0900268554688,1,0.001081831211825504
2026-07-21 16:30:00+00:00,522.5474243164062,523.010009765625,522.02001953125,522.0900268554688,181025,0.0,0.0,0.0,-0.000937636760593441,0.0018614364203453082,0.008012558200757969,0.004676237995073773,-0.004367020111408548,-0.0009380766169126463,4.1500244140625,2.4300537109375,0.57000732421875,-6.236896240109038e-05,520.2742919921875,0.003489956915466862,520.1753583635602,0.0036808135201334092,521.4561941964286,0.001215505091498097,523.6302001953125,-0.0029413378740689197,520.8952622264266,0.002293675361786175,521.4958616391453,0.0011393479028859554,522.5156565631327,-0.0008145779027229487,520.3307198660714,521.6599865768798,0.0008243689177889216,0.39794839667945736,46.78548318115479,-0.8633238697616434,-1.179803297972576,0.31647942821093267,79.00662185613385,73.43852337481351,45.205922368247904,0.26887868165230566,-20.99337812784065,1.6835763113839286,0.0032246858296084095,0.0326576860441106,0.04137874278783792,0.03931218480270062,-0.5290933306973138,444419.1,0.40732947796347996,1778628.0,1841299.4817276844,44.718313756826134,-0.0009768617276540833,521.5800170898438,1,0.0010482406809314052
2026-07-21 17:30:00+00:00,522.0900268554688,522.1849975585938,521.25,521.5800170898438,375392,0.0,0.0,0.0,-0.0009768617276540992,0.0005754829959117025,0.007086258492049469,0.0032410342382447332,-0.004352247404788234,-0.0009773391680257188,3.6700439453125,1.68499755859375,-0.47998046875,0.0,520.6428658621652,0.0017999886085539032,520.2039315359933,0.002645280956998251,521.3228614443824,0.0004932752128851236,523.5490002441406,-0.0037608383424950842,521.0322131991101,0.0010513820006812081,521.5035121346633,0.0001467007477421123,522.4789648190821,-0.0017205433898145287,520.5180076962425,521.6110910024589,-5.957295224568791e-05,0.4834383055232616,51.9287361574112,-0.7480112592755859,-1.0934448902331781,0.3454336309575923,70.83345558691535,78.73831456247682,23.672672114852574,0.16131406675509155,-29.16654439705914,1.6117902483258928,0.0030902070545489606,0.03265306334208489,0.041410612313312264,0.03935148922208722,1.073702527275238,453411.8,0.827927283762794,1403236.0,1799579.1501345716,43.492348236649846,0.00021086956547178203,521.6900024414062,1,0.0007859115558107189
2026-07-21 18:30:00+00:00,521.5700073242188,521.6925048828125,521.25,521.6900024414062,284947,0.0,0.0,0.0,0.0002108695654716719,-0.0017031164976299973,0.001093812038608366,0.0036360421177814573,-0.0058882325602384045,0.00021084733560986342,0.57000732421875,1.8900146484375,-3.10003662109375,-1.9191236813155355e-05,521.1785801478794,0.0009812803384604601,520.2753601074219,0.0027190261973766604,521.2195289248511,0.0009026398483661432,523.4625,-0.0033861022682433626,521.1637710475693,0.0010097236666665958,521.5204657989126,0.0003250814754385851,522.4480251179967,-0.0014509054301005968,520.7161504836309,521.5266732272821,0.00031317518836211167,0.5458610354188939,55.004948663737245,-0.6403685163567161,-1.0028296154578857,0.36246109910116964,72.59602686708908,74.14536810337943,26.54401846777171,0.3906456917563071,-27.403973116885403,1.551971435546875,0.0029748920398722997,0.03186629960205968,0.04077596627489205,0.038617211204215886,-0.2409348094791578,453512.85,0.6283107523855154,1688183.0,1788969.992978898,43.35094742872103,-0.0003066440678997245,521.530029296875,1,0.0016914250896328078
2026-07-21 19:30:00+00:00,521.6300048828125,521.6699829101562,521.239990234375,521.530029296875,408136,0.0,0.0,0.0,-0.00030664406789970844,-0.0010726072703717282,0.00047958867777309067,0.005708046996257599,-0.005776209157809964,-0.0003066910928054154,0.25,2.96002197265625,-0.32000732421875,-0.00011500614984542211,521.6957310267857,-0.0003176214027747914,520.331791469029,0.002302834167523729,521.0647670200893,0.0008929068058958489,523.3667004394531,-0.0035093389415727034,521.2370226974305,0.0005621369677995071,521.5213352078183,1.6670629693813397e-05,522.4120252818743,-0.0016883148593712792,520.8834397088914,521.1395256357778,0.0007493265083282121,0.4820240161452765,53.91104657743594,-0.5614967775497917,-0.914563047876267,0.3530662703264753,70.0323757431516,71.15395273238535,28.542081528838015,0.31448844558965383,-29.967624240822893,1.5055454799107142,0.002886785794362788,0.03186290271197418,0.03114653970850537,0.031035963998301986,0.432322502079334,372544.05,1.0955375612628868,1280047.0,1740501.1365047174,42.37451521992763,0.0016537643942220414,522.3925170898438,2,0.0016674834903758948
2026-07-22 13:30:00+00:00,521.6300048828125,524.3699951171875,521.030029296875,522.3925170898438,1287492,0.0,0.0,0.0,0.001653764394222046,0.0015577667344952584,-0.0003587967275215931,0.006536641791606401,-0.0038946303703192298,0.0016523984316657112,-0.1875,3.39251708984375,-0.4375,0.00019169670070982308,521.8775198800223,0.0009868162359989254,520.5269731794085,0.003583952430047578,520.9615536644345,0.0027467735677251287,523.299150390625,-0.001732533485106379,521.4681215759132,0.0017726788574058984,521.6005335607297,0.0015183717771645043,522.4112602547359,-3.587817935429282e-05,521.158203125,521.1639001767762,0.002357448228183932,0.4624446778427255,63.825069698856566,-0.4245014114950436,-0.8165507206000223,0.3920493091049787,72.57320386027953,71.73386882350674,92.63914597947924,0.4987551669398253,-27.42679612585089,1.4462541852678572,0.002768520103086305,0.03260108215578007,0.03333371406338506,0.03388753798468668,2.1545661250171513,408755.1,3.149788222825836,2567539.0,1819266.647313792,61.94339264188416,0.0010480344446977226,522.9400024414062,1,0.0016261781687773576
2026-07-22 14:30:00+00:00,522.4000244140625,523.2000122070312,521.9400024414062,522.9400024414062,340142,0.0,0.0,0.0,0.0010480344446976986,0.0023960589510059194,0.001628024942473827,0.009653627787835628,-0.0006497990300253775,0.0010474856400097365,0.8499755859375,5.0,1.0374755859375,1.4371040880442935e-05,522.1146589006696,0.0015807706730028384,520.7444719587054,0.004216137858244509,520.890363420759,0.003934876059489962,523.2361499023438,-0.0005659919732079123,521.7624977490118,0.002256782918420134,521.722303458973,0.0023339983250815445,522.4319952424485,0.0009723891407551674,521.479940359933,521.0450661339978,0.003636799253209862,0.3518374664188429,64.9336964414989,-0.2686571916807452,-0.7069720148161669,0.4383148231354217,80.16659752208645,74.25739237517253,103.28388158256983,0.8427010925155335,-19.833402464043964,1.4326825823102678,0.0027396691314852234,0.031979872630415386,0.03304423145397779,0.033769762268759496,-0.735810397268488,396316.35,0.858258812688397,2907681.0,1922925.1570934309,66.72176184889835,0.0011473124701427394,523.5399780273438,1,0.0014531902987580008
2026-07-22 15:30:00+00:00,522.9500122070312,523.6400146484375,522.6599731445312,523.5399780273438,167538,0.0,0.0,0.0,0.0011473124701426585,0.003853946307135203,0.003757737783812276,0.010870624577143273,0.0013579192362591641,0.0011466548101701796,1.9599609375,5.6300048828125,1.1099853515625,1.9141327070503505e-05,522.2517961774554,0.0024665915164189954,521.0116141183036,0.004852797597063237,520.9027419317337,0.005062818609525863,523.2085498046876,0.0006334533768213227,522.1179938046782,0.0027234920832756213,521.8875466015521,0.0031662595448939813,522.4754455477384,0.002037478485687039,521.8526745024182,521.0185431213945,0.004839434103129307,0.2080279520212912,67.47666954458708,-0.09563409874090212,-0.584704431601114,0.48907033286021184,88.48800885938434,80.40927008058344,131.9411781735376,0.8747549185616574,-11.511991126746079,1.446258544921875,0.0027624605677077376,0.03208298373752923,0.032923086429467584,0.03357942274409165,-0.5074468898283657,388462.5,0.43128487305724383,3075219.0,2032667.4278464376,66.95473044538569,-0.002530754531616303,522.2150268554688,0,0.004077618754694087
2026-07-22 16:30:00+00:00,523.5399780273438,523.719970703125,522.2150268554688,522.2150268554688,107920,0.0,0.0,0.0,-0.0025307545316163305,-0.00033976412097891373,0.0010063915574487492,0.0021013043992583746,0.0019859438087281855,-0.0025339623040653452,0.5250244140625,1.09503173828125,-1.4349365234375,0.0,522.2696533203125,-0.00010459436901294076,521.27197265625,0.001809140427043126,520.8734566824777,0.0025756163148207708,523.18625,-0.0018563621359111912,522.1374004148363,0.00014867052344964097,521.9173175337263,0.0005704147222948527,522.4652330500024,-0.0004788953957234208,522.0131295340402,521.0192797690383,0.0022950150461959235,0.14587279038635884,66.88302868112582,-0.06467895873834095,-0.4806993370285594,0.41602037829021843,70.1114882785031,79.58869821999129,96.38882142247307,0.8253898895437938,-29.888511707627313,1.4380405970982142,0.002753732702321224,0.03131687842290009,0.03253933175469207,0.03329233474146296,-0.35584762859769126,381986.75,0.2825228885556887,2967299.0,2121679.9585277294,68.29986263200988,0.0002775839235546731,522.3599853515625,1,0.00408171946132761
2026-07-22 17:30:00+00:00,522.22998046875,522.6199951171875,522.0,522.3599853515625,396772,0.0,0.0,0.0,0.00027758392355470285,-0.0011091465314105875,0.001591386896371949,0.00207173878528244,0.0032072498076129996,0.0002775454042654536,0.8299560546875,1.0799560546875,0.304931640625,2.863497316663776e-05,522.3810773577009,-4.037666571884117e-05,521.5119716099331,0.0016260676413811354,520.9296468098959,0.0027457422521891136,523.1486499023438,-0.0015075343325974173,522.1819174021816,0.00034100749843351397,521.9575600626205,0.0007709923559551009,522.4611056892793,-0.00019354615418346247,522.1581978934151,521.0896125408296,0.0024379162051150548,0.089609473631815,65.98487743396781,-0.028125633307354292,-0.3901845962843184,0.3620589629769641,72.1220022079113,76.90716644859958,69.3705788077659,0.8592250463925338,-27.87799777821912,1.3987513950892858,0.002677753722167693,0.031077293113406516,0.03221468114582572,0.032907391295493714,2.676538176426983,388382.45,1.0216012592741999,3364071.0,2240002.914858422,62.97671985017232,-0.0014645353202593118,521.594970703125,1,0.004966328769857489
2026-07-22 18:30:00+00:00,522.3677978515625,522.3699951171875,521.530029296875,521.594970703125,211849,0.0,0.0,0.0,-0.0014645353202593636,-0.003715107548323937,-0.0015267186275211841,-0.0018849675733954019,0.0016418567515146254,-0.0014656088003391838,-0.79754638671875,-0.98504638671875,-1.62750244140625,1.4956160921719566e-05,522.3675013950893,-0.001478902668905807,521.7730407714844,-0.0003412787830044697,520.9727405366443,0.0011943622344588209,523.0997497558594,-0.00287665794799912,522.0645280623703,-0.0008994239868913358,521.9245973935754,-0.0006315599841353524,522.4271396113909,-0.0015928898886901314,522.1692644391741,521.1170142973815,0.000917176742707214,0.06873216210762001,67.89036863084935,-0.06019327755086579,-0.32418633253762785,0.26399305498676207,59.16068588625346,67.13139212422261,41.327767426270086,0.09114514706536597,-40.8393140990298,1.3273184640066964,0.0025447301806129155,0.03161031458714412,0.032082661373592565,0.03256472200295137,-0.46606867420080045,384369.0,0.5511604733992581,3152222.0,2326880.9229671434,63.76973685619084,-0.00020126817673967086,521.489990234375,1,0.004978113048291016
2026-07-22 19:30:00+00:00,521.5800170898438,522.02001953125,521.3800048828125,521.489990234375,463501,0.0,0.0,0.0,-0.00020126817673971065,-0.0013883871275393034,-0.002772807970822133,-0.0011492972288854597,0.003521566378819063,-0.00020128843389732108,-1.45001220703125,-0.60003662109375,-0.6524658203125,-2.8669013547165593e-05,522.3617815290179,-0.001668941575490801,522.0287562779018,-0.0010320620024215495,521.0084548223587,0.0009242372317731398,523.0521496582031,-0.0029866227007114914,521.9496204967712,-0.0008806027331869285,521.8850876518298,-0.0007570582620626194,522.3903886554294,-0.0017236121502354354,522.1315243675596,521.1901869374848,0.00057522820729087,0.018463443021751905,67.39585610295457,-0.09300604729946826,-0.2779502754899959,0.18494422819052764,53.91992186637281,61.7342033201792,29.240903091666958,0.04027795535977114,-46.08007811762719,1.3191048758370536,0.0025294922252326922,0.030597446651072353,0.027301146892107907,0.028868318833202428,1.1878838229116022,365533.9,1.2680109833862159,2688721.0,2361341.882684558,62.335884405600495,-0.009760428609617032,516.4000244140625,0,0.0048966250245542995
2026-07-23 13:30:00+00:00,515.0700073242188,518.1699829101562,514.7899780273438,516.4000244140625,1490164,0.0,0.0,0.0,-0.009760428609617011,-0.01140968126317865,-0.0136378383942789,-0.009931348031090304,-0.006722501631846067,-0.00980837382525695,-7.13995361328125,-5.17999267578125,-5.68994140625,-0.012310845903789227,521.5057111467634,-0.009790279614510714,521.6916155133929,-0.01014314001215609,520.8532191685268,-0.008549807490034755,522.8909497070313,-0.012413535358745705,520.8397012802295,-0.00852407536377454,521.3864455393056,-0.009563772069440155,522.15547241067,-0.01102247951175325,521.3810267857143,520.412979902733,-0.007711098000308982,-0.3699852528749765,30.60785391935049,-0.5236913192663906,-0.3270984842452749,-0.19659283502111569,16.80629973257122,43.29563582839916,-185.52939160250767,-1.1825926123591017,-83.19370025699038,1.5676749093191964,0.003035776210690415,0.04664706639074591,0.030075718451506035,0.03201028745254331,2.2150178748265916,428388.4,3.478534899637797,1198557.0,2250600.465286029,41.93590662443332,-0.002304419800824944,515.2100219726562,0,0.0025134683536604443
2026-07-23 14:30:00+00:00,516.5700073242188,517.0800170898438,515.1099853515625,515.2100219726562,401907,0.0,0.0,0.0,-0.002304419800824964,-0.012241200719135925,-0.013414023960576782,-0.012421132163593307,-0.00883025380550917,-0.0023070790622895304,-7.0050048828125,-6.47998046875,0.13494873046875,0.00032916905910063295,520.4014282226562,-0.009975772487251624,521.2580435616629,-0.011602740070292304,520.6301240466889,-0.01041065782343438,522.6865502929687,-0.01430403808192028,519.713765418715,-0.008665815196219662,520.824952487792,-0.010780840065946233,521.8831018052576,-0.012786541295369788,520.5168143136161,520.2128032177712,-0.009616797614669837,-0.7526440346572973,27.0071439844876,-0.9500837775947275,-0.45169554291516545,-0.49838823467956206,4.3845845088727815,25.03693536927227,-176.11431877697345,-1.3177813267641538,-95.61541548068882,1.6001761300223214,0.003105871512150324,0.04716149440271392,0.030988180581226495,0.032684178505104196,-0.7302934442115097,442074.85,0.9091378982541058,796650.0,2112128.992401645,36.455358452178814,0.0039012221128249406,517.219970703125,2,0.002191216722949756
2026-07-23 15:30:00+00:00,515.2349853515625,517.52001953125,514.719970703125,517.219970703125,354603,0.0,0.0,0.0,0.0039012221128249536,-0.008188114079295983,-0.00983998543643827,-0.008264257763950456,-0.002603383539398707,0.00389363207970391,-5.1400146484375,-4.31005859375,1.864990234375,4.845282087219652e-05,519.4985700334821,-0.004386151303950397,520.8751831054688,-0.007017443949900396,520.5072660900298,-0.0063155609941666245,522.5409497070312,-0.01018289381316303,519.215006475597,-0.003842407764772279,520.497226871004,-0.006296395059728068,521.7002339188995,-0.00858781139910771,519.9784045991444,520.0967435203129,-0.005531226359370578,-0.9380651402219432,30.732743269769443,-1.1129869869303093,-0.5839538317181943,-0.529033155212115,25.90667020590961,15.699184815784536,-135.0386415141658,-0.835930488870581,-74.09332978372773,1.6766095842633928,0.0032415793651217988,0.048977209193385024,0.03240020152533115,0.033917779350450136,-0.11769887063425122,448664.9,0.7903515519043259,1151253.0,2020616.993125298,36.12438875097626,-0.0011019417681952558,516.6500244140625,1,0.0015510359352751068
2026-07-23 16:30:00+00:00,517.1849975585938,517.3499755859375,516.0800170898438,516.6500244140625,167427,0.0,0.0,0.0,-0.0011019417681952248,0.0004841208136727726,-0.0094804332227294,-0.010992677896252578,-0.004527891302384401,-0.0011025493524147692,-4.9449462890625,-5.74249267578125,0.195068359375,-6.761754478203693e-05,518.7035696847098,-0.003958995832420391,520.4866115025112,-0.007371154230780493,520.4158383324033,-0.007236163162136907,522.4119506835938,-0.01102946872095971,518.7020100632901,-0.003956000958957699,520.1474811931002,-0.006723971384055638,521.5021864873373,-0.009304202741599316,519.4150501069569,520.0507356854397,-0.006539191348106507,-1.0360925332813995,30.557094648029675,-1.2733998949454417,-0.7218430443636438,-0.5515568505817979,20.000505987579924,16.76392023412077,-115.85023998472234,-0.9660867572213359,-79.9994940020574,1.6966073172433036,0.00328386187373969,0.04895748952073851,0.03246725211443442,0.03398020199132954,-0.5278466341232309,450172.3,0.3719175968845698,983826.0,1921874.9937800316,35.971187461712674,-0.001645285165829198,515.7999877929688,0,0.0026763764728230076
2026-07-23 17:30:00+00:00,516.5499877929688,516.5599975585938,515.1849975585938,515.7999877929688,167205,0.0,0.0,0.0,-0.00164528516582918,0.0011450977177300814,-0.010911048242458032,-0.013653601971743479,-0.0041317809753063095,-0.0016466401338774638,-5.69000244140625,-7.1400146484375,-0.74505615234375,-0.00019362550346728197,517.7664271763393,-0.0037979275599054293,520.07375226702,-0.008217612320201859,520.2634567987351,-0.008579247585871603,522.2471508789063,-0.01234504214158955,518.1216056092259,-0.00448083575577358,519.752254520361,-0.007604135803185513,521.2785708522641,-0.010509895026622057,518.7901669456845,520.0375592767601,-0.008148587362952436,-1.0677428581407786,29.8320114881175,-1.4523770331649075,-0.8679498421238965,-0.584427191041011,11.191858625331314,19.033011606273615,-130.17007338650066,-1.098698288115928,-88.80814136430601,1.734466552734375,0.0033626727293122596,0.04878166886663837,0.03213649805827911,0.03364215558476609,-0.0013259510114855821,444161.0,0.3764513318368781,816621.0,1816612.7086581239,37.18455847590062,0.0009112674474701827,516.27001953125,1,0.002215587776547065
2026-07-23 18:30:00+00:00,515.8900146484375,516.5800170898438,515.4500122070312,516.27001953125,573623,0.0,0.0,0.0,0.0009112674474702764,-0.0018366482844496268,-0.0002517522785945303,-0.013886157315982528,-0.0031664839418406032,0.0009108524953589671,-0.1300048828125,-7.26995849609375,5.55999755859375,0.00017453830476768127,517.0057198660714,-0.0014230023122579814,519.6866106305804,-0.006574329662213487,520.1839338030134,-0.00752409680003301,522.0885510253906,-0.01114472148968179,517.7512883936307,-0.0028609660576096744,519.435687703169,-0.006094437188000761,521.0821570749695,-0.00923489219190037,518.2830025809152,519.8663184417168,-0.006917737854684736,-0.9303019615612681,31.55183084699729,-1.5385545722127745,-1.0020707881416722,-0.5364837840711023,16.06264151731642,15.751668710075885,-114.21791824929969,-1.1720109607789524,-83.93735847232091,1.7835736955915178,0.003454730331246947,0.048940819961001907,0.032324782412899745,0.03385502551065,2.4306569779611853,456263.5,1.257218690515456,1390244.0,1776006.1649763978,44.28779126157337,-9.694312323315247e-05,516.219970703125,1,0.0026973441191528234
2026-07-23 19:30:00+00:00,516.22998046875,516.5499877929688,515.219970703125,516.219970703125,478340,0.0,0.0,0.0,-9.69431232331619e-05,-0.0008323888330891149,0.0019602660806206096,-0.011480052936130858,-0.009402871622610887,-9.694782252144457e-05,1.00994873046875,-5.99505615234375,1.13995361328125,-7.755449858637176e-05,516.2528599330357,-6.370759847193484e-05,519.3073207310268,-0.005945130955500182,520.1034574962798,-0.007466758271214006,521.9157507324219,-0.010913217356044327,517.4450248555296,-0.002367505906051107,519.1433497940741,-0.005631159663516934,520.8914830996031,-0.008968302512206443,517.8207839239211,519.6192196826571,-0.006541807636756696,-0.7961269596046782,31.78971513550212,-1.59253170080774,-1.120162970674886,-0.4723687301328541,15.544002123545766,14.266167422064498,-100.2210412644917,-1.2850483242618942,-84.45599786609156,1.8464311872209822,0.0035768302119393923,0.04282307964610074,0.03037444593476656,0.03188327353619065,-0.16610735622525596,428404.35,1.1165619583461255,911904.0,1693710.7206929312,43.84894898432216,0.00220838927809152,517.3599853515625,2,0.0031108941251450596
2026-07-24 13:30:00+00:00,517.280029296875,518.3900146484375,516.5399780273438,517.3599853515625,1157737,0.0,0.0,0.0,0.002208389278091527,0.003024423411231103,0.0002707061915014908,-0.009571942989918814,-0.0075200347701791515,0.002205954370646449,0.1400146484375,-5.0,-0.86993408203125,0.0020535017122721502,516.3899972098214,0.0018784022676276739,518.9478541782925,-0.0030597849358894604,519.9244094122024,-0.004932301723502789,521.76955078125,-0.00845117432222058,517.4280169547362,-0.0001314803237249943,518.9812257538457,-0.003123890271608864,520.7529929918368,-0.006515579720001627,517.5611392066593,519.3042335828457,-0.0037439483554089696,-0.5013809974139739,33.063843566203474,-1.5257316250359736,-1.2012767015471035,-0.32445492348887006,29.333496090490723,20.31337991045097,-57.63266414136921,-1.1804242149864386,-70.66650389839818,1.7628653390066964,0.003407424982443059,0.043800629893376346,0.030695774023889733,0.03231528730706255,1.4203223648450893,470006.9,2.463234050393723,2069641.0,1729513.6044364616,42.61435306768424,0.0054314164955843415,520.1699829101562,2,0.003054796069476594
2026-07-24 14:30:00+00:00,517.4199829101562,520.35498046875,516.27001953125,520.1699829101562,600543,0.0,0.0,0.0,0.005431416495584429,0.0075541155429619256,0.006813042349288034,-0.002731981466477351,-0.004611799343397283,0.0054167195458296935,3.51995849609375,-1.42498779296875,3.37994384765625,0.00011596868774623881,517.0985630580357,0.00593971840484486,518.749995640346,0.0027373248804651324,519.8715500604538,0.0005740511279509917,521.63455078125,-0.0028076511973708263,517.9764101458202,0.0042348893141954105,519.0892945862375,0.002081892913584424,520.7301298513787,-0.0010756952769013992,517.7240897042411,519.1717342658258,0.0019227715579320096,-0.025659837302234832,41.90992966069217,-1.2318487789448227,-1.2073911170266474,-0.024457661918175333,60.5556911825077,35.14439646551473,-18.481450992397082,-0.3916095554781081,-39.44430880638119,1.9646475655691964,0.003776933752643611,0.047441274068608826,0.034271741474811414,0.03552676138936395,-0.48127856326609586,480813.15,1.2490153399506623,2670184.0,1819101.2611567986,44.815232834285005,0.00042299968377693543,520.3900146484375,1,0.0014780634850508072
2026-07-24 15:30:00+00:00,520.1199951171875,520.5598754882812,519.7949829101562,520.3900146484375,301053,0.0,0.0,0.0,0.00042299968377701447,0.00807803684857955,0.008898850259979163,-0.00210929376696789,-0.003256166790372106,0.000422910244631708,4.59002685546875,-1.0999755859375,1.070068359375,-9.609895728506078e-05,517.5514264787946,0.005484649494543919,518.5249982561384,0.003596772380440319,519.7672642299107,0.001198133205730657,521.5173510742187,-0.0021616470160714034,518.4591310463436,0.0037242734990380164,519.2075418646193,0.0022774568712336436,520.7167920002829,-0.0006275529363850488,517.9427589053199,519.1454950931958,0.002397246180506485,0.4748120034409739,40.59146740471618,-0.9700081337517759,-1.1599145203716732,0.18990638661989734,63.000488274249946,50.963225182416124,16.578623174596842,-0.37712894524173496,-36.99951171463894,1.94927978515625,0.003745805511793667,0.047416735595889194,0.03417696321955599,0.03543414560903827,-0.4986986776966845,486814.55,0.6184141373753094,2971237.0,1928828.4743799607,45.88440530826315,-0.0016142255458845634,519.5499877929688,0,0.003206841353108764
2026-07-24 16:30:00+00:00,520.3800048828125,520.4000244140625,518.5499877929688,519.5499877929688,297682,0.0,0.0,0.0,-0.001614225545884529,0.004233034064120789,0.006353203048080847,0.00609985133614277,-0.0038920764415046882,-0.0016155298117161427,3.27996826171875,3.14996337890625,-1.31005859375,-1.923512239515801e-05,517.9657069614956,0.0030586596953760857,518.3346383231027,0.002344719762112686,519.6463099888393,-0.00018536106967153838,521.4251513671875,-0.0035962277026691525,518.6773023956687,0.0016825208916365325,519.2386733126511,0.0005995595018585086,520.6710349725452,-0.002153081512654852,518.0794241768973,519.0582383105888,0.0009473878768971424,0.5621531065185605,41.80240457195249,-0.8208187946921726,-1.0920953752357732,0.2712765805436006,61.13926788168714,61.56514911281493,0.5366266087930824,-0.3920633873052176,-38.86073210565467,1.9739292689732142,0.0037993057748968518,0.04761613231806625,0.034800975292611724,0.036159308426791534,-0.011197363919309922,482929.05,0.6164093876729912,2673555.0,1999754.8101532978,44.65192996234838,-0.002251915961207696,518.3800048828125,0,0.003190403069466375
2026-07-24 17:30:00+00:00,519.5349731445312,519.6500244140625,518.3800048828125,518.3800048828125,170265,0.0,0.0,0.0,-0.0022519159612076622,-0.0034411405620322633,0.004184328972676843,0.006152797451452807,-0.006344759422460822,-0.002254455336979331,2.1600341796875,3.16998291015625,-1.11993408203125,-2.8899333635350147e-05,518.3342808314732,8.821344261834103e-05,518.0503540039062,0.0006363298014523276,519.4939284551712,-0.0021442475288768227,521.2887512207031,-0.00557991387896564,518.6178428930974,-0.0004585997445781762,519.1606125463022,-0.0015035956977930308,520.5811906553008,-0.00422832367361038,518.0854730515252,518.979469876531,-0.0011550842152964788,0.44801407625566997,38.48387230383561,-0.7879104700887183,-1.0312583942063622,0.24334792411764394,47.843431355344215,57.3277291704271,-14.443166988220085,-0.5963653013088143,-52.15656863158393,2.020359584263393,0.0038974489085786164,0.0481402779199568,0.035143230491998065,0.03628816716108529,-0.42803058297109,477194.95,0.35680385972232026,2503290.0,2047710.5425196504,46.152534541025254,-0.0005980121834827127,518.0700073242188,1,0.0028681399252195824
2026-07-24 18:30:00+00:00,518.3610229492188,518.510009765625,517.6199951171875,518.0700073242188,340913,0.0,0.0,0.0,-0.0005980121834827656,-0.004458208764413163,0.001372394450208203,0.0016434721573843625,-0.006634367684102527,-0.0005981910640873049,0.71002197265625,0.85003662109375,-1.45001220703125,-3.661779662586432e-05,518.5914219447544,-0.0010054439747177431,517.7985709054129,0.0005242123753463957,519.3215477353051,-0.0024099527865572893,521.1317517089843,-0.005875182954634992,518.5082757793217,-0.000845248717473971,519.0614666170219,-0.0019100999719032484,520.4827128776113,-0.004635515250926851,518.0880934942336,518.8389415110872,-0.0014820286708386251,0.42127903377679776,39.52463348436665,-0.7778777079643078,-0.9805822569579514,0.20270454899364365,45.890605659076016,51.62443496536912,-30.342966225340625,0.32338939411319273,-54.10939432722544,2.0239345005580356,0.0039066814753618995,0.0481508108825684,0.035289787249221445,0.036466215373985256,1.002249434704725,473833.8,0.719478011066326,2162377.0,2058631.1575177792,45.306582096097976,0.0013897170130414975,518.7899780273438,1,0.0032314784749879915
2026-07-24 19:30:00+00:00,518.1799926757812,518.8800048828125,518.1500244140625,518.7899780273438,325944,0.0,0.0,0.0,0.0013897170130414693,-0.0014628231806018688,-0.0026529883079602357,0.004141979119633543,-0.006896230218934041,0.001388752250081529,-1.3800048828125,2.13995361328125,-2.09002685546875,0.00021229824156459348,518.9585658482143,-0.0003248579596999433,517.605712890625,0.002287967669643377,519.1910691034226,-0.000772530769396136,520.9939514160156,-0.00423032433040242,518.5646162289261,0.0004345876894881637,519.036785836142,-0.00047551120755383444,520.4163311187773,-0.00312510002892132,518.2202811104911,518.2617523491489,0.0010192256630930986,0.3845120310718689,42.25914036441472,-0.7037190182105633,-0.9252096092084738,0.22149059099791057,69.69304249389272,54.47569316943765,-10.853926867583596,0.6948537299358961,-30.306957488983716,2.036076136997768,0.0039246635887914706,0.04801557747610242,0.03269286731473289,0.032995293336304826,-0.0439085631818088,425756.4,0.7655645340856866,2488321.0,2099553.999658943,51.02611538011502,0.00570562674304444,521.75,2,0.003272224384540576
2026-07-27 13:30:00+00:00,524.7000122070312,525.3400268554688,521.7100219726562,521.75,1237411,0.0,0.0,0.0,0.005705626743044423,0.006501012935383743,0.0026133963244496794,0.011535502806990117,-0.00227560032862395,0.005689411305032367,1.3599853515625,5.95001220703125,2.739990234375,0.0113919590392793,519.585710797991,0.004165413245642989,517.9878540039062,0.007263000410156559,519.1604730515253,0.004987912375626335,520.9087512207032,0.0016149638057027097,519.2016929831409,0.004908125399616016,519.28344166922,0.004749926789205103,520.4686318592175,0.0024619507542707874,518.7728527250744,518.7157617880403,0.005849519978908525,0.4353536997052264,67.47209370325116,-0.40147078177324147,-0.8204618437214274,0.4189910619481859,66.19578272815045,60.59314362703973,116.52958806080383,0.8758419151348658,-33.80421726243342,2.025364467075893,0.0038818676896444867,0.05244536086806138,0.035509028803674784,0.03471917434231957,2.796391404658469,470619.85,2.6293217338792605,3725732.0,2254428.09492952,71.84091741584723,-0.001514093008804504,520.9600219726562,0,0.0019187501096869623
2026-07-27 14:30:00+00:00,521.780029296875,522.0800170898438,520.469970703125,520.9600219726562,497437,0.0,0.0,0.0,-0.0015140930088044513,0.005578424937903836,0.0027139528684760883,0.009084398210193578,-0.004927906488456868,-0.0015152404059476856,1.4100341796875,4.69000244140625,0.050048828125,5.7554953282112975e-05,519.6985735212054,0.00242726941292434,518.3985682896206,0.004941089423687766,519.0661882672991,0.003648539912944995,520.7927514648437,0.00032118440078462247,519.553358781044,0.0027074470173954063,519.4358580604414,0.0029342677994989934,520.4879020597446,0.0009070718282643087,519.1691417875744,518.7625833052624,0.0042359235960866045,0.3930002334066986,69.28231656381577,-0.22310963253744376,-0.7009914014846307,0.4778817689471869,58.75723423144571,64.88201981782963,71.4469425208619,0.8342199467566881,-41.242765759138145,1.9996512276785714,0.0038383966971263857,0.052450842875682885,0.03589284766989276,0.03517897927408249,-0.5980017956846997,487114.8,1.021190487334811,3228295.0,2347177.3239838514,70.76268484531165,-0.0003264049795387661,520.7899780273438,1,0.0017674249641079858
2026-07-27 15:30:00+00:00,520.9500122070312,521.3300170898438,519.4299926757812,520.7899780273438,340825,0.0,0.0,0.0,-0.00032640497953873027,0.003855124587419434,0.00464904726615778,0.0088528293820056,-0.0027288545040650147,-0.0003264582612386543,2.40997314453125,4.57000732421875,0.99993896484375,-1.921407632600678e-05,519.7557111467634,0.0019899096025254716,518.653568812779,0.004119144922594442,518.9352358863467,0.0035741302820293665,520.6626513671876,0.0002445473279514353,519.800682630304,0.0019032206576409564,519.5589598756144,0.0023693521752020264,520.499748176121,0.0005575984469525609,519.4879964192709,518.7797366959772,0.0038749418860603967,0.27346873681449535,63.65712304228794,-0.09439019065359844,-0.5796711593184242,0.48528096866482573,55.194133904890606,60.049050288162256,57.6754376846711,0.9674273657346815,-44.80586608526205,1.93536376953125,0.0037162077827579063,0.051753960874769356,0.036211152323375115,0.03605788166409981,-0.31483785886453963,498760.05,0.6833446263388564,2887470.0,2398633.7693187227,65.57981977592632,-0.002525014875261687,519.4749755859375,0,0.003884573797201557
2026-07-27 16:30:00+00:00,520.780029296875,521.4199829101562,519.2899780273438,519.4749755859375,207218,0.0,0.0,0.0,-0.0025250148752616886,-0.0043603726191902,0.002711927426517713,0.004088043710875233,-0.005523029800384327,-0.0025282081017506757,1.40496826171875,2.114990234375,-1.0050048828125,-1.9103152688181234e-05,519.7449951171875,-0.0005195231003400021,518.8553510393415,0.001194214428652656,518.8047572544643,0.001291850782206964,520.5427514648437,-0.002051274128588614,519.7355412214307,-0.0005013427307286919,519.5513249401893,-0.00014695247723678348,520.4595610157216,-0.001891761634392405,519.5975173223586,518.6630673193885,0.0015653866984276861,0.09713673189058275,60.224079674598585,-0.09736643304313475,-0.48321021406336634,0.3858437810202316,42.24486115703726,52.065409764457854,49.15392908625445,0.6207906586540215,-57.755138833115396,1.996795654296875,0.0038438726563118117,0.052412049202893676,0.03716167927020583,0.03696638816117324,-0.39201056260544265,489282.35,0.42351415292213096,2680252.0,2425454.55319313,62.69049953990959,0.0018962345310429536,520.4600219726562,2,0.0030373212028394123
2026-07-27 17:30:00+00:00,519.4500122070312,520.52001953125,519.4400024414062,520.4600219726562,180904,0.0,0.0,0.0,0.0018962345310429285,-0.0009597665442863113,0.0032191137378225765,0.000557585158754037,-0.002175919620043154,0.0018944389478841022,1.6700439453125,0.2900390625,0.26507568359375,-4.8055017237441915e-05,520.0421404157366,0.0008035532593276773,519.188210623605,0.0024496152320586185,518.7142828078497,0.0033655120413367437,520.4365515136719,4.509763758139644e-05,519.8804373716758,0.0011148421046759567,519.6339337613226,0.0015897503177909743,520.4595790924642,8.509406106529364e-07,519.8114734468006,518.6216433395784,0.003544739516145776,0.16016775829287527,66.70239755294045,-0.020009458959975746,-0.39057006304268826,0.3705606040827125,51.77887543440056,49.73929016544281,57.28252517226575,0.8213652144739406,-48.22112455571806,1.9692949567522322,0.003783758355318808,0.05275411354832983,0.03726696122482529,0.03700919594244285,-0.12698703780559606,487735.1,0.3709062562854296,2861156.0,2466949.9290794986,65.24985876913163,0.0015850423414814,521.2849731445312,2,0.00311825556301455
2026-07-27 18:30:00+00:00,520.4400024414062,521.47998046875,519.9299926757812,521.2849731445312,290710,0.0,0.0,0.0,0.0015850423414813797,0.0009504697441806709,-0.0008912829045879533,0.001719784144394776,-0.0003931371525494054,0.0015837874876918289,-0.46502685546875,0.89495849609375,-2.13507080078125,-3.8465070139456965e-05,520.5014212472098,0.0015053789775298135,519.5464215959821,0.003346287215693217,518.6995210193452,0.00498448913178128,520.3746508789062,0.0017493593588499533,520.1613445262469,0.0021601540177991277,519.7840282507052,0.0028876318090697716,520.491947486663,0.0015236079284148137,520.0910417829241,518.545194368143,0.0052835872478220695,0.285588222687395,67.52853326724512,0.10663395563040012,-0.2911292593080706,0.3977632149384707,59.93052162464853,51.318086072028784,87.88403982281103,0.7586570094503945,-40.069478365470104,1.9992937360491072,0.003835318183037186,0.05309026774384416,0.03771279358022549,0.03746141875965876,0.6069849201786583,479095.55,0.6067891885032107,3151866.0,2532180.031071927,63.74514249529547,8.640944518462291e-05,521.3300170898438,1,0.0033416136221996995
2026-07-27 19:30:00+00:00,521.27001953125,521.5,520.9500122070312,521.3300170898438,302404,0.0,0.0,0.0,8.640944518467641e-05,0.003570993004646361,0.0007102178700517658,0.0034260982363536474,0.009546848262401042,8.640571210361528e-05,0.3699951171875,1.780029296875,0.83502197265625,-2.868606242573442e-05,520.8642839704241,0.0008941544539559207,519.9114249093192,0.002728526653880065,518.6919032505581,0.005086090264274317,520.3240515136719,0.0019333443711539115,520.3950790389663,0.0017965927975380795,519.9245726906269,0.0027031697923815476,520.5248129612976,0.0015469082520077437,520.3288545154389,519.0143537052492,0.004461655767434134,0.3394610985752252,67.86715772316246,0.20823405152373198,-0.1912565971417101,0.39949064866544204,55.78824114645038,55.83254606849982,92.34582308925452,0.22301059611231563,-44.211758842524276,1.9435773577008928,0.0037281132756301983,0.03865996999251552,0.0351095707919367,0.03424704737621784,0.04022565443225212,419707.55,0.7205112226358551,3454270.0,2619998.123350791,70.3434813034162,0.008017939767049493,525.510009765625,2,0.003702523058358989
2026-07-28 13:30:00+00:00,526.1900024414062,526.1950073242188,523.6699829101562,525.510009765625,1713456,0.0,0.0,0.0,0.008017939767049453,0.00970293121425203,0.009063215379373935,0.013754397962213671,0.019991823438394674,0.00798596687875113,4.72003173828125,7.1300048828125,4.35003662109375,0.009322281841131026,521.4014282226562,0.007879881643144187,520.4935695103237,0.009637852509899557,519.1257120768229,0.012298172755205472,520.3386511230469,0.00993844803073304,521.418065184298,0.007847723073946053,520.4323396974448,0.009756638242585642,520.7203108751928,0.009198217911593998,521.0753324962798,520.2262386328181,0.010156679422173688,0.5360280045909612,73.50052792376185,0.6189089378100334,-0.029223490151361387,0.6481324279613948,93.09825287634095,69.60567188247995,201.73732586371767,0.9838765105123323,-6.90174711358347,2.136073521205357,0.004064762766657806,0.0455551349592082,0.0356597084187828,0.035390945717039116,4.666115527572386,485285.0,3.5308241548780543,5167726.0,2862638.8735078587,72.85482628448135,0.0031587850158583852,527.1699829101562,2,0.0017278798072991044
2026-07-28 14:30:00+00:00,525.5349731445312,527.6900024414062,524.7000122070312,527.1699829101562,1023122,0.0,0.0,0.0,0.003158785015858312,0.011289429139161644,0.014813047183917183,0.01756514651936336,0.01923748650599255,0.0031538065356807544,7.69500732421875,9.0999755859375,2.9749755859375,4.750314635745197e-05,522.2885654994419,0.009346207696576892,520.9935695103237,0.011855066475438134,519.6952340262277,0.014382946762865523,520.3908508300781,0.013027000896060558,522.5684487294697,0.00880561042647253,521.0448527167822,0.011755475870119866,520.9732391902894,0.011894552836314772,521.9655209495908,520.9747627328043,0.011891593644273083,0.7142095597040435,71.61819806970007,1.066029182893658,0.18982704445764248,0.8762021384360155,94.83595676293409,81.24081692857514,210.66151903941358,1.4666529296906199,-5.164043227135425,2.057861328125,0.0039036011055883857,0.04499958677970727,0.03584121331269648,0.03599319281801281,-0.4028898320120271,518710.95,1.9724318524604079,6190848.0,3179611.171269015,74.48605214982702,0.0011572100204778125,527.780029296875,1,0.0010193205816643846
2026-07-28 15:30:00+00:00,527.1199951171875,528.1900024414062,526.9099731445312,527.780029296875,587338,0.0,0.0,0.0,0.0011572100204777502,0.012372224877892801,0.01406449489909778,0.017328883845665555,0.021542638840354567,0.0011565409690675896,7.32000732421875,8.99005126953125,-0.375,-9.482291213301958e-05,523.2871442522321,0.008585888443819035,521.5214276994977,0.012000660500130956,520.1980939592634,0.014575092499648423,520.4577514648438,0.014068918776612257,523.6107648429507,0.007962526238678082,521.6571414967906,0.011737379426081041,521.2401721356457,0.012546725119864393,522.8703822544643,521.4031198894216,0.012230286249137766,0.8601361925514649,72.28582571349455,1.452853255527657,0.4424322866716454,1.0104209688560115,96.1213541966702,94.68518794531508,206.0804806283997,1.8133462567039755,-3.8786457938690733,2.0946568080357144,0.003968806494672246,0.044338292133027715,0.03583149283598949,0.03594628702250665,-0.42593551893127113,539706.5,1.088254449409075,6778186.0,3522332.5835291087,75.48069444488183,1.8850145735912003e-05,527.7899780273438,1,0.006484875176650386
2026-07-28 16:30:00+00:00,527.8200073242188,528.4500122070312,527.6199951171875,527.7899780273438,286234,0.0,0.0,0.0,1.8850145735882506e-05,0.004338581985784851,0.012478788413125663,0.011576383377755128,0.023245425587694157,1.8849968074118005e-05,6.5050048828125,6.03997802734375,-0.81500244140625,7.574751814109796e-05,524.4750017438616,0.006320561080039288,522.1099984305246,0.010878894512425463,520.7285679408482,0.013560635081738324,520.5479504394531,0.013912316015773288,524.4466074798294,0.006375044665793927,522.2146720904773,0.010676272105755455,521.4970272686535,0.01206708845808307,523.7061889648437,521.6600282177884,0.011750852045317898,1.1048485340359022,76.1586990890494,1.7401574475658208,0.7019773188504805,1.0381801287153403,93.90551118109013,94.95427404689815,178.72008177172705,1.876188655141212,-6.094488809676271,2.0217982700892856,0.003830687118467243,0.04336955087587572,0.035536450125210665,0.0356819983968505,-0.5126588097483902,545657.95,0.5245667180327886,7064420.0,3859674.242240622,79.3955526693648,-0.0015725119635456618,526.9600219726562,0,0.006359128509826177
2026-07-28 17:30:00+00:00,527.760009765625,528.0599975585938,526.7999877929688,526.9600219726562,187945,0.0,0.0,0.0,-0.0015725119635456863,-0.0003982793867377543,0.010799310797870776,0.011517198531435291,0.020706223559354253,-0.0015737496581800206,5.6300048828125,6.0,-0.875,-5.678065701569768e-05,525.4035731724331,0.002962387162352605,522.7228567940848,0.008105949689191566,521.259998139881,0.010935087774056933,520.6305505371093,0.012157318522712393,524.9492903783947,0.0038303349125556867,522.6460675343117,0.008254064665000308,521.711262355085,0.010060659978601047,524.3528587704614,522.0631962518938,0.009379756619331464,1.159397112259509,77.8391694377926,1.8792151498136036,0.9374248850431053,0.9417902647704983,86.24203246516838,92.08963261430956,135.13542106581926,1.5748268646905386,-13.757967525598033,2.021083286830357,0.0038353635998052906,0.04443632337273261,0.03559469213850881,0.03564248221417698,-0.34338687926661404,526374.05,0.3570559756887704,6876475.0,4146988.6001224676,79.1785781689041,0.00041743338005328646,527.1799926757812,1,0.006451626981413261
2026-07-28 18:30:00+00:00,526.9299926757812,527.6199951171875,526.9000244140625,527.1799926757812,356241,0.0,0.0,0.0,0.0004174333800532892,-0.0011369066425137575,0.003177832732246255,0.01226984949411225,0.021231301760232135,0.00041734627897831893,1.66998291015625,6.3900146484375,-3.96002197265625,-5.698591092836493e-05,526.2457188197544,0.0017753566872152728,523.3735700334821,0.0072728598848588325,521.7795206705729,0.010350103427320265,520.7505505371093,0.012346491294206296,525.395430837872,0.0033966070756647126,523.0582425471725,0.007880097842505762,521.9257223676614,0.01006708442012471,524.9471435546875,522.519084493606,0.00892007262602363,1.1338733196489663,79.73243233803433,1.984295455244819,1.1467989990834482,0.8374964561613709,87.66969866708317,89.27241410444724,113.83764389505365,1.0407269143786952,-12.330301323208085,2.008937290736607,0.0038107236971117466,0.04430076724769956,0.03528809406860038,0.03520178379888721,0.8954534571284152,520269.1,0.6847245012244613,7232716.0,4440867.400110804,78.95394808707425,-0.00045523395748934533,526.9400024414062,1,0.006725356775601717
2026-07-28 19:30:00+00:00,527.1749877929688,527.4299926757812,526.6699829101562,526.9400024414062,438475,0.0,0.0,0.0,-0.0004552339574893649,-0.0016104428301468854,-0.0004362548631475782,0.014370330056897584,0.018517120305185264,-0.00045533760792538304,-0.22998046875,7.46502685546875,-1.89996337890625,-9.49368883877302e-06,527.0471452985491,-0.0002032889431210079,523.9557146344866,0.005695687104006041,522.2899983723959,0.008903107628888568,520.8755505371093,0.011642803925106105,525.7043451585789,0.0023504794932829517,523.4111298102847,0.006742066475342003,522.1223608019259,0.009227035655151304,525.4226678757441,523.3308070865954,0.0068965849247371236,0.9103362727747571,77.45971416328423,2.0248657561282926,1.322412350492417,0.7024534056358755,83.51523873340321,85.80898995521825,94.96497710330193,1.147877037876122,-16.484761255679803,2.005366734095982,0.003805683236802971,0.04438961521218077,0.034592073575677125,0.0342182366756848,0.23083811240143604,484306.0,0.9053676807638128,6794241.0,4664998.21914787,73.51985236308347,-0.014802421066592072,519.1400146484375,0,0.006703878011535508
2026-07-29 13:30:00+00:00,522.4600219726562,523.1699829101562,518.7200927734375,519.1400146484375,2055751,0.0,0.0,0.0,-0.01480242106659202,-0.01483984932091209,-0.01637048423364562,-0.0025362319265476163,-0.001980060933075123,-0.014913070175428212,-8.6400146484375,-1.32000732421875,-8.4100341796875,-0.008501879621939797,526.1371459960938,-0.01329906356335255,523.769287109375,-0.00883838089567471,522.374761672247,-0.006192387651823231,520.8435510253906,-0.0032707256787495908,524.3914790565507,-0.010014396911161183,523.0228466137531,-0.007423828596488899,522.0054060508087,-0.0054891987116447594,524.7805745442708,523.0167005591311,-0.00741216467187723,0.1865000098416616,43.368916591361426,1.4113549627246584,1.3402008729388655,0.07115408978579296,4.315779568605779,58.50023898969738,-47.523133351946676,-0.31681934148441915,-95.68422042111663,2.1246425083705356,0.00409261942523397,0.0686176660177853,0.03529763641738647,0.03432505100487112,3.688410969838645,557066.4,3.690315912070798,4738490.0,4671997.436371883,51.92257741470083,-0.0011172652338050622,518.5599975585938,1,0.0015924515220228463
2026-07-29 14:30:00+00:00,519.1300048828125,519.3200073242188,518.0999755859375,518.5599975585938,579381,0.0,0.0,0.0,-0.0011172652338050648,-0.016351142374420258,-0.01748797978932415,-0.005227420175762387,-0.003516626065702022,-0.001117889839883512,-9.22998046875,-2.7249755859375,-0.5899658203125,-1.9281437266513444e-05,524.9071480887277,-0.012091949125160251,523.5978567940848,-0.009621619283026728,522.298095703125,-0.007157020435795029,520.8215515136719,-0.004342281820905909,523.2251827569593,-0.008916209219470245,522.6171330632841,-0.007763112320681021,521.8702919922905,-0.006343136377916897,524.0860026041667,522.8686439714054,-0.008240399309619017,-0.49360343336293866,43.836599800451836,0.8683311263926043,1.2458269236296133,-0.377495797237009,4.444641013871024,30.758553105293334,-80.20335283393506,-0.17613514997713736,-95.55535897646718,2.0967843191964284,0.004043474870919758,0.06868267099356039,0.03551390937956531,0.034566982580723694,-0.7181657700762398,570982.8,1.014708323963522,4159109.0,4623150.918622181,51.44404098645032,-0.0005591986051931907,518.27001953125,1,0.002490355187676597
2026-07-29 15:30:00+00:00,518.5599975585938,518.8499755859375,517.280029296875,518.27001953125,606710,0.0,0.0,0.0,-0.0005591986051931563,-0.016453453656937622,-0.016490819187526817,-0.005869597871373644,-0.0024636094539353115,-0.0005593550150453468,-8.69000244140625,-3.05999755859375,0.53997802734375,0.0,523.5485752650669,-0.010082265492049823,523.4178597586496,-0.009835048864712847,522.1971435546875,-0.007520385877060449,520.7890515136719,-0.004836952649245403,522.2341501118174,-0.007590714968967477,522.2219409240082,-0.007567513126235556,521.7291048369556,-0.006630040903660018,523.3756243024553,522.7091912395294,-0.008492622250900349,-1.1512447060368018,43.56822165311828,0.40985743903513594,1.0786330267107178,-0.6687755876755819,8.862952094458684,5.874457558978496,-88.29480625381362,-0.42078206758349246,-91.13704789658875,2.073207310267857,0.0040002454939202774,0.06848968894581466,0.03528926654906055,0.034405035558014295,0.04716930655302809,586434.2,1.0345747229612443,3552399.0,4521174.545420068,49.916749848812216,0.0020645749973855704,519.3400268554688,2,0.004134757750180297
2026-07-29 16:30:00+00:00,518.226806640625,520.010009765625,517.7849731445312,519.3400268554688,525031,0.0,0.0,0.0,0.0020645749973855487,0.0003852760361127139,-0.014871516235886673,-0.01174094269471293,0.0018519656692261854,0.0020624466912872353,-7.8399658203125,-6.16998291015625,0.85003662109375,-8.337910547864717e-05,522.3414393833706,-0.005746073930950771,523.408220563616,-0.007772506331212802,522.1871454148065,-0.005452295377877766,520.7798522949219,-0.0027647487380808903,521.6553254605477,-0.004438368578007799,521.9599487359592,-0.005019392554601431,521.6354155043482,-0.004400369646404728,522.8319132486979,522.6050170736194,-0.0062475294179665875,-1.3931958745943853,49.65120347758838,0.1313403772080619,0.8891744968101867,-0.7578341196021248,18.442262400744454,10.583285169691388,-69.96142178969012,-0.3731061490850829,-81.55773759030298,2.0799952915736606,0.0040050741017666905,0.06841680881195651,0.03607881720687387,0.03554600833237081,-0.13462609813584747,604172.5,0.8690084371599156,4077430.0,4478913.160141966,53.89935594886525,-0.0006932767899651035,518.97998046875,1,0.00425549640189618
2026-07-29 17:30:00+00:00,519.3300170898438,521.169921875,518.3200073242188,518.97998046875,757855,0.0,0.0,0.0,-0.0006932767899651138,0.0008099022526488753,-0.015106125812760607,-0.015535790555059048,0.001756467526910388,-0.0006935172174471502,-7.96002197265625,-8.19000244140625,-0.12005615234375,-1.9274011451781325e-05,521.201433454241,-0.004262177428723104,523.3025033133371,-0.008260084400916039,522.2157156808036,-0.006196165904024905,520.7880517578125,-0.0034717987153434593,521.1202564621882,-0.004107067355170799,521.6890425298493,-0.005192867475147528,521.5312807970698,-0.004891941139974798,522.2414812360491,522.539933289147,-0.006812786150107154,-1.4509096497083913,46.04687858261452,-0.11708940153664571,0.6879217171408202,-0.8050111186774659,15.218923658129672,14.174712717777604,-63.35187423502546,-0.4507771553626552,-84.78107633291776,2.206416538783482,0.0042514482674001495,0.06843055942526455,0.03774792911928088,0.03786379865524146,0.4434481011597411,625019.6,1.21252997505998,3319575.0,4368500.002033208,56.61966535455867,-0.002273676673839064,517.7999877929688,0,0.0053455058840477425
2026-07-29 18:30:00+00:00,519.0,521.97998046875,517.6099853515625,517.7999877929688,786818,0.0,0.0,0.0,-0.0022736766738390424,-0.0009069244227292161,-0.0025812436291897667,-0.01890947165470047,-0.001908267846922107,-0.002276265401344905,-1.34002685546875,-9.98004150390625,6.6199951171875,3.8574765893434855e-05,519.8614327566964,-0.003965373912799027,523.0535757882254,-0.010044072420936313,522.2028576078869,-0.008431339949150152,520.7640515136719,-0.00569175946780892,520.4562027283444,-0.0051036281659168296,521.3354920992238,-0.006781629794687614,521.3849555812227,-0.006875855833336558,521.5078125,522.4318431383522,-0.008865951427367222,-1.424646448033334,40.86502153635096,-0.4045242347860949,0.4694325267554371,-0.873956761541532,4.654962323840539,12.772049460904888,-71.95420060751795,-1.4671503547725404,-95.3450376672069,2.4078456333705356,0.004650146176381547,0.06874722363078005,0.041678630364791226,0.04297821156305962,0.038217073186823436,648063.3,1.2141067084033283,2532757.0,4193667.3351729023,51.05272224633102,-0.004712248935745114,515.3599853515625,0,0.005177068158924398
2026-07-29 19:30:00+00:00,517.760009765625,517.9500122070312,514.8200073242188,515.3599853515625,1072384,0.0,0.0,0.0,-0.004712248935745067,-0.007663652516839203,-0.006170958465938514,-0.02355102065832948,-0.012247272924652663,-0.0047233865834479805,-3.20001220703125,-12.42999267578125,-1.8599853515625,-7.720747061828273e-05,518.2071446010044,-0.005494249315355547,522.6271449497768,-0.01390505577145019,522.0395246233259,-0.012795083430838197,520.712451171875,-0.010279120094509786,519.436959252988,-0.007848832911852918,520.7922642130727,-0.0104307979107717,521.1486822388831,-0.011107572722703523,520.4820004417783,521.8479603602059,-0.012432692089382944,-1.4111139058159088,36.096746933930724,-0.8197565725747609,0.21159470688939755,-1.0313512794641584,3.9616862352342066,7.945190739068138,-122.26070258787355,-2.240263660949771,-96.03831375742904,2.592132568359375,0.0050297513234095455,0.0670300687773392,0.04105590004014069,0.04272420975253461,0.3629378077268186,639811.95,1.6760924831116366,1460373.0,3933353.588965959,44.77570607051477,0.00602499532785435,518.4650268554688,2,0.004113531051724553
2026-07-30 13:30:00+00:00,518.8400268554688,519.1099853515625,516.5599975585938,518.4650268554688,993549,0.0,0.0,0.0,0.006024995327854388,-0.0009922417678156492,0.0003762658785377848,-0.016120758241558453,-0.004789225683268339,0.006006917619236773,0.19500732421875,-8.4949951171875,3.39501953125,0.0067526420420970824,518.1107177734375,0.0006838482005413764,522.1239318847656,-0.007007732850095443,521.8830973307291,-0.006549494499316426,520.7235522460937,-0.004337282961138785,519.2425727734842,-0.001497461800677792,520.5806971805632,-0.004064058342056787,521.0434408512982,-0.004948558591605754,519.9270513625372,521.5890758874535,-0.005989483247254373,-1.1034679475724751,32.72861668076061,-0.888043479959947,-0.008332930480471373,-0.8797105494794757,26.742613537717514,11.786420698930755,-76.7726974519613,-1.7649403017007552,-73.25738645494573,2.5124904087611606,0.004846017144097003,0.07090748494172502,0.041862066719226244,0.04390354890882167,-0.07351377864645503,664617.55,1.494918393292501,2453922.0,3792455.3423977727,40.79715244649549,-0.003761125834963696,516.5150146484375,0,0.0035119875122073757
2026-07-30 14:30:00+00:00,518.5,518.8200073242188,515.8699951171875,516.5150146484375,488732,0.0,0.0,0.0,-0.0037611258349636856,-0.0024816013418775817,-0.005439619634435511,-0.02023024047861155,-0.008208612990401654,-0.003768216653962414,-2.82501220703125,-10.66497802734375,-3.02001953125,6.745516615324552e-05,517.8185773577009,-0.0025174120169898086,521.3628627232143,-0.009298414638599229,521.6714303152902,-0.009884412615286125,520.6314526367188,-0.0079066256320586,518.6970611484749,-0.0042067840045242715,520.2110896776427,-0.007104952398243602,520.8658555100096,-0.008353092865539464,519.1791957310268,521.4518818316291,-0.009467541215578848,-0.7832997125260562,24.244695368405857,-1.0869809939428023,-0.22406254317293758,-0.8629184507698647,12.435852654989167,14.38005080931363,-89.17057911872983,-2.1362594684017955,-87.56414733767409,2.5096348353794644,0.004858783896307006,0.07200872484599054,0.04289072053542067,0.04446605878277821,-0.5080947190324785,672012.9,0.7272658009987595,1965190.0,3618430.071693223,32.45527528882006,0.00606954236898384,519.6500244140625,2,0.0024889073496994376
2026-07-30 15:30:00+00:00,516.489990234375,519.7899780273438,516.4099731445312,519.6500244140625,261646,0.0,0.0,0.0,0.006069542368983827,0.008324354207619455,0.0012910785974968864,-0.013834550410991797,0.00033697259031106874,0.0060511968917084415,0.6700439453125,-7.28997802734375,3.49505615234375,-4.844857042439367e-05,518.0157209123884,0.003154930315227621,520.7821480887277,-0.002173891095956186,521.6171468098959,-0.0037711996391608664,520.5988525390625,-0.0018225705269432199,518.8876538015925,0.0014692402235495492,520.16008374459,-0.0009805814526455796,520.8181758591882,-0.0022429160487656354,518.9508172898065,521.4182580151295,-0.0033912000085970966,-0.14727187235167746,32.48595740035685,-0.9803702216693182,-0.37532407887221375,-0.6050461427971044,35.43664973722833,24.87170530997834,-58.14740172720815,-1.3872015435279434,-64.56335025543493,2.659633091517857,0.005118123672776961,0.07504675548209432,0.044236695183243795,0.04460217478026588,-0.4646431991357226,674734.3,0.3877763439623561,2226836.0,3485897.302960535,30.046527566354257,0.0020205671964562614,520.7000122070312,2,0.0011670645074932347
2026-07-30 16:30:00+00:00,519.7050170898438,521.030029296875,519.4400024414062,520.7000122070312,173592,0.0,0.0,0.0,0.002020567196456158,0.0043107736024508014,0.005600665280861339,0.003004964970096058,0.0004611117554531585,0.0020185285961824635,2.9000244140625,1.55999755859375,2.22998046875,0.00010582637005194373,518.2100045340402,0.004805016597904541,520.2757219587054,0.0008155103734760106,521.6754818870908,-0.0018698783322708946,520.5612524414063,0.0002665579986484304,519.2501254826802,0.002792270339849127,520.2091681502665,0.0009435513382225862,520.8135419904762,-0.00021798546752614643,518.9398658389136,521.4221686737571,-0.001384974613874434,0.07279624038995566,35.381513752125116,-0.8019112431364874,-0.4606415117250685,-0.3412697314114189,44.410945765670796,30.761149385962767,-25.85170460133957,-1.2291779958961633,-55.589054226776334,2.7139195033482144,0.005212059611521467,0.07508910391907044,0.04449417545800097,0.04496203777734369,-0.33653868203603343,674368.7,0.257414082237209,2400428.0,3382519.2741071507,29.165122651243834,0.0006145713783688458,521.02001953125,1,0.0010210417246209137
2026-07-30 17:30:00+00:00,520.72998046875,521.114990234375,520.4199829101562,521.02001953125,192510,0.0,0.0,0.0,0.0006145713783689555,0.008721924348857213,0.01098268072913422,0.004743948596571679,-0.0005082701917973331,0.0006143826067178765,5.6600341796875,2.46002197265625,2.760009765625,5.755379492247258e-05,518.5014386858259,0.004857423060971214,519.8514360700335,0.0022479181168536927,521.7021484375,-0.0013075064158575372,520.5398522949218,0.00092244087404702,519.6041042923943,0.0027249885579353505,520.282881912174,0.001416801599094254,520.821639148938,0.00038089888629788915,519.039105515253,521.425340009435,-0.000777331761776055,0.24828443941645373,37.48949110416013,-0.6274267156516089,-0.4939985525103766,-0.1334281631412323,48.43764155738215,42.76174568676043,-17.29700431324988,-1.1234643190337965,-51.56235843480535,2.6735621861049106,0.005131400111084259,0.07490196692917708,0.04413114556002432,0.04459016561979387,0.10897967648278728,669458.7,0.2875606814878942,2592938.0,3307321.0575255174,31.236060473349625,0.0012474825429760021,521.6699829101562,1,0.0017191987166498255
2026-07-30 18:30:00+00:00,521.030029296875,521.97998046875,520.75,521.6699829101562,328416,0.0,0.0,0.0,0.0012474825429760195,0.0038871517390408616,0.006181624388680307,0.006560216201549451,0.0006521124991234473,0.0012467050831397155,3.2049560546875,3.39996337890625,-2.455078125,1.92118637475511e-05,519.0542951311384,0.005039333656514682,519.4578639439175,0.004258514731954006,521.7204822358631,-9.679383391334194e-05,520.5416516113281,0.0021676100180134114,520.0172800159467,0.0031781691834466296,520.4089820028996,0.0024230959704057927,520.8549075317308,0.0015648799053972061,519.2815784272693,521.4300782854101,0.0004600897315600794,0.40855289544185047,38.601572696970536,-0.4317232212631552,-0.48154348626093235,0.04982026499777714,54.321836183144356,49.0568078353991,-6.176113406180622,0.48733832691112733,-45.67816380892541,2.709991455078125,0.005194838775187212,0.07503604377393334,0.04435979031382193,0.044822566320715164,0.7059685211157862,670759.3,0.4896182579950803,2921354.0,3270562.2901421348,34.905095794826465,-0.0004024784717892426,521.4600219726562,1,0.0017582330481232516
2026-07-30 19:30:00+00:00,521.6799926757812,521.8300170898438,521.1099853515625,521.4600219726562,508315,0.0,0.0,0.0,-0.0004024784717892027,0.001459592371438001,0.009573792017613547,0.00408209459614306,-0.007706775737297611,-0.00040255948798824284,4.94500732421875,2.1199951171875,1.74005126953125,1.9187927143403854e-05,519.9257289341518,0.0029509850217390985,519.0664367675781,0.004611327251246042,521.7266729445685,-0.0005110932327970757,520.5370520019532,0.0017731109959447362,520.3058284072886,0.002218298359060417,520.5045310910593,0.0018357013714985744,520.8786375098063,0.0011161610804934095,519.5485328311012,520.9130872979324,0.0010499537985498492,0.589565495377822,38.64959164404113,-0.29022337057404,-0.44327946312355393,0.1530560925495139,79.52136601243456,60.76028125098702,-2.9849492549823577,0.559245685689287,-20.47863397558936,2.7071358816964284,0.0051914543159996855,0.06886612482770353,0.043258580692901255,0.04338867922354875,0.547777818376693,610502.25,0.8326177340050739,2413039.0,3188893.405366693,40.1337506533512,-0.0008245937515106335,521.030029296875,1,0.0016522506529481856
2026-07-31 13:30:00+00:00,524.0800170898438,524.4099731445312,519.25,521.030029296875,1282919,0.0,0.0,0.0,-0.0008245937515106716,1.921186374764794e-05,0.0026556428711199676,0.003950150112290274,-0.011647009147574439,-0.000824933915949356,1.3800048828125,2.050048828125,-3.56500244140625,0.005024345120976235,520.2921578543527,0.0014181867463922877,519.201437813895,0.0035219306993365574,521.5133405412946,-0.0009267476147725006,520.5270520019532,0.0009662846397442961,520.4506685852059,0.0011131904455861659,520.5523036552244,0.0009177284170970239,520.8845744426325,0.0002792458471205321,519.8103451683407,520.5199515334685,0.0009799389281866557,0.6892957076447739,55.635099676949494,-0.21035568538911775,-0.39669470757666675,0.186339022187549,64.75541298442641,66.1995383933351,4.193259212675323,0.532542817760512,-35.244587005146016,2.4885689871651784,0.004776248675184234,0.06759277508187132,0.046571705586936796,0.046650995304682655,1.5238661066464694,623492.1,2.05763473185947,1130120.0,2992819.7477127225,58.81614117258631,0.001525790963006627,521.8250122070312,2,0.0012823449038108395
2026-07-31 14:30:00+00:00,521.0800170898438,522.9500122070312,520.7005004882812,521.8250122070312,501898,0.0,0.0,0.0,0.0015257909630066457,0.0002971788716117363,0.0021605530509429816,0.0077733188662643116,-0.011283142141200742,0.0015246281266551069,1.125,4.0250244140625,-0.2550048828125,9.594033003455118e-05,521.0507289341518,0.001486003626675245,519.4346531459263,0.0046018475021319515,521.2588181268601,0.0010862052793748148,520.5157019042969,0.002515409809813203,520.725537309571,0.0021114288020879337,520.6680044326613,0.0022221603104428393,520.9214543549618,0.001734537605456316,520.1601550874256,520.2358073513119,0.0030547779165902554,0.7221897522535813,59.6114732046146,-0.0819666322501007,-0.33374909251135354,0.25178246026125284,73.04514962133392,72.44064287273163,18.28290487585131,0.4784890867364786,-26.954850368238514,2.562103271484375,0.004909889736107484,0.06773071628038294,0.04718709286824249,0.0474761898268351,-0.6087843425812541,619220.1,0.810532474640276,1632018.0,2863219.581263892,65.27931639086776,0.003487773260467384,523.64501953125,2,0.0018580328572922458
2026-07-31 15:30:00+00:00,521.7899780273438,523.9400024414062,521.5499877929688,523.64501953125,606852,0.0,0.0,0.0,0.0034877732604674527,0.004190153542984909,0.005038194122294337,0.01607620772892515,-0.00785342402973599,0.0034817050848297395,2.625,8.2850341796875,1.5,-6.713779306832698e-05,521.6214425223214,0.003879397670348036,519.818581717355,0.007361102408548101,521.0619128999256,0.0049573890690712925,520.5298022460937,0.005984704951970277,521.3094337539069,0.00448022925754531,520.9386421688966,0.0051951941040125505,521.0282608324634,0.005022297052756238,520.7215372721354,520.1961182534876,0.006630001948755671,0.6304372664692482,64.51524636624939,0.16474294387626287,-0.23405068523383027,0.39879362911009314,92.02339582294196,76.60798614290077,60.82169193414954,0.8988861301118941,-7.976604166630461,2.6206795828683034,0.005004687307461161,0.06922570767135797,0.04806651118292598,0.04805029424591369,0.20911420248735801,635251.0,0.9552948362143452,2238870.0,2803757.7163816164,72.43724074479292,0.0018236706529594145,524.5999755859375,2,0.005360599690833212
2026-07-31 16:30:00+00:00,523.6599731445312,524.6699829101562,523.5399780273438,524.5999755859375,313182,0.0,0.0,0.0,0.0018236706529595192,0.006851709284165564,0.005616563673907837,0.011832907549575111,-0.004478606133884733,0.0018220097845789963,2.92999267578125,6.13494873046875,0.30499267578125,2.8556775532033956e-05,522.1785801478794,0.004637102190916593,520.1942923409598,0.00846930331577251,520.9100080217634,0.007083694894210769,520.5510021972656,0.007778245304635427,521.967542120313,0.005043289578746695,521.2714906613548,0.0063853193282320244,521.1683280776977,0.006584528113768382,521.3590564546131,520.1918885766802,0.008473963370151737,0.7149810276385039,64.2933673403302,0.4323353404304271,-0.10077348010097881,0.5331088205314058,99.28926397227228,88.11926980551605,105.89155618490088,1.3132460319165646,-0.710736017575413,2.5424630301339284,0.004846479505244635,0.06950217793525458,0.04801644591126532,0.047934404602641464,-0.48392359257281836,641512.85,0.4881928709611966,2552052.0,2779785.743392891,71.74261042754983,0.0001525297246809383,524.6799926757812,1,0.005688618983364813
2026-07-31 17:30:00+00:00,524.5850219726562,524.7999877929688,523.9500122070312,524.6799926757812,264324,0.0,0.0,0.0,0.00015252972468093873,0.005471145311097603,0.006174913833171702,0.01580782319155083,-0.004742213351669244,0.00015251809320523192,3.219970703125,8.16497802734375,0.28997802734375,-2.8504792179068383e-05,522.701433454241,0.003785256926619121,520.6014360700335,0.007834316855766868,520.8014351981027,0.007447286461865798,520.6003015136719,0.007836513252565621,522.5100322314067,0.0041529546047248634,521.5813544808482,0.005940853077486517,521.3060404148774,0.006472114265570785,521.9571498325893,520.083877349741,0.008837257846662058,0.5773033886347797,65.72856767254939,0.6434437341804369,0.04806996275530434,0.5953737714251326,98.79764175339608,96.70343384953678,124.42630913711082,1.8084460550119832,-1.2023582365838625,2.3996102469308034,0.004573473889653414,0.06947655053349538,0.048052531711042866,0.04799425649536391,-0.156005134394697,636917.0,0.4150054088680308,2816376.0,2783270.529736425,69.95996618664265,0.0006576041455700363,525.0250244140625,1,0.005702686087610612
2026-07-31 18:30:00+00:00,524.7000122070312,525.4000244140625,524.27001953125,525.0250244140625,321012,0.0,0.0,0.0,0.0006576041455701453,0.002635382427675692,0.007667494947611209,0.01034349994702799,-0.003634148135406967,0.0006573880187094323,3.9949951171875,5.375,0.7750244140625,3.815569781471091e-05,523.1807250976562,0.0035251667883186453,521.1175101143973,0.007498336217487505,520.6988176618304,0.008308462791696739,520.6536022949218,0.008396027800180488,523.013030667938,0.0038469285240391826,521.8944153838676,0.0059985486295849435,521.4518829246495,0.006852293771317187,522.5469616117931,519.9655904397277,0.009730324597145608,0.5827936756185418,70.89976229881424,0.8290332555947089,0.20426262132318523,0.6247706342715236,96.45558227571735,98.18082933379524,149.38090585656906,1.2652729150060515,-3.544417714830874,2.168182373046875,0.004129674343546722,0.06954064985237388,0.04817325972565685,0.04815240995795348,0.21446406682707586,631043.85,0.508699989707529,3137388.0,2816996.003094861,78.80453643139663,-0.0014761666168721032,524.25,1,0.005818621448365765
2026-07-31 19:30:00+00:00,524.969970703125,525.6099853515625,524.0900268554688,524.25,513301,0.0,0.0,0.0,-0.00147616661687211,-0.0006671284830820357,0.004647128321259242,0.0068177217394749245,0.009843173724574106,-0.001477257224223402,2.42498779296875,3.54998779296875,-1.57000732421875,-0.00010485921313719491,523.5792933872768,0.001281002937268151,521.7525111607143,0.004786730846249023,520.5707223074777,0.007067776835789958,520.7067028808593,0.0068047849192842,523.2604245343504,0.001891172003937368,522.1085594398796,0.004101523565163571,521.5616130060357,0.005154495512935728,522.9646269298735,520.1125343126256,0.007954943237110159,0.5466990871601644,78.45716198940211,0.9031651694773473,0.3440431309540177,0.5591220385233295,86.03709737179075,93.76344046696806,121.30558780551688,1.4975334950935146,-13.962902617942296,2.0531790597098216,0.003916412131055614,0.043612224651042024,0.04502425577305446,0.04583054873328994,0.5990087597971416,553921.35,0.9266676577821004,2624087.0,2798623.717085826,85.1663436472448,0.011979073527658559,530.530029296875,2,0.005554251896241435
2026-08-03 13:30:00+00:00,529.5499877929688,531.635009765625,529.239990234375,530.530029296875,1635982,0.0,0.0,0.0,0.01197907352765859,0.011149723074553641,0.013148238804578494,0.018252676306336424,0.023083214661055118,0.011907892319120967,6.885009765625,9.510009765625,4.46002197265625,0.01010965721117528,524.9364362444196,0.010655753089770776,522.6142970493862,0.015146413506413546,521.1131039574033,0.018070789753587578,520.8875036621093,0.018511723869271565,524.7143454868553,0.011083523559113878,522.8741476086974,0.014641920475847241,521.9133156056765,0.016509856011591367,524.1349626813616,521.5780019921792,0.017163352883914077,0.8671052976642565,82.09633782614324,1.4519242462645252,0.5656193540161192,0.886304892248406,92.99093280709748,91.82787081820186,239.58767694718105,2.093717766117579,-7.009067186559361,2.3128226143973216,0.004359456556037374,0.059190740664464385,0.04576779308018414,0.046725350895558466,2.1871786729423865,606751.4,2.6962970336780385,4260069.0,2937808.9821252716,86.51911892341313,-0.0015456379072557433,529.7100219726562,0,0.0016323353827247243
2026-08-03 14:30:00+00:00,530.530029296875,530.5800170898438,529.3300170898438,529.7100219726562,1040546,0.0,0.0,0.0,-0.0015456379072557036,0.008923379535713094,0.009740843737194638,0.015412117480190002,0.02207344050453308,-0.0015468336377956735,5.11004638671875,8.0400390625,-1.77496337890625,0.0,526.0628662109375,0.006932927594720975,523.5567975725446,0.011752735192493207,521.6440575009301,0.01546258287759044,521.1537036132812,0.016418032338704792,525.7134807840156,0.007602128031171797,523.4955907326937,0.011871028810868973,522.2190687965385,0.014344465041015057,525.0810593377976,522.4310308185447,0.013932922672477657,1.0578785904652064,87.34793012291519,1.7999038589520069,0.8124762550032967,0.9874276039487102,87.35643242279423,88.79482086722749,185.81801488955307,1.7303648078320577,-12.643567570637643,2.1913931710379466,0.004136967548533431,0.059669783225900386,0.04558771900985808,0.046371647734768616,-0.3639624396845442,628443.2,1.6557518642894034,3219523.0,2964638.888589531,80.3240492089219,-1.8896689150270043e-05,529.7000122070312,1,0.0013212694368613638
2026-08-03 15:30:00+00:00,529.719970703125,530.0399780273438,529.219970703125,529.7000122070312,260218,0.0,0.0,0.0,-1.8896689150227353e-05,0.010395826813602849,0.009567773883750963,0.015801767896230112,0.019948366803711925,-1.8896867694907045e-05,5.02001953125,8.239990234375,-0.09002685546875,1.8781465435903674e-05,526.9278651646206,0.005260961178318672,524.274653843471,0.010348313281552798,522.1883428664435,0.014384980904283822,521.4435034179687,0.015833946985486954,526.5107870686188,0.006057283567090029,524.0596290485425,0.010762865227222996,522.5124391263618,0.013755793245177715,525.9001546223958,522.7282613132122,0.013337237355965937,1.1242092144049778,84.55984510565311,2.051227233925715,1.0602264507877805,0.9910007831379346,84.3762936319343,88.24121962060867,149.88923009245718,1.6659614506893201,-15.623706359991429,2.0085362025669644,0.0037918371838325422,0.05968090719501378,0.044783635271949125,0.04551920559545697,-0.7499216757356234,615202.55,0.4229793910964763,2959305.0,2964130.899200052,77.03132269830903,-0.0007928693609168755,529.280029296875,1,0.004345800222202581
2026-08-03 16:30:00+00:00,529.655029296875,529.7000122070312,528.6900024414062,529.280029296875,191979,0.0,0.0,0.0,-0.0007928693609168258,-0.002356134301495949,0.00810438490538834,0.015834020183315145,0.019846717052210527,-0.0007931838480710401,4.2550048828125,8.25,-0.7650146484375,-8.492148219657521e-05,527.5964442661831,0.00319104696209689,524.8875122070312,0.008368492272498269,522.6616763160342,0.01266278604445877,521.6847045898437,0.014559224451459228,527.0646355142701,0.0042032677461637845,524.5342108893,0.009047681369571452,522.7778348193231,0.012437777664744949,526.567538016183,523.0435637848992,0.011923415072417547,1.022258719888716,80.84124238795336,2.1912542928934045,1.2864320192089054,0.9048222736844991,80.98523526322782,84.23932043931879,121.73124246120679,1.4587855609884286,-19.014764728697894,1.9671064104352678,0.0037165702492965107,0.05971930336686752,0.043422234202907015,0.04364971952894448,-0.2622378159850587,586908.75,0.32710195579806856,2767326.0,2945387.575466714,74.6650243334838,0.002588412638594125,530.6500244140625,2,0.003950515848276763
2026-08-03 17:30:00+00:00,529.280029296875,530.8599243164062,529.27001953125,530.6500244140625,252277,0.0,0.0,0.0,0.0025884126385942174,0.0017745604244103763,0.01220796264008106,0.016911822930269826,0.02481660278878106,0.0025850684680861695,6.4000244140625,8.82501220703125,2.14501953125,0.0,528.4493059430804,0.004164483605575946,525.5753696986607,0.00965542719077901,523.2173926943824,0.014205628145101413,521.9647045898438,0.016639668827850982,527.7817132942287,0.005434654228403265,525.0901939370057,0.010588334235229027,523.0865481367638,0.014459320936899238,527.3358729771205,523.480905169504,0.01369509216811532,0.9511147443344187,82.18592916128875,2.3852779035082676,1.506201196068778,0.8790767074394896,92.04695538297572,85.80282809271262,123.11914603435355,1.7623599229377784,-7.9530446089499955,2.0310276576450894,0.0038274334574541834,0.05868012681199194,0.040064532796167965,0.03886183409585079,0.3140864365373297,560181.7,0.45034852084600324,3019603.0,2952455.7111365506,74.86626846134287,0.0011495059332863287,531.260009765625,1,0.003940595934146105
2026-08-03 18:30:00+00:00,530.6799926757812,531.4099731445312,530.260009765625,531.260009765625,302434,0.0,0.0,0.0,0.0011495059332862212,0.0029450585664401174,0.0013759456174751161,0.014542275683614214,0.030852268057280474,0.0011488457572100023,0.72998046875,7.614990234375,-5.6700439453125,5.647462609991232e-05,529.3400181361607,0.0036271424106968484,526.2603716169085,0.009500312807794835,523.8583461216518,0.014129131851686108,522.2739050292969,0.017205731800456,528.4773725885079,0.005265385655931321,525.651086285062,0.010670430684719668,523.4070760437779,0.015003491701314438,528.0938249860491,524.4626201308554,0.012960675125065503,0.9328995520491686,82.13819643835511,2.558767849801143,1.716714526815251,0.8420533229858918,96.97214610189047,90.00144558269801,122.24342079073021,1.963414754142986,-3.027853890035244,2.0253121512276784,0.0038122804540047526,0.054331203977478836,0.03820375712204448,0.037518061348576076,0.1988171731866164,521684.2,0.5797262021736511,3322037.0,2987653.929123546,74.80250920774665,-3.7683113507512036e-05,531.239990234375,1,0.00396797840458845
2026-08-03 19:30:00+00:00,531.280029296875,531.6500244140625,531.030029296875,531.239990234375,357159,0.0,0.0,0.0,-3.768311350749176e-05,0.003703069885526711,0.00288831284713309,0.012657291188435726,0.024639971294471597,-3.768382353385096e-05,1.52996826171875,6.6400146484375,0.79998779296875,3.768311350744111e-05,530.3385881696429,0.0016996727842139847,526.9589407784598,0.008124066458731703,524.6145368303571,0.012629183788987745,522.5733044433593,0.016584631701060098,529.0298961176813,0.004177635579592738,526.1591684622722,0.009656434928126637,523.7142491492915,0.014369937608712679,528.7577741350447,525.3629335110284,0.011186660398857552,0.8816497493407344,83.1973546572491,2.6639362741782406,1.906158876287849,0.7577773978903917,96.69327924718095,95.23746024401572,113.48681369282545,1.8042404651140729,-3.306720744754544,2.0181666782924106,0.0037989735625855786,0.051879412325026734,0.03681731816193602,0.03557991444764895,0.18094857059722114,489864.7,0.7290972384823795,2964878.0,2985484.7930165417,74.3432465694239,0.010014320122759665,536.5599975585938,2,0.0038680347174042456
2026-08-04 13:30:00+00:00,537.89501953125,539.0599975585938,535.9949951171875,536.5599975585938,2448274,0.0,0.0,0.0,0.010014320122759601,0.011137233341423025,0.012950698873839706,0.022642382116052184,0.038808132080728974,0.009964509092022322,6.8599853515625,11.8800048828125,5.33001708984375,0.012527350009788185,531.2000122070312,0.010090333637762409,528.0682242257254,0.016080826194954666,525.4762021019345,0.021092859033962585,522.9801049804687,0.025966365543879044,530.5359164058639,0.011354709391833251,527.1046983801195,0.017938180417503346,524.2180039888719,0.023543627795660868,530.0379150390625,528.1737619746989,0.01587779664125138,1.069324018046942,89.57676806848,3.14036298838073,2.152999698706425,0.9873632896743048,86.38306925680249,93.34949820195796,179.05956550749625,2.4663612840011644,-13.616930737750746,2.2081691196986606,0.004115418834318538,0.0571076269090152,0.03681719418281894,0.036158954358953124,5.8548573604473075,587841.8,4.164851835987157,5413152.0,3216691.193681633,77.81273265783524,0.004622000298259618,539.0399780273438,2,0.001941972345853463
2026-08-04 14:30:00+00:00,536.530029296875,539.4500122070312,536.5,539.0399780273438,857149,0.0,0.0,0.0,0.004622000298259543,0.014644370211774449,0.018440047215524835,0.026693877361221308,0.03731348542732116,0.004611351654297662,9.75994873046875,14.01495361328125,2.89996337890625,-5.585258285196994e-05,532.5328630719866,0.012219180085540135,529.2978646414621,0.018405729621566537,526.5488194056919,0.023722697993562504,523.4137048339844,0.029854535807933808,532.2367287301599,0.012782374702705317,528.1897238025945,0.020542342525361034,524.7992578727336,0.027135556960022303,531.500815545945,529.0809573135894,0.018823245433558112,1.272857974119704,90.40113211768725,3.675677368942388,2.4575352327536177,1.2181421361887703,97.70930937757568,93.59521929385305,166.93238577805607,2.752573982728528,-2.290690616837733,2.258204868861607,0.004189308698626554,0.05592876999637787,0.0360380168324304,0.03610875164451665,-0.6498966210481343,617616.95,1.3878327011588634,6270301.0,3507511.175235763,78.70213500445792,0.0027423020730825373,540.5181884765625,2,0.0015756661276372908
2026-08-04 15:30:00+00:00,539.0399780273438,540.6500244140625,538.7000122070312,540.5181884765625,574631,0.0,0.0,0.0,0.00274230207308257,0.017465172827245468,0.01859636975122414,0.031031356178469194,0.038060641069567636,0.0027385488228839723,9.8681640625,16.2681884765625,0.10821533203125,0.0,534.0783168247768,0.012057916318453411,530.5030909946987,0.01887849034595916,527.5425415039062,0.02459639925083762,523.8206689453125,0.031876404504690085,533.8930206794405,0.012409167268525638,529.3104933184097,0.021174141264170155,525.4156865238642,0.02874391142104506,532.9968587239583,529.6892555926096,0.020443935325471535,1.3198176424115708,90.24462671066973,4.171115083349264,2.8002512028727473,1.3708638804765165,99.22948228477844,94.44062030638554,164.30832068989972,3.0186391747051156,-0.770517709377043,2.226776123046875,0.004119706182911014,0.05601840771694206,0.036271474760982206,0.03617385784858754,-0.3296019711858732,637668.9,0.9011432108418633,6844932.0,3825360.777594262,78.67155955905606,0.0009838694196491584,541.0499877929688,1,0.00474215695222769
2026-08-04 16:30:00+00:00,540.4199829101562,541.6300048828125,540.364990234375,541.0499877929688,626053,0.0,0.0,0.0,0.0009838694196491193,0.008368104694358447,0.018427846717961716,0.01982914805036784,0.03844375937749822,0.0009833857373591373,9.78997802734375,10.51995849609375,-0.07818603515625,-0.00018168781088173617,535.7597394670759,0.009874292404175916,531.6780918666294,0.01762701166305087,528.5115879603794,0.023723982819286015,524.2338684082031,0.032077514251024036,535.3244141021462,0.010695521332451979,530.3777200888242,0.02012201361387719,526.0287963775546,0.028555834811378262,534.4031116303944,530.3559644787267,0.020163859804485745,1.6450947460916299,90.04365145157222,4.5541671972748645,3.151034401753171,1.4031327955216937,96.71935898703468,97.88605021646293,158.14857342989472,3.0522284907771544,-3.280641007309205,2.236419677734375,0.004133480691595545,0.05592342810895153,0.036501689435112575,0.03642355431889739,0.08948699252215775,659346.05,0.949505953664239,7470985.0,4172563.0844900464,79.39502165227289,0.0004066754334082797,541.27001953125,1,0.005146686123599125
2026-08-04 17:30:00+00:00,541.0599975585938,542.0900268554688,540.8300170898438,541.27001953125,420182,0.0,0.0,0.0,0.0004066754334082212,0.004137061432933464,0.018880410890094845,0.02182325627056092,0.03757171634019296,0.0004065927633666429,10.030029296875,11.55999755859375,0.24005126953125,1.8500629980259253e-05,537.2768816266741,0.0074321789027636835,532.8630937848773,0.015776896250485922,529.4758736746652,0.02227513366134867,524.6682690429687,0.031642375702522194,536.513535187967,0.0088655439822365,531.3679291290447,0.01863509229549667,526.6264914031897,0.02780628845505858,535.6820353190104,530.925185280191,0.019484542338258217,1.7812828806763428,90.11106087641832,4.819932300443838,3.4848139814913046,1.3351183189525337,95.4444037490378,97.13108167361698,146.3507814196259,3.2465464055732065,-4.555596245406634,2.2657078334263394,0.004185910454424021,0.05613156532710504,0.03649232560027139,0.03650107461607198,-0.32883957109062656,663934.35,0.6328667887118649,7891167.0,4526715.838348137,79.74483845663033,-0.00011084589286084792,541.2100219726562,1,0.00514848531109227
2026-08-04 18:30:00+00:00,541.2150268554688,541.7775268554688,540.739990234375,541.2100219726562,482802,0.0,0.0,0.0,-0.00011084589286081137,0.00127994489518235,0.008666364311951336,0.021729298660326135,0.037874427890534745,-0.00011085203672081205,4.6500244140625,11.510009765625,-5.3800048828125,-0.00010159933821713068,538.6983119419643,0.004662554114255044,534.0191650390625,0.013465540947494435,530.4063517252604,0.020368666800905096,525.1248693847656,0.030631100383239015,537.4528325449048,0.006990733326222668,532.2626648421002,0.016810040834244,527.1983945627766,0.026577522910466025,536.794959077381,531.6638105498957,0.01795535305077278,1.7574031326783954,89.67868006401218,4.9684386894156205,3.781538923076168,1.1868997663394527,95.11108397909105,95.75828223838785,126.39600607311357,2.0130797666468734,-4.888916015353393,2.2591029575892856,0.004174170591577199,0.055985583866442194,0.0366022443061689,0.03666513208771887,0.14903065814337602,662658.7,0.728583205804133,7408365.0,4801158.615648314,75.19185803362532,-0.0015706224692503877,540.3599853515625,0,0.0051749916819932885
2026-08-04 19:30:00+00:00,541.2100219726562,541.6799926757812,540.22998046875,540.3599853515625,832337,0.0,0.0,0.0,-0.0015706224692504378,-0.0012753025727268996,0.0024488115502108165,0.020934014966343506,0.037099504765153446,-0.0015718571897434185,1.32000732421875,11.0799560546875,-3.33001708984375,0.0,540.0011683872768,0.000664474422076927,535.1698782784598,0.00969805529748533,531.3063499813989,0.017040329690137482,525.5706689453125,0.028139539133529446,538.0342631062364,0.004322628510486843,532.9987848884149,0.013810914155601485,527.7145353780231,0.023962671341726385,537.6404017857143,533.2671110497272,0.013300790832308796,1.4958792019967115,89.35005450353698,4.9603602757944145,4.017303193619817,0.9430570821745974,87.08926602430984,92.54825125081288,104.14054100174336,2.0105270689849055,-12.91073396822748,2.2541067940848216,0.004171490960075644,0.056521236923318174,0.030463456165600387,0.030452924885751336,0.7239717316829672,640129.6,1.3002632591900118,6576028.0,4970193.795110379,72.72351413097925,0.010317218813684182,545.9349975585938,2,0.005008555063276629
2026-08-05 13:30:00+00:00,543.2999877929688,546.75,543.1400146484375,545.9349975585938,1831597,0.0,0.0,0.0,0.010317218813684192,0.008618578267800103,0.010021511204458156,0.028804244683506397,0.04620319989950383,0.01026435957433823,5.41680908203125,15.28497314453125,4.0968017578125,0.005440821898549761,541.3404541015625,0.008487345481408944,536.2702331542969,0.01802219069186726,532.4923008510044,0.025244865862061476,526.1135693359375,0.037675189118648304,539.6144099967079,0.011713155625167091,534.1748042220675,0.02201562717588479,528.429063306673,0.033128257825834354,539.0757510230654,535.2297302504119,0.020001256849378157,1.5244909214008613,88.97017265052567,5.342233030631519,4.282289161022158,1.059943869609361,95.4872505396696,92.56253351435682,133.20379114176598,3.0649395841785383,-4.5127494547932985,2.1830357142857144,0.003998709963721306,0.06401386702329166,0.032295527992954924,0.03134918543103667,1.2005473744408817,706614.55,2.592073712606112,8407625.0,5297568.195576058,73.35672697038963,-0.0023903810556515723,544.6300048828125,0,0.001062413834634623
2026-08-05 14:30:00+00:00,545.9099731445312,546.6699829101562,544.2899780273438,544.6300048828125,841820,0.0,0.0,0.0,-0.0023903810556515914,0.00631914186971394,0.006616795435939737,0.025166575445958905,0.04007483040772075,-0.002393242577441707,3.58001708984375,13.3699951171875,-1.8367919921875,-4.583771726370841e-05,542.1390293666294,0.004594717187376546,537.3359462193081,0.013574484854050406,533.5782528831845,0.02071252330822938,526.5711694335937,0.03429514659644108,540.6175289739289,0.0074220233230167946,535.1252770094079,0.017761687368806033,529.0643943488745,0.029421013207787883,540.1903872535343,536.3283867700289,0.015478610339392145,1.3133380515821795,86.83935287883469,5.476438958084032,4.521119120434533,0.9553198376494985,88.2613764969125,90.27929768696397,116.08133306166809,2.9001614903740576,-11.738623497550396,2.2637503487723216,0.004156492166191347,0.06590174848745199,0.03216392668121166,0.03170948699698779,-0.5403901622463894,718362.95,1.1718588771873588,7565805.0,5513590.748378338,74.57895550223488,0.000367244193742661,544.8300170898438,1,0.001065678889071115
2026-08-05 15:30:00+00:00,544.7000122070312,545.1099853515625,544.0900268554688,544.8300170898438,637198,0.0,0.0,0.0,0.00036724419374256634,0.008272321895510082,0.006577119423087252,0.025581709030363164,0.038562795359094126,0.00036717677609896795,3.55999755859375,13.59002685546875,-0.02001953125,0.00012854107116938015,542.7550048828125,0.0038231102216652016,538.4166608537946,0.011911511478614432,534.5870622907366,0.019160498862797564,527.0485693359375,0.03373777823982431,541.4600265971119,0.006223895259461449,536.0075261076294,0.01645964012159484,529.6826540642068,0.028597053177754753,541.189596702939,536.9475290696727,0.01468018305962554,0.932756931179026,87.01066015719144,5.535131881200755,4.723921672587778,0.8112102086129767,89.36886395017078,91.03916366225097,99.38175876000342,2.672192975287603,-10.631136044292129,2.2780325753348216,0.0041811803753004076,0.06614833529610643,0.032083216883228266,0.03183836508633573,-0.2430709652894918,734563.75,0.8674509189978393,8203003.0,5769725.248532782,71.86739284751413,-0.0004588587121821051,544.5800170898438,1,0.0009570786467251799
2026-08-05 16:30:00+00:00,544.8699951171875,544.8800048828125,544.2999877929688,544.5800170898438,351364,0.0,0.0,0.0,-0.0004588587121820975,-0.0024819446908687093,0.00622677884807854,0.014947106694017442,0.03792792691136482,-0.0004589640200564927,3.3699951171875,8.02001953125,-0.19000244140625,7.337706457000176e-05,543.259294782366,0.0024311085335490773,539.509517124721,0.009398351287918365,535.5384928385416,0.016883052053573204,527.5243701171875,0.03233148635168289,542.0840246956583,0.0046044382060183055,536.7868434696488,0.014518190441865862,530.2668643789376,0.026992357381491458,542.0113775344122,537.3522076792115,0.013450785736668448,0.7480682474892913,87.74032302998893,5.498094919184496,4.878756321907122,0.6193385972773733,87.58589624907466,88.40537889871932,90.19698843671449,2.5072482549684176,-12.414103745204502,2.247318812779018,0.00412670083780201,0.0663979132999636,0.031977296925803075,0.031671047773438786,-0.44857956239661767,738915.75,0.47551293905969594,7851639.0,5968002.748672517,70.76383930586394,-3.676141360636304e-05,544.5599975585938,1,0.001475910875877557
2026-08-05 17:30:00+00:00,544.5700073242188,545.25,544.469970703125,544.5599975585938,193245,0.0,0.0,0.0,-3.676141360631213e-05,-0.0001285410711696633,0.00777261884833802,0.010240464077360123,0.03720769913078459,-3.676208932363757e-05,4.20001220703125,5.52001953125,0.83001708984375,-1.838070680314777e-05,543.7292916434152,0.001527793201404009,540.5030866350446,0.007505805283737293,536.4851597377232,0.015051372203479327,528.0260705566407,0.0313127095874108,542.5792192682454,0.0036506711278328544,537.4934938413711,0.013147142799267101,530.8273794055908,0.025870214472272616,542.6847749255952,537.7227980884851,0.012715100595327272,0.6378547847501252,86.759767280884,5.404824004352008,4.9839698583961,0.4208541459559081,86.71920109626161,87.8913204318357,85.89922784021867,2.5073427394494705,-13.280798897674101,2.1894705636160716,0.004020623206676998,0.06661165932797782,0.03179299685560686,0.031442440318443704,-0.45001479946721923,732527.4,0.2638058316999469,7658394.0,6128992.391656087,70.62057866838657,-0.0008539497163831133,544.094970703125,1,0.001322937554384434
2026-08-05 18:30:00+00:00,544.5900268554688,544.5900268554688,543.97998046875,544.094970703125,650563,0.0,0.0,0.0,-0.0008539497163830845,-0.0013491297536154523,-0.0033704138106135373,0.006617320754077838,0.03785402136981397,-0.0008543145391504591,-1.84002685546875,3.5767822265625,-6.0400390625,5.5144147586260696e-05,544.1414271763393,-8.53757330246314e-05,541.4198695591518,0.004940899465227257,537.3932524181548,0.012470789789044453,528.49876953125,0.029510383128570936,542.8823695552213,0.002233635159113609,538.0936281015305,0.011152970948117196,531.3476771035333,0.023990494640073235,543.1636928013393,538.4624746813648,0.010460331567362693,0.5346112491460572,84.18072110545415,5.233058905920416,5.033787667900963,0.19927123801945257,83.1104691742313,85.80518883985586,74.93098364141358,1.4043113871332475,-16.88953081940736,2.150905064174107,0.003953179463119416,0.06623680067174957,0.03127922844389086,0.030803350958863707,2.366519185489922,739390.5,0.8798638878914444,7007831.0,6212691.306736459,65.6750510078107,-0.0023984648747898355,542.7899780273438,0,0.0011897501747874018
2026-08-05 19:30:00+00:00,544.1400146484375,544.1599731445312,542.7100219726562,542.7899780273438,496141,0.0,0.0,0.0,-0.002398464874789785,-0.003287008348315301,-0.003378489688361297,0.0032159509724281055,0.02310886859075101,-0.0024013457991200237,-1.84002685546875,1.739990234375,0.0,8.278691724389156e-05,544.4885689871652,-0.0031196081177204014,542.244868687221,0.0010052826160281499,538.2761085146949,0.008385788336576782,528.9288696289062,0.026205997052375304,542.8638912496458,-0.00013615424325197353,538.5205690038772,0.007928033336509165,531.79639478682,0.020672541875561373,543.3463739304316,539.5936799399783,0.005923527658283665,0.3434976391102999,78.78843193503363,4.934747132090706,5.013979560738912,-0.07923242864820601,63.179728726887596,77.66979966579349,58.031420523334006,0.6956812393983175,-36.820271263814405,2.2101876395089284,0.004071902078106379,0.055996430661155845,0.030300062592384845,0.02918668486018899,-0.23736671160210465,682398.45,0.7270546994941142,6511690.0,6241167.372761558,61.69869243773422,-0.0017133563872367599,541.8599853515625,0,0.0018701532521024382
2026-08-06 13:30:00+00:00,543.7999877929688,544.5700073242188,541.530029296875,541.8599853515625,1010855,0.0,0.0,0.0,-0.0017133563872367974,-0.004958153773938823,-0.005451299754270833,0.0010899658193215256,0.022937008693283634,-0.0017148258610197077,-2.97003173828125,0.5899658203125,-1.1300048828125,0.0018607745288404325,543.9064243861607,-0.0037624836605009097,542.6234392438616,-0.0014069681423301494,538.8156302315848,0.00565008687417544,529.3394689941406,0.023653094263289955,542.6631100700292,-0.0014799692545189086,538.8241523082122,0.005634181449253478,532.1910453972021,0.018168174827379584,543.2950561523437,540.5635031172153,0.002398390248080934,0.08888527197996676,66.91114316349362,4.570603196895718,4.925304287970274,-0.3547010910745563,52.29254001014218,66.19424597042035,46.52469099624078,0.2482426870369228,-47.70745998010171,1.8687569754464286,0.003448782021116613,0.056106525783089944,0.03217488947328483,0.03104378921661389,1.0374349227336586,680913.9,1.4845562706239341,5500835.0,6170659.527736648,45.876255226432626,-0.0038847313432533205,539.7550048828125,0,0.0018707778622265609
2026-08-06 14:30:00+00:00,541.875,542.22998046875,539.5900268554688,539.7550048828125,642629,0.0,0.0,0.0,-0.0038847313432532893,-0.007976485823245172,-0.008860061066536029,-0.0026884518592992235,0.018982428627642323,-0.003892296510842802,-4.82501220703125,-1.45501708984375,-1.85498046875,2.7709461564560232e-05,543.2099958147321,-0.006360322819044025,542.6745125906808,-0.005379850426225961,539.293962751116,0.0008548994862535864,529.6243688964844,0.019127964235137056,542.081489032586,-0.0042917609194165545,538.9087752695394,0.0015702650468963852,532.4876712593829,0.013647890863328476,542.9125982375372,540.7645136063582,-0.001866817622353528,-0.30569160021021075,52.337436852271786,4.065299925980753,4.75330341557237,-0.6880034895916172,13.105518949627184,42.85926256221899,10.955646668932673,-0.23934625993363448,-86.89448103795043,1.8466099330357142,0.0034212002044023936,0.05878036426786713,0.03365382854178844,0.03199836748946581,-0.36427182929302426,700034.45,0.917996250041693,4858206.0,6045663.9536664905,38.0221492875853,-0.000602147648638875,539.4299926757812,1,0.001234629893526209
2026-08-06 15:30:00+00:00,539.7999877929688,539.9949951171875,538.7150268554688,539.4299926757812,477354,0.0,0.0,0.0,-0.0006021476486388622,-0.006190212582357635,-0.009420458546003485,-0.0017210613313201062,0.019176924911355586,-0.0006023290123430493,-5.1300048828125,-0.92999267578125,-0.30499267578125,8.333949615887861e-05,542.4385637555804,-0.005546381250926764,542.5967843191964,-0.005836362718925389,539.7572951543899,-0.0006063882443949765,529.8695690917968,0.018042975369114037,541.551189761225,-0.003916891192456102,538.9561586701069,0.0008791698509256689,532.7599191580651,0.0125198485806599,542.4799955822173,540.8733441882612,-0.0026685573027146023,-0.7633356677841578,46.15258453530069,3.597151945916721,4.52207312164124,-0.9249211757245188,8.898173115987788,24.765410691919055,-18.411468236833432,-0.33994619858289,-91.10182687156662,1.7987496512276786,0.003334537707667775,0.05870933937812136,0.03378786584577651,0.03219597027302159,-0.25718571679771685,714303.2,0.6682792405241911,4380852.0,5887110.434269682,32.39365517205104,-0.00222459303955037,538.22998046875,0,0.002259744874346721
2026-08-06 16:30:00+00:00,539.4500122070312,539.7550048828125,538.2100219726562,538.22998046875,395192,0.0,0.0,0.0,-0.00222459303955036,-0.006699156573551579,-0.010779350205710858,-0.014113433145521714,0.014284284756336696,-0.0022270711224789764,-5.864990234375,-7.70501708984375,-0.7349853515625,3.711238070144798e-05,541.5314156668527,-0.006096479544092829,542.3953552246094,-0.007679591493048069,540.1834833054315,-0.003616369061720029,530.0785681152344,0.015377743685211994,540.8869479027301,-0.004912241724962039,538.8901424699835,-0.0012250400391561485,532.9744313663273,0.009860790298963858,541.8977550688244,541.0002507727423,-0.005120645138389998,-0.8682187268781367,40.47945794425274,3.0936486863779464,4.236388234588581,-1.1427395482106348,0.2337066445312713,7.412466236715415,-45.66319772621729,-0.5506257059022653,-99.76629334375909,1.8187473842075892,0.0033791268606409557,0.05941667544636214,0.033735369311934715,0.03223724950618177,-0.17211964286462456,721448.95,0.5477754177894354,3985660.0,5706019.916720188,26.470269108007557,0.0011334307059362512,538.8400268554688,1,0.002093770731600988
2026-08-06 17:30:00+00:00,538.1900024414062,539.1400146484375,538.0999755859375,538.8400268554688,289011,0.0,0.0,0.0,0.0011334307059363002,-0.0016951728452103687,-0.0072771262030855155,-0.010631030195608848,0.01426799862686412,0.0011327888583011515,-3.949951171875,-5.78997802734375,1.9150390625,-7.427684966351829e-05,540.7142769949777,-0.0034662486626423723,542.2217843191964,-0.006236852818385985,540.5734834216889,-0.003206699217365695,530.2995690917969,0.016104968326265692,540.4775636932778,-0.0030297961429077112,538.8855865050276,-8.45441976918756e-05,533.2044547188426,0.010569251788391737,541.4237112862724,541.1642923472889,-0.004294935058879059,-0.9290241278861283,42.006673614834135,2.712575488969037,3.931625685464673,-1.219050196495636,8.555481857861356,5.895787206126805,-63.98082779338896,-0.28128627901676323,-91.44451813057798,1.8030351911272322,0.003346141899750718,0.05941514738502644,0.03367034398752718,0.032122894230698994,-0.268682058341262,720777.8,0.40097100659870427,4274671.0,5569700.972270647,22.265599392444784,-0.00105784146650197,538.27001953125,1,0.0022282076504155993
2026-08-06 18:30:00+00:00,538.8400268554688,539.030029296875,538.260009765625,538.27001953125,171635,0.0,0.0,0.0,-0.0010578414665020075,-0.0021503682781472966,-0.006625264676045961,-0.01204044812661631,0.013233245663176518,-0.001058401375684395,-3.5899658203125,-6.55999755859375,0.3599853515625,0.0,539.8821411132812,-0.002986062066627981,542.0117841448102,-0.006903474653151892,540.9072934105283,-0.004875648584149893,530.5257690429687,0.01459731259093556,540.0360548608724,-0.003270217448859155,538.8296258710478,-0.0010385589673027927,533.4031043193291,0.009124272379558715,540.8968093145461,541.379814331629,-0.005744201608647828,-0.931580206247561,40.64298059666068,2.337630656144256,3.6128266796005897,-1.2751960234563335,1.9658204087424112,3.585002970378346,-88.98734663391645,-1.4040092797873887,-98.03417957969693,1.7839268275669642,0.0033141857484783837,0.05969629428821866,0.03371634194582817,0.0321053357341328,-0.40612987048935856,711501.6,0.24122925373604184,4103036.0,5430018.593959156,23.050726834762074,-0.00010216559307750434,538.2150268554688,1,0.0022287616104323814
2026-08-06 19:30:00+00:00,538.27001953125,538.3499755859375,537.6900024414062,538.2150268554688,435076,0.0,0.0,0.0,-0.00010216559307751893,-2.778294376737378e-05,-0.002853105600527206,-0.011687887977213318,0.0030845186081809306,-0.00010217081233721225,-1.53997802734375,-6.364990234375,2.04998779296875,0.0,539.2285766601562,-0.0018796292491827648,541.8585728236607,-0.006724164110200257,541.2394380115327,-0.005587935659621873,530.7464697265625,0.014071798033324511,539.6718492597917,-0.0026994596926231554,538.7737532332678,-0.0010370334012097507,533.5918071638837,0.008664337850593076,540.3905750093006,542.0991171739677,-0.00716490803146852,-0.8676375571075843,42.80943978238051,2.0128439137703253,3.292830126434537,-1.2799862126642116,5.794973018580395,5.438758428394721,-104.85386142561391,-1.1778598259036932,-94.20502697038208,1.7274954659598214,0.003209675278019523,0.04841534934668006,0.031557455782136985,0.029417754124768193,1.534890902205261,610841.7,0.712256546990815,3667960.0,5262203.489772569,24.139314358600316,0.0036694917224372784,540.1900024414062,2,0.002295472828497753
2026-08-07 13:30:00+00:00,538.7050170898438,540.2000122070312,537.4299926757812,540.1900024414062,751996,0.0,0.0,0.0,0.003669491722437357,0.0025053364981357795,0.0014089126966319032,-0.008024818453025051,0.0021334677592395046,0.003662775562601141,0.760009765625,-4.3699951171875,2.29998779296875,0.0009103986509571586,538.990007672991,0.0022263766513849984,541.4482160295759,-0.0023237930256631567,541.4122953869048,-0.0022576010111163653,531.0114697265625,0.017284998984208075,539.7754798961146,0.0007679536413374798,538.9025031612804,0.0023891135642733602,533.850559919865,0.011874938414377631,540.1680989583333,542.1904109834442,-0.0036894945050869044,-0.599758571975913,24.613509080266326,1.8929908841359975,3.012862277974829,-1.1198713938388316,29.870267124941247,12.543686850754684,-71.6547611560013,-0.8516444584336905,-70.12973286423623,1.4689243861607142,0.002719273551008244,0.047357132132360494,0.03129426563453343,0.030192915175293704,0.7284244591749487,605584.05,1.241769825344638,4419956.0,5181989.443127562,12.833473566756467,-0.0015827402671021085,539.3350219726562,0,0.0018795310567533672
2026-08-07 14:30:00+00:00,540.1500244140625,540.219970703125,539.0449829101562,539.3350219726562,272314,0.0,0.0,0.0,-0.001582740267102145,0.0019785654091113436,0.002053102844519872,-0.008748378475760488,-0.0021889485481348947,-0.001583994123672868,1.10504150390625,-4.75994873046875,0.34503173828125,-7.400734401413207e-05,538.9300101143973,0.0007515110508917892,541.0700029645648,-0.0032065739782268688,541.4263450985864,-0.0038626179624588436,531.4153698730469,0.01490294136860673,539.6873883114229,-0.0006529082324277537,538.9418230532236,0.0007295758143324876,534.0656368631116,0.009866549625781953,539.886339750744,542.2378612138281,-0.0053534425550224515,-0.3592878655919718,25.632959357577334,1.7093128219963774,2.752152386779139,-1.0428395647827617,24.360965631470304,20.00873525833065,-62.54066054353129,-0.9631266209888417,-75.63903435574198,1.3828517368861608,0.0025639939565313564,0.04665281518916357,0.030684581879534448,0.029742779438855116,-0.6378783929701755,590468.2,0.4611831763336273,4147642.0,5083480.162829699,17.93044083910634,-0.0016966060523071161,538.4199829101562,0,0.001733074260313994
2026-08-07 15:30:00+00:00,539.3800048828125,539.4099731445312,538.3099975585938,538.4199829101562,312044,0.0,0.0,0.0,-0.001696606052307148,0.0003808070092077287,-0.0007795336730341829,-0.008050987111201557,-0.004860927718602692,-0.0016980469183074534,-0.4200439453125,-4.3699951171875,-1.52508544921875,8.34043930461597e-05,538.7857230050223,-0.0006788229146561241,540.6121433803013,-0.0040549597284922235,541.3264305478051,-0.005369121981910714,531.8125695800782,0.012424327118260688,539.4339072311695,-0.001879608062117801,538.8943830402175,-0.0008803211630894435,534.2363955316232,0.007830966616121489,539.5330037434895,542.2087857216004,-0.006987719327334078,-0.20683314259908753,22.323009755437454,1.4729315908671197,2.496308227596735,-1.0233766367296155,12.659709808485465,22.29698085496567,-80.61623263422197,-1.127518487577775,-87.34029017872682,1.3885672433035714,0.00257896676827594,0.046792730276036046,0.030588108265159203,0.02945502747836902,0.14589775039109254,574767.75,0.5429045036016712,3835598.0,4964634.242560204,18.850099806961452,0.0012072813689958581,539.0700073242188,1,0.0015135761037230685
2026-08-07 16:30:00+00:00,538.5499877929688,539.3499755859375,538.260009765625,539.0700073242188,118646,0.0,0.0,0.0,0.0012072813689958384,-0.002073335515514252,0.0014862202313727924,-0.005148891047072945,-0.004064537343000274,0.0012065531908622134,0.79998779296875,-2.78997802734375,1.22003173828125,0.0002414562737987232,538.9057268415179,0.00030484085530764336,540.2185712541852,-0.0021261096731602985,541.2321457635788,-0.003994844830041863,532.2285693359376,0.01285432309055566,539.3611272497794,-0.0005397495497025703,538.9103488842176,0.0002962615958877908,534.4259489352544,0.008689807069076851,539.3273856026785,542.2041281033603,-0.005780333672668576,-0.025016193836403758,27.003494939964156,1.3228008748264983,2.2616067570426877,-0.9388058822161893,20.972034682737636,19.330903374231134,-68.68347770617684,-0.9235452723268764,-79.02796530447465,1.4249921526227678,0.0026434268893818754,0.04702508629830967,0.030489673855086708,0.029248305511954186,-0.6197779800284575,559690.95,0.21198484627989747,3954244.0,4868406.6004116135,21.466367494846267,-0.0009275233146096357,538.5700073242188,1,0.00146840382444953
2026-08-07 17:30:00+00:00,539.1500244140625,539.219970703125,538.5499877929688,538.5700073242188,75153,0.0,0.0,0.0,-0.0009275233146096573,-0.0014184405189179294,0.0006595513893843385,-0.00219543598090588,-0.004877985516260286,-0.0009279537305270101,0.35498046875,-1.18499755859375,-0.44500732421875,0.0001484354327943087,538.8671526227679,-0.0005514258887414571,539.7907148088727,-0.0022614458736733697,541.1035737537202,-0.004682220839757174,532.6131689453125,0.011184174042656259,539.2029032646674,-0.001173762115551525,538.8794087423995,-0.0005741570621565244,534.5884610289393,0.007447871747191533,539.107577078683,542.2233133497904,-0.00673764099701874,0.008148707122328775,25.96328115194345,1.1502164007225701,2.0393286857786643,-0.8891122850560942,15.92191628794762,16.517886926390243,-65.69248850795071,-0.7774592151560763,-84.07808369808598,1.4171316964285714,0.0026312859556860317,0.04709397583916055,0.030330613344508373,0.028920812885496132,-0.3665778871601234,539308.5,0.13935066849493352,3879091.0,4774186.067039079,18.69522646085433,0.0025437642248109147,539.9400024414062,2,0.0015845066543121614
2026-08-07 18:30:00+00:00,538.5700073242188,540.0800170898438,538.3900146484375,539.9400024414062,184627,0.0,0.0,0.0,0.0025437642248109515,0.002823111287650004,-0.0004628001237899637,0.0009454605278715889,-0.0007772279990032605,0.002540534332824834,-0.25,0.510009765625,-0.60498046875,0.0,539.1057216099331,0.0015475273179817173,539.4939313616071,0.0008268324328922327,541.0430966331845,-0.002038828697086405,533.0323693847656,0.01295912491130806,539.3503231000152,0.0010933141524800865,538.9758263514001,0.001788904145351693,534.7983253980557,0.009614235496182517,539.1274820963541,542.2935825953203,-0.004340047954552477,0.11622819995434606,34.45584611845595,1.1111801252233136,1.8536989736675942,-0.7425188484442806,35.15412627091377,24.016025747199677,-44.490842158858314,-0.35433192375462247,-64.84587371508066,1.4942714146205358,0.002767476771236125,0.04781158084085533,0.030527566160343703,0.028872833120483894,1.4566817026599073,506923.0,0.3642111326572273,4063718.0,4706522.441606786,23.53222635966077,-0.0006297493312799127,539.5999755859375,1,0.0008471618733776156
2026-08-07 19:30:00+00:00,539.905029296875,540.0850219726562,539.3200073242188,539.5999755859375,330472,0.0,0.0,0.0,-0.0006297493312799052,0.0009831158374946636,0.0004912597967625665,0.0025453712481686708,-0.011603985824294671,-0.0006299477066789177,0.26495361328125,1.3699951171875,0.51495361328125,-6.477227909221354e-05,539.3035714285714,0.0005496054042074207,539.2660740443638,0.0006191777262547044,541.0069056919643,-0.0026005769819605674,533.468369140625,0.011493851931987174,539.4002535971997,0.00037026676833297456,539.0325671909035,0.001052642139954442,534.9866254054236,0.008623300025508393,539.1416213262648,541.5609106006395,-0.0036208946700447262,0.10794139308455929,37.1371755264572,1.0408084778833882,1.691120874510753,-0.650312396627365,30.391855152947116,27.155965903936167,-34.84960107122289,-0.02872216014159453,-69.6081448330473,1.4453473772321428,0.0026785534518603328,0.028105112040311304,0.02723291623486192,0.026119188972634766,0.7899440493535614,431866.75,0.7652175121145567,3733246.0,4613829.447168045,30.301790703928702,-0.0006669075195180168,539.2401123046875,1,0.000850146234037739
2026-08-10 13:30:00+00:00,538.7000122070312,539.6099853515625,538.02001953125,539.2401123046875,1040198,0.0,0.0,0.0,-0.0006669075195180341,0.0012442300376103166,0.0015232150004880207,0.0007424939300697542,-0.009896429740929746,-0.000667130001259826,0.82012939453125,0.40008544921875,0.55517578125,-0.0016678343580859793,539.1678728376116,0.00013398325589307453,539.0789402553013,0.00029897671259348645,540.6881016322544,-0.0026780491806514327,533.9459716796875,0.009915124199431132,539.3682253386974,-0.00023752425150586266,539.0514349285202,0.0003500173896986344,535.153428813238,0.007636470722993564,539.1381597609748,540.9079320261486,-0.003083370796968467,0.10458219892987387,38.926953550531366,0.9451058886954797,1.5419178773476985,-0.5968119886522187,37.71092149818985,34.418967640683576,-51.824504271816856,-0.0352001879153063,-62.28907848097677,1.3417750767299108,0.0024882701529616138,0.027288208408419754,0.026356963874091987,0.02527981337446463,2.1476131109443464,441785.65,2.3545309812575343,2693048.0,4430897.880771088,30.17829523019755,0.0008528666392753294,539.7000122070312,1,0.0008883821199029956
2026-08-10 14:30:00+00:00,539.219970703125,540.02001953125,538.9249877929688,539.7000122070312,359236,0.0,0.0,0.0,0.000852866639275307,-0.0004444757441379732,0.0011686884342529957,0.002656645594020901,-0.009415789736061053,0.0008525031551774049,0.6300048828125,1.42999267578125,-0.19012451171875,-3.7351823617828366e-05,539.2200142996652,0.0008901707923222817,539.0750122070312,0.0011593933791143893,540.4533400762649,-0.0013938814202276184,534.3706713867188,0.009973116238719867,539.4345827123641,0.0004920513129359365,539.1103964992939,0.0010936826883045626,535.3317262012299,0.008159960996130368,539.2209693545387,540.5702439051294,-0.0016098401787894678,0.08148460515636886,49.73002767795771,0.8960419618696278,1.4127426942520844,-0.5167007323824566,81.3633479614741,49.82204153753702,-28.074323891160727,0.2731233471978378,-18.636652002683316,1.2314235142299108,0.0022816814644711363,0.027545140784322967,0.026409721006563334,0.02528539518225422,-0.6546465192203792,427887.55,0.8395570284762882,3052284.0,4299601.320697651,38.724920780112406,-0.0014453016105839506,538.9199829101562,1,0.0012054681019616734
2026-08-10 15:30:00+00:00,539.780029296875,539.7999877929688,538.6199951171875,538.9199829101562,604227,0.0,0.0,0.0,-0.0014453016105839822,-0.0012601792189536054,0.0006498237576879617,0.0013098037392345052,-0.010393393077355095,-0.0014463470664108392,0.3499755859375,0.7049560546875,-0.280029296875,0.0001482621605220695,539.2914428710938,-0.0006887926108362169,539.0385829380581,-0.00022002140784650097,540.1719098772321,-0.0023176454461656015,534.8187707519531,0.007668414764928977,539.3316627519225,-0.0007633148027410919,539.0930861730086,-0.0003211008771803771,535.4724421505996,0.006438315939666254,539.200298781622,540.3101554369352,-0.0025729157832545765,-0.01222018360542112,47.603313307868916,0.7851656996557494,1.2872272953328177,-0.5020615956770682,53.40508847159351,57.493119310419154,-40.52565604479969,0.014838551462844084,-46.59491149256391,1.2242824009486608,0.0022717331696169266,0.027760858235617074,0.026722309991008022,0.02552211711680891,0.6819778641338841,440530.7,1.3715888586198388,2448057.0,4123263.7663454944,37.806372526659125,-0.0008350260174083614,538.469970703125,1,0.0012387340185644948
2026-08-10 16:30:00+00:00,538.9199829101562,538.969970703125,537.9000244140625,538.469970703125,362186,0.0,0.0,0.0,-0.000835026017408369,-0.001428197910335216,-0.002722583493785069,-0.0031841236055971667,-0.011183390044755326,-0.0008353748458339694,-1.47003173828125,-1.72003173828125,-1.82000732421875,0.0,539.2057233537946,-0.0013645119456298666,539.0557250976562,-0.001086630504525385,539.8809552873884,-0.0026135105719920317,535.1951696777344,0.006118891221227585,539.159324342163,-0.001278571301493915,539.03643931211,-0.0010508911228837624,535.5899922899143,0.0053772072941317365,539.1244838169642,540.1392291673835,-0.0030904225690634715,0.0036016907350432292,51.21331054983396,0.6534506663100501,1.1604719695282641,-0.507021303218214,37.27549166260371,57.34797603189045,-72.41681336756405,0.0371470014341046,-62.724508301553705,1.1903512137276786,0.0022106176360607954,0.027720836403052066,0.026883318266971257,0.025689462559157012,-0.40057958350090284,448977.75,0.8066903092636533,2085871.0,3929226.360026876,38.04275898027015,-0.0007148935900103964,538.0850219726562,1,0.0014513531682356015
2026-08-10 17:30:00+00:00,538.4600219726562,538.52001953125,538.02001953125,538.0850219726562,192972,0.0,0.0,0.0,-0.0007148935900104236,-0.002992385024730204,-0.002807549447414681,-0.0023176688868229434,-0.01104577151798003,-0.0007151492482858459,-1.51495361328125,-1.25,-0.044921875,-1.8475924396936454e-05,539.1364397321429,-0.0019501886387183573,539.0017961774554,-0.0017008741182294863,539.5726231166294,-0.002756998928851995,535.5428698730469,0.004746869471359422,538.9444638682617,-0.0015946761739330149,538.9499468267052,-0.0016048333600178033,535.6878365911983,0.00447496698209113,538.9950567336309,539.783855344302,-0.003147247467338512,-0.04407313696330258,46.094045958440475,0.5121002352888127,1.030797622680374,-0.5186973873915612,23.477937468341043,38.05283920084609,-93.17987539133787,-0.024154822204020276,-76.52206249581639,1.1517769949776786,0.002140511160769808,0.02770571722998008,0.026850048007256034,0.025673597763667497,-0.4672019349174181,426098.2,0.4528815188611441,1892899.0,3735290.4209766975,38.744805434915136,5.569428713864645e-05,538.114990234375,1,0.0014882405124780577
2026-08-10 18:30:00+00:00,538.0800170898438,538.510009765625,537.9099731445312,538.114990234375,200134,0.0,0.0,0.0,5.569428713858571e-05,-0.0014937146539534263,-0.002086495504764585,-0.0005664586855279596,-0.008612885245153246,5.569273626935854e-05,-1.1251220703125,-0.30499267578125,0.38983154296875,-9.301286243096786e-06,538.8757237025669,-0.0014117048416350476,538.99072265625,-0.0016247634422306887,539.2878621419271,-0.0021748531533633438,535.8847692871094,0.00416175468138105,538.7785691414844,-0.0012316356757944196,538.8740416819478,-0.0014085878867020974,535.7830190870092,0.004352454378519187,538.8768159412202,539.5375461139033,-0.0026366207315354495,-0.14087736083098792,49.15050159682979,0.3979103260470538,0.9042201633537099,-0.5063098373066561,24.552077171747257,28.435168767564004,-98.48931377965144,-0.3841263625112134,-75.44792279241017,1.1396353585379464,0.0021178286782894905,0.026896196670322923,0.02634809152697045,0.025536842066435268,0.037114192732624396,411297.85,0.4865914081486191,2093033.0,3578884.95231225,38.535167943015374,0.0016818511160241348,539.02001953125,2,0.00154513005543273
2026-08-10 19:30:00+00:00,538.1500244140625,539.1400146484375,538.0009765625,539.02001953125,332359,0.0,0.0,0.0,0.0016818511160241467,0.0010215032556166737,-0.001259945637207771,-9.272968684881366e-05,-0.005241143278867377,0.00168043838821267,-0.67999267578125,-0.04998779296875,0.44512939453125,6.510537770407739e-05,538.7928728376116,0.00042158444383580255,539.0482221330915,-5.231925583546366e-05,539.1083403087798,-0.00016382751095830867,536.2317700195313,0.005199709654674089,538.8268592194376,0.0003584830795033278,538.8873123955207,0.0002462613846653078,535.909960280901,0.0058033242164654015,538.8807221912202,539.0842515124644,-0.00011915017185925631,-0.1305737222326998,54.035134877380344,0.3761067760950709,0.7985974859019822,-0.4224907098069113,56.990658683167396,35.0068911077519,-35.41512373467679,-0.05840570861753463,-43.00934128099002,1.1738542829241072,0.002177756373395468,0.02744382964856128,0.023919373646746105,0.023072744625084598,0.6606823428303037,377373.05,0.8807173697220804,2425392.0,3469028.4806634644,45.76822264191163,0.0016696288566218534,539.9199829101562,2,0.0012788312723042959
2026-08-11 13:30:00+00:00,539.9099731445312,541.7150268554688,539.47998046875,539.9199829101562,1204778,0.0,0.0,0.0,0.0016696288566218076,0.003410169141621733,0.0018555630366496878,0.002506592583282785,0.000305653538830164,0.001668236575875019,1.0,1.3499755859375,1.67999267578125,0.0016510585526183844,538.8899972098214,0.0019113097397721044,539.0289350237165,0.001653061326659406,539.0159592401413,0.0016771742181579303,536.6009692382812,0.006185254709063013,539.0454839575814,0.0016223101363410397,538.9811915332148,0.0017417887519770455,536.0672160702836,0.00718709655126589,538.9969569614956,539.1613422921918,0.0014070753194911838,-0.10209064931948564,48.4829988127283,0.4265300560614378,0.7241839999338734,-0.2976539438724356,52.947764164986864,44.8301666733005,202.02960472728856,0.27859292886748455,-47.05223580880084,1.1684962681361608,0.00216420266913595,0.024658056514136658,0.023271580249865236,0.023764765909083885,2.6249296694237256,405480.5,2.971235361503197,3630170.0,3484375.292028849,50.18514007242454,-0.0015928014868558833,539.0599975585938,0,0.0005451911765079819
2026-08-11 14:30:00+00:00,539.9400024414062,539.9400024414062,538.6099853515625,539.0599975585938,559248,0.0,0.0,0.0,-0.0015928014868559215,0.0017561438379687377,0.0010957470008927661,-0.0016298197555902894,-0.0006859001579652135,-0.0015940713437432783,0.59002685546875,-0.8800048828125,-0.40997314453125,3.7078700332701356e-05,538.798566545759,0.00048521104001882537,539.0092904227121,9.407469738011307e-05,538.9828636532739,0.0001431101256112923,536.9615686035156,0.003907968610363761,539.0483866777839,2.153958920341774e-05,538.9883557173401,0.00013291908905550936,536.1845800502174,0.005362738160246408,539.0010986328125,539.151466353999,-0.00016965324424256633,-0.04242827032840095,48.45574922469029,0.3925719133911798,0.6578615826253347,-0.26528966923415487,30.405567546625633,46.7813301315933,36.405770935698605,-0.001856858198189674,-69.59443242716206,1.1795697893415178,0.0021881975933692147,0.025231734848250042,0.023315559150730605,0.0235996294976237,-0.5358082567908777,409575.2,1.3654342352759605,3070922.0,3444998.788026102,43.099933207577614,-0.000927540537722152,538.5599975585938,1,0.0004164127384354427
2026-08-11 15:30:00+00:00,539.030029296875,539.0999755859375,538.4099731445312,538.5599975585938,228644,0.0,0.0,0.0,-0.0009275405377221491,-0.0008534413490918213,0.0008827147505354738,-0.001927312962189176,0.000613152558979202,-0.0009279709696293196,0.4749755859375,-1.03997802734375,-0.11505126953125,-5.559355517831199e-05,538.7471400669643,-0.0003473661286572694,539.019291469029,-0.0008520917854027743,538.9414353143601,-0.0007077536273364187,537.2962683105469,0.0023520156803212336,538.9507088539459,-0.0007249481055183445,538.949414066545,-0.0007225474187128282,536.2777336779968,0.0042557498424184775,538.9411929175967,539.1589909942097,-0.0011109773658977867,-0.02640417850058737,50.82461025724718,0.3216067370725568,0.5906106135147791,-0.26900387644222223,17.299416042181686,33.5509159179314,-38.519327794865305,-0.0018585820763976453,-82.700583931606,1.1502859933035714,0.0021358548694962957,0.024133745496091687,0.022665584936874164,0.023168062192927663,-0.591158126627185,401247.8,0.5698324078038545,2842278.0,3387596.808214092,43.71987143109843,-0.0007334735833346461,538.1649780273438,1,0.0008303983395220011
2026-08-11 16:30:00+00:00,538.5850219726562,538.6099853515625,538.0250244140625,538.1649780273438,78132,0.0,0.0,0.0,-0.0007334735833346429,-0.003250490699294062,9.289425843150845e-05,-0.0019937950697856976,-0.0012527815204531612,-0.0007337427066879947,0.04998779296875,-1.07513427734375,-0.42498779296875,4.646541550782548e-05,538.7035696847098,-0.000999792256212967,538.9546465192523,-0.0014651854233134279,538.9383399600074,-0.001434972937200201,537.5866674804688,0.0010757531424361085,538.7935626886256,-0.0011666521369408406,538.8781016993449,-0.0013233487680257168,536.3517432603242,0.0033806821545765728,538.8272844587053,539.1672912883538,-0.0018590023489984584,-0.04697076559300186,44.50481025357376,0.2308306763575274,0.5186546260833287,-0.2878239497258013,6.9450443946278275,18.216675994478383,-93.37887545076819,-0.3287447505339885,-93.05495557915987,1.1142142159598214,0.0020703952532212877,0.023912237421671485,0.022408719998041653,0.02290933157783139,-0.6582809957838387,390703.85,0.19997755333099432,2764146.0,3328220.540765131,41.967138825835754,-0.001142754098620949,537.5499877929688,1,0.0008781890573749581
2026-08-11 17:30:00+00:00,538.1699829101562,538.4199829101562,537.3499755859375,537.5499877929688,112025,0.0,0.0,0.0,-0.0011427540986209683,-0.002801190539946985,-0.002727230316157181,-0.003983739791426522,-0.0013376775821701825,-0.0011434075399485316,-1.47003173828125,-2.1500244140625,-1.52001953125,9.299904335722876e-06,538.6271362304688,-0.0019998035097828935,538.8817879813058,-0.002471414358469282,538.8769095284598,-0.00246238373184278,537.8456677246094,-0.0005497486535328316,538.5448477094942,-0.0018473111770633142,538.7573640714926,-0.0022410390261716775,536.3987332419964,0.002146266349310718,538.6399966285343,539.1614797145169,-0.002988885486400864,-0.05626290574339069,43.89190209157944,0.10802023201415523,0.436527747269494,-0.3285075152553388,4.582127325320223,9.60886258737658,-146.98067372065415,-0.3799088001697782,-95.41787265177054,1.1427873883928572,0.0021259183598584005,0.02396100792639591,0.022601931391273575,0.02314905062131649,0.4337915322787078,387723.35,0.2889302385321898,2652121.0,3263830.108311309,41.70159412942159,-0.00011161298475716342,537.489990234375,1,0.0007961349454541361
2026-08-11 18:30:00+00:00,537.5599975585938,537.9500122070312,537.2000122070312,537.489990234375,147631,0.0,0.0,0.0,-0.00011161298475714787,-0.00198679316894923,-0.00450065334252614,-0.0026534415518595367,-0.0013471133002914693,-0.00011161921394984125,-2.42999267578125,-1.42999267578125,-0.9599609375,1.8621087996074007e-05,538.5378505161831,-0.001945750481236881,538.706787109375,-0.002258736856698804,538.8397652762277,-0.0025049655367551595,538.1018676757812,-0.001137103359347162,538.3338762144704,-0.0015675884750704343,538.6421482681183,-0.0021390046015627006,536.4415276338544,0.0019544769495068513,538.4544235956101,539.1922756644858,-0.0031571027756467735,-0.09801465171370866,32.59868728290208,0.005784093087868314,0.3503790164331689,-0.34459492334530056,6.422526832329918,5.983232850759323,-164.49791352529294,-0.32455339103563957,-93.57747314552176,1.0756443568638392,0.002001236072122568,0.023961221327034928,0.022646296912546108,0.023208397712961563,0.31783976790894886,373351.1,0.39542136075131323,2504490.0,3191512.002757851,38.76246121430434,-0.0003721226639849307,537.2899780273438,1,0.0007968972693011243
2026-08-11 19:30:00+00:00,537.52001953125,537.8350219726562,536.9099731445312,537.2899780273438,376082,0.0,0.0,0.0,-0.00037212266398489735,-0.0016258954702094153,-0.003283529735588653,-0.0021913806525560853,-0.005368526631288506,-0.0003721919188048146,-1.77001953125,-1.17999267578125,0.65997314453125,5.586949974984598e-05,538.2907017299107,-0.0018590767021407204,538.5417872837612,-0.002324442199237454,538.7957153320312,-0.002794634890065522,538.3471667480469,-0.00196376759459378,538.125096577045,-0.0015519041111664148,538.5192237007751,-0.002282640283445303,536.474800198305,0.0015195081460226225,538.265515718006,539.0857073578487,-0.003331064626630178,-0.16596342656342697,33.2602060451228,-0.09033675128239338,0.26223586289005646,-0.35257261417244984,7.908441936214568,6.30436536462157,-163.24908693705422,-0.4465506994946176,-92.09155804297401,1.0870753696986608,0.0020232563683540627,0.019479316568379177,0.020154730547227183,0.02065877517970575,1.5474459971144272,354555.4,1.0607143481667434,2128408.0,3090264.0024951985,32.76154187254713,0.0010515782250036607,537.85498046875,1,0.0007730576038944097
2026-08-12 13:30:00+00:00,537.8599853515625,539.1849975585938,536.864990234375,537.85498046875,1264397,0.0,0.0,0.0,0.0010515782250035688,0.0005673754677839593,-0.0013090780842240912,-0.0004275188762231652,-0.0027441969158481516,0.001051025703934077,-0.70501708984375,-0.23004150390625,1.06500244140625,0.001060893274634429,537.9957013811384,-0.00026156512408341033,538.44284929548,-0.001091794286985255,538.6845238095239,-0.0015399427756080017,538.6192663574219,-0.0014189724289649082,538.071073355386,-0.0004016065857026785,538.4588379524092,-0.0011214552368652468,536.528924914793,0.002471545321000324,538.1739414760044,538.895842941078,-0.0019314724467819273,-0.21229219273521036,40.25222059659387,-0.11954420665938414,0.18587984898016835,-0.3054240556395525,20.412015650876125,11.580994806473536,-83.09827608944755,-0.197617916421151,-79.58798432850547,1.13922119140625,0.0021180824437309863,0.019365912601742145,0.02166029504079571,0.022916298796485088,2.3620247711935165,404159.55,3.1284600351519516,3392805.0,3119077.4308289895,52.51648344836587,-0.0010132525121944356,537.3099975585938,1,0.0005852291024970093
2026-08-12 14:30:00+00:00,537.8200073242188,538.0,536.8599853515625,537.3099975585938,318551,0.0,0.0,0.0,-0.001013252512194418,-0.00033487633081830115,-0.001588695852866473,-0.0014959491751579401,-0.002061560467282453,-0.0010137661995471346,-0.85498046875,-0.80499267578125,-0.14996337890625,-6.502337210060837e-05,537.7457013811384,-0.000810241386262586,538.2721339634487,-0.0017874534907997034,538.5880940755209,-0.0023730500747859706,538.7548657226563,-0.002681865642404532,537.9188581960276,-0.0011318819337819864,538.3543979166078,-0.0019399866743057585,536.55955521455,0.001398618917041405,538.0228945777529,538.8435871292481,-0.002846075572360276,-0.2863321528745944,33.37945664128654,-0.18453963368619952,0.11179595244689478,-0.2963355861330943,9.268967249332292,12.529808278807662,-126.4937833787175,-0.21542021052992472,-90.73103273007057,1.1424342564174108,0.0021262106821131723,0.018778868817487613,0.02169517074759581,0.023201691134468443,-0.7480609333935465,404484.9,0.7875473225329281,3074254.0,3114808.5326548,46.87026263201663,0.000502539562779221,537.5800170898438,1,0.0005817031401303206
2026-08-12 15:30:00+00:00,537.3800048828125,537.905029296875,537.0,537.5800170898438,244988,0.0,0.0,0.0,0.0005025395627791251,0.0005398184860341271,5.5863263988431555e-05,-0.0026715194041559975,-0.002764001361846957,0.0005024133320618951,0.030029296875,-1.44000244140625,0.885009765625,0.00013029224197710074,537.6057041713169,-4.7780522553630066e-05,538.1764221191406,-0.0011081961319437655,538.548095703125,-0.001797571323719073,538.912265625,-0.0024721065378030377,537.8510899747909,-0.0005039924432602781,538.2839996596292,-0.0013078274112351567,536.5995733273066,0.0018271422700838482,537.930612327939,538.8026567328499,-0.0022691789428389195,-0.26612643357464455,39.97021299323666,-0.21181894144297075,0.047072973668921665,-0.2588919151118924,14.830599028939789,14.837193976382736,-101.84339447398555,-0.09385224679924731,-85.16940095046306,1.1227940150669642,0.0020886081687765323,0.018287106053551876,0.021563153332749753,0.02311409237850575,-0.2309300551560033,410802.0,0.5963651588843273,3319242.0,3134278.3866876764,54.22248554989918,-0.0001302267978592849,537.510009765625,1,0.002276629039371326
2026-08-12 16:30:00+00:00,537.5599975585938,537.85498046875,537.2899780273438,537.510009765625,98401,0.0,0.0,0.0,-0.0001302267978592342,-0.0006413823719255696,3.72463331665962e-05,-0.00446357464219338,-0.001968170422003479,-0.00013023527810491933,0.02001953125,-2.40997314453125,-0.010009765625,-3.7240095638854396e-05,537.5121372767857,-3.958070921784725e-06,538.1078534807477,-0.0011110109455836326,538.4738101050967,-0.0017898741245778171,539.0684655761719,-0.0028910164664858948,537.7828739329577,-0.0005073872385274888,538.2136369419925,-0.0013073380681396939,536.6352767170446,0.0016300326991734847,537.8417573474702,538.7879229188541,-0.0023718296176790093,-0.16410565615119424,42.38117373208913,-0.23636235724188737,-0.009614092513240143,-0.22674826472864723,13.38864793237338,12.496071403548486,-86.42233657781348,-0.1124258717426507,-86.61135204702947,1.0867265973772322,0.0020217792741181973,0.018047844536212942,0.021516623632101477,0.023174977394483518,-0.5983435923392166,411964.4,0.23885801782872443,3220841.0,3142522.445098374,58.72541725224818,-9.29988131580035e-05,537.4600219726562,1,0.004155394345348902
2026-08-12 17:30:00+00:00,537.510009765625,537.7999877929688,537.4299926757812,537.4600219726562,101638,0.0,0.0,0.0,-9.29988131580517e-05,0.00027921388908480615,0.000316484491180713,-0.0029680844306455567,-0.004593066743594609,-9.300313781580353e-05,0.1700439453125,-1.5999755859375,0.1500244140625,0.0,537.499285016741,-7.304762104662009e-05,538.063210623605,-0.001121036783482194,538.4209536597842,-0.0017847219366083353,539.2320654296875,-0.0032862353161730445,537.7183035408975,-0.00048032876422468356,538.1451264902347,-0.0012730850542964287,536.667619668245,0.0014765234110818524,537.7553798130581,538.7572231244574,-0.0024077656801996077,-0.0963595097999783,44.761076330020295,-0.25688557125590705,-0.059068388261773526,-0.19781718299413353,12.359042049123255,13.52609633681214,-78.4053336142592,-0.2894136585033488,-87.6409579302796,1.0774405343191964,0.0020046896332170496,0.015118194866929958,0.0205055990745685,0.022573329679554454,0.03289600715439889,407814.95,0.2492257824290153,3119203.0,3140301.545565196,61.67033431845806,0.0003162707982118492,537.6300048828125,1,0.004243034760363837
2026-08-12 18:30:00+00:00,537.489990234375,538.0549926757812,537.489990234375,537.6300048828125,284965,0.0,0.0,0.0,0.00031627079821183735,9.298670222035454e-05,-0.00041828298353108195,-0.0017268135026684561,-0.003650798354810636,0.00031622079514566516,-0.2249755859375,-0.92999267578125,-0.39501953125,5.575905275466033e-05,537.519287109375,0.0002059791640830277,538.028568812779,-0.0007407858115141006,538.3109537760416,-0.0012649731320740784,539.3716650390625,-0.0032290538586608915,537.7006438092806,-0.00013137221850340142,538.0982972531963,-0.0008702729088223793,536.7053602648948,0.001722816067012271,537.697619047619,538.6838337966319,-0.0019563032110878407,-0.03379991319034748,46.02795318565836,-0.2564776512685967,-0.09855024086313816,-0.15792741040545852,15.860204912189909,13.869298297895517,-58.16906110958578,-0.42413285298250675,-84.13979506721294,1.0770786830357142,0.002003382759986549,0.01515908503310168,0.02040502401864604,0.022473889268318222,1.8037249847497985,405539.6,0.7026810698634592,3404168.0,3165431.6840827963,66.0124969557831,-0.0010043673575500112,537.0900268554688,1,0.0042540930034226255
2026-08-12 19:30:00+00:00,537.6500244140625,537.8800048828125,536.9600219726562,537.0900268554688,396015,0.0,0.0,0.0,-0.0010043673575500511,-0.0007813490028574233,-0.00040939253712846124,-0.0019974379897689243,-0.003987250577538459,-0.0010048720724189003,-0.219970703125,-1.074951171875,0.0050048828125,3.723663312713812e-05,537.49072265625,-0.0007454934269382131,537.8907121930804,-0.00148856509223892,538.1914324079241,-0.002046494028203944,539.4882653808594,-0.004445395162938573,537.5785204185182,-0.0009086924876913994,538.0066363079483,-0.001703714026220971,536.720445229231,0.0006885924125346049,537.5724801199776,538.5729544751971,-0.002753438707613164,-0.020701809761800454,33.18800965927784,-0.29631040387266694,-0.13810227346504392,-0.15820813040762302,4.738198503015518,10.985815154776228,-92.07580376245306,-0.3654455370540118,-95.26180147638733,1.061431884765625,0.0019762643722470025,0.015348277470893575,0.01975122495226655,0.021639816537052124,0.3896969803309178,373330.45,1.060762656783016,3008153.0,3150452.761789197,59.108864932095976,0.0047477846645157555,539.6400146484375,2,0.004235868988335752
2026-08-13 13:30:00+00:00,538.7000122070312,539.9669799804688,537.8800048828125,539.6400146484375,740695,0.0,0.0,0.0,0.004747784664515864,0.004056102010675966,0.0038319831338697874,0.00388806046494361,-0.00011116834766855543,0.004736549482354932,2.05999755859375,2.09002685546875,2.27996826171875,0.0029976079820092255,537.7457275390625,0.0035226446485042023,537.8707144601004,0.003289452540857805,538.2104753766741,0.0026560970794190157,539.6562658691406,-3.011402207460322e-05,537.9908192645021,0.00306547124017284,538.1551252479927,0.0027592218874767003,536.8349381476313,0.005225212260736957,537.8057204473587,538.5839325037404,0.001960849704122668,0.11586363306150306,48.10575079466534,-0.12072381454925107,-0.13462658168188535,0.013902767132634275,89.47647575943458,36.69162639154667,100.57041735700393,0.2005379335148712,-10.523524208379973,1.0744280133928572,0.001991008791464121,0.023139225631405986,0.020965135772264394,0.02293164824758911,0.8703710718028357,392403.4,1.887585581572428,3748848.0,3207442.7844759403,55.2464342674164,-0.006861987304814521,535.93701171875,0,0.0034621821576360083
2026-08-13 14:30:00+00:00,539.6099853515625,539.6199951171875,535.6900024414062,535.93701171875,307848,0.0,0.0,0.0,-0.006861987304814465,-0.0031489930783001885,-0.0029264534953700183,-0.002889316161865274,-0.005535091082164545,-0.006885639000221387,-1.572998046875,-1.552978515625,-3.63299560546875,-5.564690545512589e-05,537.5495867047991,-0.0029998627585806365,537.6476440429688,-0.0031816977962593933,538.0312848772321,-0.0038924746893781257,539.6438061523437,-0.00686896503087147,537.5800577553517,-0.0030563746048526447,537.9534785635161,-0.0037484037655949125,536.7997253464987,-0.0016071424537153216,537.5478934151786,538.4803616680805,-0.00472319908092301,-0.00458811750260043,34.74057147647487,-0.27717644904817007,-0.1631365551551423,-0.11403989389302777,5.7753232283782445,33.32999916360945,-106.85912230753534,-0.4139931804474294,-94.22467674824075,1.2615705217633928,0.0023539529724121537,0.03334857821082638,0.02570180158420744,0.024851905736871533,-0.5843795354363133,377584.45,0.8153089990861625,3441000.0,3229686.3288115654,58.222845748426984,0.0013117267781767295,536.6400146484375,1,0.0004661837867318333
2026-08-13 15:30:00+00:00,535.9199829101562,536.6500244140625,535.9199829101562,536.6400146484375,217128,0.0,0.0,0.0,0.0013117267781768138,-0.0008378710914926923,-0.0015257085005300208,-0.0012097068724278293,-0.003398436596748322,0.0013108672161980556,-0.82000732421875,-0.64996337890625,0.75299072265625,-3.177389921085472e-05,537.415300641741,-0.0014426198740086563,537.510502406529,-0.0016194804644607673,537.9227149600074,-0.002384543868282039,539.5958068847656,-0.005477789483552884,537.3920491339688,-0.0013994149834220236,537.8340727530543,-0.0022201235754783777,536.7934621818689,-0.00028585954234131304,537.4135428292411,538.4211213152502,-0.0033080178252637682,-0.07633381338510768,40.80113222157291,-0.34051458767987697,-0.19861216166008927,-0.1419024260197877,22.212232777293643,39.154677255035494,-155.87911522978757,-0.16928158593504108,-77.78776719932536,1.2644304547991072,0.0023561986066676414,0.033739092929959434,0.02551586026268518,0.024475238453961965,-0.2946908864114758,370331.55,0.5863070537738397,3658128.0,3270490.297496178,58.37755196764861,0.0005776638903769317,536.9500122070312,1,0.000592009623322499
2026-08-13 16:30:00+00:00,536.635009765625,537.1300048828125,536.5499877929688,536.9500122070312,127578,0.0,0.0,0.0,0.0005776638903769449,-0.004984809073431573,-0.0012647967367994672,-0.0016825506773778809,-0.0021093502314262214,0.000577497106818624,-0.67999267578125,-0.90496826171875,0.1400146484375,-9.326331760350488e-06,537.3353009905134,-0.0007170360532262808,537.4237191336496,-0.0008814403044604629,537.850335984003,-0.0016739299331716613,539.524443359375,-0.004771667315588494,537.3036417485814,-0.0006581558621093008,537.7537036125068,-0.0014945343938591903,536.799601398542,0.00028019918065718476,537.3388108026413,538.3998742105607,-0.0026929092538378768,-0.07868603021457846,44.13113974808289,-0.36152882737337677,-0.23119549480274681,-0.13033333257062996,29.460284834850626,19.149280280174178,-98.85170837560509,-0.1004628992453023,-70.53971514176838,1.2640773228236608,0.0023541806389491575,0.03377318003354111,0.02554295931491069,0.024528385344371094,-0.412429534652371,367061.85,0.34756540348717707,3785706.0,3319558.4596393993,60.45999515375869,0.00029792930607024424,537.1099853515625,1,0.001001774999574616
2026-08-13 17:30:00+00:00,536.9453735351562,537.4199829101562,536.5999145507812,537.1099853515625,84638,0.0,0.0,0.0,0.0002979293060703103,0.0021886408424205417,3.716042952905951e-05,-0.0003722473208018773,-0.0018676396328873857,0.00029788493394755427,0.01995849609375,-0.20001220703125,0.699951171875,-8.638926845210375e-06,537.2852957589286,-0.00032628923357766324,537.3922903878348,-0.0005253239417856943,537.8039056687128,-0.0012902850087824604,539.4456433105469,-0.004329737366393845,537.2649104691777,-0.0002883588981823532,537.6951837706027,-0.0010883460308039774,536.8117733182684,0.0005555243907006741,537.2969796316964,538.3901203930005,-0.0023777090123815996,-0.09952388466807117,47.77685255522334,-0.3611115981976809,-0.25717871548173366,-0.10393288271594725,33.200616483375306,28.29104469850653,-76.30117972357264,-0.03350009922793587,-66.7993834932437,1.2462245396205358,0.0023202408698518345,0.03379925198994044,0.02563965950727569,0.02465899862982917,-0.336578406935365,361287.05,0.23426801486518758,3870344.0,3372014.2253880277,62.60734708966667,0.0011171578214115665,537.7100219726562,1,0.0009814396845262425
2026-08-13 18:30:00+00:00,537.0900268554688,537.9400024414062,537.0549926757812,537.7100219726562,113976,0.0,0.0,0.0,0.0011171578214115296,0.001993901488914762,-0.0035764447101621633,0.00024183354789908407,-0.002430331919272666,0.001116534264976649,-1.92999267578125,0.1300048828125,-1.949951171875,-3.715904868283004e-05,537.2967267717634,0.0007692122067731911,537.4080069405692,0.0005619846153872192,537.7846214657739,-0.00013871630042922646,539.374443359375,-0.003085836578294722,537.3539327698734,0.0006626716230524069,537.6965326980621,2.5087151904085646e-05,536.8469987556954,0.0016075776132856803,537.339343843006,538.3610917940108,-0.0012093552659679548,-0.06130066944753594,51.05419830210835,-0.30880330815000434,-0.2675036340153878,-0.04129967413461655,47.23007105668554,36.63032412497049,-24.499228156845586,-0.02695122316560993,-52.76992891993346,1.2558680943080358,0.002335586176538781,0.033464111190263296,0.025483043007945197,0.024559896122933696,0.34662917365722246,350367.9,0.32530377354774703,3984320.0,3430329.0610653586,65.49371850067425,0.00031612375297125113,537.8800048828125,1,0.0007228725449458531
2026-08-13 19:30:00+00:00,537.77001953125,538.0399780273438,537.5499877929688,537.8800048828125,268356,0.0,0.0,0.0,0.0003161237529711869,0.0017319911623778772,0.003625413288459667,0.0006883501896994826,-0.0037782969549456924,0.00031607379638562216,1.9429931640625,0.3699951171875,3.87298583984375,0.00011157976630885528,537.4095807756696,0.0008753548949816416,537.4501517159598,0.0007998009963890952,537.7303350539435,0.0002783362200567391,539.3078430175781,-0.0026475382348859953,537.4591471924612,0.0007830505677482693,537.7132119875848,0.0003101893193415031,536.8875087998961,0.0018486108666098575,537.4022769019717,537.9383224249609,-0.00010840934679168948,-0.01971209490501806,52.83504694019572,-0.25074201333495694,-0.26415130987930163,0.013409296544344695,51.204441007521574,43.87837618252748,17.516829458884615,0.1060853747013203,-48.79555896909743,1.22479248046875,0.002277073825663621,0.03284344836931412,0.023989113727189423,0.02237249445292476,1.3544956833017476,303546.8,0.8840679592076054,4252676.0,3508647.817154372,72.9064748277625,-0.0005206166697644947,537.5999755859375,1,0.0008715014278517176
2026-08-14 13:30:00+00:00,537.405029296875,538.280029296875,536.3400268554688,537.5999755859375,742625,0.0,0.0,0.0,-0.0005206166697644399,0.0009122716906002637,0.0017888359259399245,0.00026039818323142505,-0.00270845913120743,-0.0005207522376775104,0.9599609375,0.13995361328125,-0.9830322265625,-0.000883051204032207,537.118146623884,0.0008970632719844747,537.4319370814732,0.0003126693686582076,537.6198585146949,-3.698324837235662e-05,539.2526428222657,-0.003064736461328414,537.4873128711564,0.00020960999838128704,537.7029177692532,-0.00019144806530448262,536.9154486738585,0.0012749249695990165,537.4222534179687,537.76208163069,-0.00030144565838597444,-0.0037808915978161206,48.74021534428583,-0.2247334554575673,-0.25626773899495475,0.031534283537387464,44.657076794079664,47.6971962860956,-30.529723599824678,0.003712655876190667,-55.34292318253934,1.1976492745535714,0.0022277703291299624,0.03245305006084569,0.024638961884330752,0.02359335805179491,1.7673128232646187,312715.65,2.374761224774,3510051.0,3508781.4536158605,51.067849714043916,-0.001525197779573612,536.780029296875,0,0.0008588953068553901
2026-08-14 14:30:00+00:00,537.6400146484375,537.6699829101562,536.6799926757812,536.780029296875,182113,0.0,0.0,0.0,-0.001525197779573606,-0.0017295431325037303,-0.0003165712008414978,-0.0015809675394191647,-0.0033050510059932092,-0.0015263620777142305,-0.16998291015625,-0.8499755859375,-1.12994384765625,7.447742618716901e-05,537.2385777064732,-0.0008535284483011299,537.3940822056362,-0.0011426491825883129,537.5112885974702,-0.0013604538474008621,539.0695434570313,-0.00424715918000016,537.3458561563002,-0.001053003113249239,537.6190188172188,-0.0015605651790148282,536.9101381100552,-0.0002423288441487285,537.3353323800224,537.7068200273766,-0.0017235986154177287,-0.026836973244853093,47.45107933044004,-0.267204135957968,-0.2584550183875574,-0.00874911757041058,25.485914884014594,40.449144228538614,-83.65390895421112,-0.13580779064318102,-74.5140850926044,1.1869332449776786,0.002211209769726762,0.03271525354652796,0.0248003933933466,0.02364194417798523,-0.7547712506312069,310389.1,0.5867248559952635,3327938.0,3491558.267557207,52.849990204132226,-0.00019568817424866429,536.6749877929688,1,0.0005137451296201525
2026-08-14 15:30:00+00:00,536.8099975585938,537.0,536.2999877929688,536.6749877929688,170827,0.0,0.0,0.0,-0.0001956881742486427,-0.002240308393888446,-0.0008098854433119529,-0.0007727551094738327,-0.0027686495688303836,-0.00019570732367766504,-0.43499755859375,-0.4150390625,-0.2650146484375,5.5829688295127935e-05,537.2435738699777,-0.0010583394658630096,537.3294372558594,-0.0012179668886776044,537.4215262276786,-0.001389111522846119,538.9104431152343,-0.004148101694484009,537.2116824836339,-0.0009990376385392982,537.5331978150143,-0.001596571198825407,536.900916528993,-0.0004208015465580018,537.239453125,537.6714492377716,-0.0018532906037946912,-0.08481009639649609,45.577005617010265,-0.3058132034882419,-0.26792665540769434,-0.03788654808054759,23.029939772564394,31.057643816886223,-136.24849523771402,-0.14606373452758478,-76.9700602040546,1.1722891671316964,0.0021843558835310246,0.0326466054065817,0.02484805367353708,0.023767135794908863,-0.06197251157248518,315023.85,0.5422668791585128,3157111.0,3459706.146837473,47.491437019299546,0.00011179495962814472,536.7349853515625,1,0.0015383903528288223
2026-08-14 16:30:00+00:00,536.7100219726562,536.9600219726562,536.2000122070312,536.7349853515625,120780,0.0,0.0,0.0,0.0001117949596280976,-0.0016089848840343812,-0.001813313089305435,-0.005383272585461563,-0.0015161426098294628,0.00011178871103730145,-0.97503662109375,-2.905029296875,-0.5400390625,6.528006798213174e-05,537.2128557477679,-0.0008895364120416168,537.2740783691406,-0.001003385495934407,537.3534313383557,-0.0011509110219166132,538.7485424804687,-0.003737471139377533,537.1163430572196,-0.0007100094990328772,537.4606330456096,-0.0013501411069565127,536.8944094239957,-0.0002969374790174845,537.1601928710937,537.6497357054812,-0.001701387154439405,0.05533073244804913,46.20864677774301,-0.32779129213861324,-0.27989958275387816,-0.04789170938473508,24.43274252361352,24.316199060064175,-123.94497775722641,-0.16647499639522967,-75.56725745300548,1.18621826171875,0.002210063241805571,0.03243684048087176,0.024668990361256353,0.023644063496221456,-0.29296891006690984,315461.6,0.3828675185822922,3277891.0,3442390.4185672374,44.669114567878594,0.0008477500112009894,537.1900024414062,1,0.0015131265720899423
2026-08-14 17:30:00+00:00,536.760009765625,537.27001953125,536.3699951171875,537.1900024414062,301841,0.0,0.0,0.0,0.000847750011200965,0.0007637637806090503,-0.0012828185378569446,0.0023379440032289533,-0.0005581272180305019,0.0008473908741181974,-0.69000244140625,1.25299072265625,0.2850341796875,4.662340772525259e-05,537.2242867606027,-6.381751540517888e-05,537.2547912597656,-0.00012059235099111226,537.3362891787574,-0.00027224429151147326,538.6007421875,-0.002619268106392712,537.131074934057,0.00010970787224774135,537.4360302634093,-0.0004577806625320631,536.9060013070315,0.0005289587631407867,537.1489827473958,537.6191012518071,-0.0007981465119095729,-0.012123184973277997,48.72943656846014,-0.3049774194738575,-0.28491515009787405,-0.020062269375983433,35.07149583904713,27.51139271174169,-65.12647750911803,0.0186143069017026,-64.92850413757188,1.2240774972098214,0.002278667681163814,0.0326003835361622,0.02474848924601401,0.02369492515985466,1.49909753270409,323172.1,0.9339946115397929,3579732.0,3455470.569179882,47.393204270110964,-0.00018610842622374528,537.0900268554688,1,0.0014591309230588176
2026-08-14 18:30:00+00:00,537.1799926757812,537.6099853515625,537.030029296875,537.0900268554688,218250,0.0,0.0,0.0,-0.00018610842622379664,0.0007733527217410607,-0.0009485653899313773,0.0008385737081608724,-0.00037214759264470043,-0.00018612574654595766,-0.50994873046875,0.45001220703125,0.1800537109375,-1.863356648390562e-05,537.1357160295759,-8.506076349707785e-05,537.2162214006696,-0.00023490456947037412,537.3172433035714,-0.0004228720573069345,538.4513427734375,-0.0025282060045656975,537.1228653183393,-6.113771166874929e-05,537.404575408142,-0.0005853105222146604,536.9132179952055,0.000329306216231923,537.1270141601562,537.6224442407969,-0.0009903183749685029,-0.050437233658659125,47.44230951967269,-0.29160303698256484,-0.28625272747481223,-0.005350309507752615,32.73396694157157,30.74606843474408,-16.018451124454682,-0.472534972156444,-67.26603303504743,1.2230050223214286,0.0022770950141814176,0.03258086340514126,0.0245828242872715,0.023470733826597343,-0.27693719541082884,315280.5,0.6922407189788119,3361482.0,3446519.276877036,46.5112908440144,-0.0005027453829870917,536.8200073242188,1,0.0015534423146178116
2026-08-14 19:30:00+00:00,537.0599975585938,537.1900024414062,536.5,536.8200073242188,219850,0.0,0.0,0.0,-0.0005027453829871131,0.00015840587063764566,7.447748642230856e-05,-0.00024211729184653308,-0.001924260594610927,-0.0005028718018199359,0.03997802734375,-0.1300048828125,0.5499267578125,-5.5911104979473005e-05,536.9842878069196,-0.0003059316379097182,537.1969342912946,-0.0007016550970686858,537.2948637462798,-0.0008837911063382469,538.3058435058593,-0.002760208159660559,537.0622937195153,-0.0004511327608164662,537.3514328550581,-0.0009889720178371294,536.9095626747747,-0.00016679783110899342,537.0741856166295,537.5064828393928,-0.0012771483453491302,-0.08821409076687471,48.68744282088383,-0.2993414402359349,-0.28887047002703675,-0.010470970208898145,26.420641030441022,31.408701270353244,-73.07360915582242,0.16475734762847138,-73.57935894617798,1.2065778459821428,0.002247639487198115,0.03237146151163231,0.02296349158020135,0.02105155646898421,0.007331042382588748,263053.15,0.8357626586110037,3141632.0,3417482.393364937,48.65972006185201,-0.0031854661698990333,535.1099853515625,0,0.001661217305796828
2026-08-17 13:30:00+00:00,534.4949951171875,535.9749755859375,534.4949951171875,535.1099853515625,459222,0.0,0.0,0.0,-0.0031854661698990094,-0.0038720323915012456,-0.0029161084026706474,-0.0037236321322362542,-0.0040944933409532425,-0.003190550567581125,-1.56500244140625,-2.0,-1.60498046875,-0.004331083371158148,536.6285749162946,-0.002829870856143201,536.8733607700893,-0.0032845276882320445,537.1641496930804,-0.0038240905367339833,538.1522436523437,-0.005653155471634372,536.6718320459248,-0.0029102453326183765,537.1476649001949,-0.003793518396858662,536.838991015041,-0.0032207155076535736,536.7959257579985,537.3167014970086,-0.004106918953559196,-0.2160278731061801,26.02155536191414,-0.43840500253827486,-0.3187773765292844,-0.11962762600899046,11.999809448878086,23.7181391402969,-261.06335369837876,-0.2851127860591049,-88.00019053160972,1.1671534946986608,0.002181146916796311,0.034063386301640984,0.023272724426714648,0.021469366620335287,1.0887969069820334,270086.7,1.7002762446281077,2682410.0,3347475.4987587524,31.55507164799957,-0.00014941985176181974,535.030029296875,1,0.001078413348526967
2026-08-17 14:30:00+00:00,535.1500244140625,535.260009765625,534.3699951171875,535.030029296875,300476,0.0,0.0,0.0,-0.00014941985176186723,-0.003835479073507564,-0.003176532369267404,-0.0049840854108490484,-0.00474345718200786,-0.00014943101602003922,-1.7049560546875,-2.67999267578125,-0.13995361328125,7.482398683631342e-05,536.3785749162946,-0.0025141675720875794,536.808576311384,-0.0033131866609261446,537.0555797758557,-0.0037715844602569516,538.01564453125,-0.005549309327186401,536.3434714961148,-0.0024488826079556293,536.9551525726202,-0.0035852589671933584,536.7680513398187,-0.00323793869363543,536.5501482282366,537.1748988538316,-0.003992870034562436,-0.27730429289568026,42.21206647852883,-0.5487401283337476,-0.36476992689017707,-0.18397020144357057,16.880521990000773,18.4336574897733,-241.72518242541534,-0.3575720023286616,-83.11947798442401,0.9485822405133929,0.0017729514019207977,0.033962765330659506,0.023266260889218057,0.02146965186948878,-0.3456846579649929,272861.1,1.1012049720535428,2381934.0,3255519.165543633,31.632059489901934,0.0006169338297399524,535.360107421875,1,0.001078401270055673
2026-08-17 15:30:00+00:00,535.0449829101562,535.614990234375,534.5,535.360107421875,304665,0.0,0.0,0.0,0.0006169338297399296,-0.0027195333303999814,-0.003406420468018423,-0.004684869186551199,-0.003999743827445057,0.0006167436042984433,-1.82989501953125,-2.5198974609375,-0.12493896484375,2.7949110259986284e-05,536.1907348632812,-0.0015491268076769278,536.7171543666294,-0.002528421038364825,536.9498697916666,-0.0029607277312600645,537.9277465820312,-0.004773204536233901,536.1467986812669,-0.0014673057105356298,536.810148468007,-0.002701217646997844,536.7128378528406,-0.0025203988717221394,536.3570190429688,537.0598742373062,-0.0031649484479582676,-0.2698904737151816,38.257889569563,-0.6026005601868292,-0.41233605354950753,-0.19026450663732164,25.32234397279384,18.06755847055757,-174.0335501874958,-0.32579508432316123,-74.67765600163094,0.9760785784040179,0.0018232187360815518,0.03409678042229152,0.023580358893404908,0.021902035955064604,0.013941213274937025,283174.3,1.0758921272163433,2686599.0,3201336.292634716,39.277688719502,-0.0021482464480911696,534.2100219726562,0,0.0010582652253232118
2026-08-17 16:30:00+00:00,535.3699951171875,535.385009765625,534.0900268554688,534.2100219726562,257620,0.0,0.0,0.0,-0.0021482464480911956,-0.0016818287894870831,-0.005362238617004689,-0.006305717572971381,-0.006046961387139893,-0.0021505572395181835,-2.8800048828125,-3.38995361328125,-1.05010986328125,1.8469241871788964e-05,535.8300258091518,-0.003023353971338595,536.5214407784598,-0.004308157382201762,536.7927275158111,-0.004811364630631908,537.8233471679688,-0.006718423836251455,535.7594433395448,-0.0028920094384666793,536.573773332066,-0.004405268160474422,536.6146882104805,-0.004481178563782739,536.0227347237724,536.940489808863,-0.005085233630217922,-0.318983700903044,28.220031375798115,-0.72967636957992,-0.4758041167555901,-0.2538722528243299,2.8638436095657442,15.022236524120125,-185.80107357021942,-0.6509084556678533,-97.13615636656792,1.0271475655691964,0.001922741100540133,0.034786196583969635,0.024094252860708182,0.02215414095105013,-0.15441550555528205,290973.4,0.885373027225166,2428979.0,3127778.4552409337,34.51511998137731,0.0002807198905638014,534.3599853515625,1,0.0007594999602929381
2026-08-17 17:30:00+00:00,534.2100219726562,534.4149780273438,533.489990234375,534.3599853515625,412476,0.0,0.0,0.0,0.00028071989056388524,-0.001252348295651795,-0.004582582502686949,-0.004508446315490744,-0.0060822861476318435,0.000280680496107772,-2.46002197265625,-2.4200439453125,0.41998291015625,0.0,535.4257376534598,-0.001990476413341741,536.3250122070312,-0.003663873231231196,536.6451067243304,-0.004258161202124735,537.745947265625,-0.006296582859012512,535.4795517419484,-0.0020907733763909165,536.3725198792929,-0.0037521208733429343,536.526268490523,-0.004037608717744811,535.7345406668527,536.7050746074145,-0.00436941882385411,-0.3740690596926633,28.105623200120945,-0.8089588980568578,-0.5424350730158437,-0.26652382504101413,18.162589190907543,15.449592257755713,-180.06319525177634,-0.6544246856713626,-81.83741078821579,1.0346418108258928,0.0019362262130149062,0.03477805846669507,0.0242725092535768,0.022421081677490132,0.6011023988820743,297348.95,1.3871782631147633,2841455.0,3100509.554741797,29.670440323690272,-0.0001122792878180742,534.2999877929688,1,0.0009233734223608527
2026-08-17 18:30:00+00:00,534.3499755859375,534.639892578125,534.0250244140625,534.2999877929688,220819,0.0,0.0,0.0,-0.0001122792878180956,-0.001980199148590711,-0.0015137029410161595,-0.004425397221821337,-0.005194732582980532,-0.00011228559160919326,-0.80999755859375,-2.375,1.6500244140625,-1.8732251477242838e-05,535.0271606445312,-0.0013591325918578367,536.0814383370536,-0.003323096859327221,536.4865344819568,-0.0040756786022511735,537.655146484375,-0.006240354460175359,535.2436389521524,-0.0017630310582098616,536.1841078714452,-0.0035139424142065496,536.4389633651286,-0.003987360572651033,535.4645374116443,536.5723815754797,-0.004235018164435679,-0.4079783018497484,20.296450623572312,-0.8666420643803576,-0.6072764712887465,-0.2593655930916111,16.910040771189422,12.64549119055424,-134.7520851595046,-0.6138370429362298,-83.08995920793392,1.0153459821428572,0.0019003294129484136,0.03468338045800587,0.024121671048067065,0.022312073583053378,-0.4646500644886006,288589.15,0.7651673668258118,2620636.0,3054807.3114330545,31.450761616887107,-0.00014976060578679093,534.219970703125,1,0.0009130501671241099
2026-08-17 19:30:00+00:00,534.3150024414062,534.4299926757812,533.9299926757812,534.219970703125,455631,0.0,0.0,0.0,-0.00014976060578675288,1.8623256883065764e-05,-0.0015140432300866369,-0.004685766192025209,-0.010043814020803343,-0.00014977182102602368,-0.81005859375,-2.5150146484375,-6.103515625e-05,2.8101532435912753e-05,534.6557268415179,-0.0008150219225487525,535.8200073242188,-0.0029861457191213085,536.349865141369,-0.0039710915890296275,537.5741455078125,-0.006239464514263103,535.038905302347,-0.0015306075709721639,536.0055499470525,-0.003331270066327742,536.3519440450501,-0.003974952203663628,535.2163417271205,536.0251804156194,-0.0033677703556599897,-0.4103062690211834,17.61115667761767,-0.9083422951412103,-0.6674896360592393,-0.24085265908197107,15.239551474902079,16.770727145666353,-121.68408092829745,-0.4769288077089299,-84.76044850422126,1.0160609654017858,0.0019019524187060502,0.02923739174936431,0.022752723928781367,0.020579418097357787,1.0633686412853964,274335.95,1.660850501000683,2165005.0,2970064.234153716,23.950313319380697,-0.0015839756142704046,533.373779296875,0,0.0010033963536248
2026-08-18 13:30:00+00:00,533.3800048828125,534.0499877929688,532.02001953125,533.373779296875,1079502,0.0,0.0,0.0,-0.001583975614270372,-0.0018455836546942272,-0.003710265478250707,-0.007104047222002197,-0.004782712083374663,-0.0015852314299397978,-1.986328125,-3.81622314453125,-1.17626953125,-0.001572322014104768,534.407697405134,-0.0019346991319123868,535.5181361607143,-0.004004265624333192,536.0514729817709,-0.004995217474165834,537.4773205566406,-0.007634817512873169,534.7058801012527,-0.0024912776424357262,535.7662980697636,-0.00446560147867418,536.2351532706118,-0.005336043256916962,534.8901779901414,535.4768842118898,-0.0039275363269998115,-0.39634134307064545,16.007187144846583,-0.9981643853227524,-0.7336245859119419,-0.2645397994108105,23.960505132468008,18.703365792853173,-152.6707643181653,-0.6151224803048013,-76.03949484983275,1.0346287318638392,0.0019397817665986665,0.017763128704013496,0.018460432548434505,0.020132855025455948,1.3692461663056288,312918.65,3.4497847923094276,1085503.0,2790582.2118533617,22.27079259826131,-0.0010007099376161202,532.8400268554688,1,0.0007071351372279225
2026-08-18 14:30:00+00:00,533.3699951171875,534.260009765625,532.530029296875,532.8400268554688,527089,0.0,0.0,0.0,-0.00100070993761614,-0.002732474210846658,-0.0025645253006084667,-0.007913012321012047,-0.0070810742569359375,-0.0010012109821004485,-1.3699951171875,-4.25,0.6163330078125,-7.094798871593268e-06,534.0948399135044,-0.0023494199236909507,535.2367074148996,-0.00447779557385347,535.9039975120908,-0.005717387201514901,537.3303210449219,-0.008356673750911217,534.332709452096,-0.0027935452391732113,535.5002734139186,-0.004967778151606423,536.1020110582533,-0.006084633400907026,534.5330967494419,535.264349680919,-0.004529206600235861,-0.3707337041848605,16.77971156713363,-1.0997412674252018,-0.8068479222145939,-0.29289334521060795,14.66927259362412,17.956443066998073,-127.00119120264247,-0.7256762838992669,-85.33072738848668,1.0874851771763392,0.0020409224577065703,0.016964022326113777,0.019497967844435585,0.021538165283595104,-0.5117294826688603,328416.7,1.604939700082238,558414.0,2577994.7631054227,31.1706477277025,0.0008257683717998899,533.280029296875,1,0.0006523857160142264
2026-08-18 15:30:00+00:00,532.8400268554688,533.6339721679688,532.7100219726562,533.280029296875,267002,0.0,0.0,0.0,0.0008257683717998177,-0.0017594651226027214,-0.0020210271807253877,-0.006594348159616459,-0.0068348688457450235,0.0008254276126770525,-1.0799560546875,-3.53997802734375,0.2900390625,0.0,533.7976858956473,-0.0009697617888746949,534.9942103794643,-0.003204111463879739,535.7439982096354,-0.004599153552797495,537.2092211914063,-0.007314081254617974,534.1221734210518,-0.001576688192480925,535.298433039642,-0.0037706139569695296,535.9913451068268,-0.005058506699219795,534.2722063337054,535.1518316420146,-0.0034977033328893255,-0.2812216401963418,22.905686427718152,-1.1316917208414452,-0.8718166819399642,-0.259875038901481,22.540562964106908,20.390113563399684,-111.77796362558789,-0.727856647881389,-77.4594370180039,1.1034807477678572,0.002069233211715649,0.017166533365481313,0.019710737799351914,0.021767349443089647,-0.49344038672785806,335387.9,0.7960990840754816,825416.0,2411082.4999525254,30.59607622278682,-0.0002813238933029348,533.1300048828125,1,0.0023678147797114983
2026-08-18 16:30:00+00:00,533.260009765625,533.510009765625,533.030029296875,533.1300048828125,470566,0.0,0.0,0.0,-0.0002813238933029316,-0.00045704236601928905,-0.0021897490864432045,-0.0037001373978270413,-0.00740999157955502,-0.00028136347229258755,-1.16998291015625,-1.97998046875,-0.09002685546875,-3.754037306883221e-05,533.6433977399554,-0.0009620522980631048,534.7367117745536,-0.0030046691322279037,535.5620930989584,-0.004541188122685042,537.1034216308594,-0.0073978615440107596,533.923739713404,-0.001486607115495614,535.1013032072029,-0.0036839721984818605,535.8791356862772,-0.00513013218911553,534.0236456008184,535.0013360525503,-0.0034978065354784307,-0.27979378745030276,21.637117948531184,-1.1557951151430643,-0.9286123685805843,-0.22718274656248005,19.85674666078513,19.022194072838726,-100.07792183186122,-0.737310650848209,-80.14325332132567,1.0834786551339286,0.0020322972731014383,0.0170023574280816,0.019534504708714855,0.021549882100522163,0.7624062741103064,354684.3,1.3267178727674123,354850.0,2215250.83329038,37.20257790731015,0.0004877042433245768,533.3900146484375,1,0.0024818457604742915
2026-08-18 17:30:00+00:00,533.1199951171875,533.47998046875,532.77001953125,533.3900146484375,246328,0.0,0.0,0.0,0.00048770424332467144,0.0010321818280327744,-0.0015535848530617846,-0.0030652758885193476,-0.008034083702532224,0.0004875853542637554,-0.8299560546875,-1.6400146484375,0.34002685546875,-1.8775468522319383e-05,533.5048304966518,-0.00021521051291557104,534.4652840750558,-0.002011860187471608,535.3849516369048,-0.003726173069235882,536.9898217773438,-0.006703678511046669,533.8169947004106,-0.0007998622303360284,534.9457315200424,-0.0029081769980319797,535.781523096558,-0.004463588879090586,533.844085984003,534.8998958632795,-0.002822736041857713,-0.2418640341931158,19.156419943186435,-1.1407665668092477,-0.971043208226317,-0.16972335858293075,24.50811258924354,22.301807404711866,-93.04758793325739,-0.6389465051557358,-75.49188739286727,1.0699026925223214,0.0020058543713561993,0.01640792839167321,0.019425129212885018,0.021534171715399106,-0.47652826596056663,361301.9,0.6817788669254142,601178.0,2061529.6110722485,32.01777015747396,1.876631611035601e-05,533.4000244140625,1,0.002614925764646773
2026-08-18 18:30:00+00:00,533.405029296875,533.6300048828125,533.10498046875,533.4000244140625,243530,0.0,0.0,0.0,1.8766316110419012e-05,0.00022501333369961962,4.9205863141832396e-05,-0.003661242181924318,-0.008328958927792951,1.876614002531181e-05,0.0262451171875,-1.9600830078125,0.856201171875,2.814947416548124e-05,533.3762642996652,4.454662868895787e-05,534.2017124720982,-0.0015007216175407481,535.1797136579241,-0.0033254049031384903,536.8864221191407,-0.006493734170647363,533.733600643141,-0.0006249863764918258,534.8052126922261,-0.0026274767799797146,535.6881309913621,-0.004271340813657484,533.7020513625372,534.7394972116045,-0.002504907164187816,-0.156789657625145,19.605240621228404,-1.1151933745115912,-0.9998732414833719,-0.11532013302821931,26.692639154272683,23.68583280143379,-79.27004302115242,-0.319553173049719,-73.3073608263849,1.06597900390625,0.0019984607332465434,0.016268497016470408,0.019441363082479905,0.02155918279772423,-0.011358838621675194,360060.6,0.6763583685635122,844708.0,1945641.8385891775,32.31225090260902,-0.000843667391139673,532.9500122070312,1,0.002639700159805096
2026-08-18 19:30:00+00:00,533.4099731445312,533.5599975585938,532.7144165039062,532.9500122070312,598809,0.0,0.0,0.0,-0.0008436673911397241,-0.0003376149797098549,0.0002064134562329567,-0.0023586411969064303,-0.008649485844634208,-0.0008440234787669271,0.1099853515625,-1.260009765625,0.083740234375,1.8651537332905043e-05,533.194841657366,-0.00045917445407634826,533.9252842494419,-0.0018266077130619767,534.9449521019345,-0.0037292433306659197,536.7466223144531,-0.007073374940011389,533.5768829559191,-0.001174846154154874,534.6365581026629,-0.0031545652276637384,535.5807537841333,-0.004911941959283855,533.5351579938616,534.3175930131977,-0.002559490505359566,-0.1577818385488463,19.040643694776804,-1.1183470509132576,-1.023568003369349,-0.09477904754390853,23.514614642654657,24.905122128723633,-87.03006965365805,-0.3887664198163561,-76.4853853320606,1.0770917619977678,0.002020999600948197,0.016335902049704375,0.01817016739599452,0.019888070865053224,1.45887159692851,352869.8,1.6969686836334488,245899.0,1783761.568247351,30.228164146078655,0.0050286004585739135,535.6300048828125,2,0.0025644171054726903
2026-08-19 13:30:00+00:00,535.3300170898438,536.1500244140625,533.5800170898438,535.6300048828125,1209239,0.0,0.0,0.0,0.005028600458574006,0.00419953537347606,0.004406644646033131,0.002376711516702379,-0.002142450075068747,0.00501599927384843,2.3499755859375,1.27001953125,2.239990234375,0.004465718788432059,533.5171595982143,0.00396021992279567,533.9624285016741,0.0031230219433501004,534.8511439732143,0.0014562199564739366,536.6672229003906,-0.0019327023774072872,533.9875073412978,0.0030759100520713015,534.7268714463129,0.0016889621313684103,535.5826851997679,8.835177901036116e-05,533.7624540783111,534.3762145960851,0.0023462688878709563,0.03172800596732422,53.60119691366572,-0.8942845947449314,-0.9977113216444655,0.10342672689953414,87.4087429221159,45.871998906347756,22.079933779171064,0.050414189850031356,-12.591257053671043,1.1395917619977678,0.002127572674434034,0.024865950290638532,0.020485160317295116,0.02303337078880158,1.0194068559423788,404226.1,2.991491642919636,1455138.0,1752464.0855571271,45.16263266012752,-0.0010361493395103468,535.0750122070312,1,0.0005278013293267501
2026-08-19 14:30:00+00:00,535.5800170898438,536.6799926757812,535.0399780273438,535.0750122070312,672897,0.0,0.0,0.0,-0.0010361493395103505,0.0031402094418888638,0.0036482796061090284,0.0014505417027312895,-0.0029812747423114683,-0.0010366865133308244,1.94500732421875,0.7750244140625,-0.40496826171875,-9.332522919359834e-05,533.836443219866,0.0023201282019870593,533.9656415666852,0.002077606785876674,534.7699526832217,0.0005704500080423444,536.5839208984376,-0.002812064679234197,534.2050083144445,0.0016285955373765535,534.7585206063782,0.0005918402203177789,535.5627764549547,-0.000910750838867468,533.9107985723587,534.4265849981456,0.0012133139089379338,0.16605302699481342,50.29228160936695,-0.7528187289232164,-0.9487328031002157,0.19591407417699924,65.55816053813271,58.827172700967765,53.56975959181781,0.16191950708436084,-34.44183944040793,1.1931631905691964,0.0022298989176218675,0.025084135198424132,0.02131846469771004,0.023975077927981665,-0.44353680289835173,429329.6,1.5673203058908551,782241.0,1660061.886932639,52.42615303466954,-0.0010746384972445064,534.5,1,0.0005502572075047458
2026-08-19 15:30:00+00:00,535.0900268554688,535.4199829101562,534.3699951171875,534.5,311391,0.0,0.0,0.0,-0.00107463849724454,0.002908317398380378,0.002081001370627611,0.0005241835053573229,-0.004164038888015753,-0.0010752163352094626,1.1099853515625,0.280029296875,-0.83502197265625,2.8060829033186978e-05,534.010724748884,0.0009162273872780709,533.9042053222656,0.0011159205561485253,534.6663818359375,-0.000311188138229052,536.4799206542968,-0.0036905773693793127,534.2640066515556,0.00044171672713456673,534.735018733071,-0.0004395050349000587,535.5210989469173,-0.0019067389668181599,533.9820463634672,534.4081882002014,0.00017180088521408192,0.2491635922730391,44.58374963312751,-0.679274437698723,-0.8948411300199172,0.2155666923211942,53.21877168172554,68.72855838065806,12.23756089796452,0.026202307859021383,-46.7812282968151,1.1885201590401786,0.002223611148808148,0.025273916579706054,0.02151443975906138,0.024094130254744953,-0.53723824002782,438860.15,0.7095449427340333,470850.0,1546803.6119866732,47.99868689744982,-0.00043050054080916747,534.2698974609375,1,0.0030816656013696376
2026-08-19 16:30:00+00:00,534.4000244140625,534.489990234375,533.7150268554688,534.2698974609375,109857,0.0,0.0,0.0,-0.00043050054080917555,-0.002539266675645968,0.0016308080372335887,0.001680094145692479,-0.005435888544458312,-0.00043059323277057495,0.869873046875,0.8961181640625,-0.2401123046875,-0.0001870450625581159,534.173566545759,0.00018033635734036803,533.9084821428571,0.0006769237241355708,534.5489966982886,-0.0005221209637928754,536.3869189453125,-0.003946817883876945,534.265184813432,8.820802177308122e-06,534.6927349810588,-0.0007908046854901103,535.472032221977,-0.0022450000909457223,534.0308053152902,534.3158592920191,-8.601996418830098e-05,0.2518762658838214,50.426458596845514,-0.6322690053802944,-0.8423267050919926,0.2100576997116982,48.28092049940359,55.68595090642062,-18.990720893647563,-0.005631729874351621,-51.71907947913705,1.1520908900669642,0.00215638368461334,0.024971596326880063,0.021439783912632557,0.02406063103256493,-0.6472056032447951,429260.95,0.25592125256210646,360993.0,1433869.2679879423,49.03950724562843,0.00018735410084997072,534.3699951171875,1,0.0031702636339106622
2026-08-19 17:30:00+00:00,534.27001953125,534.5999755859375,533.8599853515625,534.3699951171875,105452,0.0,0.0,0.0,0.00018735410084991244,-0.0013176042120445208,0.002664382920784414,0.0028713463415046547,-0.005064386978485436,0.00018733655226219216,1.41998291015625,1.52996826171875,0.55010986328125,2.2848061079221957e-07,534.3135637555804,0.00010561469038959128,533.909197126116,0.0008630643441823601,534.4147106352307,-8.367194456518938e-05,536.3049194335938,-0.0036078809764531227,534.2861468741831,0.00015693508711529865,534.6633949934342,-0.0005487562436357205,535.4288150806127,-0.0019775177084255676,534.0923403785342,534.2399590606258,0.0002434038382118122,0.20904931473686608,50.071803752318125,-0.5802510444569862,-0.7899115729649914,0.2096605285080052,50.42895125245611,50.64288114452842,-0.33426685515539817,0.02808289137239878,-49.571048726084534,1.1388767787388392,0.0021312513598128803,0.025023632892714382,0.021519509895322142,0.024158396648630353,-0.04009758140127617,423621.05,0.24893002838267778,466445.0,1341733.623417662,52.96812752095522,-0.00033683155384085057,534.1900024414062,1,0.0030741395832338146
2026-08-19 18:30:00+00:00,534.4500122070312,534.5399780273438,533.8599853515625,534.1900024414062,157710,0.0,0.0,0.0,-0.00033683155384089947,-0.0005799767232811393,-0.0026884275120496737,0.0017063701892812144,-0.004899230369452501,-0.0003368882943304134,-1.44000244140625,0.90997314453125,-2.8599853515625,0.00014974098578654757,534.4264177594866,-0.0004423720651218699,533.9013410295759,0.0005406643318654979,534.2766142345611,-0.00016211039534032298,536.2270190429688,-0.003798795154325297,534.2669179876278,-0.00014396464319960404,534.6203593068861,-0.0008049765744743226,535.3802341928007,-0.0022231522110388313,534.1297810872396,534.1712673815816,3.507313284823848e-05,0.1673008568557733,49.22438569554867,-0.5472420743434441,-0.7413776732406819,0.19413559889723786,46.56642522150985,48.42543232445652,4.81934079600793,0.1530302343706722,-53.4335747570308,1.1435285295758928,0.0021406775198852257,0.02500856584842295,0.02151616717647591,0.02415053811171486,0.4955619618404583,420514.05,0.3750409766332412,308735.0,1243352.8021397893,50.06365909845495,0.00029946862314930164,534.3499755859375,1,0.0030202532029169546
2026-08-19 19:30:00+00:00,534.2449951171875,534.8099975585938,533.7650146484375,534.3499755859375,291667,0.0,0.0,0.0,0.00029946862314922384,0.00014988328067988554,-0.0013550186507554907,0.0022883174684440455,-0.001420287018426114,0.00029942379137134893,-0.72503662109375,1.219970703125,0.7149658203125,0.00010294590975086443,534.6264125279018,-0.0005170656284202761,533.910627092634,0.0008228877100558348,534.1589936755952,0.0003575375732753185,536.15171875,-0.0033605099098810375,534.2835295072898,0.00012436482687167626,534.5957789686181,-0.00045979297321495545,535.3398318944924,-0.0018490242077636029,534.1895990280877,534.1191763603033,0.00043211185040485607,0.11187929094287827,50.90656805069337,-0.5023825782594713,-0.6935786542444399,0.19119607598496857,49.99934510184561,48.998240525270525,21.614360956728095,0.28337749687777963,-50.00065487669504,1.1824558803013392,0.002212886561850243,0.022507086942344063,0.021108844232881972,0.023778727386496383,0.8493881174307272,412136.3,0.7076954881188561,600402.0,1182119.3924121906,56.007311959823376,-0.006924209489890677,530.6500244140625,0,0.0027695084260105887
2026-08-20 13:30:00+00:00,530.3499755859375,531.6400146484375,529.52001953125,530.6500244140625,1130301,0.0,0.0,0.0,-0.006924209489890698,-0.006961413883856293,-0.007202947775374224,-0.005136935748939697,-0.00818646551216684,-0.006948293065958091,-3.8499755859375,-2.739990234375,-3.12493896484375,-0.007485730668568561,533.9149867466518,-0.006115135206220532,533.7160731724331,-0.005744718798030765,533.9466145833334,-0.006174007062180177,535.9843188476563,-0.009952333017973942,533.5568284886444,-0.0054479746474434985,534.237074009113,-0.006714340448380466,535.155917875652,-0.00841977694924427,533.7548520042783,533.6557394886096,-0.005632310967781891,-0.16495233912668086,36.41373174318989,-0.7566638918673334,-0.7061957017690186,-0.050468190098314825,15.782250294021974,37.44934020579249,-271.781371801734,-0.49317520595609143,-84.2177496920115,1.3703133719308036,0.0025823298009668523,0.03315318731040512,0.022484451295426346,0.02544106629570403,2.875313285356245,453627.55,2.491693901748246,-529899.0,1019070.0217062676,55.6066248962044,0.0003956674415154063,530.8599853515625,1,0.0011291297989433357
2026-08-20 14:30:00+00:00,530.6649780273438,531.780029296875,530.469970703125,530.8599853515625,222334,0.0,0.0,0.0,0.00039566744151531275,-0.006233769023427205,-0.006382377381881854,-0.004761977776979287,-0.00840578520499713,0.00039558918579465517,-3.409912109375,-2.5400390625,0.4400634765625,2.8179803247410425e-05,533.3128400530134,-0.0045992792920613685,533.5746416364398,-0.005087678598342862,533.748041062128,-0.005410897068236551,535.8031188964844,-0.009225652801524088,533.0174598612281,-0.004047661985074992,533.9300659493357,-0.005749967633511702,534.9874499335309,-0.007715068049677632,533.3740402948289,533.5400462471102,-0.005023167266251353,-0.39141537440015667,39.79374172338414,-0.9305151722794562,-0.7510595958711062,-0.17945557640835008,18.714676620663194,28.165424005510264,-194.7820342102343,-0.42579099102567225,-81.28532336537027,1.3403189522879464,0.002524806896865271,0.033071589007558466,0.022659758358354376,0.02567585408226613,-0.8032966439912907,449511.0,0.4946130350536461,-307565.0,892723.8291628136,53.36009855200237,-0.0022275084764665234,529.677490234375,0,0.0008484556048658982
2026-08-20 15:30:00+00:00,530.9099731445312,530.97998046875,529.52001953125,529.677490234375,172974,0.0,0.0,0.0,-0.0022275084764665776,-0.008744241723673607,-0.008781377932313372,-0.006140391964912784,-0.008484550180365646,-0.002229993063784855,-4.6925048828125,-3.27252197265625,-1.2825927734375,9.416379902047312e-05,532.6239100864956,-0.005531895576442613,533.3173174176898,-0.006824880918796899,533.4774402436756,-0.007122981634533138,535.61546875,-0.011086271517646315,532.3494659358576,-0.005019213641513218,533.5434681570665,-0.007245853718419408,534.7792162198385,-0.009539873335983872,532.8544201078869,533.4428827052946,-0.007058660998187351,-0.6886697376585282,32.75080069487616,-1.1504493737196526,-0.8309375514408155,-0.3195118222788371,2.1993197449809165,12.232082219888701,-217.20767615697446,-0.6960243559307162,-97.80068024105255,1.3786054338727678,0.002602726110298082,0.03312767774220474,0.022831204256610147,0.02581993345915838,-0.22200832981010554,445278.7,0.3884623270774003,-480539.0,761936.8930520695,54.213211016373016,-0.0008825526293592384,529.2100219726562,1,0.0033029509298194695
2026-08-20 16:30:00+00:00,529.6699829101562,530.4400024414062,529.14501953125,529.2100219726562,134549,0.0,0.0,0.0,-0.0008825526293592123,-0.002713657542928183,-0.00932248908813349,-0.011985853764037824,-0.009637629164013894,-0.0008829423082226139,-4.97998046875,-6.41998291015625,-0.2874755859375,-1.4173387310481966e-05,531.9010707310268,-0.0050593031419678075,533.0373186383929,-0.007180166438451299,533.2393450055804,-0.007556312321391844,535.4284692382812,-0.011613964559000583,531.7215771432174,-0.004723440384063834,533.1495185039383,-0.007389102671102945,534.5608164454393,-0.010009701998648386,532.3067807152157,533.3520694374402,-0.007766066173034655,-0.7716631647581064,31.78458584691043,-1.346942875797481,-0.9341386163121487,-0.4128042594853324,0.8626764840535743,7.258890949899233,-202.5150667484627,-0.7855272308997536,-99.13732350267497,1.4368198939732142,0.0027150277476127205,0.03305679146279176,0.02312526438211744,0.026117295127600994,-0.22214321227467715,431382.35,0.3119019589002649,-615088.0,630791.6651423486,49.07940288082157,-0.002125810081612792,528.0850219726562,0,0.0032237433330283907
2026-08-20 17:30:00+00:00,529.1900024414062,529.2449951171875,527.9650268554688,528.0850219726562,226236,0.0,0.0,0.0,-0.0021258100816128334,-0.005227298073838704,-0.011724438850046703,-0.013063570667490643,-0.011631978218799244,-0.0021280728232056976,-6.26495361328125,-6.989990234375,-1.28497314453125,-3.782908565362838e-05,531.0032174246652,-0.005495626685948398,532.6583905901227,-0.008585931805920011,532.9405372256324,-0.009110801137860048,535.2268701171874,-0.01334359043475181,530.9942661091052,-0.005478861679168645,532.6891097283673,-0.008643104714586953,534.3068637210165,-0.011644697402946488,531.6464744931176,533.1983271033872,-0.00958987466914896,-0.877484562314724,27.182946965399864,-1.5752845896669214,-1.0623678109831034,-0.512916778683818,1.3768856889151675,1.4796273059832241,-200.76071415727972,-0.9128417530603234,-98.62311429961032,1.4775347028459822,0.0027979106419717577,0.03352739605275934,0.023567043949034857,0.02625806433156591,0.6814394755813866,431653.2,0.524115192473957,-841324.0,490590.1732240297,49.27375959050924,-0.00038822742799617897,527.8800048828125,1,0.002858126811867047
2026-08-20 18:30:00+00:00,528.0499877929688,528.2100219726562,527.5700073242188,527.8800048828125,279994,0.0,0.0,0.0,-0.0003882274279961573,-0.0033935467991421664,-0.005220049757481138,-0.012385397787067376,-0.011867706502937447,-0.0003883028077743778,-2.77001953125,-6.6199951171875,3.49493408203125,-6.634193023798296e-05,530.101789202009,-0.0041912409360791375,532.2641034807477,-0.008236697852169874,532.6348237537202,-0.008926977093591784,535.0334704589844,-0.013370127237127567,530.3714138638467,-0.004697479758343555,532.2519183787714,-0.008213992932646328,534.0548300410869,-0.011562155814203199,531.0093563988095,532.9688744729882,-0.00954815531244324,-0.9441834522477167,26.64979858456664,-1.752587471350921,-1.200411743056667,-0.5521757282942541,3.402832678611853,1.880798283860203,-174.20251500760043,-1.4468942981790407,-96.59716731041118,1.485748291015625,0.002814556863813475,0.03349722501966778,0.02362422605642522,0.026322543870653595,0.23761912339327074,422871.35,0.6621257268906947,-1121318.0,337075.1091074555,44.64428761257217,-0.0007198698175674597,527.5,1,0.0028452667892240827
2026-08-20 19:30:00+00:00,527.885009765625,528.0599975585938,527.2000122070312,527.5,415396,0.0,0.0,0.0,-0.0007198698175674423,-0.0032312728437795535,-0.006329324952486948,-0.012671306193949405,-0.0110125010356118,-0.0007201290482602649,-3.3599853515625,-6.7698974609375,-0.5899658203125,9.481099428271744e-06,529.1232212611607,-0.0030677566130790177,531.8748168945312,-0.008225275488819645,532.3148251488095,-0.009045070550974192,534.8336706542968,-0.013712058639298775,529.7971310910773,-0.004335869253089736,531.8199257988831,-0.008122910762295576,533.797777882613,-0.01179805938417775,530.3741426013764,532.6571927361024,-0.009682010881335768,-0.9617993902716758,26.808579128945865,-1.9018412585202213,-1.340697646149378,-0.5611436123708433,3.164434715092415,2.6480510275398164,-149.5165534243841,-1.415691638406424,-96.83556527435904,1.4867771693638392,0.0028185349182199442,0.03329857519326801,0.022455880854752787,0.024812323074875627,0.4835889340485868,389666.05,1.0660307717338962,-1536714.0,158619.003478174,46.186477476472156,0.006208577088270142,530.7750244140625,2,0.0026398106953266056
2026-08-21 13:30:00+00:00,530.030029296875,531.3400268554688,529.4299926757812,530.7750244140625,693096,0.437,0.0,0.0,0.006208577088270051,0.005093881343874784,0.002072080086321648,-0.006727493564335774,-0.0038754641868644635,0.006189383276744491,1.0975341796875,-3.594970703125,4.45751953125,0.004796264069896121,529.1410784040179,0.0030879213062984822,531.5280325753348,-0.0014166856969376545,532.1910749162946,-0.0026607934047976514,534.7033715820312,-0.007346778376090123,529.9927097556744,0.0014760856970038603,531.7249347638995,-0.001786469446382,533.6792385309052,-0.005441872021913161,530.2275036039806,532.4340425815523,-0.0031159130235977285,-0.6823372888219641,30.336395333980477,-1.7358490728897777,-1.419727931497458,-0.3161211413923197,37.71117692107996,14.759481438261416,-51.472538604018844,-0.696908435160062,-62.28882306837149,1.5324925013950892,0.0028872731965562315,0.040960315918747534,0.022702392268069825,0.02502581342479812,0.6685187146722646,397966.4,1.7415942652444987,-843618.0,63167.860289776494,40.44135229529714,0.0004991825181935412,531.0399780273438,1,0.0007806544297297436
2026-08-21 14:30:00+00:00,530.760009765625,531.5499877929688,530.00390625,531.0399780273438,270107,0.0,0.0,0.0,0.000499182518193475,0.005986158057327273,0.0034579013599671526,-0.005896823975862442,-0.004200515951224948,0.0004990579680473533,1.8299560546875,-3.1500244140625,0.732421875,-2.8288159289421738e-05,529.1667916434152,0.003539878944609363,531.2398158482143,-0.00037617252116378615,532.1053583054315,-0.002002197988531155,534.5670715332031,-0.006598037353360857,530.2021634100083,0.0015801795525416564,531.662665969667,-0.0011712087046519284,533.5757381190009,-0.004752390167873153,530.1624296642485,532.3548505553123,-0.0024699174368271216,-0.35173306958594314,33.26413848600073,-1.5648805586112076,-1.448758456920208,-0.11612210169099946,46.715079147246875,29.19689692780642,-36.82266040451239,-0.6045482721256734,-53.28492084058764,1.5257829938616072,0.0028731979831849307,0.0408690990428598,0.023244576535971815,0.0257446886879522,-0.6102891951475697,398121.65,0.6784534325123974,-573511.0,2531.778357416828,35.05591683373795,0.00025423653813507846,531.1749877929688,1,0.0010183837626325822
2026-08-21 15:30:00+00:00,531.1099853515625,531.9199829101562,530.5900268554688,531.1749877929688,369473,0.0,0.0,0.0,0.0002542365381350553,0.006966801503258235,0.005851265784380555,-0.005941775873550381,-0.003667055074631387,0.000254204225502979,3.0899658203125,-3.17498779296875,1.260009765625,0.00013183060996400808,529.3807198660714,0.003389371504402067,531.0023149762835,0.0003251827945281602,532.0051182338169,-0.0015603805534851298,534.4443713378906,-0.006117350505032762,530.3967282866004,0.0014673158126012895,531.6183315899672,-0.0008339512967350667,533.4815910473918,-0.004323679191797709,530.1537859235491,532.2499189077544,-0.002019598456660156,0.04132799347142152,35.686622728279644,-1.4023274614643242,-1.4394722578290313,0.03714479636470713,52.23368248138627,45.55331284990438,-23.084631876908464,-0.5979017073202445,-47.7663175054731,1.5457807268415178,0.002910115804325283,0.040900435357196105,0.023772035038786228,0.026408040442955215,0.3678764341538723,393067.0,0.9399746099265496,-204038.0,-17141.533867099057,42.704642972328024,-0.0002917461576318623,531.02001953125,1,0.0014094607384466417
2026-08-21 16:30:00+00:00,531.219970703125,531.3499755859375,530.8800048828125,531.02001953125,138769,0.0,0.0,0.0,-0.00029174615763183365,0.0004615799649916319,0.005948349282777876,0.0006972488460657011,-0.004443268625397123,-0.00029178872382129627,3.1400146484375,0.3699951171875,0.050048828125,8.468567080515075e-05,529.6392909458706,0.0026069225017483076,530.7701808384487,0.00047070973807562794,531.9046427408854,-0.0016631236852441902,534.3131713867188,-0.006163336469725746,530.5213865355303,0.0009398923556598162,531.5639395846292,-0.001023244830722015,533.3850588310726,-0.004434018652493157,530.156146530878,532.1984339528693,-0.002214238799735865,0.19368736187677527,35.91897176580659,-1.2713522471249235,-1.40584825568821,0.13449600856328647,50.19730192952926,49.71535451938747,-24.53195340807149,-0.5934186142875301,-49.802698057330105,1.5232805524553572,0.00286859345490805,0.04082504716166185,0.02367717744003106,0.026300249854253277,-0.6244136919341874,387689.05,0.3579389203796178,-342807.0,-48157.292546422956,42.44233022942686,0.0014123761297399886,531.77001953125,1,0.0013009623433352332
2026-08-21 17:30:00+00:00,531.1099853515625,531.7999877929688,530.97998046875,531.77001953125,192321,0.0,0.0,0.0,0.0014123761297399895,0.0013747392552594384,0.008094823755924185,0.0017142640334528725,-0.0030558770307576033,0.0014113796647193184,4.27001953125,0.9100341796875,1.1300048828125,0.00016942076946881694,530.1657191685268,0.003026035642659444,530.584468296596,0.002234425064227529,531.8275001162574,-0.00010808125754069475,534.1983715820312,-0.004545787070793715,530.7711131346742,0.0018819908843087786,531.5826741252312,0.0003524294811277982,533.3217239565697,-0.0029095091304459295,530.2894583565849,532.1441065622689,-0.0007029806896385121,0.4020708385455402,39.335462957657235,-1.0944189339287504,-1.343562391336318,0.2491434574075675,60.05277424982031,54.161252886911946,-8.791180153325554,-0.4828214040533341,-39.94722573703907,1.5289960588727678,0.002875295715651077,0.041230611844852855,0.023812327996073288,0.026326665553198503,0.3859075153672651,385128.6,0.4993682629646293,-150486.0,-57902.883732477916,43.502629494595865,0.0015420337629067137,532.5900268554688,2,0.0013237409404947278
2026-08-21 18:30:00+00:00,531.760009765625,532.8150024414062,531.6199951171875,532.5900268554688,568296,0.0,0.0,0.0,0.001542033762906625,0.002663979093555424,0.0034195324910208935,0.0054986981225215725,-0.0006754580041601344,0.0015408460496828084,1.81500244140625,2.91253662109375,-2.45501708984375,-1.8823486201431e-05,530.8385794503348,0.0032993973553018872,530.4701843261719,0.003996157733135562,531.7889288039435,0.001506421078237836,534.1009716796875,-0.0028289497760398893,531.1348958788332,0.002739663667221752,531.6742516461618,0.0017224366357216393,533.293029952605,-0.001318230424270563,530.5568661644345,532.0860992387671,0.0009470790863012914,0.5603031453182375,43.76462859870148,-0.8779102674251362,-1.2504319665540815,0.3725216991289453,70.82818689818538,60.35942102584499,18.781325167001743,0.365589814783241,-29.171813088673975,1.5657828194754464,0.0029399401800992036,0.04156642049794969,0.02405215802096852,0.02647242502216363,1.9549347185174786,383602.95,1.4814693161249113,417810.0,-12596.894805575255,51.165118302774644,-0.0007510925738214327,532.1900024414062,1,0.0017705755279522647
2026-08-21 19:30:00+00:00,532.6099853515625,532.9099731445312,532.1300048828125,532.1900024414062,656115,0.0,0.0,0.0,-0.0007510925738214436,0.0022032745793445496,0.002165607979901063,0.005630997798647064,-0.006422348281550971,-0.0007513747851687482,1.1500244140625,2.97998046875,-0.66497802734375,3.747440824521626e-05,531.5085797991071,0.0012820538899963065,530.315900530134,0.0035339349798776776,531.7527378627232,0.0008223080908614823,533.9921716308594,-0.003374898144940551,531.3459171913478,0.0015885795350016963,531.721138082093,0.000881786195304399,533.2497739717737,-0.001987382990286236,530.7861752464657,531.6006027503483,0.0011087265289155305,0.6204381871354435,41.73683198338715,-0.7301870743640393,-1.1463829881160732,0.4161959137520339,87.39096971276066,72.75731028692212,27.509074715255643,0.2505400908980623,-12.609030269726073,1.5468532017299108,0.002906580722356414,0.037054466781914125,0.021984843389018384,0.023819116289974143,0.154530385573715,355946.75,1.843295380559025,-238305.0,-34092.9048240919,54.420590677626336,0.002668187872079745,533.6099853515625,2,0.0018751597858478516
2026-08-24 13:30:00+00:00,531.8300170898438,534.2216796875,531.8300170898438,533.6099853515625,1980035,0.0,0.0,0.0,0.002668187872079786,0.0034600781404232617,0.004584172098748729,0.010462261092480496,-0.002737984062133547,0.0026646345779868562,2.43499755859375,5.52496337890625,1.28497314453125,-0.0006764226120565985,531.91357421875,0.0031892608405433547,530.527326311384,0.005810556567567701,531.6565464564732,0.0036742496788678,533.9225708007813,-0.0005854508992743445,531.7987308233908,0.003405902314516501,531.8928514702266,0.003228345477075528,533.2638999082361,0.0006489946973445847,531.2253865559895,531.662021204123,0.00366391442259509,0.6431650488488082,63.71632850281704,-0.4928533197382876,-1.015677054440516,0.5228237347022284,91.2884747312251,83.1692104473904,64.81300497514155,0.7424319873287424,-8.711525254533264,1.3726893833705358,0.002572458201777434,0.03841241505971527,0.023070743621550732,0.02419024419535882,2.0178169985444625,421303.65,4.699781262279582,1741730.0,135033.0861115359,78.46763253689363,0.00031866709765648144,533.780029296875,1,0.0014789231867851876
2026-08-24 14:30:00+00:00,533.5800170898438,533.9600219726562,532.719970703125,533.780029296875,307875,0.0,0.0,0.0,0.0003186670976564887,0.002234368616386373,0.005197562547757384,0.011176828747988532,-0.0013469985091206782,0.00031861633408109214,2.760009765625,5.9000244140625,0.32501220703125,-5.616135856031557e-05,532.3050101143973,0.0027710037562072324,530.7359008789062,0.005735674584895979,531.5948806036087,0.004110552552314023,533.80537109375,-4.7473851420757585e-05,532.1949905180876,0.0029783045820130816,532.064413090831,0.003224452084804142,533.284140276418,0.0009298776824658468,531.6590802873884,531.6140603024862,0.00407432601228093,0.5866008719301594,63.58159966283559,-0.28772674916911,-0.8700869933862349,0.5823602442171248,93.71017792012249,90.7965407880361,80.47393112556034,0.8635526793644589,-6.289822065635871,1.3676888602120536,0.002562270570540243,0.03827818724656942,0.023223161281521004,0.02449878657188469,-0.844510324312449,421127.85,0.731072523462885,2049605.0,317373.2683866277,78.75969308667203,0.00022480256023359342,533.9000244140625,1,0.0014731134518216622
2026-08-24 15:30:00+00:00,533.739990234375,534.47998046875,533.5,533.9000244140625,487928,0.0,0.0,0.0,0.00022480256023360567,0.0032131794374408162,0.004005500130846107,0.012132747704383995,-0.0006922962507017738,0.0002247772959243119,2.1300048828125,6.4000244140625,-0.6300048828125,-7.501041684280824e-05,532.6943010602679,0.00226344331334593,531.0375104631696,0.005390417615491647,531.5663103376116,0.004390259561341025,533.7646313476563,0.0002536568713144465,532.5359972972826,0.002561380120217235,532.2312868474884,0.003135361651614379,533.3082925955414,0.001109549254597413,532.0809634254092,531.7123654899794,0.004114365333713809,0.42969900826020485,71.79372469463358,-0.11416385120764971,-0.7189023649505178,0.6047385137428681,92.03353593370046,92.34406286168269,100.12328827727593,1.1011489058472737,-7.966464052563214,1.333404541015625,0.0024974798277570685,0.0382657874595588,0.02334637977240305,0.024657587829189212,0.5848250101502233,440031.4,1.1088481412917326,2537533.0,528817.0523498061,82.32904993211847,-0.002172755434803733,532.739990234375,0,0.0015752007445191977
2026-08-24 16:30:00+00:00,533.8900146484375,533.9450073242188,532.719970703125,532.739990234375,420992,0.0,0.0,0.0,-0.0021727554348037748,-0.0016303951220371093,0.00028157376470550055,0.0037020691063631705,-0.003050330104060306,-0.002175119292570739,0.14996337890625,1.9649658203125,-1.98004150390625,-1.874838952473665e-05,532.9400111607143,-0.00037531602459970015,531.2896510532925,0.0027298464749021256,531.4934576125372,0.002345339540838099,533.686630859375,-0.0017737761642518078,532.5767958847011,0.0003064240705464053,532.2775326099327,0.000868828000636944,533.2860062284368,-0.0010238708454444057,532.3079607282366,531.7484008231163,0.001864771778762122,0.3588908288180301,67.00359261132957,-0.0694188503159694,-0.5890056620236082,0.5195868117076388,76.09893103125714,87.28088162836004,72.42652900672358,0.92066100375069,-23.901068955006536,1.3284083775111608,0.0024935398165327216,0.0389965353264075,0.02367088430269854,0.02463098659000798,-0.1371841747143021,455808.4,0.9236161509967764,2116541.0,680028.8568879198,78.94482627780417,0.0019709197961782737,533.7899780273438,2,0.0009832013722497655
2026-08-24 17:30:00+00:00,532.739990234375,533.8099975585938,532.5399780273438,533.7899780273438,283302,0.0,0.0,0.0,0.001970919796178361,1.8638259063008533e-05,0.003006399178108632,0.005178517840060515,-0.0007488429439604927,0.0019689800820194025,1.5999755859375,2.75,1.45001220703125,0.0,533.2285766601562,0.0010528343598963682,531.6971479143415,0.003936131914959024,531.465837751116,0.004373075579152672,533.6234301757812,0.0003121074565773212,532.8194323132298,0.0018215283738781088,532.4150276478791,0.0025824785328399553,533.3057698283939,0.000907937296655887,532.6413376581102,531.7566369945995,0.003823818813494353,0.3448802806294926,77.68037990370642,0.05018858230391743,-0.46116681315810304,0.5113553954620205,90.52190315252055,86.21812337249271,86.57699991894732,1.1924128961766496,-9.478096833743122,1.32769775390625,0.0024873036373038657,0.03970376229255747,0.024056853780488423,0.024789224121977673,-0.3270608467619337,462088.0,0.6130910129672257,2399843.0,843820.6800414514,82.30265457068977,-7.489467578895253e-05,533.75,1,0.0005903004098177437
2026-08-24 18:30:00+00:00,533.8200073242188,534.0250244140625,533.530029296875,533.75,280524,0.0,0.0,0.0,-7.489467578891684e-05,-0.0002809972039748976,0.0002623913575103831,0.004847766303399226,-0.0011228139110133206,-7.489748053518885e-05,0.1400146484375,2.57501220703125,-1.4599609375,5.6256764103962765e-05,533.394287109375,0.0006668854526958826,532.116433279855,0.003069942249430271,531.4448852539062,0.004337448360215391,533.55623046875,0.00036316609231503805,533.0055458505838,0.0013967099502254273,532.5363887707992,0.002278926388485358,533.3231906194372,0.0008002828080028423,532.9150512695312,531.7371463903306,0.0037854297434921414,0.30141050803901254,78.94470717548472,0.14013702924307836,-0.3409060446778668,0.48104307392094514,89.97275203123777,85.53119540500516,106.14124301116688,0.5604965284898351,-10.027247955025894,1.3173392159598214,0.0024680828402011304,0.03968423247967319,0.023775116417001137,0.024411637366911113,-0.009805790287396476,461530.85,0.6078120238332918,2119319.0,965296.7105136941,86.24256252063351,-0.00016866858167447307,533.6599731445312,1,0.000617451507737101
2026-08-24 19:30:00+00:00,533.7899780273438,534.030029296875,533.5800170898438,533.6599731445312,454266,0.0,0.0,0.0,-0.0001686685816745248,0.0017268891523452012,-0.00022491690538117837,0.004971476622692261,0.005672191825096595,-0.00016868280781943848,-0.12005615234375,2.63995361328125,-0.26007080078125,7.490028542140535e-05,533.6042829241071,0.00010436614211351056,532.5564313616071,0.0020721593392471114,531.4120279947916,0.004230135998648158,533.4752294921875,0.00034630221260554346,533.1364313093733,0.0009820034880587318,532.6385328047749,0.001917698921209782,533.336397777284,0.0006067003275890679,533.1208565848215,531.9941934688736,0.003131198979433905,0.2063251328137956,81.26878284180422,0.20183082650282813,-0.2323586704417278,0.43418949694455594,83.76219193642225,88.08561570672687,93.55424750811632,0.49337059837096864,-16.237808043775726,1.288055419921875,0.002413625688150715,0.030308193857505175,0.022269555560746786,0.022385132156667046,0.6193480771698678,427729.1,1.0620413715129482,1665053.0,1031940.1666552471,85.71121769341532,0.0011805361363346537,534.2899780273438,1,0.0006264065026652472
2026-08-25 13:30:00+00:00,536.3699951171875,536.52001953125,533.6300048828125,534.2899780273438,1134589,0.0,0.0,0.0,0.00118053613633462,0.0009366979909359863,0.0007303869553278997,0.004738812651219115,0.006461200260761357,0.0011798398514890952,0.38995361328125,2.51995849609375,0.510009765625,0.005078181068523226,533.7014247349331,0.0011027763186164854,532.8074994768415,0.0027823905480968522,531.5853591192337,0.00508783558784651,533.4034289550781,0.0016620610669877544,533.3671406529674,0.0017302104011223834,532.7886641886447,0.0028178411809539907,533.373793081208,0.0017177164645481111,533.3519961402529,532.3545522510799,0.0036355954280398355,0.16942249642832757,74.39240288136224,0.2981231560161177,-0.12626230515015874,0.42438546116627646,65.77650804535705,79.83715067100569,118.72461641891014,0.586433907084352,-34.22349193929639,1.2201974051339286,0.002283773709618783,0.030473945185723494,0.024512412339886363,0.023952588950909202,1.4976313437501374,473341.85,2.396975885398677,2799642.0,1200292.7222118902,86.5605235096647,-0.0001871185873757555,534.1900024414062,1,0.0005142006333938129
2026-08-25 14:30:00+00:00,534.27001953125,534.5050048828125,533.1849975585938,534.1900024414062,250983,0.0,0.0,0.0,-0.00018711858737574527,0.0008243605459601344,0.0027218009415688194,0.003004141094012036,0.008519358081527262,-0.0001871360962428064,1.45001220703125,1.5999755859375,1.06005859375,-3.7355175867983836e-05,533.759992327009,0.0008056244765026398,533.0325012207031,0.002171539667937974,531.7439313616071,0.004600092141213575,533.3352294921875,0.0016026935817290606,533.5317130106552,0.0012338337435186658,532.9160585752594,0.0023905150645118943,533.4058012914119,0.0014701773923236287,533.5363298688616,532.4383653466513,0.0032898401181351124,0.15326318193112803,72.37220820675157,0.3621931890241967,-0.028571206315287645,0.39076439533948437,60.70792633577984,70.0822087725197,78.63156571478561,0.5969610925306612,-39.29207364735674,1.2040492466517858,0.0022539718848100317,0.029034968358313228,0.024376049825690103,0.02430364551724595,-0.7787894999863387,477242.3,0.5259026704045293,2548659.0,1328708.5581917102,83.18976181054364,0.0004867364878351869,534.4500122070312,1,0.0004528204340596043
2026-08-25 15:30:00+00:00,534.2100219726562,535.0,533.8701171875,534.4500122070312,126307,0.0,0.0,0.0,0.0004867364878351488,0.0014804165615884823,0.0012365053801248749,0.004246621986992105,0.009901532504699606,0.0004866180700547986,0.6600341796875,2.260009765625,-0.78997802734375,3.7476424415409025e-05,533.8385620117188,0.0011453840895404108,533.2664315359933,0.0022194921732211523,531.9711943126861,0.004659684435626614,533.2886291503906,0.0021777757731093633,533.7153728499304,0.0013764628010930853,533.0555089054205,0.0026160564487394144,533.4467507390832,0.0018807153039289573,533.7253313337054,532.5049453800049,0.003652673733639589,0.1016821042332557,72.85419775869732,0.4290044703877811,0.06294392902532611,0.366060541362455,63.29783779151709,63.26075739088466,89.03902683939673,0.5039758875723376,-36.70216219075246,1.18975830078125,0.002226135791195649,0.028620449479558083,0.024235351195442453,0.024163553449192937,-0.49675077594896866,476830.2,0.2648888430304954,2674966.0,1456923.5526496426,82.63249071949507,-0.00024324984534220513,534.3200073242188,1,0.00124941175376424
2026-08-25 16:30:00+00:00,534.4500122070312,534.8800048828125,534.219970703125,534.3200073242188,109377,0.0,0.0,0.0,-0.00024324984534218608,5.6204117819813604e-05,0.0010679294130562234,0.001330600986015007,0.01180678317342121,-0.00024327943538442833,0.57000732421875,0.71002197265625,-0.09002685546875,0.0,534.0642787388393,0.0004788348435937794,533.5021449497768,0.0015330067220580247,532.2145269484747,0.0039560746073808665,533.2415295410157,0.0020224939796593764,533.8362997447881,0.0009060972055684179,533.1704633071295,0.0021560534504420584,533.480996095363,0.0015727106213623656,533.8658081054688,532.6256296145654,0.003181179454087387,0.11696802003001397,73.10891311755186,0.46608979168320275,0.14357310155690145,0.3225166901263013,60.288868312755895,61.43154414668428,86.16877103535491,0.32482404504660845,-39.71113166919369,1.2033342633928572,0.0022520853550229065,0.02707292580039544,0.023825100970376403,0.024031682769701163,-0.13403849351184016,470987.25,0.23222921639598476,2565589.0,1562510.7381115814,84.4688332981007,0.0008422147792758735,534.77001953125,1,0.0012487600184288056
2026-08-25 17:30:00+00:00,534.3099975585938,534.8599853515625,534.2949829101562,534.77001953125,86729,0.0,0.0,0.0,0.0008422147792759294,0.0010857879915253665,0.0020800630412243226,0.0018546782945010332,0.013052236464169642,0.0008418603154178852,1.11004638671875,0.989990234375,0.5400390625,-1.8733653031464094e-05,534.2042846679688,0.0010590234476157746,533.7164306640625,0.001974061143057983,532.5328601655506,0.00420097900625278,533.2022302246094,0.00294032773639613,534.0230437020805,0.001398770779608598,533.3158775093223,0.002726605532008734,533.5315460340253,0.0023212751081515774,534.0348580496652,532.78839228529,0.003719351387248665,0.1625606652265078,71.929542630377,0.5257320879406961,0.22000489883366042,0.3057271891070357,64.28589221677014,62.62419944034772,89.24848471696764,0.4847924759960067,-35.7141077628218,1.18511962890625,0.002216129524132345,0.026835466994329177,0.02379142517379968,0.02392067128970296,-0.2070636422648272,461324.0,0.1880001907553039,2652318.0,1666301.9059104784,84.24135173676957,0.0007479166076977088,535.1699829101562,1,0.0011261995344145394
2026-08-25 18:30:00+00:00,534.7899780273438,535.3300170898438,534.780029296875,535.1699829101562,133877,0.0,0.0,0.0,0.0007479166076977961,0.001347124495613361,0.0016470548185492095,0.0023786447612312855,0.014540251962381623,0.0007476370574499257,0.8800048828125,1.26995849609375,-0.23004150390625,3.7321643631419724e-05,534.4071393694196,0.0014274576152469426,533.9007132393973,0.002377351517392403,532.8800019763764,0.004297366996851643,533.1618298339844,0.003766498207107982,534.2524315436956,0.0017174491163432254,533.4844325457617,0.0031595118087101816,533.5957984605402,0.002950144011918233,534.228665015811,533.0644532500003,0.003949859435036394,0.22794884059210888,70.09297800013645,0.5983750444319185,0.2956789279533121,0.3026961164786064,71.21458594803842,65.2631154925215,112.64133505748713,0.29234789479492984,-28.78541403063963,1.1397617885044642,0.0021297192011863575,0.026343000139653044,0.023638121606736406,0.02371189210777062,0.5436243932248728,447248.05,0.2993350110749498,2786195.0,1772958.3910618615,83.22569238476441,0.00011210934938371221,535.22998046875,1,0.001145445323478629
2026-08-25 19:30:00+00:00,535.1599731445312,535.5599975585938,535.0999755859375,535.22998046875,490895,0.0,0.0,0.0,0.00011210934938366002,0.001703048981991584,0.0019468316939492691,0.004673931523855757,0.008393303847718636,0.00011210306560019327,1.03997802734375,2.489990234375,0.15997314453125,-1.870389959195773e-05,534.6314261300223,0.0011195644503340643,534.1178545270648,0.0020821733111091867,533.2480962844122,0.003716626834945166,533.12462890625,0.003949079536646733,534.4479413287065,0.0014632653240234524,533.6431187205787,0.0029736385469990166,533.6598840294896,0.0029421294090951236,534.4059006463914,533.3918991036926,0.003446024148740647,0.19394095575826809,74.99974886108375,0.6532560828877649,0.3671943589402027,0.28606172394756224,72.49385092349476,69.33144302943444,118.93527730573847,0.2716383327008769,-27.506149055183286,1.1169084821428572,0.0020867823606640855,0.016589218988422333,0.022431672148139844,0.022242337943184486,2.666761280877223,437138.0,1.1229748957994932,3277090.0,1916209.0204845413,82.81041009805453,-0.0022419356457276415,534.030029296875,0,0.0011183784098462012
2026-08-26 13:30:00+00:00,535.3400268554688,535.9500122070312,533.989990234375,534.030029296875,569835,0.0,0.0,0.0,-0.0022419356457276107,-0.0013837541510342,-0.0007858226224412013,0.00044971108378311087,0.005630557760714083,-0.0022444525459699707,-0.41998291015625,0.24005126953125,-1.4599609375,0.00020560579701115898,534.5942905970982,-0.0010554944378322415,534.1478576660156,-0.00022059129780143845,533.4030965169271,0.001175345220229347,533.0688293457031,0.0018031441687369133,534.3643589223402,-0.0006256585415592412,533.6782924093329,0.0006590803720973383,533.6743995301714,0.0006663796633603156,534.3941906156994,533.5470941720054,0.0009051405773621307,0.13145040902236627,53.58400153847637,0.5930869331193662,0.4123728737760354,0.18071405934333085,37.43808369069629,60.38217352074316,74.93558767359889,0.024350042492493333,-62.561916284178345,1.0860770089285714,0.002033737710136843,0.019079046952487477,0.022926481701848685,0.02231528089360886,0.16080831949805963,452124.4,1.260350027558784,2707255.0,1991546.732819347,67.00636460859567,-7.497530158129311e-05,533.989990234375,1,0.0008641147600893859
2026-08-26 14:30:00+00:00,533.9600219726562,534.5599975585938,533.864990234375,533.989990234375,207680,0.0,0.0,0.0,-7.497530158129262e-05,-0.0022048932366585117,-0.0006176394020811493,0.0004496304156909048,0.005299576422268304,-7.497811236971024e-05,-0.33001708984375,0.239990234375,0.0899658203125,-0.0001310924861487533,534.5657174246652,-0.0010769998365453605,534.1628548758371,-0.0003236178627619615,533.5435732886905,0.0008367019453200945,533.0464294433593,0.001770128714677305,534.2894851847472,-0.0005605480898955551,533.7066285752458,0.0005309314967384931,533.6867756362186,0.0005681508555169854,534.373141624814,533.65739036526,0.0006232460659577091,0.06033890334916767,51.8321259918082,0.5359930366271328,0.4370969063462549,0.0988961302808779,36.43208758611689,48.78800740010265,34.61027631407393,0.2346360368869109,-63.56791238875774,1.0471452985491072,0.001960983010351076,0.01912101973079971,0.022468524215430538,0.02166124835980613,-0.635543622276624,444034.75,0.4677111419770627,2499575.0,2039930.3773127424,62.23117526549433,-0.00037456171592928567,533.7899780273438,1,0.000978222722936117
2026-08-26 15:30:00+00:00,533.989990234375,534.47998046875,533.6300048828125,533.7899780273438,359557,0.0,0.0,0.0,-0.0003745617159293113,-0.0026904368102569354,-0.0018326410758129352,0.00024360995644179262,0.0052162976803378225,-0.00037463188169031684,-0.98004150390625,0.1300048828125,-0.6500244140625,0.0,534.4714268275669,-0.0012749957547155126,534.1549944196429,-0.0006833529520678638,533.6680966331845,0.0002283842615437027,533.0216284179687,0.0014414979963460204,534.1895837532666,-0.0007480597489647688,533.7142057981637,0.00014197154274096219,533.6908227888117,0.00018579153753049614,534.3234247116816,533.7088542190347,0.00015200011704431067,-0.032795401932051736,49.05295656888182,0.46919777885284475,0.4435170808475729,0.02568069800527184,31.406707655161597,35.09229297732493,12.980228158573798,0.0,-68.59329231971304,1.0378592354910714,0.0019443213215141369,0.019155230980394785,0.022644813350678382,0.02191441512552786,0.731302966101695,455074.15,0.7901064035388501,2140018.0,2049462.531854386,53.924351028679915,0.0008242988057443645,534.22998046875,1,0.0009440213330010297
2026-08-26 16:30:00+00:00,533.75,534.3300170898438,533.3099975585938,534.22998046875,86703,0.0,0.0,0.0,0.0008242988057443057,0.0003744193414334518,-0.0017564558391236496,-0.00011229399962786601,0.004625986511365143,0.0008239592580634169,-0.94000244140625,-0.05999755859375,0.0400390625,-7.489467578881222e-05,534.4585658482143,-0.00042769523040786056,534.2614222935268,-5.885101088115106e-05,533.8209519159226,0.0007662279859166417,532.9990258789062,0.0023094875038686463,534.1976630963633,6.049703062972461e-05,533.7610944045806,0.0008784568022732495,533.7119662272407,0.0009705876470600542,534.3334228515625,533.7581091185184,0.0008840546722746542,-0.05434677174741083,64.63654441775101,0.4466182385566526,0.4441373123893889,0.0024809261672636973,42.46193009100436,36.76690844409429,1.3076881386257644,0.08992608313800483,-57.53806988387027,1.0232151576450892,0.0019153083785102684,0.018796737145654167,0.022771878268244415,0.02217694780785111,-0.7588615991344905,449793.25,0.1927618967158796,2226721.0,2066344.290725397,57.853850120830415,-0.0006363660459755618,533.8900146484375,1,0.001716573895590424
2026-08-26 17:30:00+00:00,534.3699951171875,534.4199829101562,533.8800048828125,533.8900146484375,72998,0.0,0.0,0.0,-0.0006363660459756115,-0.00018722370787072062,-0.0025035328161904236,-0.0005615750792746788,0.002440878963964499,-0.0006365686127901676,-1.3399658203125,-0.29998779296875,-0.39996337890625,0.0002620868419147587,534.3328508649554,-0.0008287647218399849,534.2685677664621,-0.0007085446175627036,533.9219040643601,-5.972674220664345e-05,532.9926257324219,0.0016836797972219514,534.1361334067782,-0.000460779084108114,533.7728144267494,0.00021956948447019928,533.718948518268,0.0003205172509690593,534.2839018322172,533.8554243648368,6.47933541965111e-05,-0.10309968170046603,51.1419850374055,0.39671826845858504,0.4346535036032282,-0.03793523514464314,21.139803437961337,31.6694803947091,4.05470452492031,0.04310638149425472,-78.86019653205385,0.9710693359375,0.0018188565234266891,0.018367857951159913,0.022367195075191162,0.021780797969054296,-0.15806834826937932,425028.35,0.1717485433618718,2153723.0,2074666.0725610733,55.82801243388394,0.0014235324594438438,534.6500244140625,1,0.0016453788975751339
2026-08-26 18:30:00+00:00,533.885009765625,534.7000122070312,533.77001953125,534.6500244140625,75945,0.0,0.0,0.0,0.0014235324594438215,0.0016112074451024583,0.0011609742583273963,0.0003742393160499624,0.004622450555949786,0.001422520197656743,0.6199951171875,0.20001220703125,1.9599609375,-9.374370516718322e-06,534.2585710797991,0.0007327038918092688,534.3328552246094,0.0005935798002149949,534.0199991861979,0.0011797783394321328,532.9984265136719,0.0030986918876863144,534.2389116082351,0.0007695298805342997,533.8525607892324,0.00149379001507399,533.7554612984952,0.0016759793209222681,534.334762718564,533.9801280756265,0.0012545342105688179,-0.08249117147043036,58.823810844051195,0.41372940403323355,0.4304686836892293,-0.016739279655995754,43.92855180688996,35.84342844528523,34.17963420115149,0.06738782337774821,-56.071448163125226,1.0021405901227678,0.0018743861299158576,0.018616345024982647,0.02245692996895073,0.021749218893736207,0.0403709690676457,396019.85,0.19177069028231744,2229668.0,2089428.1608885902,53.65957563571766,-0.0007856428058201953,534.22998046875,1,0.001610856562321562
2026-08-26 19:30:00+00:00,534.6199951171875,534.8599853515625,533.97998046875,534.22998046875,252068,0.0,0.0,0.0,-0.0007856428058201637,0.0,0.00044942833903993673,-0.00016848864769181127,0.0011618881471624487,-0.0007859515848666159,0.239990234375,-0.09002685546875,-0.3800048828125,-5.616626859384091e-05,534.1157139369419,0.0002139359109388811,534.3735700334821,-0.0002687063372592413,534.1171409970239,0.0002112635282876358,532.9970263671875,0.00231324761784099,534.2371253803381,-1.3374045435267766e-05,533.8868716691885,0.0006426619903353776,533.7740698934072,0.0008541264948164882,534.3210460844494,534.2383270033738,-1.5623241916390745e-05,-0.09966362846014178,55.248693163910254,0.3888345726888929,0.42214186148916205,-0.033307288800269175,31.33361394349719,32.1339897294495,25.461221795768388,0.0074838591439307664,-68.666386026518,1.0328543526785714,0.0019333515348022579,0.01654112816505551,0.02061898497298148,0.02037207178100756,2.319086180788729,309621.5,0.8141165907406275,1977600.0,2078777.8598515815,56.39298702732517,0.00011230661098635138,534.2899780273438,1,0.002069925864233732
2026-08-27 13:30:00+00:00,533.5599975585938,535.0134887695312,532.9199829101562,534.2899780273438,805575,0.0,0.0,0.0,0.00011230661098626804,0.0007491493901972124,0.0009366979909359863,-0.0008976597160906818,0.0009553537084190378,0.00011230030507095867,0.5,-0.48004150390625,0.260009765625,-0.0012541095308187908,534.152849469866,0.0002567215687673199,534.3735700334821,-0.0001564299037711883,534.1495216006324,0.0002629533885759144,532.9984265136719,0.002423180725161637,534.2476959097393,7.914328489972691e-05,533.9235177017481,0.0006863535945604731,533.7943015849341,0.0009285907341777907,534.3099004836309,534.2531887068171,6.886120907505304e-05,-0.07865314932232655,49.99999985596665,0.36968504200569896,0.41165049759246947,-0.041965455586770506,45.21392311778292,40.15869628939003,-22.2974575888055,-0.02994371335615345,-54.786076849214105,0.9759608677455357,0.0018266501485711222,0.016514289740857967,0.021689437285110143,0.021665432204503576,2.195863814526239,334506.5,2.4082491670565376,2783175.0,2145863.3017704785,30.235625280806715,0.0033315790489783473,536.0700073242188,2,0.002074337634479839
2026-08-27 14:30:00+00:00,534.3900146484375,536.6300048828125,534.1651000976562,536.0700073242188,323285,0.0,0.0,0.0,0.003331579048978295,0.0026559110545489872,0.003444259818316864,0.0016817542889240311,0.004064399346184189,0.0033260416349783052,1.84002685546875,0.9000244140625,1.34002685546875,0.00018723282338723398,534.4499947684152,0.003031177044921665,534.5078560965402,0.0029225973198670524,534.2585681733631,0.0033905664012944515,533.0523510742188,0.005661087966150137,534.6121581926352,0.0027269285017934705,534.1186531219727,0.0036534095763864106,533.8835449472591,0.004095391958880356,534.5360921223959,534.3429099313903,0.003232189219179463,0.08633001564084046,64.37304002943827,0.49246555256581814,0.42781350858713924,0.06465204397867891,84.90581555661599,53.817784205965374,184.43327744549867,0.32751908519398687,-15.09418441642999,1.0577392578125,0.0019731364250169642,0.02022094980645314,0.02348297012450038,0.02311254240299259,-0.5986903764391893,326274.35,0.9908379252000626,3106460.0,2237348.7016018615,38.3903269441717,-0.00022384225110159194,535.9500122070312,1,0.0012614659670816858
2026-08-27 15:30:00+00:00,536.0399780273438,536.0700073242188,535.4099731445312,535.9500122070312,231220,0.0,0.0,0.0,-0.0002238422511016136,0.0032196465963443277,0.0038584680403701554,0.00134527542282048,0.006025494671882958,-0.0002238673075174955,2.05999755859375,0.72003173828125,0.219970703125,-5.601749111992767e-05,534.7585710797991,0.00222799818771318,534.6149989536831,0.0024971488939862846,534.3561866396949,0.002982702562790862,533.11455078125,0.005318671984511909,534.8797289955144,0.0020009791986786156,534.2851403115235,0.0031160737402015563,533.9645828790149,0.0037182790613333964,534.7283796037947,534.4767140676009,0.002756524467109361,0.23636347193052495,61.718705161677796,0.5734767061626371,0.4569461481022389,0.11653055806039825,81.67146497757497,70.5970678839913,185.2740216703003,0.2206542312924274,-18.328534995471006,1.0241786411830358,0.0019109592645843556,0.018272749235670304,0.023116467691672103,0.02308698559925487,-0.28477968356094463,316785.75,0.7298939425147731,2875240.0,2298100.2538302555,40.09770512368239,0.0002891468573358061,536.10498046875,1,0.0012601053459024266
2026-08-27 16:30:00+00:00,535.9500122070312,536.375,535.8800048828125,536.10498046875,159198,0.0,0.0,0.0,0.00028914685733583134,0.003397036283756316,0.0027213242088262035,0.003885457854508667,0.004336916271754365,0.0002891050624396589,1.4549560546875,2.074951171875,-0.60504150390625,0.0,535.0264282226562,0.0020158859248778725,534.7424970354352,0.0025479243577342433,534.5164242699033,0.0029719502090390783,533.1710498046875,0.005502794394278786,535.1247792901615,0.0018317245183204851,534.4505803258169,0.0030955156638083556,534.0485200393967,0.003850699612832361,534.9270438058036,534.5688500248905,0.0028735876469141836,0.2972062749534531,63.89086784410089,0.6427737766545079,0.4941116738126927,0.14866210284181514,85.84848233270476,84.14192095563192,187.96208251237167,0.17471038893243931,-14.151517640341227,1.01239013671875,0.001888417704740713,0.017176597625272596,0.022637579858862118,0.02282754688481836,-0.3114868955972667,310580.55,0.5125820016739603,3034438.0,2368227.658227374,40.879045828565886,-0.002471439774195928,534.780029296875,0,0.0026384115365645482
2026-08-27 17:30:00+00:00,536.135009765625,536.3350219726562,534.6799926757812,534.780029296875,218979,0.0,0.0,0.0,-0.0024714397741959493,-0.0024063611276867736,0.0010296105576896863,0.0014795016328925659,0.0019297972775176309,-0.0024744988226835,0.550048828125,0.7900390625,-0.9049072265625,5.601383678377228e-05,535.1535731724331,-0.0006980124851694226,534.7432120186942,6.885038903394974e-05,534.5635695684524,0.00040492794635618875,533.2040502929688,0.002955677105298364,535.0558292915043,-0.0005154602184112446,534.4805302322767,0.0005603554248600789,534.0772066769449,0.0013159569649148115,534.9320481073289,534.6301509206987,0.0002803402986492361,0.24683768015736984,50.0685606303864,0.5840471853898634,0.5120987761281268,0.07194840926173662,50.13572426056718,72.55189052361564,74.93901386722597,-0.08406688494543893,-49.86427571247879,1.0902491978236608,0.0020386871949109133,0.019645765397512012,0.023493819198491854,0.023340326322454596,0.3755135114762749,307503.3,0.7121191870136006,2815459.0,2410821.1193485763,37.346467494192304,-9.358769098166183e-05,534.72998046875,1,0.0034507041986307375
2026-08-27 18:30:00+00:00,534.8099975585938,535.1500244140625,534.6099853515625,534.72998046875,199251,0.0,0.0,0.0,-9.358769098166686e-05,-0.0022763909142518024,0.0008235274092747158,0.001760996796680292,0.0020050357494751925,-9.35920705828718e-05,0.44000244140625,0.94000244140625,-0.11004638671875,5.6038483258426875e-05,535.1649954659598,-0.0008128614556156304,534.7117832728794,3.403178392510537e-05,534.6102353050595,0.00022398591680896005,533.230849609375,0.0028114105934988237,534.9906595269536,-0.00048725908305307427,534.5032075265015,0.00042426862749345894,534.1028056491725,0.0011742586126541792,534.9302839006697,534.7042148636532,4.818665045183895e-05,0.16797984728077517,46.83452027555599,0.5273880157977828,0.515156624062058,0.01223139173572485,48.78670723370369,61.59030460899188,16.75488750750999,0.1310696278251005,-51.2132927393423,1.0888235909598214,0.002036211977498084,0.019634096840323856,0.02352365559742219,0.023385794444416748,-0.09009083062759438,294752.55,0.6759941517045377,2616208.0,2430381.7746487116,33.43929831463295,0.0008228497699353591,535.1699829101562,1,0.0034530026709160785
2026-08-27 19:30:00+00:00,534.739990234375,535.4199829101562,534.72998046875,535.1699829101562,294648,0.0,0.0,0.0,0.0008228497699354076,-0.0017440568408377821,-0.0016789307399511788,0.0017595464046804565,0.0016470548185492095,0.0008225114146611175,-0.9000244140625,0.94000244140625,-1.34002685546875,1.8719290091433837e-05,535.2992815290179,-0.0002415445402655355,534.70749773298,0.0008649311616841767,534.682140531994,0.0009123969947376792,533.2662487792969,0.0035699505363664284,535.0265242035941,0.00026813382154350135,534.5638234704701,0.0011339327748551198,534.1446557378385,0.0019195683440835912,534.9913771856399,534.7031804261936,0.0008730123572290683,0.13572163692588896,49.59074056892522,0.5120867185281668,0.5145426429552797,-0.0024559244271129543,60.64654107109265,53.189657521787844,48.286901065234694,0.22097655337343058,-39.353458901953324,1.1052507672991072,0.0020652331083423083,0.0194130352379536,0.020696512559538575,0.021069471946201065,0.4787780236987518,252755.5,1.1657431786845345,2910856.0,2476141.2246821676,30.046870561520777,-0.00041102959835086347,534.9500122070312,1,0.0034223062687123787
2026-08-28 13:30:00+00:00,536.530029296875,537.0,534.510009765625,534.9500122070312,902695,0.0,0.0,0.0,-0.00041102959835082054,0.00031785575534626354,-0.0018658456520637134,0.0019854230824896124,0.0014227330390901294,-0.00041111409417049586,-1.0,1.05999755859375,-0.0999755859375,0.0025413353329731348,535.393572126116,-0.0008284744946087862,534.773210797991,0.00033061007071771663,534.7135707310268,0.0004421834210804215,533.3062487792969,0.0030822129526772942,535.0112218042816,-0.00011440806240253268,534.5989315374302,0.0006567178662156055,534.1762383444735,0.0014485366570298492,535.0237124488467,534.8597966598497,0.00016867139340951415,0.05228924991474777,57.243918019873504,0.4767152561043986,0.5069771655851035,-0.03026190948070495,49.75541159939574,53.062886634730695,84.11541061281427,0.21732033710567403,-50.244588376094555,1.1431056431361608,0.0021368457183839266,0.01947054243028752,0.02233213306722515,0.022344164452086587,2.0636386467921044,285341.1,3.1635645898890727,2008161.0,2431571.679474342,49.22108730976721,0.004710642935958098,537.469970703125,2,0.0034730308187965625
2026-08-28 14:30:00+00:00,534.8900146484375,537.72998046875,534.7000122070312,537.469970703125,363245,0.0,0.0,0.0,0.00471064293595802,0.005124063236501275,0.002546124889907686,0.00527437793003549,0.0056505911256745645,0.004699582578186205,1.364990234375,2.8199462890625,2.364990234375,-0.00011215544859249048,535.5935668945312,0.003503409907385514,535.0217808314732,0.004575869542811035,534.8697596958706,0.0048613909463269085,533.3430480957031,0.007737838942776661,535.5029715840503,0.003673180586192632,534.8599350979479,0.004879848786382328,534.3054043193226,0.0059227669385600494,535.3832804361979,534.97710316343,0.004659764922553692,0.16360257849974008,69.70553662826586,0.6445922495506693,0.5345001823782167,0.11009206717245257,94.59438880366167,68.3321138247167,182.18152756761927,0.6064785490934198,-5.4056111755482945,1.3098885672433036,0.002437138144717655,0.025502834546255584,0.024970338595443075,0.023675980399302715,-0.5975994106536537,297188.0,1.2222734430730675,2371406.0,2425841.6147625,55.827015435462854,-0.004958375672332711,534.8049926757812,0,0.002363837342033694
2026-08-28 15:30:00+00:00,537.510009765625,537.5399780273438,534.5599975585938,534.8049926757812,343853,0.0,0.0,0.0,-0.004958375672332704,-0.0006820080460983036,4.667971416028038e-05,0.0010763383337766275,0.0009076683352944315,-0.0049707092033975265,0.02496337890625,0.57501220703125,-1.34002685546875,7.449544101514341e-05,535.4299926757812,-0.0011672861224591294,535.0942818777902,-0.0005406322059604343,534.8866635277158,-0.00015268814405602365,533.3376477050781,0.0027512495639756616,535.3633758023966,-0.0010429983668147126,534.8549403322963,-9.338542611939254e-05,534.3249960195759,0.0008983234169843335,535.3543753487724,535.0226368107304,-0.0004067942549985402,0.04430864635405686,54.493234412829416,0.5561831881087755,0.5388367835243285,0.017346404584447028,39.18941209991397,61.17973750099046,69.55207283408463,0.17137949806844435,-60.810587879295994,1.4620317731584822,0.0027337661263048207,0.03156490776116525,0.02751423998601647,0.024940714674548798,-0.05338545609712453,308911.8,1.1131106030912348,2027553.0,2387909.3657375,56.015225402642976,-0.0002711633833566626,534.6599731445312,1,0.0036552889868924497
2026-08-28 16:30:00+00:00,534.8200073242188,535.530029296875,534.4000244140625,534.6599731445312,189489,0.0,0.0,0.0,-0.0002711633833566429,-0.0005421797474186585,-0.00013092088862753926,0.0006924987037069119,-0.00020578264057358187,-0.00027120015479440817,-0.07000732421875,0.3699951171875,-0.094970703125,2.8074996761622167e-05,535.2235630580357,-0.0010529990688064141,535.124995640346,-0.0008689978969445004,534.9028523763021,-0.00045406232307685013,533.3408471679687,0.002473326360740221,535.2226952708236,-0.001051379418816571,534.8372160424994,-0.00033139596993524004,534.3381323774173,0.00060231667480174,535.2964675176711,535.0230916672801,-0.0006786969168314488,-0.087074356839193,51.95452294148293,0.4690100498638685,0.5248714367922365,-0.05586138692836795,36.17445150059408,56.652750801389914,-10.84784444536246,0.0018607930448772496,-63.82554847861589,1.4698878696986608,0.0027492012559888527,0.03144016407784576,0.02778908971655919,0.025422036970961594,-0.44892439501763837,314049.8,0.6033724587629077,1838064.0,2335543.1404291666,54.715190162812505,9.360870579228982e-06,534.6649780273438,1,0.003915004588843439
2026-08-28 17:30:00+00:00,534.6699829101562,535.1900024414062,534.5499877929688,534.6649780273438,170437,0.0,0.0,0.0,9.360870579122604e-06,-0.005218882595639185,-0.0009436345440496652,-0.0026209809869576217,-0.0009436345440496652,9.360826766447022e-06,-0.5050048828125,-1.405029296875,-0.43499755859375,1.8721741158422947e-05,535.2071271623884,-0.0010129706940152589,535.1803501674107,-0.0009629877851545524,534.8978503999256,-0.00043535858745230924,533.3487487792969,0.002467858509196669,535.1111518221276,-0.0008337964799718713,534.8215580411216,-0.00029277057258332486,534.350949853885,0.0005876815107075318,535.2351318359375,535.0156289923352,-0.0006554032181288697,-0.09128311104743705,53.63321594241467,0.3957664131173715,0.4990504320572635,-0.10328401893989203,36.27850317110933,37.214122257205794,-15.745493241629589,0.08142514918598454,-63.72149680810064,1.4770333426339286,0.002762539914397812,0.031313561323074134,0.027819752529454254,0.02551664429595663,-0.10054409490788385,315877.8,0.5395662499865438,2008501.0,2304396.269912103,51.9298053794814,0.001225121008096963,535.3200073242188,1,0.0039136608507751155
2026-08-28 18:30:00+00:00,534.6799926757812,535.4000244140625,534.5900268554688,535.3200073242188,209928,0.0,0.0,0.0,0.0012251210080969077,0.0009629952141261278,0.0006916442821658375,-0.0011754918713746676,0.0001682021911215692,0.0012243711597288416,0.3699951171875,-0.6300048828125,0.875,2.808234886240116e-05,535.2914167131696,5.341130112759906e-05,535.2282060895648,0.00017151793124753947,534.9049944196429,0.0007758628334090655,533.3677490234375,0.0036602481202736696,535.1529229225458,0.0003122180493010103,534.8668716123123,0.0008471934530918137,534.3889521076236,0.001742280061968613,535.2537527901786,534.9958269647744,0.0006059493235356612,-0.045758693702365946,53.17226822994282,0.38612468820213053,0.47646528328623694,-0.09034059508410641,49.896582780495315,40.78317915073291,16.971283144672306,0.19278469356210862,-50.10341719871465,1.4684622628348214,0.0027431484770616805,0.03163537453644407,0.02794637828822783,0.02557354087443019,0.23170438343786848,301829.45,0.695518611586773,2218429.0,2296208.910872855,53.3115801424445,-0.000523106353290844,535.0399780273438,1,0.003743247418572869
2026-08-28 19:30:00+00:00,535.2650146484375,535.3599853515625,534.9000244140625,535.0399780273438,240645,0.0,0.0,0.0,-0.0005231063532908919,0.0007107412222717713,-0.004521169196861963,-0.001986555768377807,0.0018911834074171185,-0.0005232432211523651,-2.42999267578125,-1.06500244140625,-2.79998779296875,-0.00010272860163778772,535.2728445870536,-0.00043504273019682045,535.2860630580357,-0.00045972620562096593,534.8959466843378,0.000269269834438832,533.3847485351563,0.0031032561330824344,535.1303339435054,-0.00016884842893442518,534.8826085591332,0.00029421309590553317,534.4144825358479,0.0011704314009729298,535.2286557152157,535.0340803128965,1.1023063135979852e-05,0.0027582958487818226,53.886750825262695,0.3518318294641176,0.4515385925218131,-0.09970676305769549,44.074764922886025,43.41661695816356,14.416074067146559,-0.19214454880892262,-55.92523505632394,1.4384591238839286,0.002688507743261993,0.03058321958482032,0.026895256030051554,0.0245448349538887,0.1463215959757631,285369.95,0.8432737924928646,1977784.0,2265882.7288849643,53.43842875091045,-0.00792462322162833,530.7999877929688,0,0.0038468602400037505
2026-08-31 13:30:00+00:00,533.5599975585938,533.5599975585938,530.780029296875,530.7999877929688,645717,0.0,0.0,0.0,-0.007924623221628346,-0.007228807558398498,-0.007488720071168964,-0.007442389928320914,-0.005973899323480025,-0.007956189928335388,-4.0050048828125,-3.98004150390625,-1.57501220703125,-0.0027661119346704182,534.6799839564732,-0.007256669933268007,535.0367780412946,-0.007918689746578398,534.7421351841518,-0.007372053054727276,533.3137487792969,-0.004713474933052485,534.2642647133981,-0.006484201076561372,534.5114612167547,-0.006943674164311192,534.2727376439703,-0.0064999570562203615,534.6305123465402,534.7154325602102,-0.007322483191642688,-0.2894948836980747,38.04795862675983,-0.017278113650718296,0.35777525128730686,-0.37505336493802516,0.28717462320665094,31.419507442196004,-279.76354955939655,-0.960915066098272,-99.71282536240476,1.5932050432477678,0.0030015167292471267,0.041801405037300524,0.028977154696776627,0.025155561852703585,1.6832761952253321,307271.8,2.101452199648643,1332067.0,2176947.8975625867,55.37072617898846,0.0016864009460219461,531.6951293945312,2,0.0007765245420405317
2026-08-31 14:30:00+00:00,530.8499755859375,532.1300048828125,530.7999877929688,531.6951293945312,150327,0.0,0.0,0.0,0.0016864009460220153,-0.006771422476447908,-0.005545288405568671,-0.005675483300110362,-0.00392448101134113,0.0016849805686063079,-2.96484375,-3.03485107421875,1.0401611328125,9.417444257393781e-05,533.8550066266741,-0.004045812449688704,534.7242867606027,-0.005664895799696378,534.6328560965402,-0.005494848789227754,533.3346508789062,-0.003074095188958902,533.7504376496248,-0.0038506914657349665,534.255431051098,-0.004792280073830526,534.1716549675218,-0.004636198027273661,534.1849591936384,534.680415550836,-0.005583309336706562,-0.4776011251262419,34.050857077583146,-0.2348626066940369,0.23924767969103813,-0.474110286385075,13.167000384517792,19.176313310203494,-236.15822817877086,-0.8225723011106363,-86.83299960109362,1.5121416364397322,0.002844001294799977,0.04238626256083823,0.029268159801904014,0.02539025546668618,-0.7671936777256909,296810.3,0.5064750111434796,1482394.0,2110799.9073185306,50.11001738935855,-9.642655803220028e-06,531.6900024414062,1,0.0005333925353231327
2026-08-31 15:30:00+00:00,531.72998046875,532.1699829101562,531.4199829101562,531.6900024414062,86055,0.0,0.0,0.0,-9.642655803165923e-06,-0.006261168741611867,-0.005564186375015101,-0.006502570360591764,-0.004754465530210639,-9.642702293870255e-06,-2.9749755859375,-3.47998046875,-0.0101318359375,6.554710075747952e-05,533.4100080217634,-0.0032245468860488814,534.4200003487723,-0.005108337834623143,534.5328572591146,-0.005318391150508789,533.3512512207031,-0.0031147368183567846,533.3383506079812,-0.0030906237376194454,534.0222102683987,-0.00436724874386011,534.0743352606153,-0.004464421264581194,533.7803879510789,534.6486466876528,-0.005533810409080624,-0.5925519024166014,34.33845238941409,-0.4030672786246896,0.11078468802789258,-0.5138519666525821,13.093230756538102,8.849135254754186,-182.74349105594612,-0.577812686746309,-86.9067692290733,1.5185677664620536,0.002856114953236398,0.04222380378211473,0.029138833614053825,0.025260613969827768,-0.4275479454788561,296777.9,0.28996431338047646,1396339.0,2042756.0113834324,48.36357206804278,-0.00028216519658752303,531.5399780273438,1,0.0005553791306371035
2026-08-31 16:30:00+00:00,531.6799926757812,531.9500122070312,531.2899780273438,531.5399780273438,73780,0.0,0.0,0.0,-0.0002821651965875249,0.0013941037140030588,-0.007061251672190183,-0.006374491264368398,-0.0044017242439741144,-0.00028220501267659344,-3.780029296875,-3.4100341796875,-0.8050537109375,-1.8826319056251727e-05,532.9642944335938,-0.002672442452755706,534.0939287458148,-0.004781838139339168,534.4047619047619,-0.005360700505740177,533.3885009765625,-0.003465622048152224,532.9786760918537,-0.0026993538935867123,533.7965527919391,-0.004227406027237312,533.9749487024478,-0.004560084103227044,533.3963849748884,534.6178709647329,-0.005757183035855593,-0.6860207707764839,33.21107092137726,-0.5422259659756037,-0.01981744277280667,-0.5224085232027971,10.934590928275263,12.39827402311039,-160.71670741014438,-0.5965632296517009,-89.06540905733614,1.5303562709263392,0.002879099097311425,0.042197846993985606,0.029179317032054616,0.025396148482932524,-0.1426413340305619,296817.0,0.24857066812210807,1322559.0,1974165.8198231056,45.47945371897128,0.0006397013762363857,531.8800048828125,1,0.0014608639353902886
2026-08-31 17:30:00+00:00,531.52001953125,532.219970703125,531.3800048828125,531.8800048828125,84788,0.0,0.0,0.0,0.0006397013762364789,0.0003477095765231919,-0.005906050527629492,-0.010400517470770754,-0.005180995800543986,0.0006394968545283302,-3.15997314453125,-5.5899658203125,0.62005615234375,-3.754843834659928e-05,532.5664411272321,-0.0012889213277603598,533.8867841448102,-0.0037588105223628505,534.3090471540179,-0.00454613726669812,533.4419006347656,-0.0029279585088678017,532.7589418500455,-0.0016497836041553656,533.6223211638367,-0.0032650738395292042,533.8927940428543,-0.0037700249609971623,533.101195126488,534.5811872843298,-0.005052894613134818,-0.5262919723951717,38.50141326167767,-0.6179495648486864,-0.1394438671879826,-0.4785056976607037,15.827098041071142,13.284973241961508,-123.66233972396589,-0.6147538412837179,-84.17290194454027,1.472137451171875,0.0027677999504671334,0.04188419269250563,0.02913757797699432,0.02548211939998777,0.14920032529140692,297259.15,0.28523259923201594,1407347.0,1920183.0750780478,49.16465508578442,0.00013162240275261803,531.9500122070312,1,0.001471985947364057
2026-08-31 18:30:00+00:00,531.8699951171875,532.0,531.3150024414062,531.9500122070312,151248,0.0,0.0,0.0,0.00013162240275255144,0.000489025116949815,0.0021665871147515947,-0.005338357920829595,-0.004267765466322682,0.0001316137412841188,1.1500244140625,-2.85498046875,4.30999755859375,-1.8819593767557783e-05,532.0850132533482,-0.00025372082083503853,533.688214983259,-0.003256963012156757,534.1804751441592,-0.0041754857036320385,533.5192004394531,-0.002941202924142969,532.5971559214427,-0.001215071667610728,533.4702930768543,-0.0028497948049774524,533.8166065198809,-0.003496695850312859,532.8429588681175,534.5177320438056,-0.004803806651935583,-0.4844403507146385,38.99485341317571,-0.6646503806680357,-0.24448516988399324,-0.42016521078404245,16.834404746936674,14.53203123876103,-107.51167632597047,-0.5608000619753908,-83.16559523867474,1.4824916294642858,0.0027869002640130095,0.041857006244078336,0.02905546693032592,0.02540071640912107,0.7838373354720007,292218.15,0.5175859199710883,1558595.0,1885746.1155468053,49.78026685120286,-0.0008083328619492537,531.52001953125,1,0.0012040467806907426
2026-08-31 19:30:00+00:00,531.9450073242188,532.2999877929688,531.3300170898438,531.52001953125,420138,0.0,0.0,0.0,-0.0008083328619492569,-3.754843834669064e-05,-0.00032934261308859014,-0.0058728047188834065,-0.005184372924831426,-0.0008086597391193535,-0.17510986328125,-3.13995361328125,-1.32513427734375,-9.408558506701802e-06,531.5821620396206,-0.00011690104147218515,533.4275033133371,-0.0035759006992240362,534.0514293852307,-0.004740011382218282,533.5920007324219,-0.003883081452352976,532.3817286434041,-0.0016185925733181868,533.2929954817994,-0.0033245813569035805,533.7265442850326,-0.004134185899886681,532.553866141183,534.3675632326291,-0.005328810910878829,-0.4409401632988254,35.539316402436185,-0.7279663856523939,-0.34118141303767335,-0.38678497261472056,10.647416305068612,14.436306364358813,-94.6177797561079,-1.1070295079146708,-89.35258368054279,1.5024893624441964,0.002826778497950881,0.0418903906437949,0.028097710128233852,0.023985435196376234,1.7778086321802604,272946.3,1.539269812413645,1138457.0,1814575.7235899668,40.938349334668246,-0.00043279932166830645,531.2899780273438,1,0.0014679851145916194
2026-09-01 13:30:00+00:00,528.6699829101562,531.6500244140625,527.9299926757812,531.2899780273438,837463,0.0,0.0,0.0,-0.00043279932166828683,-0.0011093232497031424,-0.0007523639944810867,-0.006312364076009103,-0.008916800476740705,-0.0004328930063267847,-0.4000244140625,-3.375,-0.22491455078125,-0.005362049436259896,531.6521606445312,-0.0006812398105327709,533.1660723005023,-0.003518780302467548,533.9085722423736,-0.004904574212073472,533.6678002929688,-0.004455622513322333,532.163378520192,-0.0016412262250652477,533.1109029859398,-0.0034156588214453516,533.630992667084,-0.0043869540410977435,532.2688627697173,533.7279871208857,-0.0045678869243654455,-0.36872221560135016,35.51097920059648,-0.7876279182377175,-0.4304707140776822,-0.35715720416003527,34.285607515045584,20.58914285568363,-127.6219758853634,-0.6572516518300084,-65.71439247475031,1.5903494698660714,0.0029933737424672974,0.0396870422700231,0.030285683072399577,0.026103442494028177,0.9933045808758074,298655.2,2.804113238276103,300994.0,1670425.083248065,18.832811482263352,-0.003143260703612033,529.6199951171875,0,0.0016026316340900131
2026-09-01 14:30:00+00:00,531.2999877929688,531.6300048828125,529.4450073242188,529.6199951171875,314855,0.0,0.0,0.0,-0.0031432607036120386,-0.004380142938951392,-0.003612113838138198,-0.010647859465448661,-0.011810834864574127,-0.003148211123900333,-1.91998291015625,-5.70001220703125,-1.51995849609375,1.884049396554962e-05,531.355712890625,-0.00326658344179978,532.6053597586496,-0.005605209536023604,533.6014288039435,-0.00746143745467999,533.6446997070312,-0.007541918044057668,531.6547018395912,-0.003827120714553162,532.7935477251441,-0.005956439640646325,533.4736986455194,-0.007223792921955125,531.7960524786087,533.4667515514925,-0.007210864450521414,-0.3037401192550601,16.68203718031988,-0.9586134774184529,-0.5360992667458364,-0.4225142106726165,17.585900283975057,20.839641368029756,-112.98659006476424,-0.9426510830224237,-82.41409970561911,1.5299944196428572,0.0028888532037039706,0.04080861126301014,0.031423038611601097,0.027018575360639445,-0.6240371216400008,302836.95,1.0396848865371249,-13861.0,1510016.8848434875,9.740643597933826,-0.0028133194518936435,528.1300048828125,0,0.0013688975651678407
2026-09-01 15:30:00+00:00,529.6400146484375,529.9099731445312,528.0701293945312,528.1300048828125,178607,0.0,0.0,0.0,-0.00281331945189367,-0.006377962304086271,-0.0070504624456153575,-0.012914872585797932,-0.014875772239542506,-0.002817284273014449,-3.75,-6.90997314453125,-1.83001708984375,3.7799802565106205e-05,530.8471418108259,-0.005118492149622477,532.1285749162946,-0.007514293014810533,533.2290475027902,-0.009562574739406804,533.5865002441407,-0.010226074607999526,530.9497624482354,-0.005310780350320896,532.3695892849321,-0.007963611159319128,533.2641420273742,-0.009627756190455633,531.1993384951637,533.257216742362,-0.009614894460991412,-0.27303553105907646,18.53026315615078,-1.2005117720837006,-0.6689817678134092,-0.5315300042702914,2.6317268847074082,18.16774489457602,-143.7312222418138,-1.2222556952635892,-97.36827310213476,1.4485560825892858,0.0027428020926551317,0.04140301850107998,0.03222587260455307,0.027596617922432416,-0.43273252767146786,303807.4,0.5878954890499685,-192468.0,1347875.467239346,10.178581874596318,-0.0014201048852856193,527.3800048828125,1,0.003113248999772087
2026-09-01 16:30:00+00:00,528.1300048828125,528.1599731445312,526.9600219726562,527.3800048828125,368255,0.0,0.0,0.0,-0.0014201048852856557,-0.007359395633715571,-0.00859104656330023,-0.006443072699335084,-0.013837510768290984,-0.0014211141898870256,-4.57000732421875,-3.41998291015625,-0.82000732421875,0.0,530.2528599330357,-0.005417896379815007,531.6085771833148,-0.007954296604654236,532.8135724748884,-0.010197877593145862,533.5106005859375,-0.011491047593769375,530.2358109351509,-0.005385916970218117,531.9159907029212,-0.0085276357533564,533.0333915511169,-0.010606064756736047,530.5661958240328,532.846033595779,-0.010258176599476743,-0.5087952276056258,17.530257884908224,-1.4361812420114575,-0.822421662653019,-0.6137595793584385,4.976099391228525,8.397908853303669,-158.9193797498923,-1.4832254226923602,-95.02390059692314,1.45355224609375,0.002756176253618078,0.04098796982252929,0.03191567202116675,0.027483239858593418,1.0618172859966295,311271.2,1.1830680127168811,-560723.0,1166104.1846451224,9.725936862518594,0.0002465108301582044,527.510009765625,1,0.0030047192467797437
2026-09-01 17:30:00+00:00,527.5399780273438,527.97998046875,527.4000244140625,527.510009765625,265868,0.0,0.0,0.0,0.000246510830158142,-0.0039839608984091335,-0.007544419059062779,-0.007871276973464236,-0.013502086972561167,0.00024648045135581604,-4.010009765625,-4.18511962890625,0.55999755859375,0.0003033356271565393,529.6285749162946,-0.004000096012569639,531.0975080217634,-0.0067548768388960255,532.4673810686384,-0.009310187777239663,533.440400390625,-0.011117250625648488,529.6906507012458,-0.004116819756455495,531.5154469813489,-0.007535881108375182,532.8167883438426,-0.009959856172518064,530.0197201683408,532.5628056633382,-0.009487699561388119,-0.624308679164646,18.43968573904867,-1.5940850669212523,-0.9767543435066657,-0.6173307234145866,6.516441158895543,4.7080891449438305,-138.89307120041886,-1.4073655373318383,-93.48355882925613,1.4506923130580358,0.002750075422644273,0.04107166091749041,0.031929090972296396,0.027506534095338146,-0.2780328848216589,314602.05,0.845093031021251,-294855.0,1026965.2146789202,16.062974842500893,0.00018952358075995484,527.6099853515625,1,0.003381354016012748
2026-09-01 18:30:00+00:00,527.510009765625,527.9500122070312,526.8400268554688,527.6099853515625,390195,0.0,0.0,0.0,0.00018952358075985387,-0.00098464303569612,-0.006926523796750184,-0.007673676524119655,-0.014126348263188926,0.00018950562343487704,-3.67999267578125,-4.08001708984375,0.33001708984375,0.0,529.0085710797991,-0.002643786518201846,530.5467921665737,-0.005535434118850758,532.1283336821057,-0.008491087665393804,533.3571997070312,-0.010775544716776742,529.2745176313091,-0.0031449318346041324,531.1604050150047,-0.006684270193926106,532.6125999912042,-0.009392595368030965,529.5547171456474,532.1341582518228,-0.008501940403740815,-0.677777531088931,14.240339684266715,-1.6916574178507062,-1.1197349583754739,-0.5719224594752323,9.037115572292883,6.843218707472322,-132.49441620199107,-0.6009801271217167,-90.96288441596997,1.4721200125558036,0.0027901670806554113,0.040825849965496826,0.03212537789197749,0.027874885769576956,0.46762679224276704,319379.4,1.2217287652240525,95340.0,938239.0037571182,10.356678162239831,0.00020845957168383276,527.719970703125,1,0.0033887903476914187
2026-09-01 19:30:00+00:00,527.510009765625,527.75,527.0599975585938,527.719970703125,651466,0.0,0.0,0.0,0.00020845957168380558,0.0006446316075028324,-0.0035875239446767626,-0.007186679237929705,-0.013515359078276168,0.00020843784700638447,-1.9000244140625,-3.82000732421875,1.77996826171875,-0.00018948766837817476,528.4657069614956,-0.0014111346271774418,530.0239345005581,-0.00434690520079959,531.7735711960565,-0.007622794197550325,533.2597985839843,-0.010388609633727062,528.9636082456723,-0.002351083369741627,530.8476382593792,-0.005891836622846757,532.4207321759854,-0.008829035363893078,529.1778076171875,531.1500587284911,-0.006457851164642363,-0.680743798581206,15.505151297715074,-1.7400510844902328,-1.2437981835984258,-0.49625290089180707,13.094459580249412,9.549338770479284,-122.93827460098784,-0.7476387259604,-86.90554040486957,1.4885515485491072,0.002820722411855981,0.04094465463415485,0.03068639878697413,0.026330097071641103,0.6695908456028397,306817.95,2.1232981968623346,746806.0,920007.2891135832,23.493185463630184,0.006585001163521766,531.1950073242188,2,0.003374729634093964
2026-09-02 13:30:00+00:00,529.510009765625,531.5800170898438,529.239990234375,531.1950073242188,1412352,0.0,0.0,0.0,0.0065850011635217864,0.006985644803652269,0.005803499920604471,-0.0012878798832542948,-0.011675002736799,0.006563414755886173,3.06500244140625,-0.68499755859375,4.96502685546875,0.0033920244862281615,528.4521397181919,0.005190380357782892,530.0521501813616,0.002156122076787947,531.5947614397321,-0.0007519903214056207,533.2398986816406,-0.003834843121217564,529.4098880613816,0.0033719038935419578,530.8792172652737,0.0005948435136925603,532.3726645347397,-0.002212091808935957,529.3339506603422,530.7788345464068,0.000784079452163655,-0.39646670147235585,52.0061249306972,-1.4809258098385953,-1.2912237088464598,-0.18970210099213558,79.76211767453472,33.96456427569235,-22.23068557206084,-0.09309844362573264,-20.237882307150134,1.4599870954241072,0.002748495515377171,0.04459375302519303,0.02974895610152481,0.026044093481721122,1.1679596479325092,359273.3,3.9311354336656694,2159158.0,1038021.6425313372,46.42088659417927,-0.000856591427949975,530.739990234375,1,0.0014422460637043923
2026-09-02 14:30:00+00:00,531.1900024414062,532.1699829101562,530.469970703125,530.739990234375,583788,0.0,0.0,0.0,-0.0008565914279500264,0.005932421617697248,0.006371089765356386,-0.0022746911267770287,-0.0076009059322126316,-0.0008569585120295997,3.3599853515625,-1.21002197265625,0.29498291015625,-9.421931199432022e-06,528.6121390206473,0.004025354426528894,529.9839259556362,0.0014265796408335835,531.2742861793155,-0.0010056875682463212,533.1824987792969,-0.004580999096011901,529.6759084959804,0.002008929840539841,530.8665602624648,-0.00023842154990313076,532.3086380915881,-0.002946876576780801,529.4256626674107,530.5813025705384,0.0002990826534360376,-0.12535511362116908,44.92228813196992,-1.2973284444456112,-1.29244465596629,-0.004883788479321138,71.42841172006032,54.76166299161483,-0.6467922161615564,-0.15050378636357087,-28.57158826162452,1.4864153180803572,0.0028006469183171124,0.041527794449951826,0.02812615017268513,0.025855182359771654,-0.5866554513322457,371270.05,1.5724080086718508,1575370.0,1089197.6765759718,53.01275271870302,-0.0021667170367140145,529.5900268554688,0,0.0013962542714652335
2026-09-02 15:30:00+00:00,530.8099975585938,530.8499755859375,529.52001953125,529.5900268554688,147716,0.0,0.0,0.0,-0.0021667170367140054,0.0035436524220451293,0.0039430855364581685,-0.003631081812277448,-0.009482561896759,-0.002169067764260695,2.08001708984375,-1.92999267578125,-1.27996826171875,0.00013190512399056803,528.8207135881696,0.001454771432982869,529.8339276994977,-0.00046033451479320255,531.0259544735864,-0.0027040629672015833,533.0986987304688,-0.006581655298257227,529.658732167878,-0.00012971618938095118,530.7505117709196,-0.0021864979678993942,532.2020258862501,-0.004907908846131917,529.3731427873884,530.4595148018757,-0.0016391221613397686,0.060507006910805544,40.04755508072832,-1.2304349554100327,-1.2800427158550387,0.04960776044500603,50.36666069547926,67.18573003002477,-33.65004863605647,-0.4305441088810978,-49.63333928620559,1.5278407505580358,0.002884950004868797,0.04200536320456976,0.028273657619821233,0.025586908102462422,-0.7469697904033656,369181.4,0.40011766573288793,1427654.0,1121431.612140165,50.99045149955485,3.7686691745796235e-05,529.6099853515625,1,0.002276833910900672
2026-09-02 16:30:00+00:00,529.5700073242188,530.260009765625,529.5399780273438,529.6099853515625,127370,0.0,0.0,0.0,3.768669174575301e-05,-0.002983879650225729,0.00379067882626849,-0.003162101197577649,-0.009454504939582442,3.76859816202271e-05,2.0,-1.67999267578125,-0.08001708984375,-3.7801941567577445e-05,529.1392822265625,0.0008895637515673399,529.6960710797991,-0.00016251909903917,530.7854788643973,-0.002214630127688366,533.0128979492188,-0.006384296910530083,529.6489828046149,-7.362886424479554e-05,530.6468275509781,-0.0019539214136053583,532.100377237831,-0.004680304680841682,529.3432838076637,530.3473107744048,-0.001390268995169054,0.25653178921553826,40.73898343294296,-1.1624113451620133,-1.2565164417164336,0.09410509655442034,50.73220353211415,57.50909198255125,-33.77485214897172,-0.43989600559565906,-49.2677964495707,1.5321262904575892,0.0028929331637084776,0.04200979700878956,0.028306954035776433,0.025637360237263134,-0.1377372796447237,367028.05,0.3470306969726147,1555024.0,1162726.125269673,50.53207916685435,0.0008497049139519633,530.0599975585938,1,0.0031855678737351826
2026-09-02 17:30:00+00:00,529.614990234375,530.72998046875,529.4249877929688,530.0599975585938,201303,0.0,0.0,0.0,0.0008497049139519763,-0.001281216204343183,0.004434220771199815,0.0008307889533303303,-0.009825916636138854,0.000849344119096555,2.34002685546875,0.44000244140625,0.34002685546875,9.450129247786442e-06,529.5035661969866,0.0010508547951857518,529.5660705566406,0.0009327013746047077,530.5661940801712,-0.0009540685539794592,532.9592980957032,-0.00544000366906695,529.7311857554107,0.000620714452960757,530.5934793698522,-0.001005443587227993,532.0203623484492,-0.0036847551871855623,529.3918073381697,530.2035674734242,-0.0002707826269715963,0.3787537648162537,41.35796381070046,-1.0599712312141492,-1.217207399615977,0.15723616840182775,58.97424431042933,53.357702846007584,-14.780817942311804,-0.2746880491803683,-41.02575567125552,1.5653424944196428,0.0029531421001896185,0.041829450115211206,0.028607868459177236,0.026163882264780655,0.5804585067127268,366596.8,0.5491128127686861,1756327.0,1219259.5419106565,51.48294483613008,0.0014997979734706754,530.85498046875,1,0.0036186354039158316
2026-09-02 18:30:00+00:00,530.0399780273438,530.85498046875,529.719970703125,530.85498046875,157872,0.0,0.0,0.0,0.0014997979734707734,0.0023885525578948297,-0.0006401168135625745,0.005159668189165245,-0.007821840853880824,0.001498674399772234,-0.34002685546875,2.7249755859375,-2.6800537109375,-3.776842497485247e-05,529.9671369280134,0.001675280369045906,529.4878540039062,0.0025819788962167245,530.3535737537202,0.000945419697052345,532.9005981445313,-0.003838647738245979,529.9559446980786,0.001696434920042048,530.6172521970246,0.0004480221303408353,531.974661098265,-0.002104763086274199,529.5636619931175,530.0469714763858,0.0015244101671066086,0.43286091706137875,45.13533001256522,-0.9042149983226864,-1.1546089193573188,0.2503939210346324,73.53447503571824,61.080307626087254,16.18999751490582,-0.08187573200760495,-26.465524945966607,1.5974862234933036,0.0030092704830228753,0.042420556669812426,0.028911447438225386,0.02642208074553724,-0.21574939270651705,362458.15,0.4355592500816979,1914199.0,1285444.25220488,54.03971443286243,-0.00036734575617347826,530.6599731445312,1,0.0037098692885529695
2026-09-02 19:30:00+00:00,530.8400268554688,530.9249877929688,530.3900146484375,530.6599731445312,261826,0.0,0.0,0.0,-0.0003673457561734761,0.0019825679689020603,-0.0001507651417191891,0.0062193640853858145,-0.00026378042889496633,-0.0003674132441538869,-0.08001708984375,3.27996826171875,0.260009765625,-2.816892339979112e-05,530.3871372767857,0.00051440890732365,529.4264221191406,0.0023299763174847747,530.145002092634,0.0009713777360224011,532.8387976074218,-0.004089087492633722,530.0967503873692,0.0010624904920647552,530.6211359195252,7.319200532544943e-05,531.9231047079224,-0.0023746506820424835,529.7199445452009,529.9135560729924,0.0014085638364659024,0.38289388016192194,46.09777840846229,-0.7874354571251843,-1.081174226910892,0.2937387697857077,71.66937680445422,68.05936538353393,29.499078861136216,0.19636305972769655,-28.330623176783902,1.5664149693080358,0.002951824235061447,0.031757049890750316,0.026767104129948184,0.025748160072981953,0.6584701530353705,343263.6,0.762754920708165,1652373.0,1320389.8472329865,59.94775349500654,0.0053330140448956806,533.489990234375,2,0.0036196454534146087
2026-09-03 13:30:00+00:00,534.0399780273438,535.5700073242188,532.9400024414062,533.489990234375,1622018,0.0,0.0,0.0,0.005333014044895723,0.006470951763157817,0.007364117866914821,0.011336240750022819,0.0033757330857773216,0.00531884388294977,3.89996337890625,5.97998046875,3.97998046875,0.006369436275318146,530.7149919782366,0.005228791909173969,529.5835658482143,0.007376407876057321,530.2730974469866,0.006066483106290148,532.8353979492188,0.0012285075047086071,530.7753983567704,0.005114389035368939,530.8819408572388,0.004912673000177768,531.9845511991559,0.0028298547990215175,530.2617536272321,530.6792462298948,0.005296502594445225,0.46989836510507965,58.07644213811693,-0.4612115421011822,-0.95718168994895,0.49597014784776783,76.17386318272811,73.79257167430019,189.28163749861696,1.0148988510398467,-23.826136805817107,1.6514151436941964,0.0030954941496945322,0.036609867159369994,0.028251479605792464,0.02798810253777001,5.195022648629243,416848.15,3.891148371415337,3274391.0,1506485.1951155593,77.23759036395884,0.0071228848948024755,537.2899780273438,2,0.0033637405330071107
2026-09-03 14:30:00+00:00,533.4000244140625,537.2899780273438,533.4000244140625,537.2899780273438,939915,0.0,0.0,0.0,0.007122884894802395,0.012121950052934594,0.014501223330755764,0.01834687163725901,0.010532407154965506,0.007097636971329591,7.67999267578125,9.67999267578125,3.780029296875,-0.00016863637923704477,531.6507045200893,0.01060710248157062,530.1314217703683,0.013503361549587088,530.5395188104538,0.012723763221282155,532.8953979492187,0.008246609175137918,532.0783142908851,0.009794918523215011,531.4644896908846,0.010961199571087838,532.1926071532025,0.009578056526185966,531.2892752511161,531.2125804813885,0.011440612984798723,0.7140722819788918,74.34924638901467,0.10276589665420488,-0.745192172628319,0.8479580692825239,99.99999999043058,82.61441332587098,241.31742822984637,1.8790953492282145,-0.0,1.7731977190290178,0.0033002620401296153,0.044125921753688256,0.03207882981385537,0.029094248194702074,-0.42052739242104586,459541.15,2.0453336986252437,4214306.0,1764372.8908188394,83.51142717522168,-0.0012097068724277824,536.6400146484375,1,0.0007129740811039729
2026-09-03 15:30:00+00:00,537.2899780273438,537.6199951171875,536.3300170898438,536.6400146484375,786028,0.0,0.0,0.0,-0.0012097068724278293,0.011269064573441012,0.012413721314852522,0.016902987266954383,0.009594831681374316,-0.0012104391584135947,6.58001708984375,8.9200439453125,-1.0999755859375,0.0,532.6578456333706,0.007476035597155879,530.73927961077,0.011117954265574206,530.7752336774554,0.011049462369103313,532.9443981933593,0.006934337742547017,532.9906543623956,0.006846949859563076,531.934991959753,0.008845108443310754,532.3670152902706,0.008026416429705033,532.1570876348586,531.6582569623736,0.009370225367170639,0.7966312702895918,78.53809493043035,0.49160851050532983,-0.4978320360015893,0.9894405465069191,90.90924531624877,89.0277028298025,224.2240895431377,1.730773769933142,-9.090754674474756,1.7339215959821428,0.003231070268054526,0.04447316508886509,0.032377041317055204,0.02943345284384968,-0.16372437933217365,495153.55,1.5874429255328948,3428278.0,1922840.044074188,87.03676443419886,0.0005217058998147245,536.9199829101562,1,0.0023983696628446026
2026-09-03 16:30:00+00:00,536.6500244140625,537.1599731445312,536.3800048828125,536.9199829101562,391557,0.0,0.0,0.0,0.0005217058998148172,0.006429347763909021,0.01142497040538415,0.010777540276170505,0.009475780215603802,0.0005215698586054776,6.06500244140625,5.7249755859375,-0.5150146484375,1.8652663520700976e-05,533.702130998884,0.006029303096923563,531.4207066127232,0.010348253707453622,531.0314243861607,0.011088907837782488,532.9937976074219,0.0073662870381444884,533.7765200719477,0.005889099126688656,532.3881729552442,0.008512228830606558,532.5455630400701,0.008214170154955952,532.9811814081102,531.8548156694819,0.00952359006900959,1.0334328801093735,83.0334385013045,0.8129885563605512,-0.23566791752916122,1.0486564738897124,93.50636114159853,94.80520214942597,181.34635988494225,1.764560530895292,-6.4936388491249994,1.7039228166852678,0.003173513504650496,0.044469562687355094,0.032350128857496545,0.029409408875208414,-0.5018536235350395,510492.0,0.7670188759079462,3819835.0,2103506.2303528367,86.70849538330955,0.0001769942287604368,537.0150146484375,1,0.0022623135225234357
2026-09-03 17:30:00+00:00,536.9099731445312,537.280029296875,536.8400268554688,537.0150146484375,305601,0.0,0.0,0.0,0.0001769942287603854,-0.0005117597389695527,0.011975731778389509,0.011823161113771352,0.009521575947318395,0.00017697856712986304,6.35504150390625,6.2750244140625,0.2900390625,-1.864293739027461e-05,534.6957048688616,0.004337625603595136,532.0996355329241,0.00923770434569294,531.2759486607143,0.010802420102359028,533.0476977539063,0.007442705242402872,534.4242189872457,0.004847826069889973,532.8087949273527,0.007894426220292497,532.7208356521629,0.008060842957286507,533.7270891462053,532.0093119159062,0.00940905097035806,1.165184971318151,82.9922460106079,1.0630980921342825,0.02408528440352753,1.039012807730755,94.38791975072641,92.93450873619123,154.6879255459609,1.7613591414610157,-5.612080239997122,1.6924961635044642,0.0031516738216515656,0.04446520220799061,0.032280601405621716,0.02930200933681505,-0.2195235942659689,518209.65,0.5897246413686033,4125436.0,2296070.9703192334,86.78305000420131,-0.0004934957891465933,536.75,1,0.00264349941156945
2026-09-03 18:30:00+00:00,536.989990234375,537.030029296875,536.5999755859375,536.75,127424,0.0,0.0,0.0,-0.0004934957891465919,0.00020495182722179983,0.006110723397439566,0.013519841351705253,0.009839667889390835,-0.0004936175982700528,3.260009765625,7.15997314453125,-3.09503173828125,-4.659909570468136e-05,535.5378505161831,0.0022634244855826917,532.7524937220982,0.007503496135636235,531.5045195079986,0.009869117381818662,533.0872973632812,0.006870737034681039,534.8893751897966,0.003478522656277638,533.1670862975933,0.0067200579227055576,532.8788420971762,0.007264611759741463,534.3471377418155,532.0820467469199,0.008772995220587845,1.1111809828724661,81.36598599720416,1.2257970089804076,0.26442762931890357,0.9613693796615039,91.76140796171765,93.21856295134755,123.70801256562436,1.0457539320169593,-8.23859202881264,1.6439296177455358,0.0030627473083231914,0.04435835052328279,0.03209106272859848,0.029048757720748154,-0.5830380136190654,503573.95,0.2530393003847791,3998012.0,2458160.5921935923,89.68243358760756,0.00033533800797624593,536.9299926757812,1,0.0026350167080911847
2026-09-03 19:30:00+00:00,536.7999877929688,537.1199951171875,536.6099853515625,536.9299926757812,311364,0.0,0.0,0.0,0.00033533800797624913,1.864293739028966e-05,-0.0006700019845599092,0.013821505497785491,0.010615699301121051,0.0003352817947530548,-0.3599853515625,7.32000732421875,-3.6199951171875,9.313049458529459e-05,536.4335675920759,0.0009254176354637904,533.4103524344308,0.0065983725761612055,531.7621372767857,0.009718359087111845,533.1224975585938,0.007141876650519497,535.2974986869935,0.0030496947824133684,533.5091686956104,0.006411931004912509,533.0377107473175,0.007302076100768641,534.9041376023065,532.3959951803287,0.00851621262460539,0.9731334338309081,81.45509266331815,1.3536568637343862,0.4822734762020001,0.8713833875323861,91.76608543821835,92.6384710502208,106.66288476012693,1.166296596316603,-8.233914549848473,1.631072998046875,0.003037775911744869,0.04422923985965528,0.028458255560689913,0.025642978085317035,1.4435271220492214,477269.0,0.6523868091160318,4309376.0,2634466.8215084886,89.21986437764298,-0.005158995714591498,534.1599731445312,0,0.002679124779750627
2026-09-04 13:30:00+00:00,535.1300048828125,536.3699951171875,533.969970703125,534.1599731445312,759103,0.0,0.0,0.0,-0.005158995714591552,-0.0053165021945901225,-0.004621424858768597,0.007734927375809608,0.008572142421358508,-0.005172349280107401,-2.48004150390625,4.0999755859375,-2.12005615234375,-0.0033523696152550353,536.529279436384,-0.004415986941732611,533.6221357073102,0.0010078994127691295,531.8988037109375,0.004251127127592376,533.1010974121094,0.0019862568986634133,535.0699935785011,-0.0017007502661138306,533.5683327364213,0.0011088371850603838,533.0817210374043,0.0020226769453406575,535.00408703032,532.6494204475607,0.0028359229147352713,0.6019541935560341,60.63860534401016,1.2174354555504578,0.6293058720716918,0.5881295834787661,57.778903223080505,80.43546554100551,56.56331558757897,0.862921516137437,-42.22109676471694,1.5667855398995536,0.002933176611255903,0.04694600747999193,0.028708662038728096,0.026649666897482726,1.4379921892062022,499481.4,1.5197823182204553,3550273.0,2721686.457555299,76.88981798380374,-0.001591237885036205,533.3099975585938,0,0.00134306782831542
2026-09-04 14:30:00+00:00,534.2000122070312,534.4600219726562,532.9299926757812,533.3099975585938,413820,0.0,0.0,0.0,-0.001591237885036234,-0.006408947259257114,-0.0067235071639465405,0.004624647371069157,0.009808177206160895,-0.001592505248669403,-3.6099853515625,2.45501708984375,-1.12994384765625,7.495706251484965e-05,535.960710797991,-0.0049457230464630825,533.8057076590402,-0.0009286339455218846,532.0745181129092,0.0023220045381312938,533.0866967773437,0.0004188826744308718,534.7179943745197,-0.0026331577218946366,533.5448477202551,-0.0004401694865284601,533.0906730578432,0.0004114206303630486,534.9624686104911,532.7554728448554,0.0010408615997433727,0.18293037797656397,58.967292866434335,1.0290310524762845,0.7092509081526104,0.3197801443236741,47.40703225083813,65.650673637379,26.503282767619503,0.6986296160122706,-52.59296773695932,1.5546439034598214,0.002915084867288843,0.04601709250581714,0.028400080253467214,0.02668177611189557,-0.45485658731423795,511242.05,0.809440459758737,3136453.0,2761188.033026223,69.9992557538685,0.0018750820434228442,534.3099975585938,2,0.001038153465786225
2026-09-04 15:30:00+00:00,533.22998046875,534.77001953125,533.030029296875,534.3099975585938,263168,0.0,0.0,0.0,0.0018750820434227933,-0.004879584215682908,-0.0050371349330234905,0.00687827346847647,0.013140416040841707,0.0018733262715562645,-2.70501708984375,3.6500244140625,0.90496826171875,-0.00015003860833268673,535.6278512137277,-0.0024603904598038367,534.1428484235491,0.00031292965081834506,532.3688034784226,0.0036463332702517948,533.0930969238282,0.0022827169246522347,534.6363950113346,-0.0006105036166370428,533.6144067964677,0.0013035456937916347,533.1384897049314,0.0021973799984099816,535.0297072637649,532.9800363507812,0.002495330250858976,-0.2229965672078186,66.64313624383905,0.949465995338528,0.7572939255897939,0.19217206974873413,59.60958388154466,54.93183978515444,30.919282832797197,0.8017960267832096,-40.39041610625279,1.5839320591517858,0.0029644439864240485,0.04568632985660377,0.02883265007986379,0.027131913229175644,-0.36405200328645304,505987.7,0.5201075045895374,3399621.0,2821991.1727380115,72.71836225932965,-0.0007018397591538171,533.9349975585938,1,
2026-09-04 16:30:00+00:00,534.25,534.5989990234375,533.9199829101562,533.9349975585938,111506,0.0,0.0,0.0,-0.0007018397591538328,-0.0004211764213876146,-0.00524453179581974,0.0008341437184664624,0.012179840522501983,-0.0007020861639754766,-2.81500244140625,0.44500732421875,-0.1099853515625,-0.00011228979219513524,535.2014247349331,-0.002366262714947342,534.4517778669085,-0.0009669353339535313,532.6809459867932,0.002354226448770539,533.0959973144531,0.0015738258181746177,534.4961155207864,-0.0010498073716491579,533.6435514112064,0.0005461438569173206,533.1697253070358,0.0014353257794519098,535.0019938151041,533.1358764868656,0.0014989069521872582,-0.4911784675593605,64.87795039543192,0.8463940446428069,0.7751139494003966,0.0712800952424103,55.033627020029705,54.01674771747084,28.211186581926132,0.580199339397412,-44.96637296776774,1.5810023716517858,0.002961039038231103,0.04592271930369534,0.028864739040216664,0.027148295941989024,-0.5762934703307393,498269.6,0.2237864802508517,3288115.0,2866383.9181915345,74.55417864031912,0.000646205511642616,534.280029296875,1,
2026-09-04 17:30:00+00:00,533.9299926757812,534.3400268554688,533.6799926757812,534.280029296875,82622,0.0,0.0,0.0,0.0006462055116425169,0.001818889094001408,-0.004935398310867645,-0.005602093568764732,0.012641997176888298,0.0006459968107651432,-2.64996337890625,-3.00994873046875,0.1650390625,-9.373580745550199e-06,534.8107125418527,-0.000992282376795459,534.7532087053571,-0.0008848556694531999,533.0033278692337,0.0023952972915624476,533.0969982910157,0.0022191665112533663,534.4528982760041,-0.00032345035397214253,533.7014130371763,0.0010841572564045856,533.2132666399707,0.0020006303737048372,534.9790940057663,533.373171605778,0.0017002311690426954,-0.4629621408845399,64.6224319547636,0.7835180504888513,0.7767947696180876,0.0067232808707636815,57.72208228946244,57.45509773034561,21.410498460936193,0.6821799901141149,-42.27791769787937,1.5349339076450892,0.002872901518820056,0.04589593444611848,0.028635389370911524,0.026773723400460338,-0.25903538823022976,482890.95,0.1710986714495267,3370737.0,2914417.545030436,72.8362274973318,-0.000524124581717054,534.0,1,
2026-09-04 18:30:00+00:00,534.2899780273438,534.4299926757812,533.760009765625,534.0,209671,0.0,0.0,0.0,-0.0005241245817170226,-0.0005801829649645374,-0.0002994854586155782,-0.004919526267840868,0.011900306309248876,-0.0005242619830179664,-0.15997314453125,-2.6400146484375,2.489990234375,1.8620816656434156e-05,534.4178553989956,-0.0007818889185183237,534.9778529575893,-0.0018278382033602174,533.3076142810639,0.0012982858305298195,533.0991979980469,0.001689745558301795,534.3623186208033,-0.0006780392407491962,533.7285573065238,0.0005085781709816972,533.2441189285994,0.0014175141263965865,534.8786661783854,533.8033322602724,0.0003684273361397808,-0.45932469217917277,61.30079297643286,0.7029887316660961,0.7620335620276893,-0.05904483036159325,49.93077597742566,54.228828428972605,13.856282649712515,0.09559875067196376,-50.06922400874304,1.5017177036830358,0.0028122054376034152,0.046059041413261344,0.02862443243098892,0.02674507048990431,1.5377139260729589,460801.2,0.4550140060399138,3161066.0,2937907.8740751566,69.87606199221702,0.00013109985808754682,534.0700073242188,1,
