timestamp,open,high,low,close,volume,return_1,return_3,return_5,return_10,return_20,log_return,momentum_5,momentum_10,acceleration_5,gap,sma_7,close_to_sma_7,sma_14,close_to_sma_14,sma_21,close_to_sma_21,sma_50,close_to_sma_50,ema_9,close_to_ema_9,ema_21,close_to_ema_21,ema_50,close_to_ema_50,wma_14,vwap_20,close_to_vwap,trend_slope_10,rsi_14,macd,macd_signal,macd_hist,stoch_k,stoch_d,cci_20,roc_12,williams_r_14,atr_14,atr_pct,hist_vol_20,parkinson_vol_20,garman_klass_vol_20,vol_change_1,vol_ma_20,rel_volume_20,obv,obv_ema_20,mfi_14,target_return_1,target_price_1,target_direction,target_volatility
2026-08-27 21:00:00+00:00,2507.84,2508.79,2499.22,2504.12,5887.8717,-0.0014793666237344905,-0.0010252564138366616,-0.007211643295233383,0.0009553389054772765,0.002502131816307429,-0.0014804619669476098,-18.190000000000055,2.3899999999998727,-4.3400000000001455,3.987511115272683e-06,2511.272857142857,-0.0028482994679408322,2511.375,-0.0028888557065341576,2505.6676190476187,-0.0006176473830181944,2480.3758000000003,0.009572823601967921,2507.663735496086,-0.0014131621580368862,2502.5195976110917,0.0006395164259393843,2485.1974114864606,0.00761411887283979,2509.1601904761906,2512.909220295412,-0.0034976274608023604,0.10552188550909242,52.43936632038309,7.855969938837006,10.38115059153478,-2.525180652697774,25.693534944330192,24.820415128489568,-13.313290116435416,-1.215807869219311,-74.30646505447919,25.556428571428633,0.01020575234869672,0.08116969878252935,0.09494568349534058,0.10041671158986672,0.09583879279410734,15097.339100000001,0.3899940023205552,96198.27030000003,94592.05021813238,53.873863055413835,0.004404740986853745,2515.15,2,0.004672885481366498
2026-08-27 22:00:00+00:00,2504.12,2516.98,2504.12,2515.15,9923.0584,0.004404740986853728,0.00678085509224613,-0.0011596182790788445,0.008116557777866795,0.008185254516520857,0.004395068508047691,-2.9200000000000728,20.25,15.269999999999982,0.0,2510.34,0.0019160751133304769,2510.2392857142854,0.0019562733774662368,2506.4904761904763,0.0034548401008415567,2481.95,0.013376578899650235,2509.160988396869,0.0023868582489619907,2503.6678160100832,0.004586145141335323,2486.372022800717,0.01157428451388998,2509.6635238095237,2513.1232110860838,0.0008064821115712909,-0.538316498251236,43.36393989476542,7.913804565648661,9.887681386357556,-1.9738768207088953,38.82605071986162,31.543437710462943,30.153326359467297,0.4613356766254821,-61.17394927894776,22.918571428571504,0.0091122085873854,0.08235897971245655,0.09503729243329395,0.10010656506453673,0.6853387617124878,15352.13539,0.6463633981799684,106121.32870000003,95690.07674021501,47.881837814825985,-0.0016738564300340084,2510.94,0,0.0036422257392921716
2026-08-27 23:00:00+00:00,2515.16,2516.81,2509.05,2510.94,4734.4987,-0.0016738564300340375,0.0012401159568233844,0.001695462941169401,0.005711584984859908,0.007240592244343036,-0.0016752588929410865,4.25,14.260000000000218,7.170000000000073,3.9759060094863346e-06,2508.7157142857145,0.0008866232636956867,2508.525,0.0009627171345707141,2507.262380952381,0.0014667866736071363,2483.333,0.011116914243876617,2509.5167907174955,0.0005671248296757089,2504.3289236455303,0.0026398594418034593,2487.3354728869635,0.009489884806583838,2509.756952380953,2513.6020998955487,-0.0010590776860260416,-1.578181817990518,40.009990005326834,7.533090332345637,9.416763175555172,-1.8836728432095349,49.44289693507249,37.987494199754764,26.458445025504634,0.3681452434913582,-50.557103063186574,20.53857142857146,0.008179634490893163,0.0826002931840849,0.09489378342181218,0.09986222067272904,-0.5228790853432849,15203.44041,0.31140969230132887,101386.83000000003,96232.62466971834,41.11036280428099,0.001859861247182359,2515.61,2,0.003646985246737527
2026-08-28 00:00:00+00:00,2510.94,2519.91,2506.02,2515.61,6319.2257,0.0018598612471822928,0.004588438253757987,0.006964986930642292,-0.0007269289436887538,0.011349291222089164,0.0018581338467380428,17.40000000000009,-1.8299999999999272,13.150000000000091,0.0,2508.3642857142863,0.002888621213025927,2509.382857142857,0.0024815435553866222,2508.3442857142854,0.002896617632233362,2484.5684,0.012493759479508603,2510.7354325739966,0.0019414898769338645,2505.354476041391,0.004093442287978861,2488.4442778717885,0.010916749219489813,2510.701619047619,2514.1119507155086,0.0005958562362605354,-0.9892929291729987,56.42589619272391,7.521498379388959,9.03771021632193,-1.5162118369329711,64.53942232504805,50.93612332666072,30.353799362823985,0.8300933905163227,-35.46057767300036,17.74428571428572,0.0070536711629698825,0.08217399536320602,0.09511344169505627,0.10018656838723576,0.3347190696239921,15205.84669,0.415578680281932,107706.05570000003,97325.33238688803,49.722455951544475,-0.0012601317374315068,2512.44,1,0.00393009263917122
2026-08-28 01:00:00+00:00,2515.61,2535.05,2507.83,2512.44,14664.416,-0.001260131737431558,-0.0010774705285967467,0.0018382426241012606,-0.003664223850766035,0.006332536258876864,-0.0012609263710615854,4.610000000000127,-9.239999999999782,-12.789999999999964,0.0,2509.1857142857143,0.0012969489248072011,2510.147857142857,0.0009131505343877037,2509.537619047619,0.0011565401253005798,2485.9644,0.010650031834723605,2511.0763460591975,0.0005430555478498732,2505.9986145830826,0.002570386663197148,2489.385286582699,0.009261207391861887,2511.1092380952377,2514.7706111898697,-0.0009267688987211257,-0.2538047137739438,55.65171503135491,7.173823790840743,8.664932931225692,-1.4911091403849497,56.94153494464017,56.97461806825356,53.94372686658195,0.6312382844414945,-43.058465053455436,18.43000000000003,0.007335498559166665,0.08154748234582886,0.09687006696476394,0.10278153836110511,1.3206032979641793,15615.913644999999,0.939068717551112,93041.63970000003,96917.36165480345,56.625338286776824,-0.008032032605753704,2492.26,0,0.004695901082170165
2026-08-28 02:00:00+00:00,2512.44,2512.44,2486.09,2492.26,14721.0814,-0.008032032605753692,-0.007439444988729282,-0.004736194751050138,-0.01191368229916212,-0.0003409396296192302,-0.008064463151847114,-11.859999999999673,-30.049999999999727,-16.4699999999998,0.0,2508.335714285714,-0.006408916555368315,2509.9592857142857,-0.007051622635879342,2509.329523809524,-0.0068024241724948175,2486.8848000000003,0.0021614189768652684,2507.3130768473584,-0.006003668622938617,2504.749649620984,-0.004986386413056856,2489.498020442201,0.0011094524016964833,2508.7241904761904,2514.2959642833125,-0.008764268246990076,-0.5702356901665604,48.77890841181408,5.209875622709205,7.973921469522395,-2.7640458468131897,18.510759854913555,46.66390570820058,-96.37883007349518,-1.0002224482009436,-81.48924014318204,19.221428571428596,0.007712449171202396,0.08664785522482421,0.09887244598704248,0.1039256680235218,0.0038641429703030195,16118.302405,0.9133146301705142,78320.55830000003,95146.23752577456,55.634454644628455,-0.0009389068556250734,2489.92,1,0.0028574398459389424
2026-08-28 03:00:00+00:00,2492.26,2495.6,2486.24,2489.92,5660.3707,-0.0009389068556250324,-0.010212234805872189,-0.010031210862175177,-0.011179196765776944,-0.0028992935975267198,-0.000939347904757783,-25.230000000000018,-28.15000000000009,-13.370000000000346,0.0,2505.7771428571427,-0.006328233499271076,2509.4764285714286,-0.007793031386452862,2509.177619047619,-0.007674872795541902,2487.5634,0.0009473527388283346,2503.8344614778866,-0.005557260949938361,2503.40149965544,-0.005385272660933629,2489.5145686601536,0.00016285558034091418,2506.0522857142855,2514.2546505438318,-0.009678673772586415,-0.9378451177314211,46.88937971050581,3.4251313243421464,7.064163440486346,-3.6390321161441994,7.822712418140722,27.75833573923148,-136.18404070915605,-1.2594778084446547,-92.1772875798168,18.152857142857165,0.007290538307596178,0.08648691855683448,0.0988170124412455,0.10389360631632032,-0.6154921947513992,16087.907815000002,0.3518400754834042,72660.18760000003,93004.70896141509,58.86779758135716,-0.0015020562909652665,2486.18,0,0.003303713582528489
2026-08-28 04:00:00+00:00,2489.91,2496.17,2477.49,2486.18,8312.1118,-0.0015020562909652257,-0.010451990893314944,-0.00986084892510386,-0.008182104687855407,-0.01772782046976562,-0.0015031855084229502,-24.76000000000022,-20.51000000000022,0.4699999999997999,-4.016193291436778e-06,2503.214285714286,-0.00680496504493959,2507.2435714285716,-0.008401087021857163,2508.654761904762,-0.008958889938162946,2487.9828,-0.0007246030800533122,2500.3035691823093,-0.005648741759354731,2501.8359087776726,-0.006257768034561269,2489.383801261716,-0.0012869856629143365,2502.946095238095,2511.9696405271447,-0.010266700724027305,-1.9959595957176557,32.94412919618918,1.6894469729218144,5.98922014697344,-4.299773174051626,15.097289784310322,13.81025401912153,-144.55605890069825,-1.4324171097123584,-84.90271021395237,17.028571428571468,0.0068492914545868035,0.06974217987249183,0.09082830893619505,0.0978090642759893,0.4684748120825373,14487.98051,0.5737246674415513,64348.075800000035,90275.50580318508,49.753631974332706,0.00287187572903021,2493.32,2,0.0032210798526920333
2026-08-28 05:00:00+00:00,2486.18,2497.44,2482.23,2493.32,6358.9477,0.002871875729030249,0.0004253167807530822,-0.008860673951844644,-0.0019574014994735434,-0.01641853456097575,0.0028677597723896736,-22.289999999999964,-4.889999999999873,2.4700000000002547,0.0,2500.095714285714,-0.002710181953032601,2505.217857142857,-0.004749230534553778,2506.8580952380953,-0.00540042344790319,2488.5378,0.0019216907213537929,2498.906855345848,-0.0022357197243641153,2501.0617352524296,-0.0030953795115517,2489.538161996551,0.0015190921999824554,2501.089619047619,2507.862492656356,-0.005798759979438354,-2.973265992905583,35.00105774814908,0.8799000084427462,4.9673561192673015,-4.087456110824555,27.501737317104336,16.807246506518457,-110.44837928790076,-0.9828956303831969,-72.49826268115835,16.813571428571453,0.006743447061975482,0.07051369820126555,0.08506580958814157,0.09018275748217094,-0.2349780834276075,13234.055885,0.48049877945634195,70707.02350000004,88411.84082192936,44.57170121957527,0.0038823737025331026,2503.0,2,0.0043145749984338354
2026-08-28 06:00:00+00:00,2493.32,2505.37,2493.31,2503.0,7173.6332,0.0038823737025330818,0.005253180825086634,-0.003757303657002775,-0.0019259678686354142,-0.00023965489694832698,0.0038748567392422094,-9.440000000000055,-4.829999999999927,12.849999999999909,0.0,2498.9614285714283,0.0016160999455196812,2503.8385714285714,-0.0003349143343904272,2505.337142857143,-0.0009328656080502091,2489.4598,0.005439011306788113,2499.7254842766783,0.0013099501300911293,2501.2379411385723,0.0007044747052832983,2490.0660772123724,0.005194208662166068,2500.7939047619047,2507.361168832217,-0.0017393460848109715,-2.5854545451411544,40.67960227271448,1.0078059478564683,4.1754460849851345,-3.167640137128666,44.318971507221775,28.97266620287881,-36.93384401218755,-0.1472060765391246,-55.68102849104092,16.46642857142862,0.006578677016149437,0.05763957829581525,0.07294145822068322,0.0784687357311102,0.1281164020267065,12106.256875000001,0.5925558390234807,77880.65670000004,87408.87090555514,42.16266472242987,-0.00260487415101877,2496.48,0,0.004039544356810109
2026-08-28 07:00:00+00:00,2503.01,2503.42,2494.1,2496.48,9300.5858,-0.0026048741510187323,0.004142901962046253,0.0016932422780928658,-0.0030509719981469674,-0.0020985478049190265,-0.0026082727389021383,4.2199999999998,-7.639999999999873,13.659999999999854,3.9952057531818956e-06,2496.2285714285713,0.00010072337698015422,2502.296428571429,-0.0023244362678274235,2504.998095238095,-0.0034004398064351135,2490.091,0.002565769684721385,2499.0763874213426,-0.001038938799314013,2500.8054010350656,-0.0017296032043411463,2490.317603596201,0.002474542361543591,2499.8127619047623,2507.27596448169,-0.0043058540960877415,-2.8025589222192293,39.80353262909938,0.5764182257698849,3.455640513142085,-2.8792222873722,32.99166087503507,34.937456566453726,-53.64499242834537,-0.06924958270118707,-67.00833912322761,15.816428571428625,0.006335491801024759,0.05832962924596802,0.07182046655391132,0.07682370831860508,0.2964958676727436,12004.03598,0.7747882308496067,68580.07090000004,85615.65185740704,43.92053703120508,-0.0033767544702941084,2488.05,0,0.004003752553705169
2026-08-28 08:00:00+00:00,2496.47,2503.66,2486.52,2488.05,10339.3477,-0.0033767544702940633,-0.002113647666565077,-0.0007510281454825574,-0.010774705285967023,-0.002745601026093225,-0.003382468572710557,-1.8699999999998909,-27.09999999999991,-6.089999999999691,-4.00563994112281e-06,2492.7442857142855,-0.0018831798115779578,2500.965,-0.005164006693414261,2504.346666666667,-0.006507352549697639,2490.6494000000002,-0.001043663552163952,2496.8711099370744,-0.003532865553998489,2499.645819122787,-0.004638984865004453,2490.2286779649776,-0.0008748907215850327,2497.913238095238,2507.0758504640235,-0.007588861126995532,-2.6106397303232916,40.94442284713165,-0.4406111089224396,2.6763901887291803,-3.11700129765162,18.3460736619473,31.88556868140138,-87.61900046918468,-0.7887296985837101,-81.65392633631538,14.935714285714312,0.006002979958484881,0.058760126372378874,0.07213236657587332,0.07710417613799632,0.11168779282698504,11954.09045,0.8649213207182262,58240.72320000004,83008.51579479684,48.773200405515375,0.0006149394103815217,2489.58,1,0.0036996857148863947
2026-08-28 09:00:00+00:00,2488.05,2493.24,2483.4,2489.58,8732.645,0.0006149394103815986,-0.005361566120655192,0.0013675598709668169,-0.008506774355420688,-0.0028437765352387068,0.0006147504126198573,3.400000000000091,-21.360000000000127,5.269999999999982,0.0,2492.3614285714284,-0.0011159812295047516,2500.3485714285716,-0.004306828076540858,2504.0933333333332,-0.0057958436054011,2491.2054000000003,-0.0006524552331171495,2495.4128879496598,-0.002337444026928166,2498.7307446570794,-0.003662157147840934,2490.20323961341,-0.0002502766053370737,2496.3952380952383,2507.2068152751967,-0.007030459221711638,-2.2728619525864664,45.5038032652177,-1.1103564724685384,1.9190408564896364,-3.029397328958175,21.00416956183117,24.113968032937844,-110.48331073946416,-0.580643100170685,-78.99583043643152,14.43642857142858,0.00579874057930365,0.058742387363190686,0.0695862442642645,0.07379342572634176,-0.15539691154791124,11577.94964,0.7542479689002383,66973.36820000004,81481.35888100667,51.5905739035143,0.006820427541995043,2506.56,2,0.0036552014141537055
2026-08-28 10:00:00+00:00,2489.57,2509.08,2482.17,2506.56,8473.1451,0.006820427541994967,0.004037685060565233,0.005310188824539042,-0.003597536979102589,-0.00432185076903524,0.006797273646092403,13.239999999999782,-9.050000000000182,9.83999999999969,-4.016741779641351e-06,2494.738571428571,0.004738544032954447,2500.257857142857,0.002520597161263203,2504.563809523809,0.0007970212092817638,2492.2108,0.0057576188980460056,2497.642310359728,0.0035704430547478655,2499.4424951427995,0.0028476369714562737,2490.844681197198,0.006309232735957745,2497.223428571429,2506.575534726165,-6.197589480156335e-06,-0.2723905723575694,49.38546404053619,-0.267902196358591,1.481652245919991,-1.749554442278582,50.503822097802164,29.95135510719354,-34.78829809825507,-0.3415303262229581,-49.49617790046052,15.440714285714291,0.006160121555322087,0.056069281773155094,0.06718232926227734,0.0713999968507692,-0.029716071133087496,10763.852570000001,0.7871851685905441,75446.51330000004,80906.61168281556,52.83049905528078,-0.0005824715945359522,2505.1,1,0.007972201021679027
2026-08-28 11:00:00+00:00,2506.57,2511.51,2502.43,2505.1,7415.1881,-0.0005824715945359493,0.006852756174513974,0.0008389932081502849,-0.0029214628011017263,-0.006574981758192933,-0.0005826412970162858,2.099999999999909,-7.3400000000001455,-11.139999999999873,3.989531469509723e-06,2497.441428571429,0.0030665669836945344,2500.3278571428573,0.0019086068427017725,2503.9761904761904,0.00044880998792379626,2493.3554,0.004710359381576843,2499.1338482877827,0.0023872877862473694,2499.9568137661813,0.0020573100325154566,2491.4037133071115,0.005497417628354715,2497.8690476190477,2504.867652252891,9.27584924097769e-05,1.5266666664815949,50.484764535943945,0.27872610767508377,1.2410670182710095,-0.9623409105959257,47.96733842863145,39.82511002942159,22.10454957984669,-0.23258222020429878,-52.03266156963123,15.405714285714307,0.006149740244185125,0.05562885717216061,0.06584852814789834,0.069743020501471,-0.12486001213410114,10053.560255,0.7375683749755635,68031.32520000004,79680.39392254743,53.42374928604992,-0.0023911221108936895,2499.11,0,0.008782420452371636
2026-08-28 12:00:00+00:00,2505.1,2508.41,2495.29,2499.11,4979.1026,-0.002391122110893651,0.003827954916090448,0.0010534833044928416,0.002748509385056108,-0.009197917781715859,-0.0023939854086085545,2.630000000000109,6.849999999999909,0.5300000000002001,0.0,2498.2685714285717,0.00033680468987645187,2499.182142857143,-2.886658635464758e-05,2502.901428571429,-0.001514813379443073,2493.9584,0.0020656318886466104,2499.129078630226,-7.63411157475149e-06,2499.8798306965286,-0.0003079470809257714,2491.705920628401,0.0029714900583969086,2497.706666666667,2503.4490268681297,-0.0017332195788927677,1.5667340065440987,41.649312780267714,0.2259850227133029,1.0380506191594683,-0.8120655964461654,37.56080611470568,45.34398888037976,-11.817311674360166,-0.6559045321012971,-62.43919388355701,15.424285714285718,0.0061719114862009055,0.05605581388528299,0.06524497492046148,0.06875180742941311,-0.32852646044137435,9637.554865,0.516635460938513,63052.22260000004,78096.7585584953,47.18999363535301,0.004025433054167261,2509.17,2,0.009105462940578785
2026-08-28 13:00:00+00:00,2499.1,2518.26,2495.22,2509.17,18227.1282,0.00402543305416736,0.0010412677135198667,0.008488575390365849,0.007731172085850169,-0.003534452973904645,0.004017352675952995,21.11999999999989,19.25,18.48999999999978,-4.001424507210277e-06,2499.15,0.004009363183480772,2499.055714285714,0.004047242987206754,2502.2757142857145,0.0027552062608140145,2494.88,0.005727730391840183,2501.1372629041807,0.003211633849510914,2500.7243915422987,0.003377264798256818,2492.390786486111,0.006732176031487521,2499.0383809523805,2502.3882398511178,0.0027101150976009585,1.9509090906726234,49.13141622644186,0.9845954544643973,1.027359586220454,-0.042764131756056756,55.038220985840326,46.855455176392475,56.64376529242887,-0.1301523618473946,-44.96177901242236,16.515714285714335,0.006582142415901574,0.0580269154487142,0.0663241428919232,0.06970445182969613,2.6607255693023877,9803.09431,1.859323966862677,81279.35080000004,78399.86258149575,52.65413932715362,0.0015264011605430987,2513.0,2,0.007783031664533742
2026-08-28 14:00:00+00:00,2509.17,2526.64,2468.0,2513.0,49210.4249,0.001526401160543145,0.0031535667238833387,0.009407209248146309,0.010787634040978489,0.002517263802065628,0.0015252373943905144,23.420000000000073,26.820000000000164,2.300000000000182,0.0,2501.5099999999998,0.004593225691680483,2498.8692857142855,0.005654843319133297,2502.034285714286,0.004382719432871065,2496.0398,0.006794843575808843,2503.5098103233445,0.003790753939736313,2501.840355947544,0.004460574003421897,2493.198990937636,0.007942009095274496,2500.897619047619,2502.1893228334116,0.004320487290043428,2.0309090906629117,48.70856011200468,1.8732549613414449,1.1965386612446522,0.6767163000967926,67.11409395873041,53.2377070197588,10.324441238593979,0.8321764181903757,-32.88590603977817,19.712142857142908,0.007844067989309615,0.05594876960116166,0.07921518500390737,0.08688009915812266,1.6998452175258194,11063.428150000002,4.448026798998604,130489.77570000004,83360.80668801998,35.98177099482065,-0.01635893354556312,2471.89,0,0.008147780190176484
2026-08-28 15:00:00+00:00,2513.0,2519.25,2470.0,2471.89,33015.8405,-0.01635893354556317,-0.010891877508393044,-0.013831705604493871,-0.008594965748480066,-0.010535543449109674,-0.016494218337970275,-34.67000000000007,-21.43000000000029,-58.090000000000146,0.0,2499.2014285714286,-0.010928062163852581,2495.9728571428573,-0.009648685511113857,2500.3771428571426,-0.011393138406544365,2496.3316,-0.00979100693192776,2497.185848258676,-0.010129741955852022,2499.117596315949,-0.010894884000687083,2492.3633442341998,-0.008214430003375886,2497.3003809523807,2500.020563716327,-0.011252132932258536,-0.21292929290349175,35.41261960935471,-0.7312796695823636,0.8109749950792491,-1.5422546646616127,6.633697134948063,42.928670693172926,-120.84406166078489,-0.7241196504302532,-93.36630286334662,21.285714285714317,0.008611109024149823,0.08038367564109003,0.08855199361170445,0.09193123947343881,-0.32908848954075987,11941.07796,2.76489615180414,97473.93520000004,84704.91416535141,24.882972353250082,-0.011974642884594343,2442.29,0,0.005846330472427627
2026-08-28 16:00:00+00:00,2471.89,2473.95,2405.97,2442.29,77040.49,-0.011974642884594378,-0.026654232276011602,-0.025072851383178274,-0.02425489412704751,-0.026134147848937084,-0.012046916467047798,-62.809999999999945,-60.710000000000036,-28.139999999999873,0.0,2492.445714285714,-0.0201230919486917,2492.4035714285715,-0.0201065236798019,2497.714285714286,-0.02219000228779715,2496.3898,-0.021671214968102454,2486.206678606941,-0.017664130253052975,2493.9514511963175,-0.02071469802329772,2490.399683675996,-0.019318057254554315,2490.1426666666666,2485.248733191856,-0.017285486405485842,-3.245050504657177,33.164881069575344,-5.1247893699401175,-0.3761778779246243,-4.748611492015494,30.098616060080513,34.615469051252994,-358.0369529236321,-1.7653589040207154,-69.90138393909078,24.259285714285756,0.00993300783865791,0.0882241706342282,0.10606418842036269,0.11198850202094336,1.3334402163712902,15524.455660000001,4.962524399389797,20433.44520000003,78583.821882937,18.912741421885443,0.0006141776775075851,2443.79,1,0.0035021726712662995
2026-08-28 17:00:00+00:00,2442.3,2448.22,2437.43,2443.79,13245.1975,0.0006141776775074881,-0.02754078790290493,-0.022135880373412964,-0.02110571684932383,-0.024092295896362748,0.0006139891475876765,-55.320000000000164,-52.690000000000055,7.489999999999782,4.094517850138265e-06,2483.4785714285713,-0.015981040418530885,2489.108571428572,-0.018206747567682046,2494.664761904762,-0.020393426275800344,2496.2686000000003,-0.021022817816952605,2477.7233428855525,-0.013695371996624978,2489.3913192693794,-0.018318260739635283,2488.5718529436044,-0.017995000984446684,2483.660857142857,2483.1461128740934,-0.01584929403470554,-5.851582490873221,34.370129426840194,-8.388937546916168,-1.9787298117229333,-6.410207735193234,31.341675644059602,22.691329613029392,-253.17396499982326,-1.9865079492395816,-68.65832435511169,24.3614285714286,0.009968707856001797,0.08848298002874884,0.10616918178467458,0.11216608475383467,-0.8280748538852751,15892.321949999998,0.833433751321604,33678.64270000003,74307.13815122872,23.36829169063313,-0.0061830189991775595,2428.68,0,0.005208339799159776
2026-08-28 18:00:00+00:00,2443.79,2445.02,2418.08,2428.68,20796.9807,-0.006183018999177614,-0.017480551319031257,-0.03207833666112703,-0.023862060649906702,-0.03437965926485509,-0.006202213020047491,-80.49000000000024,-59.370000000000346,-25.170000000000073,0.0,2472.5614285714287,-0.017747356269633495,2485.0014285714287,-0.022664545751904918,2491.072380952381,-0.02504639424748569,2495.9494,-0.026951427781337706,2467.914674308442,-0.01589790551386086,2483.8721084267086,-0.022220189292131206,2486.2231528281686,-0.023144806113919513,2475.6037142857144,2478.947757576194,-0.020277860807088325,-9.288686867560974,31.911413109055204,-12.056074294724567,-3.9941987083232604,-8.061875586401307,18.81992210144346,26.75340460186119,-240.90340537985017,-2.969236915699979,-81.18007789772783,24.951428571428583,0.010273658354092887,0.0875587215687677,0.10821510734737326,0.11443804499659989,0.570152555294098,16436.018065,1.2653296326246606,12881.662000000033,68457.09280349265,22.339411605241708,0.0028863415517895396,2435.69,2,0.003989683981274178
2026-08-28 19:00:00+00:00,2428.67,2443.1,2428.62,2435.69,11643.3318,0.002886341551789462,-0.002702381781033325,-0.03076402705929171,-0.021646221451007697,-0.029968856284897316,0.002882184066040655,-77.30999999999995,-53.88999999999987,3.180000000000291,-4.117462983908714e-06,2463.5014285714287,-0.011289390072546085,2480.8849999999998,-0.01821728939470451,2487.2885714285712,-0.020744907535563857,2495.4464,-0.02394617652375776,2461.469739446754,-0.0104733115478144,2479.491916751553,-0.017665682414855974,2484.241460560397,-0.019543776774994043,2469.0288571428573,2476.981024081112,-0.016669899236072316,-11.388013466633106,31.855676591864523,-14.232593692070623,-6.041877705072733,-8.19071598699789,24.62915389057259,24.93025054535855,-172.67553256944825,-2.435028520155403,-75.3708461085987,24.899285714285725,0.010222682572197406,0.08908269295062621,0.10875552444930384,0.11502952795522058,-0.4401431646277385,16781.45972,0.6938211570548231,24524.993800000033,64273.08337458859,23.746264570050727,-0.0033173351288546273,2427.61,0,0.003891669300294979
2026-08-28 20:00:00+00:00,2435.68,2436.12,2424.03,2427.61,5722.7458,-0.0033173351288546815,-0.006620863494817386,-0.017913418477359278,-0.031497350951104175,-0.034981575045416435,-0.0033228496841627045,-44.279999999999745,-78.94999999999982,33.0300000000002,-4.105612783323893e-06,2451.85,-0.009886412300911515,2475.5,-0.01934558675014362,2483.320476190476,-0.022433864950010637,2494.5448,-0.026832470597430505,2454.6977915574034,-0.011035082057985719,2474.7753788650484,-0.019058448402157473,2482.0206189697933,-0.021921904497455524,2461.925523809524,2475.4704379922296,-0.01933387579898877,-11.993468012014258,26.02251764923149,-16.42020753680572,-8.11754367141933,-8.30266386538639,17.933206264871952,20.460760752296,-152.43755951467924,-2.4292116315980694,-82.06679373429934,24.901428571428564,0.0102575902107086,0.08838169619186154,0.10863429085419714,0.11471029993420227,-0.5084958585479802,16751.635725,0.3416231043908793,18802.248000000032,59942.52762462778,21.275162562336007,-0.0011163242860261888,2424.9,1,0.003261920802308258
2026-08-28 21:00:00+00:00,2427.61,2432.14,2422.36,2424.9,4722.7755,-0.001116324286026149,-0.001556401007954844,-0.0071203665412379324,-0.032014690032333926,-0.03484262310741748,-0.0011169478400841564,-17.389999999999873,-80.19999999999982,26.889999999999873,0.0,2439.2642857142855,-0.005888777939481559,2470.387142857143,-0.018412961299869742,2479.000952380952,-0.02182369164843164,2493.627,-0.027561058650701287,2448.738233245923,-0.009734904663253566,2470.2412535136805,-0.01835499000317012,2479.780594696468,-0.022131230002291172,2455.178857142857,2472.820234980984,-0.019378778248040747,-11.80801346658219,26.668839632507385,-18.163207471719943,-10.126676431479453,-8.03653104024049,15.687411949816363,19.416590701753634,-131.2464272561305,-2.5980285831334546,-84.31258804935493,24.934285714285675,0.010282603700884733,0.08839404365371395,0.10651553231137324,0.11192933611539567,-0.17473610307835097,16254.5537,0.290550918048258,14079.472500000033,55574.61761275847,21.646043505278442,0.007055961070559663,2442.01,2,0.0034618251992019704
2026-08-28 22:00:00+00:00,2424.91,2445.0,2422.68,2442.01,9336.5578,0.007055961070559613,0.002594747279005105,-0.0007283768245224254,-0.02284813393568108,-0.020162422861178197,0.007031184258452116,-1.7799999999997453,-57.09999999999991,15.610000000000127,4.123881397071799e-06,2434.9957142857143,0.002880615219620895,2467.098571428571,-0.010169261868622166,2475.647142857143,-0.013587212117114826,2493.0218,-0.020461834709981,2447.3925865967385,-0.002199314742642469,2467.6747759215277,-0.010400388321809085,2478.29939490445,-0.014642861544109008,2451.3952380952383,2470.6512569904035,-0.01159259402125441,-9.949158247952267,35.797137213097486,-17.956917307089043,-11.692724606601372,-6.264192700487671,29.866578271071294,21.162398828586536,-90.69537610510761,-2.5752425635123024,-70.1334217281,25.304285714285697,0.010362072929380033,0.09038997092007814,0.10593678272018114,0.11150750938136428,0.9769217910103922,15985.32752,0.5840704726454936,23416.030300000035,52511.89501154338,25.12702143562018,0.00032350399875510894,2442.8,1,0.0011399966161788338
2026-08-28 23:00:00+00:00,2442.01,2442.83,2436.47,2442.8,5671.1937,0.0003235039987550259,0.006257182990678123,0.0058138577334190256,-0.02645097781338046,-0.018924302788844605,0.0003234516826191026,14.120000000000346,-66.36999999999989,15.900000000000091,0.0,2435.0685714285714,0.0031750352586127836,2463.7571428571428,-0.008506172338411049,2473.291904761905,-0.012328469883876335,2491.9414,-0.01972012664502474,2446.4740692773908,-0.001501781410041379,2465.4134326559342,-0.009172267967877476,2476.907261770942,-0.013770100438295017,2448.1554285714283,2469.7670348232796,-0.010918857707240414,-6.528215487424152,35.502665176044246,-17.527636781442652,-12.859707041569628,-4.667929739873024,30.521256318633583,25.358415513173743,-71.35685290931255,-2.4869266695930246,-69.4787436805377,25.0557142857143,0.010256965075202244,0.09051272993567525,0.10577957632778923,0.11131742878366262,-0.3925819534903967,15985.86867,0.3547629357572875,29087.224000000035,50280.973962824966,27.508664551641104,-0.00013509087931897084,2442.47,1,0.0016618936446112344
2026-08-29 00:00:00+00:00,2442.79,2448.05,2441.02,2442.47,5333.4464,-0.00013509087931895536,0.0072456596148293695,0.002783605467033823,-0.028066056506168002,-0.017581188811751414,-0.0001351000049136586,6.779999999999745,-70.5300000000002,-7.3400000000006,-4.093663009748725e-06,2434.88,0.003117196740700393,2459.179285714286,-0.006794659426153226,2471.032380952381,-0.011558885740445576,2490.9162,-0.019449148871399553,2445.673255421913,-0.0013097642601318019,2463.3276660508495,-0.008467272274938476,2475.55678091718,-0.013365389625564633,2445.3171428571427,2468.8884771862276,-0.010700555100133997,-1.9496969694606225,27.85265049146497,-17.017885523099267,-13.691342737875555,-3.3265427852237117,30.24778321015787,30.211872599954248,-57.609158110683985,-2.2664068408344433,-69.75221678901342,23.635714285714325,0.009676972198514065,0.09053006623716188,0.10474007604845607,0.1099957075441252,-0.05955488700729794,15836.935399999998,0.3367726308967367,23753.777600000034,47754.57430922259,26.609279926528387,0.0005363423092199292,2443.78,1,0.0016793389335593497
2026-08-29 01:00:00+00:00,2442.47,2445.92,2439.18,2443.78,3843.4627,0.0005363423092199504,0.0007248127567045515,0.0066608722158831846,-0.011371865252903568,-0.019869090209038487,0.0005361985290915676,16.170000000000073,-28.109999999999673,9.390000000000327,0.0,2437.037142857143,0.0027668257591467247,2454.799285714286,-0.004488874417720383,2469.0133333333333,-0.010220006912338627,2489.6562000000004,-0.01842672092635992,2445.2946043375305,-0.0006193954441493497,2461.5506055007722,-0.007219272868513546,2474.3106326459183,-0.012339045972274571,2443.263904761905,2468.1239253071935,-0.009863331843903873,0.6129292928550197,28.787878785090655,-16.32007031473222,-14.217088253246889,-2.1029820614853314,31.333388580166606,30.70080936965269,-53.73246207069658,-2.6060410414588815,-68.66661141900468,23.468571428571458,0.009603389596674764,0.0896244512449401,0.10409368384879147,0.10931857775298418,-0.2793660211903507,15711.16115,0.24463263175171207,27597.240300000034,45834.82821310616,24.11537117465494,-0.0020664707952435086,2438.73,0,0.0016592527127531162
2026-08-29 02:00:00+00:00,2443.77,2444.95,2435.59,2438.73,3903.7061,-0.002066470795243469,-0.0016661208449321174,0.005703327972287564,-0.0014576483546179242,-0.02567718737514979,-0.002068608892068163,13.829999999999927,-3.5599999999999454,-2.3400000000001455,-4.092021376807318e-06,2437.4714285714285,0.0005163430487095401,2450.4864285714284,-0.0047975897496715745,2466.4138095238095,-0.011224316623958237,2488.5906,-0.02003567802593964,2443.9816834700246,-0.002148822761456186,2459.476005000702,-0.00843513210070441,2472.915313718627,-0.013823891796443066,2441.121333333333,2467.0195088323803,-0.011467079498596275,1.0554882153602914,28.976323116952315,-15.990214293194185,-14.57171346123635,-1.4185008319578358,27.148421314103516,29.57653103480933,-55.07564133724221,-2.9554317548734748,-72.85157868506778,23.200000000000014,0.00951314823698831,0.08780622480274666,0.10390641647180777,0.10931096790741852,0.01567425124224564,15547.664795,0.2510798985874167,23693.534200000035,43726.13354519129,24.22499632848104,-0.0014351732254083067,2435.23,1,0.001525939836813832
2026-08-29 03:00:00+00:00,2438.72,2441.62,2434.56,2435.23,3828.7446,-0.001435173225408315,-0.002964212457061799,-0.0027764014070377208,-0.0035027559651197304,-0.02453454463885152,-0.001436204072916324,-6.7800000000002,-8.559999999999945,-20.610000000000127,-4.100494929825843e-06,2438.56,-0.00136556000262391,2445.2049999999995,-0.004079412564588808,2463.1866666666665,-0.011349796198957096,2487.3378,-0.020949225312291247,2442.2313467760196,-0.0028667827825808274,2457.2718227279106,-0.008970038448343966,2471.4374582786813,-0.014650363964251237,2439.0871428571427,2465.701751303693,-0.012358247013276985,1.4449831648080211,23.0224751873739,-15.828757703177871,-14.823122309624654,-1.0056353935532165,24.24794895148564,27.576586281918583,-55.80705339114627,-1.483075703206252,-75.75205104768565,22.05857142857141,0.009058105981185494,0.08767111850038038,0.10378548788494663,0.10925795837607219,-0.019202649502737867,15274.072735,0.25066952779570806,19864.789600000033,41453.62459803022,18.15494472660589,0.002143534696927929,2440.45,2,0.0014366129131537712
2026-08-29 04:00:00+00:00,2435.24,2441.13,2434.65,2440.45,3175.398,0.0021435346969278513,-0.0013626431184478038,-0.0009620108072705413,0.004846253932177191,-0.019131448322983968,0.0021412406041560915,-2.350000000000364,11.769999999999982,4.429999999999836,4.106388308192419e-06,2440.781428571429,-0.00013578789462641945,2440.022857142857,0.00017505690813192362,2460.5185714285712,-0.008156236519243791,2486.2522,-0.018422185810426497,2441.8750774208156,-0.0005835996419278024,2455.742566116282,-0.00622726760014625,2470.22226383638,-0.012052463566630794,2438.453142857143,2464.4775655977,-0.009749557444992675,1.1468686867296476,23.795420065497993,-15.105465415237632,-14.87959093074725,-0.22587448449038128,30.437853107075895,27.278074457555018,-47.99430017182479,-0.07533912844090555,-69.56214689204133,18.332857142857133,0.007512080617447447,0.08806447700821023,0.10290325215674388,0.108248963288223,-0.17064251295320143,14915.875249999997,0.2128871384868808,23040.187600000034,39699.96393155116,23.982841635704148,-0.0007498617058329109,2438.62,1,0.0008856053216041939
2026-08-29 05:00:00+00:00,2440.45,2442.03,2437.98,2438.62,3972.5746,-0.0007498617058329105,-4.510544422720031e-05,-0.0015762731988518963,0.0012029445454879717,-0.02046931610954461,-0.0007501429927481623,-3.849999999999909,2.9299999999998363,-1.4999999999995453,0.0,2440.297142857143,-0.0006872699343404405,2437.6464285714287,0.0003993899267587113,2458.164761904762,-0.00795095683074133,2485.1668000000004,-0.018729849441084516,2441.2240619366526,-0.0010667033711710056,2454.1859691966197,-0.006342620075245962,2468.9829593722084,-0.012297759794954847,2438.266095238095,2463.4183918634053,-0.010066658568964033,1.0985858584526622,33.22239031300961,-14.512624273230358,-14.806197599243873,0.29357332601351516,48.028832008708136,34.238211355756555,-42.523753579985495,-0.2115566394820323,-51.971167989820835,15.104285714285718,0.0061937840722537845,0.08787571735646532,0.1026183864549869,0.10786925655953691,0.2510477741687813,14677.871730000003,0.27065058702483485,19067.613000000034,37734.97812854629,30.426082764864645,-0.0014188352428832851,2435.16,1,0.0008651653966182104
2026-08-29 06:00:00+00:00,2438.62,2439.05,2430.45,2435.16,3603.2884,-0.0014188352428833317,-2.8744718158058014e-05,-0.003527322426732482,0.0031100547452018734,-0.028485254691689055,-0.0014198427427034863,-8.620000000000346,7.549999999999727,-4.770000000000437,0.0,2439.2057142857147,-0.0016586195506261196,2437.137142857143,-0.0008112562983732304,2455.5733333333333,-0.00831306198687819,2484.1223999999997,-0.019710139886818856,2440.011249549322,-0.001988207861835227,2452.4563356332906,-0.0070526579339963156,2467.6565688085925,-0.013168999778712777,2437.9345714285714,2462.010004584671,-0.010905725214219775,0.20262626260166303,45.11710723693138,-14.158772959426642,-14.676712671280427,0.517939711853785,56.6688785648086,45.04518789353088,-51.315122242489686,0.26681160136359466,-43.331121431873555,10.86285714285717,0.004460839182169841,0.08285018232400436,0.10029373238869924,0.10581681490314683,-0.0929589088144499,14434.378894999998,0.2496323829526127,15464.324600000034,35613.96350677998,53.085050427824434,0.000513313293582352,2436.41,1,0.0006515712212608367
2026-08-29 07:00:00+00:00,2435.17,2438.0,2434.16,2436.41,3357.706,0.0005133132935823959,-0.001655432399762291,-0.0009513148236992564,0.0047465874881438275,-0.02742006307133449,0.0005131815933807605,-2.3200000000001637,11.509999999999764,6.300000000000182,4.1065063487467656e-06,2438.3399999999997,-0.0007915221011011775,2436.61,-8.208125223166233e-05,2452.232857142857,-0.006452428486455496,2482.9179999999997,-0.018731186450773277,2439.290999639458,-0.0011810807484152635,2450.997577848446,-0.005951690030328569,2466.43121316904,-0.012171923955849777,2437.8376190476192,2460.5503533407978,-0.009810956848743887,-0.9199999998885269,44.92853215188291,-13.620470386396391,-14.465464214303621,0.8449938279072295,61.16116115911965,55.28629057754546,-45.28254316512771,0.029560412039278575,-38.838838837543676,10.366428571428612,0.004254796430577923,0.08308996854372458,0.10005253148471481,0.10550175855866996,-0.06815507745646998,14231.50479,0.23593471312739261,18822.030600000035,34014.73180137237,47.84604814559488,-0.0009275942883175507,2434.15,1,0.0006530527320612589
2026-08-29 08:00:00+00:00,2436.4,2436.4,2431.2,2434.15,3803.1816,-0.0009275942883175681,-0.0018330039120485475,-0.00044348993729537156,-0.003218660038247223,-0.025993253598280974,-0.0009280247701283284,-1.0799999999999272,-7.860000000000127,1.2400000000002365,-4.104399505731559e-06,2436.964285714286,-0.0011548325639329806,2437.0007142857144,-0.0011697634182059116,2448.8542857142857,-0.006004557233175917,2481.7388,-0.019175587696811935,2438.2627997115665,-0.0016867745806773589,2449.4659798622233,-0.006252783254853968,2465.165283240842,-0.012581421396643687,2437.5096190476193,2459.4835835710537,-0.010300367012110795,-1.0672053870760474,54.565181092239975,-13.22378922078633,-14.217129215600163,0.9933399948138337,45.89334371172053,54.574461145216254,-52.53114985205522,0.26940076865712653,-54.1066562843869,8.814285714285754,0.0036210938990128517,0.08301521190255307,0.09953028117489261,0.10492790405125357,0.13267260445077667,14172.708739999998,0.2683454285112002,15018.849000000035,32205.600106003578,59.12032228583224,0.000529959123307916,2435.44,1,0.0005482229334830411
2026-08-29 09:00:00+00:00,2434.14,2437.29,2433.65,2435.44,3585.173,0.0005299591233078882,0.00011498217776262365,-0.0020529000799032193,-0.0030129359751105422,-0.029384218685860275,0.0005298187445661731,-5.0099999999997635,-7.360000000000127,-3.9299999999998363,-4.1082102582890005e-06,2436.4942857142855,-0.00043270600734282523,2436.9828571428566,-0.000633101352491559,2445.8223809523806,-0.004244944781449552,2480.5044,-0.01816743401059139,2437.698239769253,-0.0009263819993839584,2448.190890783839,-0.005208291082135142,2463.9995858588486,-0.011590742962272969,2437.301523809524,2455.9039790464562,-0.008332564799375145,-0.9718518517340495,49.76933012185329,-12.659394698205688,-13.905582312121268,1.2461876139155805,50.91475282012748,52.65641923032255,-46.0629372974352,0.4346570992616445,-49.085247175979944,8.04000000000003,0.003301251519231321,0.0809408504112346,0.09763457883636299,0.102805829623024,-0.05732269003404944,13440.610980000001,0.2667418174169737,18604.022000000034,30910.21171495562,53.963525955689505,-0.0002956344644089999,2434.72,1,0.002420883977759481
2026-08-29 10:00:00+00:00,2435.43,2438.41,2431.43,2434.72,2840.5679,-0.0002956344644089448,-0.000693643516485376,-0.0015992651581632211,-0.0031730174782085285,-0.031150019896538095,-0.00029567817289191954,-3.900000000000091,-7.75,1.1099999999996726,-4.106034227989264e-06,2436.421428571429,-0.0006983309830869131,2437.4907142857146,-0.001136707627017812,2442.2771428571427,-0.003094301921975562,2478.5778,-0.01769474413915211,2437.102591815403,-0.0009776329578424516,2446.9662643489446,-0.005004672327265664,2462.8513668055607,-0.011422275491207268,2436.9998095238093,2445.3165071403505,-0.00433338879012367,-0.8454545453520856,57.59128761891307,-12.13037454862615,-13.550540759422246,1.4201662107960953,48.11210587589928,48.30673413591577,-48.13578185098069,-0.2985245760663319,-51.88789412020816,7.675000000000052,0.0031523132023382155,0.08029979849932668,0.08404731349388309,0.08460376443037061,-0.20769014493861238,11122.11813,0.2553981055405086,15763.454100000034,29467.663370674138,56.49994518478249,0.0004723335742919478,2435.87,1,0.002655104526782032
2026-08-29 11:00:00+00:00,2434.71,2438.5,2433.63,2435.87,2291.7896,0.0004723335742919943,0.0007066121644105916,0.00029156195075485947,-0.0032367889089853774,-0.014571845834563835,0.00047222205990257087,0.7100000000000364,-7.910000000000309,4.610000000000127,-4.1072484720047585e-06,2435.7671428571425,4.222782262210869e-05,2438.2742857142853,-0.0009860603986889295,2438.6042857142857,-0.0011212502702068149,2476.5964000000004,-0.016444504239763902,2436.8560734523226,-0.0004046498531713794,2445.957513044495,-0.0041241571003149,2461.7932739896564,-0.010530239993561265,2436.7837142857143,2438.0187808421847,-0.0008813635313513268,-0.4479461278918374,62.1161917192479,-11.485924294127472,-13.137617466363292,1.6516931722358201,51.99054000583354,50.33913290062011,-15.714599830066298,-0.28369084656940613,-48.0094599902248,7.324285714285777,0.0030068458966540784,0.05843075494226242,0.0728746781580884,0.07778427272715763,-0.1931931639444352,9585.915584999999,0.23907884225331003,18055.243700000035,28380.766259181368,62.73706061085508,-0.0006322176470829576,2434.33,1,0.0027461872648419055
2026-08-29 12:00:00+00:00,2435.88,2438.96,2433.14,2434.33,2306.1732,-0.0006322176470829888,-0.00045576979929706773,-0.0008537150972126595,-0.0018042177690847927,-0.003259236208640215,-0.0006324175809318765,-2.0799999999999272,-4.400000000000091,-2.7899999999999636,4.105309396730603e-06,2435.1542857142854,-0.00033849424618421326,2437.725714285714,-0.001392984561721904,2436.815714285714,-0.0010200665857252311,2475.2110000000002,-0.016516167712564218,2436.350858761858,-0.0008294613046350266,2444.9004664040863,-0.004323475147284366,2460.716282852807,-0.01072300900216168,2436.257809523809,2436.1787871622873,-0.0007588881292411858,-0.4113131312632747,37.07070705323249,-10.972968404772473,-12.704687654045127,1.731719249272654,22.04545454420213,40.71603347531165,-21.77552762226489,-0.33326919061427734,-77.95454545011606,6.145714285714348,0.002524601958531433,0.04063384601049565,0.042527402494737576,0.04358680535550915,0.0062761433248497145,5849.199745,0.39427157569220705,15749.070500000034,27177.74761544981,53.183378498794546,0.0005340278433902478,2435.63,1,0.0026642685447879244
2026-08-29 13:00:00+00:00,2434.33,2436.51,2432.42,2435.63,5762.1485,0.0005340278433902945,0.0003737596109616437,0.0006080151182137339,0.0001642555323317918,-0.0033390757798337223,0.0005338853012669206,1.4800000000000182,0.40000000000009095,3.5599999999999454,0.0,2435.2214285714285,0.00016777588426982953,2437.2135714285714,-0.0006497466808550736,2436.4985714285713,-0.0003564834548872893,2473.889,-0.015465123940477745,2436.206687009487,-0.00023671514102703968,2444.057696730987,-0.003448239680370844,2459.732507054658,-0.00979883259074747,2435.978380952381,2435.266206899508,0.00014938535239453308,-0.4958922558321285,38.133068502686015,-10.342328110778908,-12.232215745391883,1.8898876346129754,29.431818180146962,34.489270910060874,-28.73375393483237,-0.3334997422025205,-70.56818181417121,5.9835714285714925,0.0024566832517948275,0.04061458110476347,0.04162623564583294,0.042368633277115965,1.4985757791305527,5475.047295,1.05243812327633,21511.219000000034,26638.078223502212,42.100987250680056,0.0053168995290745385,2448.58,2,0.00265275378525366
2026-08-29 14:00:00+00:00,2435.63,2452.64,2435.05,2448.58,7417.4232,0.005316899529074437,0.005217848243132872,0.0053953289754622435,0.003331352824274214,0.00819375133817557,0.005302814721719024,13.139999999999873,8.13000000000011,11.659999999999854,0.0,2436.96,0.0047682358348085825,2437.65,0.004483826636307654,2436.7266666666665,0.004864449302204024,2472.9626000000003,-0.00985967195783329,2438.6813496075897,0.00405901754815116,2444.468815209988,0.0016818315555631783,2459.2951538368284,-0.004357001972742891,2437.493904761905,2437.0610349757203,0.0047265804421634675,0.5856565655855879,57.132850786835014,-8.697326990291458,-11.525237994371798,2.82791100408034,81.70347002786403,44.39358091740437,172.478857052047,0.4038987505790256,-18.29652996762943,6.7378571428571705,0.0027517406590164173,0.03846817079223019,0.03755426539957626,0.03739647232429422,0.2872669282994007,4806.069420000001,1.5433449981249865,28928.642200000035,26856.227173644864,44.35872631474745,-0.0015600878876735533,2444.76,0,0.0014813149108316413
2026-08-29 15:00:00+00:00,2448.59,2449.35,2441.03,2444.76,4594.7812,-0.001560087887673589,0.004284546466584382,0.0041236774659920705,0.0025178174541340415,0.003723790794394999,-0.001561306091950904,10.040000000000418,6.140000000000327,-3.0999999999994543,4.083999706039499e-06,2438.4757142857147,0.0025771368882071158,2437.7200000000003,0.002887944472702802,2437.4923809523807,0.002981596621351047,2471.9242,-0.010989091008530408,2439.897079686072,0.0019930841978595816,2444.4952865545347,0.00010828961173352532,2458.7251478040116,-0.005679832825754664,2438.441904761905,2437.6373730509335,0.0029219386885872643,1.1906397304954346,51.08072340725345,-7.61412295583159,-10.743014986663756,3.1288920308321657,64.48850833418422,58.54126551406507,137.90393896573332,0.3913388057799997,-35.51149166130924,6.850714285714275,0.0028022031961057415,0.03790696053815216,0.03608804482583192,0.03574116663496462,-0.38054212681298805,4453.641890000001,1.031690763084449,24333.861000000034,26616.001823773928,43.74221148985686,0.002544217019257432,2450.98,2,0.001125159247372453
2026-08-29 16:00:00+00:00,2444.75,2457.77,2444.52,2450.98,8805.9659,0.0025442170192573332,0.0063022708703701635,0.006203122498327218,0.006496493043578244,0.00962675223779752,0.0025409859782893895,15.110000000000127,15.820000000000164,5.069999999999709,-4.090381059987151e-06,2440.695714285714,0.004213669755753021,2438.5950000000003,0.0050787441128988964,2438.2204761904763,0.005233129626347068,2470.595,-0.007939383023114612,2442.113663748858,0.0036305993380864056,2445.084805958668,0.002411038679297819,2458.42141651758,-0.0030269084330211576,2440.2099047619045,2439.443473551027,0.004729163259591631,1.8336026933804568,63.16921090336788,-6.182505858111654,-9.830913160953337,3.648407302841683,75.1464128815835,73.77946374787724,205.10366562458407,0.43147780122501533,-24.853587114756177,7.128571428571441,0.002908457608209179,0.036396840806026405,0.03636832847517214,0.03643714580870596,0.9165147406801435,4607.802895,1.9110986517139397,33139.82690000003,27237.318497700224,55.00434371822853,-9.792001566729899e-05,2450.74,1,0.0005141102337374403
2026-08-29 17:00:00+00:00,2450.99,2455.44,2445.57,2450.74,8009.9475,-9.792001566732988e-05,0.0008821439364856687,0.0067410745461788935,0.005881604491854819,0.010656109530289726,-9.792481014505015e-05,16.409999999999854,14.329999999999927,1.2999999999997272,4.080000652701961e-06,2442.9842857142858,0.0031746885688391613,2439.702857142857,0.004523970132192271,2439.321904761905,0.004680848073311012,2469.1762,-0.007466538839955056,2443.8389309990866,0.002823864090784834,2445.59891450788,0.0021021785140725017,2458.1201844972825,-0.0030023692673062036,2441.8292380952375,2441.020497272804,0.003981737448764136,2.341548821264993,67.9306358161611,-5.009557922768636,-8.866642113316397,3.857084190547761,74.26793557561186,71.30095226379319,172.72061762532607,0.49700240299820886,-25.732064420727806,7.3292857142857235,0.0029906418935842782,0.03598096505011266,0.03636756834926523,0.03651863394311929,-0.09039535345009675,4772.161495,1.6784736871102726,25129.879400000027,27036.610012204965,51.3525465346891,0.000697748435166536,2452.45,1,0.00053924687492901
2026-08-29 18:00:00+00:00,2450.74,2455.83,2445.6,2452.45,8539.113,0.0006977484351664565,0.003145503035062669,0.006905810816913771,0.0075180247725077365,0.004275166768358707,0.0006975051219014559,16.81999999999971,18.299999999999727,0.4099999999998545,0.0,2445.3528571428574,0.002902298061569659,2440.56,0.004871832694133724,2440.6338095238093,0.004841443411165038,2467.7790000000005,-0.006211658337312385,2445.5611447992696,0.0028168811952942576,2446.221740461709,0.0025460731687850565,2457.8978243209185,-0.0022164567896233184,2443.5288571428573,2442.3870185242217,0.004120142057524685,2.592727272412996,65.09813787339279,-3.8970823845615996,-7.872730167565438,3.975647783003838,80.52708638065373,76.6471449459497,151.97164580127455,0.7100149476828161,-19.472913615685954,7.597142857142866,0.003097776858708544,0.026528699475981264,0.03193090092209056,0.03393400495889225,0.06606354161497308,4732.289255000001,1.8044359801075163,33668.992400000025,27668.265477709258,55.16459709690174,0.0004322208403842689,2453.51,1,0.001011967584966218
2026-08-29 19:00:00+00:00,2452.45,2458.9,2451.7,2453.51,3897.5449,0.00043222084038418984,0.001032240165158571,0.0020134118550345637,0.0074196038498177685,0.004384313083346969,0.0004321274598631279,4.930000000000291,18.070000000000164,-11.889999999999418,0.0,2448.092857142857,0.0022128012184403573,2441.6235714285713,0.004868247796473165,2441.1814285714286,0.005050247918599495,2466.4878,-0.005261651811127709,2447.150915839416,0.002598566406109985,2446.8843095106445,0.0027078070113899745,2457.7257527789216,-0.0017153064267455083,2445.255523809524,2443.0069116492323,0.004299246269292453,2.7572390569048633,69.10443928746598,-2.8965151408438032,-6.877487162221112,3.9809720213773083,81.05448154372455,78.61650116666338,161.38980422756111,0.7018523154967081,-18.945518452760513,7.822142857142873,0.003188143866191572,0.026537421502970376,0.03205895301174748,0.03409510765957641,-0.543565602188424,4643.606815,0.8393356835055726,37566.537300000025,28610.958032213137,55.1315513329406,-0.00028122974840129225,2452.82,1,0.001012884601963076
2026-08-29 20:00:00+00:00,2453.51,2458.24,2451.7,2452.82,2521.0013,-0.00028122974840127934,0.0008487232427758507,0.003296847134278913,0.007434119734507583,0.004237513664446357,-0.0002812693009027061,8.059999999999945,18.100000000000364,3.1299999999996544,0.0,2450.5485714285714,0.0009269061621184826,2442.8849999999998,0.004066912687251481,2441.6585714285716,0.0045712487003838785,2465.4104,-0.005106817104363208,2448.2847326715328,0.0018524264224434091,2447.4239177369495,0.002204800820953814,2457.533370317003,-0.0019179272899936444,2446.748380952381,2443.2719964501375,0.0039078758172365405,2.58323232291922,74.39226516459992,-2.1346289511402574,-5.928915520004941,3.794286568864684,78.05054151342826,79.87736981260218,134.9098810527212,0.7670028552058173,-21.949458482961635,7.674999999999987,0.0031290514591355493,0.026568415144497887,0.03197567526053716,0.03398208647841273,-0.3531822301777716,4502.98456,0.5598511978907251,35045.53600000002,29223.774981526174,55.99269201758532,-0.000550386901607278,2451.47,1,0.0011925524307097714
2026-08-29 21:00:00+00:00,2452.82,2454.09,2449.08,2451.47,2265.0166,-0.0005503869016072471,-0.0003996003996004083,0.00019992003198709973,0.006404282658762472,0.003146764438697325,-0.000550538420076382,0.4899999999997817,15.599999999999909,-7.570000000000164,0.0,2450.9614285714283,0.00020749874830453986,2443.960714285714,0.0030725885528309267,2442.087142857143,0.0038421467351387223,2464.4755999999998,-0.005277228145409385,2448.9217861372263,0.0010405452216552358,2447.7917433972266,0.0015026836383011727,2457.2955910888854,-0.0023707327315481016,2447.8930476190476,2443.4973709020464,0.003262794219830449,2.168821548558656,70.74380162560801,-1.6210756235818735,-5.067347540720328,3.4462719171384544,73.17689530421664,77.42730612045649,93.72371601410465,0.6581972867323015,-26.82310469217324,7.758571428571421,0.003164864929437544,0.02667271432860145,0.03173041364297463,0.0336607482825138,-0.10154088377503023,4424.062255,0.5119766561692491,32780.51940000002,29562.51254519035,51.875743833122385,0.0004772646616112263,2452.64,1,0.0011960248279492345
2026-08-29 22:00:00+00:00,2451.47,2453.25,2449.37,2452.64,1863.8534,0.000477264661611132,-0.000354594030593014,0.0007752760390740132,0.0075215767788261445,0.00570378844726549,0.0004771508070569171,1.900000000000091,18.309999999999945,1.4100000000003092,0.0,2452.087142857143,0.00022546390509283832,2445.281428571428,0.003009294285144035,2442.5090476190476,0.004147764525508627,2463.3718,-0.0043565490195169344,2449.6654289097814,0.001214276470212116,2448.2324939974787,0.0018002808202756703,2457.113018889321,-0.00182043677068686,2449.0502857142856,2443.8443171133126,0.0035991175154206113,1.5011447809628062,76.25674521250696,-1.1069118983027693,-4.2752604122368165,3.1683485139340473,77.21150345550683,76.1463134243839,84.45788917414893,0.7360189262006602,-22.78849654085284,7.663571428571426,0.0031246213992140314,0.025354192085878562,0.030843886143970094,0.0327990905689891,-0.17711269754049486,4322.06962,0.43124094794187245,34644.37280000002,30046.499236124604,56.299175569681786,0.0020508513275491716,2457.67,2,0.001226174594461019
2026-08-29 23:00:00+00:00,2452.63,2459.76,2452.63,2457.67,4001.9179,0.00205085132754923,0.001977315905773658,0.0021284837611368346,0.009048993484231938,0.00921473536380546,0.0020487512028375516,5.220000000000255,22.039999999999964,3.3200000000001637,-4.077239219681427e-06,2453.042857142857,0.0018862870021482642,2446.8692857142855,0.004414095329394439,2443.410952380952,0.005835714047670795,2462.4428,-0.001938237915616881,2451.266343127825,0.0026123872218639464,2449.090449088617,0.003503158045703216,2457.1348612858187,0.00021778972030094497,2450.7020952380954,2444.734189484767,0.005291295295360598,0.9880134678937044,78.536585337624,-0.29020912894429785,-3.478250155578313,3.188041026634015,92.62266148631718,81.00368674868022,114.31882281991058,0.8949574484677438,-7.377338510152996,7.912857142857157,0.0032196581082301274,0.025235489337442726,0.030846942292322505,0.0326421939229509,1.1471205299730118,4330.728284999999,0.9240750369539926,38646.29070000002,30865.52699458893,56.60077768323232,0.0005208184988219514,2458.95,1,0.0008139279904241555
2026-08-30 00:00:00+00:00,2457.67,2467.93,2454.53,2458.95,5489.2364,0.0005208184988219067,0.003051230486198042,0.002217231639569217,0.004235107695072182,0.007580569157327632,0.0005206829199401663,5.4399999999996,10.36999999999989,0.21999999999934516,0.0,2454.215714285714,0.0019290422136595763,2448.6,0.004226905170299633,2444.540476190476,0.005894573622267604,2461.3188,-0.0009624108831408713,2452.80307450226,0.0025060819442198805,2449.9867718987425,0.0036584802024490644,2457.206043196179,0.0007097316110909553,2452.3128571428565,2445.9194231294273,0.005327475937001741,1.2148821547348772,80.66312323135148,0.4550732017946757,-2.6915854841037152,3.146658685898391,74.7113489136942,81.51517128517274,129.5683451599822,1.0113665772508156,-25.2886510834897,8.371428571428558,0.0034044728731471375,0.024444592798354207,0.032467429611544744,0.03505221681434451,0.3716514274318321,4446.420204999999,1.234529384745535,44135.52710000002,32129.336528437605,62.49142895663775,-0.0010492283291648578,2456.37,1,0.000758920522518523
2026-08-30 01:00:00+00:00,2458.94,2460.62,2453.08,2456.37,4329.9676,-0.0010492283291648752,0.0015208102289776537,0.0014473137042261275,0.004748932410543194,0.007278706809588975,-0.001049779154536333,3.549999999999727,11.609999999999673,-1.8899999999998727,-4.066776469533526e-06,2454.7757142857145,0.0006494628837195769,2450.0642857142857,0.0025736934016297765,2445.2985714285714,0.0045276387516784335,2460.2273999999998,-0.001567903844985347,2453.516459601808,0.0011630410658234607,2450.567065362493,0.0023679966647418404,2457.173257188486,-0.0003269029508341433,2453.3488571428575,2446.725438683878,0.00394182410647014,0.8627609426563587,75.03663895821872,0.8279858745750062,-1.987671212367971,2.815657086942977,67.44578991643347,78.25993343881494,88.89110715193495,0.8515250674359925,-32.55421008075044,8.562142857142849,0.0034856893941626723,0.024650154094280213,0.03293047845325727,0.0356097555812534,-0.2111894470422152,4464.289855,0.9699118427871503,39805.55950000002,32860.40538287212,57.379954628627004,-0.0005699467099826537,2454.97,1,0.0010450455149924466
2026-08-30 02:00:00+00:00,2456.37,2458.99,2453.6,2454.97,3370.9771,-0.0005699467099826716,-0.0010986015209528688,0.001427714799691504,0.0016279202604672083,0.008134989076693078,-0.0005701091913488615,3.5,3.9899999999997817,-0.04999999999972715,0.0,2454.9842857142858,-5.8190654698218785e-06,2451.5385714285717,0.0013997040925312208,2446.0771428571425,0.00363555874303555,2459.0146,-0.0016448051996106605,2453.8071676814466,0.0004738890381722584,2450.9673321477208,0.0016330971856609677,2457.0868549458005,-0.0008615303694042714,2454.002952380952,2447.549981744206,0.003031610513017199,0.7301683500798346,75.29411762122206,0.9990372749061862,-1.3903295149131396,2.389366789819326,63.50323852257067,68.5534591175661,74.94861188725618,0.26096758121022234,-36.49676147461322,8.531428571428544,0.003475166120736738,0.02401183133069085,0.03239753579511108,0.03504311091998832,-0.22147752329601722,4452.67429,0.7570679731885898,36434.582400000014,33200.80319402716,56.500486064902816,0.0008879945579784239,2457.15,1,0.0016052916148503137
2026-08-30 03:00:00+00:00,2454.97,2460.72,2454.17,2457.15,3413.0578,0.0008879945579784998,-0.0007320197645335202,0.001838834888120644,0.002615536531823226,0.008512524575092106,0.0008876005240603965,4.510000000000218,6.410000000000309,1.0100000000002183,0.0,2455.6028571428574,0.0006300460404831986,2453.075714285714,0.0016608886919214374,2447.1242857142856,0.0040969371045998905,2457.9087999999997,-0.00030871771971331945,2454.4757341451577,0.00108954666678449,2451.5293928615642,0.0022926941666699167,2457.089331222436,2.4691319437590293e-05,2454.751142857143,2448.353270538887,0.003592916744066626,0.6581818181020279,75.81573893806525,1.2955699985291176,-0.8531496122246882,2.1487196107538056,67.21411192009732,66.0543801197005,80.3891448952593,0.5067982133213406,-32.78588807686132,8.707142857142799,0.003543594350014958,0.024070745689943253,0.032719924712575975,0.03541961419388898,0.012483235202042753,4455.44188,0.7660424918390437,39847.640200000016,33833.8352898341,63.38909711608264,-0.0005209287182305517,2455.87,1,0.001575937409269787
2026-08-30 04:00:00+00:00,2457.14,2458.75,2451.55,2455.87,6970.6771,-0.0005209287182305067,-0.00020355239642233514,-0.0007324010139685422,0.0013945238435033591,0.008923032680812515,-0.0005210644487345705,-1.800000000000182,3.4200000000000728,-6.3100000000004,-4.069755611262726e-06,2456.2314285714283,-0.00014714760475093705,2453.5964285714285,0.0009266281129591415,2448.050952380952,0.0031939889206309413,2457.181,-0.0005335382293773294,2454.754587316126,0.0004543886747932696,2451.923993510513,0.0016093510646860358,2457.0415143117525,-0.000476798745535358,2455.1237142857144,2449.4798410433104,0.0026087820155176575,0.5489562288896641,62.145951320557856,1.4110236139194967,-0.4003149669958513,1.811338580915348,55.16728624330193,61.961545561989986,59.87553186211803,0.19951203192183853,-44.8327137529806,7.964999999999951,0.0032432498462853115,0.0238095276104977,0.032998964467700766,0.035816548030996986,1.0423554209952144,4613.816655,1.5108266368678425,32876.963100000015,33742.704605088,52.916697391481435,0.0001995219616674484,2456.36,1,0.0016817808021744106
2026-08-30 05:00:00+00:00,2455.86,2460.0,2455.11,2456.36,3102.5747,0.0001995219616675037,0.0005661983649496438,-0.0010532951056343443,0.0011616011347008737,0.008589823604769675,0.00019950205980810454,-2.5899999999996908,2.849999999999909,-0.7899999999995089,-4.071876768623527e-06,2456.7628571428572,-0.00016397884789150886,2454.4249999999997,0.0007883720219601789,2449.1085714285714,0.0029608440622115803,2456.5098000000003,-6.098082735109795e-05,2455.0756698529012,0.0005231326117028923,2452.327266827739,0.0016444514673100777,2457.0147882603114,-0.0002664974844431697,2455.4921904761904,2450.2868839279854,0.002478532661561902,0.5018855218246917,71.73913039713688,1.5244870035971871,-0.015354572877243622,1.5398415764744309,50.576676631757586,57.652691598385616,72.65488638905767,0.22931849155757253,-49.42332336397073,7.7199999999999624,0.003142861795500993,0.023822838890465235,0.03311756404845806,0.03598446110662244,-0.5549105695915824,4589.686739999999,0.6759883355349268,35979.53780000001,33955.73633793677,58.75157281254161,0.001917471380416566,2461.07,2,0.002082344156056318
2026-08-30 06:00:00+00:00,2456.35,2461.52,2455.01,2461.07,3315.4443,0.0019174713804166466,0.0015953441995808504,0.00191339252637035,0.003363475509821301,0.01082259972399302,0.0019156353787817073,4.700000000000273,8.25,7.289999999999964,-4.071064502033174e-06,2457.2485714285713,0.0015551656498494478,2455.1457142857143,0.0024130077819055147,2450.3290476190473,0.0043834734732403945,2456.0076,0.0020612314066121747,2456.2745358823213,0.0019523323014682228,2453.12206075249,0.00323992816120563,2457.1738161716717,0.0015856362308130296,2456.3781904761904,2451.082289725514,0.0040748163847247635,0.6507744106955619,70.04370278185766,1.9717362461810808,0.38206359093442127,1.5896726552466596,69.3202146659527,58.35472584700407,92.41064263986985,0.3514852494443039,-30.679785329575022,7.238571428571374,0.002941229395575271,0.02422212113843481,0.03303481651437327,0.03563382339134088,0.06861062845642363,4613.43056,0.7186505263014691,39294.982100000016,34464.23593432374,55.05751228071372,-0.0023526352358933162,2455.28,0,0.001878299901422256
2026-08-30 07:00:00+00:00,2461.07,2461.29,2455.0,2455.28,3413.3024,-0.0023526352358933522,-0.00024024072935446839,0.00012627445549240335,0.0015541695390930421,0.00796840553888356,-0.0023554070303708867,0.3100000000004002,3.8100000000004,-4.389999999999873,0.0,2456.7242857142855,-0.0005878908441957429,2455.4700000000003,-7.737826159553045e-05,2451.308095238095,0.0016203205013760903,2455.2468,1.3522062222132944e-05,2456.075628705857,-0.0003239430808064226,2453.318237047718,0.000799636558623636,2457.099548870822,-0.0007405271274651711,2456.3960952380953,2451.6756382992407,0.001470162546974761,0.23764309761432892,57.389322890512965,1.8377949263112896,0.6732098580097949,1.1645850683014947,43.3497536926414,54.415548330117225,65.45816210875138,0.07214154415507824,-56.65024630288031,6.982857142857093,0.002844016626557561,0.02631151519649314,0.033209830457885954,0.03549566866996609,0.02951583291566684,4669.5062,0.7309771641376702,35881.679700000015,34599.230578673865,59.51909337067217,0.0006435111270404707,2456.86,1,0.00196741378970766
2026-08-30 08:00:00+00:00,2455.28,2459.9,2454.72,2456.86,2614.3275,0.0006435111270404192,0.0002035532250972416,-0.00011802291272411392,0.0017205949507470564,0.00925511331660056,0.0006433041625396531,-0.2899999999999636,4.220000000000255,-0.6000000000003638,0.0,2456.7942857142857,2.674798052751429e-05,2455.7850000000003,0.00043774190330154317,2452.3076190476195,0.0018563661903667516,2454.324,0.0010332784098590997,2456.232502964686,0.00025547135076040874,2453.6402154979255,0.0013122480149029931,2457.0901547974568,-9.366965921342564e-05,2456.5814285714287,2452.2273619039725,0.0018891552096657496,-0.04437710437168956,57.208237960087914,1.837951499902374,0.9061581863883108,0.9317933135140632,41.273209546883315,51.314392635159145,60.391316883042,0.16470837648087983,-58.72679044781164,6.622142857142827,0.0026953684203170434,0.02603712023849127,0.03312321866189028,0.03538270310838839,-0.2340767990553665,4684.913914999999,0.5580310646966161,38496.007200000015,34970.35216165731,49.61996675214855,-0.001351318349437967,2453.54,1,0.002018656339787355
2026-08-30 09:00:00+00:00,2456.87,2458.24,2451.79,2453.54,3814.7488,-0.0013513183494379133,-0.003059644788648952,-0.0009487472871120284,-0.001680453437605589,0.007353333634418924,-0.0013522322034432432,-2.3299999999999272,-4.130000000000109,-2.0399999999999636,4.070235992184927e-06,2456.59,-0.0012415584204116031,2455.7871428571425,-0.0009150397515833644,2453.2223809523807,0.00012947014102154556,2453.4652,3.0487491732035903e-05,2455.694002371749,-0.000877146081583314,2453.631104998114,-3.713068273731641e-05,2456.9509330406936,-0.0013882788601198952,2456.2820952380953,2453.4139476738687,5.1378335992053626e-05,-0.21185185182613633,50.04566207912779,1.552285550437773,1.0353836591982033,0.5169018912395698,23.660477452326013,36.09448023061692,7.3025202577824295,0.08443913243887625,-76.33952254236895,6.568571428571366,0.0026771813088715445,0.026816356307556764,0.033401936118602885,0.03563809227834434,0.45917020725215196,4587.54393,0.8315449090422482,34681.25840000001,34942.81942245185,41.98705393706752,0.0025025065823258935,2459.68,2,0.0014218437966745639
2026-08-30 10:00:00+00:00,2453.54,2459.8,2452.5,2459.68,3869.6043,0.0025025065823258696,0.001792056303150602,0.0013515934146459685,0.0002968746822831214,0.004533239673606637,0.0024993805269585023,3.319999999999709,0.7300000000000182,5.649999999999636,0.0,2456.9514285714286,0.0011105516359990386,2456.2771428571427,0.0013853718228625906,2454.367619047619,0.002164460169353151,2452.8978,0.0027649745537693753,2456.491201897399,0.0012981109397568176,2454.18100454374,0.002240664175167409,2457.057955274392,0.001067148098797657,2456.8011428571426,2454.257574217937,0.0022093955577537744,0.14323232321497384,58.95561355547245,1.8005839028469381,1.1884237079279503,0.6121601949189879,56.233421747679714,40.389036248963016,60.872301122265796,0.2870376410723585,-43.76657824701525,6.622857142857096,0.0026925686035803044,0.02119993917760122,0.030338049543387178,0.033253626334415184,0.014379845928518264,4410.152985,0.8774308540226575,38550.86270000001,35286.442591742154,48.35917753724117,0.0002967865738632742,2460.41,1,0.0013852757605518431
2026-08-30 11:00:00+00:00,2459.68,2461.81,2456.51,2460.41,4487.7731,0.00029678657386322804,0.0014449337772604043,-0.0002681760372522657,0.0016447033630926366,0.006401446358742735,0.00029674254143995457,-0.6600000000003092,4.039999999999964,-3.980000000000018,0.0,2457.6,0.001143391927082846,2456.9157142857143,0.001422224496333598,2454.9309523809525,0.0022318540624253437,2452.3144,0.0033012080343353804,2457.2749615179196,0.0012758191619477632,2454.7472768579455,0.002306845676309406,2457.1894080087295,0.001310681211945704,2457.35219047619,2455.0089471076085,0.0022000135269374327,0.34161616157474756,61.86305730185539,2.0328337925939195,1.3573057248611442,0.6755280677327753,59.48275861748474,46.45888593916349,112.26325687921184,0.11148770990404192,-40.51724137712732,6.643571428571347,0.002700188760640969,0.020121034758473388,0.02981428048313315,0.032766227339253794,0.15974987416672048,4404.80258,1.018836376544027,43038.63580000001,36024.74670681433,54.67234345305234,0.0036823131104165344,2469.47,2,0.007826159744060828
2026-08-30 12:00:00+00:00,2460.42,2473.3,2458.73,2469.47,13608.0752,0.0036823131104164464,0.0064926595857413005,0.0057793815776610025,0.005906385821415228,0.007543921207027404,0.003675549993020757,14.1899999999996,14.5,14.849999999999909,4.06436325661748e-06,2459.472857142857,0.004064750228125103,2458.1178571428572,0.004618225616868047,2456.107619047619,0.0054404704617774646,2451.5726,0.007300375277482108,2459.7139692143355,0.003966327348531714,2456.085706234496,0.00544944084464319,2457.670999851525,0.004800886753834423,2459.026095238095,2457.161339304359,0.005009300976190874,0.9309764308635516,68.46609609483124,2.914364802594264,1.6687175404077683,1.2456472621864956,82.39080459391131,66.03566165302526,271.068480641211,0.427824884605043,-17.609195401490986,7.407142857142779,0.0029994868765928643,0.022098153506561344,0.030244627658892256,0.032792884277604184,2.0322556191622074,4644.908045,2.9296759092239615,56646.71100000001,37988.74330616534,62.79621582299183,0.0024782645668910116,2475.59,2,0.010354595991885042
2026-08-30 13:00:00+00:00,2469.47,2478.44,2460.87,2475.59,9825.3635,0.002478264566891042,0.006468321082417461,0.007623552013545698,0.007504629347007796,0.010139794511045741,0.00247519873351206,18.730000000000018,18.440000000000055,4.540000000000418,0.0,2461.5471428571427,0.005704890594356863,2459.397857142857,0.006583783428984272,2457.2795238095237,0.007451523529599224,2450.9824,0.010039892575316019,2462.8891753714684,0.005156880283340811,2457.8588238495417,0.007214074290353382,2458.3737057397,0.007003123333160095,2461.355714285715,2459.2189332709863,0.0066570188231399735,1.857441077215914,69.20274322827154,4.06001599501451,2.1469772313291164,1.9130387636853934,89.40126440723714,77.09160920621106,304.14112161042596,0.7824554118472555,-10.598735589044013,8.15285714285707,0.003293298624915182,0.023227405252950334,0.03272659919568928,0.035528462153515,-0.27797551412708243,4735.678845,2.0747529174981296,66472.07450000002,40701.44151510198,65.84654362235582,0.0006180344887480339,2477.12,1,0.010363251941614316
2026-08-30 14:00:00+00:00,2475.58,2479.71,2470.91,2477.12,11082.9787,0.0006180344887480871,0.006791551001662288,0.009610603454600186,0.008652738133533067,0.010059328426675451,0.0006178435840865062,23.579999999999927,21.25,4.849999999999909,-4.039441103015539e-06,2464.667142857143,0.005052551286262499,2460.695714285714,0.006674651245550996,2458.535714285714,0.007559087145365085,2450.5425999999998,0.010845516417461702,2465.735340297175,0.0046171458537185624,2459.6098398632193,0.0071190803732299164,2459.108854534222,0.007324257091165757,2463.7186666666666,2461.81720510505,0.006216056522478715,2.5334680131608915,69.36687271432216,5.0333892540902525,2.724259635881344,2.3091296182089085,90.80255681495673,87.53154193870172,271.95528149175266,0.9022513513399786,-9.197443181492131,7.824285714285679,0.003158621994203963,0.023220380608619563,0.03239260244655309,0.035108487692688074,0.1279968115174568,4862.87213,2.279101404214328,77555.05320000002,44211.309294616076,68.34848334502983,0.001610741506265436,2481.11,2,0.010646416879407742
2026-08-30 15:00:00+00:00,2477.13,2484.0,2471.86,2481.11,9469.9076,0.0016107415062653896,0.004713562019380779,0.008712515449164293,0.010075884642316346,0.01124918993605073,0.0016094456535013203,21.43000000000029,24.75,-2.149999999999636,4.036946131077316e-06,2468.1314285714284,0.005258460420026566,2462.4628571428575,0.007572558019726207,2459.900476190476,0.00862210646926718,2449.9813999999997,0.01270564747960444,2468.8102722377403,0.0049820465754569125,2461.564399875654,0.007940316379829608,2459.9716445524878,0.008592926464950865,2466.4405714285713,2463.6683358640425,0.0070795503932283435,3.2014141410260715,75.60016554100956,6.056933667849989,3.390794442275073,2.6661392255749163,91.09399075220085,90.43260399146492,231.79796756039943,0.9751134444372662,-8.9060092447175,8.152857142857101,0.0032859716589969065,0.023548197684522487,0.03345567386389191,0.03630444434350776,-0.14554490662334296,5141.490265,1.8418604552192335,87024.96080000003,48288.79991417645,75.58840413375155,0.019414697453962165,2529.28,2,0.011162615476113432
2026-08-30 16:00:00+00:00,2481.11,2534.98,2479.28,2529.28,40675.3274,0.019414697453962182,0.021687759281625807,0.027991269747725145,0.02771558712267419,0.031172283331023065,0.0192286365694891,68.87000000000035,68.21000000000004,47.440000000000055,0.0,2478.9514285714286,0.020302362865396974,2467.7707142857143,0.02492504079013051,2463.5085714285715,0.026698274702272144,2450.307,0.03222983895486083,2480.9042177901924,0.019499254289179237,2467.720363523322,0.02494595310984136,2462.6896192759195,0.02703969684317447,2475.349523809524,2478.505978452342,0.020485736967777158,6.804309763485003,89.07350929385792,10.632452126859334,4.839125979191926,5.7933261476674085,93.16792520564364,91.68815759093376,365.9713006317512,2.9891647359172278,-6.832074793157747,11.746428571428526,0.004644178806389123,0.07072940590892775,0.05770857659481944,0.050831587767820804,3.2952190367728615,7049.20657,5.770199382878097,127700.28820000004,55851.79879854061,86.10014236983173,-0.009310950151821934,2505.73,0,0.004083280396355609
2026-08-30 17:00:00+00:00,2529.27,2529.27,2494.36,2505.73,17579.3243,-0.009310950151821928,0.011549702880764734,0.014683312613637867,0.020547554657717182,0.02213365858036198,-0.009354568008439744,36.26000000000022,50.44999999999982,-32.61000000000013,-3.953694332068543e-06,2485.5299999999997,0.008127039303485432,2471.240714285714,0.013956263149476587,2466.028095238095,0.016099534647862877,2450.9838,0.02233641854343456,2485.8693742321543,0.007989408443463505,2471.1757850212016,0.013982904489527435,2464.3774773435307,0.016780108987616775,2480.4107619047622,2482.41488921744,0.009392108822671727,7.632390571465451,70.85694658258612,12.217460012102038,6.314792785773949,5.902667226328089,64.94066882338552,83.06752826041001,237.5016616355605,2.009884544609902,-35.05933117541588,13.772857142857122,0.0054965447765128825,0.08035345679162856,0.06472370105568033,0.057882765941986825,-0.5678135758533562,7814.921955,2.2494561559569344,110120.96390000003,61020.29071296531,74.33482362928311,0.001959508805817009,2510.64,2,0.0028208543248292575
2026-08-30 18:00:00+00:00,2505.73,2517.54,2496.59,2510.64,8012.3212,0.0019595088058170784,0.01190193099056458,0.01415824106576613,0.021889729166497007,0.023647987474721077,0.0019575914727158685,35.04999999999973,53.779999999999745,-1.2100000000004911,0.0,2492.7057142857143,0.0071947063833074495,2475.152857142857,0.01433735405662675,2468.845714285714,0.016928674591705172,2452.3508,0.023768703890151417,2490.8234993857236,0.007955802817484006,2474.7634409283646,0.01449696503442862,2466.1916939182943,0.0180230540031817,2485.6639999999998,2484.04127454867,0.010707843594970788,8.195622894629507,72.80373052694424,13.711725904960531,7.7941794096112655,5.917546495349265,70.74167568132282,76.283423236784,179.0855095967136,2.0141645706940303,-29.25832431747511,14.75499999999998,0.005876987541023047,0.0803715698583915,0.06704560820476692,0.06129449924176928,-0.5442190460073599,8122.345345,0.9864541409743535,118133.28510000004,66459.62351173052,73.67481820357668,-0.0027124557881655458,2503.83,0,0.007989592725989689
2026-08-30 19:00:00+00:00,2510.64,2513.33,2496.25,2503.83,5231.1648,-0.002712455788165591,-0.010062152074898911,0.010782683115876601,0.020496914662080146,0.018782017113770255,-0.0027161411621515297,26.710000000000036,50.289999999999964,-8.33999999999969,0.0,2497.6142857142854,0.0024886606075503006,2478.5435714285713,0.010202131954793078,2471.2833333333333,0.013169945439948254,2453.5516000000002,0.020492089915687607,2493.424799508579,0.004173055667637384,2477.4058553894224,0.010666053990743172,2467.6677059214985,0.014654442326943172,2489.4876190476193,2485.3630121347373,0.007430298018877096,7.375892254998225,68.7762044065906,14.182940198169035,9.071931567322821,5.111008630846214,62.55559562372205,66.07931337614347,133.85054786958278,1.9773712163166706,-37.44440437507588,15.625714285714269,0.006240724923700103,0.08145927910259054,0.06832371164874183,0.06309888974620949,-0.3471099486126443,8183.80769,0.6392091552189639,112902.12030000004,70882.71844394667,70.25814785193003,-0.005200033548603532,2490.81,0,0.009633387285711704
2026-08-30 20:00:00+00:00,2503.82,2508.6,2485.28,2490.81,9747.1558,-0.005200033548603544,-0.0059543526237862965,0.003909540487926799,0.012656117868991235,0.012956749832245595,-0.005213600776856199,9.699999999999818,31.13000000000011,-17.01000000000022,-3.9938813736394e-06,2499.7885714285717,-0.0035917323293613995,2480.667857142857,0.004088472718318781,2472.861428571429,0.007258219656461992,2454.7942000000003,0.014671616871176001,2492.901839606863,-0.0008391183213183721,2478.624413990384,0.004916269661845792,2468.5752468657533,0.00900711986092712,2491.1231428571427,2486.730034562094,0.0016406949613342202,5.544579123907059,61.03770783213672,13.35186375896592,9.927918005651442,3.4239457533144773,46.904676042229724,60.06731578242488,83.19059764025657,1.3818451193794519,-53.09532395656821,16.82642857142855,0.006755404294756242,0.08433321943092593,0.07021268138537054,0.0649112587696648,0.8632859358588743,8396.703660000001,1.1608312255239026,103154.96450000003,73956.26568738032,64.79932547657421,-0.003713651382482004,2481.56,0,0.009620994944502248
2026-08-30 21:00:00+00:00,2490.82,2490.82,2460.18,2481.56,17580.4918,-0.0037136513824820305,-0.01158270401172612,-0.01886702935222684,0.008596128287561955,0.010254969731758656,-0.003720564105379525,-47.720000000000255,21.15000000000009,-57.42000000000007,4.014758251417918e-06,2500.422857142857,-0.007543866865944227,2482.5449999999996,-0.0003967702498844033,2473.9380952380952,0.0030808793383199397,2455.7116,0.01052582884732447,2490.633471685491,-0.003643037720579138,2478.891285445803,0.0010765758748132637,2469.084452871018,0.005052701666186576,2491.2420952380953,2486.5542770131806,-0.002008513169950866,2.7874747471368657,59.509335643123855,11.810685765186463,10.304471557558447,1.506214207628016,35.785551147544304,48.415274271165366,14.593932828553905,1.1420233621619602,-64.21444885125362,18.56571428571429,0.007481469029846874,0.08556954174434171,0.0747210819357528,0.07111331812327831,0.8036535129560562,9059.22987,1.9406165923901058,85574.47270000003,75062.76159334411,58.994341505470636,-0.004404487499798448,2470.63,0,0.0097560256612532
2026-08-30 22:00:00+00:00,2481.57,2488.77,2460.4,2470.63,11884.6268,-0.004404487499798493,-0.013259686160801532,-0.014007893907164726,0.00046973642117542624,0.0063788966871287656,-0.00441421583091772,-35.09999999999991,1.1600000000003092,12.620000000000346,4.029723238694309e-06,2498.925714285714,-0.011323151434211653,2483.5285714285715,-0.00519364728755533,2474.617142857143,-0.0016112160495815873,2456.572,0.005722608578130122,2486.6327773483927,-0.006435520955953374,2478.1402594961846,-0.003030603077207725,2469.145062562351,0.000601397406804212,2489.653428571429,2486.2673681314645,-0.006289495784683159,-0.24579124576146516,54.666847415675875,9.59670658755067,10.162918563556893,-0.5662119760062225,22.646952758472967,35.11239331608234,-5.153922541896136,0.44517986079473026,-77.35304724032495,20.222142857142835,0.008185014695496554,0.08728506396528571,0.0784772537464237,0.07590388661672424,-0.3239878078951125,9484.912355,1.253003333629512,73689.84590000003,74932.00771778754,55.733357385881156,-0.021755584607974485,2416.88,0,0.011052263909307228
2026-08-30 23:00:00+00:00,2470.62,2470.62,2387.28,2416.88,65409.5221,-0.021755584607974443,-0.029681107752096647,-0.03734505942707822,-0.02371555871529618,-0.016388905846203894,-0.02199572668171501,-93.75999999999976,-58.710000000000036,-58.659999999999854,-4.04755062482615e-06,2482.868571428571,-0.026577553152793965,2480.91,-0.025809078120517852,2472.8033333333333,-0.022615358277573185,2456.4116,-0.01609323128093993,2472.6822218787142,-0.022567486183604178,2472.571144996531,-0.02252357636268807,2467.0954522657885,-0.020354077593410496,2480.7669523809523,2470.7185394707153,-0.021790640500162703,-6.098922558183292,40.740553644320265,3.464994051368194,8.823333661119154,-5.35833960975096,20.04062288408906,26.157708930035454,-176.73446213375442,-1.7692173255669605,-79.95937711523389,25.714999999999982,0.0106397504220273,0.11724030830569566,0.10713290125823532,0.1038490845508315,4.503708547246936,12584.73557,5.197528524629525,8280.323800000027,68584.22829704586,41.00566566100481,0.004704412300155527,2428.25,2,0.004932654196373298
2026-08-31 00:00:00+00:00,2416.89,2441.9,2406.53,2428.25,21801.4593,0.004704412300155614,-0.021482454585019073,-0.030185755422692417,-0.019728555742152154,-0.011246523635208616,0.004693381135844872,-75.57999999999993,-48.86999999999989,18.179999999999836,4.1375657871964656e-06,2471.7999999999997,-0.017618739380201517,2478.665,-0.020339577958287877,2471.427142857143,-0.017470530329779237,2456.1364,-0.011353766834768832,2463.7957775029713,-0.014427241830482442,2468.541949996846,-0.016322165396817055,2465.5721011965416,-0.015137298632805753,2473.745619047619,2467.4255270485323,-0.015877085901505265,-10.358922557666938,42.265859537419594,-0.4715327966541736,6.964360369564489,-7.435893166218663,27.73865944463268,23.47541169573158,-157.11212675434373,-1.6691840759346384,-72.26134055469028,27.719999999999963,0.011415628539066632,0.11886124422801879,0.11138143710785554,0.10938873151336913,-0.6666928820138864,13326.274679999999,1.6359755313101774,30081.783100000026,64917.328754470065,45.21285621416819,-0.006300833933903092,2412.95,0,0.00571110748856337
2026-08-31 01:00:00+00:00,2428.24,2430.75,2409.49,2412.95,17449.6471,-0.006300833933903127,-0.023346272003497148,-0.03125890774487017,-0.027471575222380418,-0.017672491002947543,-0.00632076796616692,-77.86000000000013,-68.16000000000031,-2.2800000000002,-4.118192113750298e-06,2457.844285714286,-0.01826571600780676,2475.275,-0.025179020512862246,2469.3833333333337,-0.02285320896579213,2455.5394,-0.01734421365830373,2453.626622002377,-0.016578162968074198,2463.488136360769,-0.020514868983865786,2463.5084893849125,-0.02052296129798019,2464.983619047619,2464.451546659765,-0.02089777205380553,-14.592457910689141,39.102681849065775,-4.770845480470598,4.617319199557472,-9.38816468002807,17.379823967383786,21.719702098701855,-160.88269886658458,-2.530305906873716,-82.62017603193918,28.859999999999996,0.011960463333259305,0.12055337959652883,0.11286513183396124,0.11060347705591428,-0.1996110508070439,14043.6283,1.2425312552596366,12632.136000000028,59937.786587377675,41.28337321812276,-0.002092873868086669,2407.9,0,0.00422531729276403
2026-08-31 02:00:00+00:00,2412.95,2425.31,2401.35,2407.9,9595.3566,-0.002092873868086653,-0.0037155340769918777,-0.029682941375586247,-0.04798994180161942,-0.02160442409196006,-0.0020950669890852022,-73.65999999999985,-121.38000000000011,4.200000000000273,0.0,2444.14,-0.014827301218418321,2470.8771428571426,-0.02548776779095333,2467.0757142857146,-0.02398617680966615,2454.848,-0.019124605678225593,2444.481297601902,-0.014964850677227175,2458.434669418881,-0.020555628362825602,2461.3277643109946,-0.021706887268599484,2456.000285714286,2462.7434441977757,-0.02226924786947034,-14.645925924150653,35.597660816381975,-8.487733247216056,1.9963087102027668,-10.484041957418823,13.96073121182147,19.693071541279323,-155.44501330935836,-2.7943741118707153,-86.03926878750148,29.530714285714275,0.012264094973089418,0.12016614718630536,0.1146935934120105,0.11316587408241267,-0.45011171028209507,14357.623914999998,0.6683109027514412,3036.7794000000285,54518.64304572267,36.62978261358053,0.005415507288508644,2420.94,2,0.0036759149828432566
2026-08-31 03:00:00+00:00,2407.91,2424.24,2405.03,2420.94,6133.5769,0.005415507288508703,-0.0030103984350869917,-0.02011227905433033,-0.033838442290270665,-0.013986184875044883,0.005400896156303733,-49.690000000000055,-84.78999999999996,23.9699999999998,4.1529963867932134e-06,2434.1585714285716,-0.005430447951798107,2466.9735714285716,-0.01865993700203925,2465.164761904762,-0.01793988076909429,2454.3912,-0.013629123181335698,2439.773038081522,-0.007719176246132802,2455.0260631080737,-0.013884196025563428,2459.743930416446,-0.01577559758826618,2449.342,2461.8353542826067,-0.016611734091578654,-14.018787877088615,37.61725653452372,-10.262870577318154,-0.4555271473014175,-9.807343430016736,22.78943804994719,18.04333107638416,-123.65424291136199,-2.425124238747005,-77.21056194937577,29.647857142857088,0.012246423762193545,0.12220778649636904,0.11581234540690344,0.11423333664609599,-0.36077655519337337,14493.63764,0.42319099265128146,9170.356300000029,50199.75859374908,35.66183205624671,-0.0013465843845779813,2417.68,1,0.0033486979834111735
2026-08-31 04:00:00+00:00,2420.94,2421.29,2411.34,2417.68,8318.9572,-0.00134658438457802,0.0019602561180298572,0.00033100526298346367,-0.0370264155753115,-0.015947184617764232,-0.0013474918440690832,0.7999999999997272,-92.96000000000004,50.48999999999978,0.0,2425.032857142857,-0.0030320649558197676,2462.7278571428574,-0.01829185348766131,2463.3742857142856,-0.01854946931096085,2453.9701999999997,-0.014788362140658892,2435.354430465218,-0.007257436635962016,2451.6309664618852,-0.013848318497489243,2458.094364517762,-0.016441339722803743,2442.769523809524,2460.6083529364996,-0.01744623555603697,-12.083569022104351,36.63669064517574,-11.796748877799018,-2.723771493400938,-9.07297738439808,20.58226134041561,19.1108102007281,-109.10255238809503,-4.4123228744921965,-79.41773865890735,29.729999999999922,0.012296912742789629,0.1221269793083026,0.11605759165565792,0.11454808466662152,0.35629785614981047,14778.869124999997,0.5628953832419461,851.3991000000278,45499.91483243965,34.890783861145394,0.007573376129181673,2435.99,2,0.003002120652812796
2026-08-31 05:00:00+00:00,2417.67,2441.93,2414.1,2435.99,12360.5113,0.00757337612918163,0.011665766850782688,0.0031874806959744095,-0.027094491239421314,-0.007152930052088058,0.007544842091627151,7.739999999999782,-67.84000000000015,6.940000000000055,-4.136196684325219e-06,2420.0842857142857,0.006572380300801376,2459.505,-0.00956086692240543,2462.380476190476,-0.010717464845763454,2453.9854,-0.007333132462806385,2435.481544372174,0.0002087700598677948,2450.209060419895,-0.0058032029387128595,2457.227526693536,-0.008642881647229945,2439.204476190476,2459.4680276026893,-0.00954597796726174,-8.291111110106145,40.46975329263858,-11.403442715751225,-4.459705737870996,-6.94373697788023,32.979011509593676,25.45023696665217,-70.25942258103862,-2.783220857792835,-67.02098848972928,30.85071428571421,0.012664548822327494,0.1256273261918666,0.11846964290131545,0.11677781862510454,0.4858246055166624,15206.157249999998,0.8128622568334408,13211.910400000028,42424.86679125493,35.582074426333236,0.0010960636127406405,2438.66,1,0.0013886780292736965
2026-08-31 06:00:00+00:00,2436.0,2444.83,2431.32,2438.66,9080.2755,0.0010960636127406165,0.007319470949300522,0.010655007356140889,-0.020936964280695913,-0.008545827099460057,0.0010954633735791944,25.710000000000036,-52.15000000000009,17.970000000000255,4.105107163910432e-06,2423.195714285714,0.0063817733017235085,2453.032142857143,-0.005858929691967807,2461.671904761905,-0.009348079537886845,2453.9496000000004,-0.0062306088111973796,2436.1172354977393,0.001043777559309436,2449.159145836268,-0.004286836914666521,2456.4993883918287,-0.0072621179863188575,2436.425142857143,2458.8725617934024,-0.0082202559447213,-4.387609427077623,26.30477983281932,-10.75235164616106,-5.718234919529008,-5.0341167266320515,36.185646876285574,29.915639908764962,-49.255088983217334,-2.866998056271363,-63.81435312301016,27.837142857142776,0.011414933962557865,0.1253056636372706,0.11888840925522597,0.11747110940195045,-0.2653802678858439,15466.69081,0.5870858615812345,22292.185900000026,40507.46861113542,25.995908416136672,0.0007053053726227743,2440.38,1,0.00281600604894948
2026-08-31 07:00:00+00:00,2438.66,2446.6,2436.17,2440.38,7598.4676,0.0007053053726226999,0.009389166473644295,0.013488932264628994,-0.01659440029658754,-0.008140919602830365,0.0007050567616792625,32.48000000000002,-41.179999999999836,6.769999999999982,0.0,2424.9285714285716,0.006371910807384916,2448.3642857142854,-0.0032610693436710995,2460.7528571428575,-0.0082791155087812,2453.9847999999997,-0.005543962619488952,2436.9697883981917,0.0013993655637596384,2448.3610416693346,-0.0032597486781972213,2455.8672555137177,-0.0063062266410941255,2434.7381904761905,2458.429014166544,-0.007341686118464454,-0.36269360264965905,30.710195404510657,-9.982495661197845,-6.571087067862775,-3.4114085933350697,40.76462459664699,36.643094327508756,-39.86555311815564,-2.5341177316341157,-59.23537540258532,26.087857142857047,0.010690079882168496,0.12534415109013117,0.11914817907739535,0.11782695660792025,-0.16318975123607204,15622.225535,0.4863882923067474,29890.653500000026,39496.34336245585,30.90788409866491,0.0023602881518451076,2446.14,2,0.0028956270871420323
2026-08-31 08:00:00+00:00,2440.38,2449.69,2433.56,2446.14,10074.9945,0.0023602881518451913,0.004166683771279933,0.01040917990532586,-0.009912451479986983,-0.00944737129829476,0.0023575070470447964,25.199999999999818,-24.490000000000236,-7.2800000000002,0.0,2429.6699999999996,0.00677869834174743,2443.7571428571428,0.0009750793567278144,2460.0733333333333,-0.005663787800361397,2454.2043999999996,-0.003285952873361512,2438.8038307185534,0.0030081014262151556,2448.1591287903043,-0.0008247539004138582,2455.48579451318,-0.0038060877949526186,2434.4416190476186,2457.545135846223,-0.004640865260157714,3.7562962958409716,31.056156012483612,-8.806084326412929,-7.018086519572806,-1.7879978068401225,46.69575565214823,41.21534237502694,-32.45948785917533,-1.793392510869241,-53.304244347058436,25.743571428571354,0.010524161098122278,0.12486294586316522,0.11931463654071811,0.11822342330077733,0.3259245193070246,15445.5715,0.652290172623224,39965.64800000003,39541.03904222197,35.39478783526587,0.00022893211345219222,2446.7,1,0.0036118324847618424
2026-08-31 09:00:00+00:00,2446.15,2456.7,2443.03,2446.7,9353.1135,0.00022893211345209608,0.0032968925557477213,0.01200324277820064,0.012338221177716546,-0.01166994534636201,0.00022890591249456204,29.019999999999982,29.81999999999971,3.8200000000001637,4.088073454591394e-06,2435.212857142857,0.004717100118556159,2439.6764285714285,0.0028788946543543015,2458.9890476190476,-0.004997601608247028,2454.4102000000003,-0.0031413656934758906,2440.383064574843,0.002588501582744225,2448.0264807184585,-0.0005418571771612753,2455.141253551879,-0.003438194661779066,2434.8340000000003,2456.831470421557,-0.004123795442841031,4.2575757570596755,32.58125495178885,-7.739367932192181,-7.162342802096682,-0.5770251300954987,48.97790965999834,45.47942996959787,-18.460682842925003,-1.4047615209781783,-51.022090339177396,25.499999999999904,0.010422201332402617,0.12441897036161,0.11894309682460685,0.11782883375696684,-0.0716507587175359,15421.958999999999,0.6064802467701667,49318.76150000003,40472.2507048675,39.08063563210484,0.0036498140352312467,2455.63,2,0.006393503991218144
2026-08-31 10:00:00+00:00,2446.71,2456.9,2440.82,2455.63,12876.5817,0.003649814035231236,0.006249026790909662,0.008062430469747639,0.011275610007206893,-0.00867539723549915,0.0036431696263155597,19.640000000000327,27.38000000000011,-9.379999999999654,4.08713777750202e-06,2440.1685714285713,0.006336213306103971,2437.1635714285717,0.007577016490771088,2458.0385714285712,-0.0009798753593888156,2454.8397999999997,0.0003218947321939486,2443.4324516598745,0.004991972801144803,2448.717709744053,0.0028228203800048056,2455.1604200792563,0.00019126241890479156,2436.961142857143,2455.9125765029316,-0.00011505967502059457,5.740673399977566,38.999374605716184,-6.103058871965459,-6.950486016070438,0.8474271441049792,66.01313501964438,53.89560011059698,-11.342897752526449,-0.6071325937106701,-33.9868649793898,24.98285714285706,0.010173705787454497,0.12526147282797984,0.11952391985069705,0.11837681660515303,0.3767160742783675,15511.639149999999,0.830123855737011,62195.34320000003,42541.116656784885,44.455816031618085,-0.003779070951242736,2446.35,0,0.006323604997074272
2026-08-31 11:00:00+00:00,2455.64,2458.02,2444.02,2446.35,7395.4931,-0.0037790709512427467,8.584954254464705e-05,0.003153371113644443,0.013841977662197857,-0.0140098584907562,-0.0037862296811267274,7.690000000000055,33.40000000000009,-11.950000000000273,4.07227473184456e-06,2444.2642857142855,0.0008533096432753558,2434.6485714285714,0.004806208464229288,2456.5733333333333,-0.004161623508082748,2455.058,-0.0035469630452708394,2444.0159613278997,0.0009550014030313765,2448.5024634036845,-0.0008790938281072999,2454.8149134094815,-0.0034482898744171583,2438.186,2455.0486168356338,-0.003543154614527411,5.159259258633888,38.9920590224105,-5.491784720825308,-6.658745757021412,1.1669610361961045,58.2027785983031,57.73127442598195,-12.204662806663313,1.2193406375156237,-41.797221400711585,23.79428571428561,0.009726443768992942,0.12557124981958062,0.11968774364232523,0.11836391610103993,-0.4256633264711861,15407.918425000002,0.4799800268931862,54799.85010000003,43708.615079948235,46.67750768042688,0.0021256157132054994,2451.55,2,0.005775742981900085
2026-08-31 12:00:00+00:00,2446.36,2464.27,2444.59,2451.55,13907.0494,0.0021256157132054643,0.001982261822046194,0.004577156016685846,0.018127829228788528,-0.03073206604251011,0.0021233597883792304,11.170000000000073,43.65000000000009,3.480000000000018,4.087722525482532e-06,2446.4871428571428,0.0020694395053892077,2433.285714285714,0.007506017730285281,2455.165714285714,-0.0014726966349658999,2455.3946,-0.0015657768409193106,2445.52276906232,0.0024645981685088247,2448.7795121851677,0.0011313749568082078,2454.686877589502,-0.001277913536809537,2440.439523809524,2446.374890229725,0.0021154197547322263,4.069090908597706,43.81322956800663,-4.535466970264679,-6.234089999670066,1.698623029405387,77.11783057262903,67.11124806352551,4.122268910744144,0.9595387624828821,-22.882169426171057,23.173571428571318,0.009452620353882998,0.10159127512406951,0.11123883716913573,0.11438107331890535,0.8804762862938782,14069.504525,0.9884533869183294,68706.89950000003,46089.40407233412,52.88893115998023,-0.004597091635903808,2440.28,0,0.0057826959740490905
2026-08-31 13:00:00+00:00,2451.55,2459.03,2437.05,2440.28,13172.5615,-0.004597091635903827,-0.006250941713531688,-0.002395611044339163,0.007988632514643212,-0.026120132655952477,-0.00460769075755531,-5.859999999999673,19.340000000000146,-17.029999999999745,0.0,2446.718571428571,-0.0026315128775962707,2434.957142857143,0.0021860167676746975,2450.927619047619,-0.004344322110887887,2455.4827999999998,-0.006191368964178197,2444.474215249856,-0.0017157944328840048,2448.0068292592437,-0.0031563756958874205,2454.1219019977566,-0.005640266682141125,2441.372095238095,2442.306502949253,-0.0008297496431365189,2.673939393615322,60.4726100890922,-4.633560277144625,-5.913984055164978,1.280423778020353,61.87221868941756,65.73094262011656,-9.553746476357984,1.132638471579977,-38.12778130899313,18.7899999999999,0.007699936072906469,0.09812777860732298,0.10891548810635157,0.1126773185737998,-0.05281407140180294,13849.166384999999,0.951144721191755,55534.33800000003,46988.921589254685,70.14553015413445,0.011179045027619676,2467.56,2,0.004627552753507203
2026-08-31 14:00:00+00:00,2440.29,2475.0,2437.75,2467.56,24090.3456,0.011179045027619683,0.00867005947636268,0.008525769403686656,0.020631349061910553,-0.01715897141764644,0.011117021319566916,20.860000000000127,49.88000000000011,26.7199999999998,4.0978904059203996e-06,2450.6014285714286,0.006920167119322352,2437.765,0.01222226096444401,2449.11,0.007533348849170631,2456.1474,0.004646545235841898,2449.091372199885,0.007541012152404127,2449.7843902356763,0.007255989480203345,2454.648886233139,0.005259861742046922,2445.7191428571427,2441.9663622256635,0.010480749518187202,2.4301683498738154,65.3999843225291,-2.4814275657008693,-5.227472757272157,2.7460451915712873,89.8981670048893,76.29607208897863,46.91667562279977,2.477677644419414,-10.101832993752922,18.92428571428562,0.007669230217007064,0.10722980376067444,0.11220676917584067,0.11455410572685835,0.8288277188912727,14653.067604999998,1.6440479392709633,79624.68360000003,50097.08939980186,70.62952992766968,4.863103632733991e-05,2467.68,1,0.0009537745331124421
2026-08-31 15:00:00+00:00,2467.57,2478.09,2458.28,2467.68,15473.6501,4.8631036327240196e-05,0.0065795109216617575,0.004907091051990609,0.013009084602153553,-0.014437881166053601,4.8629853876728775e-05,12.049999999999727,31.690000000000055,-8.8100000000004,4.052586360702162e-06,2453.6785714285716,0.00570630103488686,2441.674285714286,0.01065077125063619,2447.0642857142857,0.008424672128990719,2456.7884,0.004433267431576725,2452.809097759908,0.0060628045833925216,2451.411263850615,0.006636477685031027,2455.1599103024278,0.005099500706666697,2449.7078095238094,2442.2173530036703,0.010426036390660628,2.8781818178329557,74.33526010635217,-0.7574326770691187,-4.333464741231549,3.5760320641624306,86.4347146196708,79.40170010465921,88.42351838341088,1.9306550348203788,-13.565285379026093,18.82071428571417,0.007626886097754387,0.10703916237846375,0.11256910154979542,0.11520176401229408,-0.3576825190917975,15165.19187,1.020339883111481,95098.33370000003,54382.92219029692,81.15176612196692,0.0006159631718861367,2469.2,1,0.0024134691281243485
2026-08-31 16:00:00+00:00,2467.68,2477.24,2462.05,2469.2,11750.932,0.0006159631718860581,0.01185109905420667,0.009340445970527522,0.01252327097668382,-0.00867589258112833,0.0006157735444365192,22.84999999999991,30.539999999999964,10.800000000000182,0.0,2456.8928571428573,0.005009230590319497,2446.052857142857,0.009463059144261696,2445.4152380952382,0.00972626715259944,2457.2008,0.004883280194274258,2456.087278207927,0.005338866378411149,2453.028421682377,0.0065924952905866184,2455.710502055274,0.005493114083859022,2453.3779047619046,2441.5854784310877,0.011310077739586371,3.1892929289063368,78.1399191967133,0.7231608416827839,-3.322139624648683,4.045300466331467,87.83191896950635,88.05493353135547,106.3215781177738,2.130968531814743,-12.1680810291249,18.19428571428557,0.007368494133435203,0.10578342165886272,0.11156758937703531,0.11441376819013063,-0.2405843531385009,15265.380679999998,0.7697765451335755,106849.26570000003,59379.71681026864,87.28010959779606,0.0025190345051029706,2475.42,2,0.002561292963362013
2026-08-31 17:00:00+00:00,2469.19,2477.37,2461.26,2475.42,9600.1435,0.002519034505102935,0.0031853328794437807,0.009736697191572663,0.014358419590391636,-0.0024742500685052127,0.002515867055844846,23.86999999999989,35.039999999999964,1.0199999999999818,-4.049894702640322e-06,2459.7200000000003,0.00638284032328616,2449.944285714286,0.010398487195914493,2444.6823809523808,0.012573256668063448,2457.814,0.0071632759842661245,2459.953822566342,0.006287182016090402,2455.0640197112516,0.008291425447689267,2456.4834235433023,0.007708815078986143,2457.293523809524,2440.4217678539244,0.014341058831334035,3.593468013032445,76.67972574854518,2.371111195785943,-2.1834894605617583,4.554600656347701,95.99999999856168,90.08887786257962,117.03135894456854,1.618643754694564,-3.9999999999401834,17.972857142857006,0.007260528372094329,0.10551836010272142,0.10929106058248156,0.11149039545812355,-0.18303131189934552,14866.363264999998,0.6457627416249845,116449.40920000004,64814.92560929067,87.55999898136716,0.0009614530059545892,2477.8,1,0.002920712240932763
2026-08-31 18:00:00+00:00,2475.41,2489.89,2468.98,2477.8,12840.7312,0.0009614530059545157,0.004101017960189468,0.015375284803383238,0.012942840556959156,0.0029020937979382655,0.0009609911060528434,37.51999999999998,31.66000000000031,13.650000000000091,-4.039718512500601e-06,2464.2128571428575,0.005513786204691278,2454.238571428571,0.009600300820675645,2444.503333333333,0.013621035493230443,2458.3504,0.00791164676931021,2463.523058053074,0.005795335221340975,2457.130927010229,0.008411872872770584,2457.319367718075,0.008334542327290521,2461.0076190476193,2440.76912501352,0.015171805725893878,4.096632996136443,79.69768819288905,3.825076730245655,-0.9817762224002755,4.806852952645931,84.0480274431453,89.29331547040444,144.58103275524817,1.604979783979082,-15.951972555535262,18.755714285714152,0.007569502900034943,0.10432935062529428,0.10802976396426002,0.11018438192091976,0.33755617298845575,14914.168484999998,0.8609753344890646,129290.14040000003,70955.4222560249,87.91039936012939,0.0016304786504156765,2481.84,2,0.0028078905851272712
2026-08-31 19:00:00+00:00,2477.81,2489.95,2477.4,2481.84,12500.2288,0.0016304786504157676,0.005119066904260672,0.005787093322958903,0.014362202149834635,0.026877627354275013,0.001629150863190918,14.2800000000002,35.14000000000033,-23.23999999999978,4.035838243506132e-06,2468.54,0.005387800076156268,2457.5135714285716,0.009898797245411553,2445.037142857143,0.015052064648734228,2458.9724,0.009299657043727184,2467.1864464424593,0.005939378265742526,2459.3772063729352,0.009133529240186657,2458.2809611408957,0.009583542008217429,2464.68780952381,2447.1468766213065,0.014176968170614692,4.459730639190069,76.3657274172614,5.2429121007735375,0.2631614422344871,4.97975065853905,86.16749104407062,88.73850616192586,142.33146912356335,1.6989157426295514,-13.83250895422377,17.664285714285565,0.007117415189648989,0.0646293340427014,0.08022094260685023,0.08499674332394798,-0.026517368419019527,12268.70382,1.0188711850408807,141790.36920000004,77701.60767926063,87.93921189610253,-0.003714985655803861,2472.62,0,0.0028023043747216706
2026-08-31 20:00:00+00:00,2481.84,2487.0,2470.06,2472.62,5780.9663,-0.0037149856558038596,-0.0011311211834760249,0.002001880308629911,0.006918794769570136,0.018272418408318725,-0.0037219033530939416,4.940000000000055,16.98999999999978,-9.340000000000146,0.0,2473.16,-0.00021834414271609814,2459.9392857142857,0.005154889130536807,2447.6914285714283,0.010184523726142513,2459.3758,0.005385187574828827,2468.2731571539675,0.0017610866258589905,2460.5810967026687,0.00489270738260129,2458.8432763902724,0.005602928719372026,2466.7019999999998,2449.9402129084765,0.009257281860192642,4.452255891716224,68.16042779728063,5.558504916989932,1.3222301371855762,4.236274779804356,69.26760063718275,79.82770637479956,106.01935099825022,1.0825218507521726,-30.73239936104388,17.909285714285584,0.007243040060453423,0.06570829222751433,0.07536735864054983,0.07884905624680193,-0.5375311610296285,11467.67917,0.5041095250661338,136009.40290000004,83254.73103361676,84.21225773443427,0.002285025600375347,2478.27,2,0.0027579431058229716
2026-08-31 21:00:00+00:00,2472.63,2483.51,2467.64,2478.27,6285.542,0.0022850256003752456,0.0001896843974493745,0.003673254495383249,0.013048010301060842,0.027070598230382048,0.0022824188995416014,9.070000000000164,31.920000000000073,4.130000000000109,4.044293098096042e-06,2474.69,0.0014466458425089529,2462.6457142857143,0.006344512173896311,2450.073333333333,0.01150849906532961,2459.871,0.007479660518780215,2470.272525723174,0.0032374866309462617,2462.1891788206076,0.006531107080524411,2459.6051086886932,0.00758857234657888,2469.1460952380953,2453.2805751329465,0.01018612592474836,3.87097643050721,69.44472953944117,6.193131711267597,2.2964104520019806,3.8967212592656164,79.28710764179336,78.24073310768223,95.7488140464751,1.2903093963292298,-20.712892356433294,18.29785714285705,0.007383318662958301,0.06002706416912579,0.07427176525398535,0.07847827290707615,0.08728224207084545,10909.473914999999,0.5761544551985324,142294.94490000003,88877.60854470088,80.26696527488164,-0.0035589342565580683,2469.45,0,0.002421447637015284
2026-08-31 22:00:00+00:00,2478.27,2480.91,2467.72,2469.45,3865.5252,-0.003558934256558066,-0.004992263804274422,-0.002411711951911255,0.007301503130672238,0.025561692761327137,-0.003565282329136723,-5.970000000000255,17.899999999999636,-15.040000000000418,0.0,2474.942857142857,-0.002219387460604296,2464.3107142857143,0.0020854860892706275,2452.7638095238094,0.006803015606881094,2460.2036,0.003758388126899837,2470.1080205785393,-0.00026639344233417376,2462.8492534732795,0.0026801260846187717,2459.991182857764,0.0038450614002784674,2470.0533333333333,2455.519815022443,0.0056730085794172375,2.71043771010916,61.598168963455166,5.916179692981132,3.020364300197811,2.895815392783321,61.24763704988163,69.93411510961924,72.99645605770758,0.5627883679542146,-38.75236294822801,18.087857142857047,0.007324650081131314,0.0613510878897447,0.07209357746245112,0.07534167326249258,-0.38501322558977413,10622.982345,0.3638832367841647,138429.41970000003,93596.82865472938,77.06600233038117,-0.0007289072465527657,2467.65,1,0.002478052250323455
2026-08-31 23:00:00+00:00,2469.45,2469.45,2462.0,2467.65,3915.7446,-0.0007289072465527235,-0.002010013669710542,-0.004096375817257303,0.01121592604127386,0.019294158467372258,-0.000729173028601251,-10.150000000000091,27.36999999999989,-4.179999999999836,0.0,2474.7214285714285,-0.00285746447651996,2465.807142857143,0.0007473646705074756,2455.6090476190475,0.0049034484510564,2460.5272,0.0028948267672055006,2469.6164164628317,-0.0007962436796752649,2463.2856849757086,0.001771745376879729,2460.291528628048,0.002990894081585663,2470.4985714285713,2456.853293446564,0.004394526357040164,0.3649158248716022,60.29686424020297,5.488183898677107,3.5139282198936703,1.9742556787834369,57.84499054711091,66.12657841292862,40.706312924284475,0.8706848979087816,-42.15500945099874,17.643571428571345,0.007149948910325287,0.05969896225475678,0.07036572908081866,0.07398855110694645,0.012991611075255705,10512.09073,0.3724991251097799,134513.67510000002,97493.67117332658,73.70895621691757,0.0016047656677405776,2471.61,2,0.0024941114258593263
2026-09-01 00:00:00+00:00,2467.64,2477.55,2465.42,2471.61,6555.7578,0.001604765667740482,-0.002687358520258032,-0.004121941785127148,0.0016412974760493526,0.02230650871910278,0.0016034794072302383,-10.230000000000018,4.050000000000182,-0.07999999999992724,-4.052438554987225e-06,2474.1771428571433,-0.0010375743970286691,2466.9485714285715,0.001889552390922903,2458.021904761905,0.005528061085121208,2460.9066000000003,0.004349372706788435,2470.0151331702655,0.0006456911167531989,2464.0424408870076,0.0030711967405339276,2460.735390250478,0.00441925198158382,2471.2722857142858,2458.914158457322,0.005163190223215409,-0.08848484847410687,58.25754443142197,5.406213588054925,3.8923852935259218,1.5138282945290031,65.3308128532077,61.474480150066746,57.17289627137924,0.8182578368783734,-34.66918714490194,17.3614285714285,0.007024339831697346,0.05910101391025106,0.07059565005700687,0.07426638072236262,0.6742046455225912,10423.93076,0.6289141736393663,141069.4329,101643.74371872404,72.5959694220462,-0.003540202540044748,2462.86,0,0.003589858973844009
2026-09-01 01:00:00+00:00,2471.62,2476.22,2458.18,2462.86,7182.2715,-0.0035402025400447235,-0.00266861041932398,-0.003947230063657048,-0.0019532516371651987,0.01103042294919132,-0.0035464838862640704,-9.759999999999764,-4.819999999999709,0.47000000000025466,4.0459457599538296e-06,2472.042857142857,-0.0037146836335461087,2468.127857142857,-0.0021343534240373194,2460.173333333333,0.0010920639738118154,2461.0103999999997,0.0007515612286724643,2468.5841065362124,-0.002318781248349574,2463.934946260916,-0.00043627217615742814,2460.818708279871,0.0008295173119661923,2470.727142857143,2460.872796497603,0.0008075197975387944,-1.1178451177096091,58.578405894003,4.582376865054357,4.030383607831609,0.5519932572227484,48.790170131403066,57.32199117724056,22.746810746906714,0.9253036536787038,-51.20982986670658,17.649999999999928,0.007166465004097984,0.05606985861497494,0.06804157372448837,0.07239224670559165,0.095566938119648,10165.01877,0.7065674606717222,133887.1614,104714.54540265509,72.67715218208393,0.0009013910656715362,2465.08,1,0.004154422972822547
2026-09-01 02:00:00+00:00,2462.85,2465.34,2454.66,2465.08,7215.5597,0.0009013910656714419,-0.0010414767086094345,-0.005322261093424041,-0.00166855661752785,0.010833818572494769,0.0009009850567083888,-13.190000000000055,-4.119999999999891,-3.430000000000291,-4.060320115724896e-06,2469.6485714285714,-0.0018498872598407333,2469.094285714286,-0.001625813051170316,2461.558571428571,0.0014305686699072184,2461.133,0.0016037329148804688,2467.88328522897,-0.001135906728550588,2464.039042055378,0.0004224600044295912,2460.9858177590913,0.0016636350406257054,2470.3207619047616,2461.9210729160504,0.0012831146858037097,-1.8351515149290814,57.25469168041203,4.061793941164069,4.036665674498101,0.025128266665968013,52.986767484820554,55.70258348981044,-6.233657313598377,-0.10050414174322057,-47.0132325132891,17.007142857142817,0.006899225524987391,0.05604917718633132,0.06764444014189117,0.07188704110949705,0.004634773274722281,10071.78298,0.7164133415431557,141102.72110000002,108180.08594525936,66.25273602510865,0.0028924010579778787,2472.21,2,0.0041543134709083746
2026-09-01 03:00:00+00:00,2465.09,2482.8,2463.3,2472.21,8543.4613,0.0028924010579778336,0.00024275674560292337,0.0011176577780478425,-0.00129674964248494,0.013043050672436163,0.002888226114507582,2.7600000000002183,-3.2100000000000364,15.950000000000273,4.056663475511635e-06,2469.59,0.0010609048465530027,2471.375,0.00033786859541740875,2463.15619047619,0.003675694443906063,2461.4498000000003,0.00437148870555692,2468.748628183176,0.0014020754390736843,2464.78185641398,0.003013712376487562,2461.425981768539,0.004381207605401368,2470.7361904761906,2463.1626716356946,0.003673053537423827,-1.6041077439133131,67.91605879305538,4.176416505738416,4.064615840746164,0.11180066499225205,66.01532566923373,55.930754428485784,55.709205841985415,0.18357323477915954,-33.98467432885057,16.82999999999996,0.006807674105352358,0.05666649064844696,0.069104090093268,0.07352815191113965,0.18403306953443965,10119.032665,0.8442962467696664,149646.18240000002,112129.237988568,74.75247567497053,-0.0008858470760979264,2470.02,1,0.005966915359123866
2026-09-01 04:00:00+00:00,2472.21,2478.2,2468.72,2470.02,5922.7902,-0.0008858470760979564,0.002907189202796756,0.0009604279375112768,-0.0031398821535233434,0.009762319409355236,-0.000886239670488591,2.369999999999891,-7.7800000000002,-0.3900000000003274,0.0,2468.4114285714286,0.0006516626077613365,2471.550714285714,-0.0006193335531680051,2464.567619047619,0.0022123073070666804,2461.7508,0.0033590727379866495,2469.002902546541,0.0004119466414598064,2465.2580512854365,0.0019316228222349986,2461.7630020913416,0.003354099440783071,2470.555523809524,2464.4542446024802,0.002258412956826982,-1.2862626261067138,51.92127459033275,4.043925164527536,4.060477705502438,-0.016552540974902108,43.525077924525064,54.175723692859776,48.31961210870306,0.03320913656244256,-56.474922072641284,14.846428571428532,0.006010651157246711,0.056541603721548796,0.06814540942830853,0.07243763875479507,-0.3067458267763208,9911.42245,0.5975721678576421,143723.39220000003,115138.20505632344,65.82901973853079,0.005878494910972374,2484.54,2,0.006194453511872057
2026-09-01 05:00:00+00:00,2470.02,2485.5,2468.73,2484.54,8773.2436,0.005878494910972476,0.007894267123176535,0.005231407867746007,0.0010879025239338702,0.015465729349736446,0.005861283976418796,12.929999999999836,2.699999999999818,10.559999999999945,0.0,2470.567142857143,0.005655728557408049,2472.755,0.004765939205459129,2466.3961904761904,0.007356405103877133,2462.2986,0.009032779371271563,2472.110322037233,0.0050279624869325875,2467.010955714033,0.007105377560387148,2462.6562176956027,0.008886251417124664,2472.2874285714283,2465.866407876469,0.007572832033347834,0.31562289558464673,60.74980871141933,5.052327388199956,4.2588476420419425,0.7934797461580132,84.66987815005227,64.73676058127036,96.27675696012133,0.36842232833200855,-15.33012184711408,14.629285714285677,0.005888126459738941,0.05966329651166248,0.06863373205200424,0.07192243516114251,0.48126867637486126,9882.428955000001,0.887761869065631,152496.63580000002,118696.15084143549,63.77869330024917,-0.00520418266560403,2471.61,0,0.005189029176368145
2026-09-01 06:00:00+00:00,2484.54,2484.55,2471.61,2471.61,6115.1352,-0.0052041826656040735,-0.00024269782906782833,0.003552780101183206,-0.00040847360289886225,0.006507495021644161,-0.005217771590882192,8.75,-1.0099999999997635,-4.179999999999836,0.0,2471.132857142857,0.00019308668725100077,2472.9271428571433,-0.0005326250152363303,2467.5823809523813,0.0016322125975233729,2462.6134,0.0036532733883427623,2472.0102576297863,-0.00016191584502963342,2467.429050649121,0.0016944557533589129,2463.0073464134225,0.00349274377890148,2472.134761904762,2467.1835511704267,0.001794130326246615,0.4145454544952154,51.341422679296834,4.753356738504863,4.357749461334527,0.3956072771703356,48.03060356905635,58.74185321454456,62.97785974952607,-0.2498183872789392,-51.969396428109995,14.468571428571424,0.005853905522540195,0.06222637810937453,0.06810697687108105,0.070745513456114,-0.3029789803169264,9544.35663,0.6407069053536989,146381.50060000003,121332.85081844163,56.02292686123666,0.0004490999793655441,2472.72,1,0.005026423559916319
2026-09-01 07:00:00+00:00,2471.61,2477.22,2466.57,2472.72,6434.0688,0.000449099979365597,0.0010931085578254063,0.003099290895224538,-0.002239465433548471,0.010779324299466486,0.00044899916415280783,7.639999999999873,-5.550000000000182,-1.1100000000001273,0.0,2471.2914285714287,0.0005780667597735874,2472.7342857142858,-5.777294539283153e-06,2468.396190476191,0.001751667556646579,2462.9406,0.003970619510675948,2472.152206103829,0.0002296759458291594,2467.9100460446557,0.0019489988960704268,2463.388234789367,0.0037881829095555027,2472.1071428571427,2468.042481249151,0.0018952342945407678,1.0128619527391745,48.40651557273719,4.553498175484492,4.39689920416452,0.1565989713199718,51.1759705284449,61.29215074918451,24.69473028622649,-0.36746929697307923,-48.82402946872144,14.078571428571422,0.005693556661718969,0.06030197262144221,0.06763615420394721,0.07060646356118355,0.05215479127918554,9496.285415000002,0.6775353223731345,152815.56940000004,124331.20496906624,48.35291857810261,-0.009928338024523493,2448.17,0,0.005237023432584901
2026-09-01 08:00:00+00:00,2472.72,2473.62,2444.92,2448.17,21078.0254,-0.009928338024523531,-0.01463852463635118,-0.009724093017987934,-0.00861730344813616,-0.0013787195855683443,-0.009977952639414875,-24.039999999999964,-21.279999999999745,-31.679999999999836,0.0,2469.192857142857,-0.00851406040724351,2470.6178571428572,-0.009085928476534158,2468.482857142857,-0.008228883212241475,2462.6826,-0.005893004644607521,2467.3557648830633,-0.00777584049942014,2466.1154964042325,-0.007276827233108496,2462.7914412682153,-0.005936938476885387,2468.8319047619048,2467.7368695125965,-0.007929074511276063,-0.45528619523102526,36.13995696037072,2.3866175557336646,3.9948428744783495,-1.6082253187446849,7.21741061498522,35.47466157082882,-143.93571286592993,-0.988829662462891,-92.78258938279404,14.634999999999991,0.005977934538857192,0.07043481772639654,0.07001010034397731,0.0705374968909541,2.276002488503076,9854.834214999999,2.1388513434264667,131737.54400000005,125036.57059105994,33.115800649907854,0.0017441599235347143,2452.44,2,0.002904163773928034
2026-09-01 09:00:00+00:00,2448.18,2455.0,2443.44,2452.44,8281.8056,0.001744159923534605,-0.007756078022018054,-0.007117351276507811,-0.006163759042003503,0.004983034733718972,0.001742640642937532,-17.579999999999927,-15.210000000000036,6.460000000000036,4.084683661575563e-06,2467.387142857143,-0.006057883093217594,2468.5178571428573,-0.006513162177996072,2468.525238095238,-0.00651613272856105,2462.6258000000003,-0.004136154181441639,2464.372611906451,-0.004842048580151535,2464.872269458393,-0.00504377837847138,2462.385502394952,-0.004038970496404631,2466.40819047619,2468.512429748363,-0.006510977848304731,-1.5113804711972834,36.27707243737965,1.0023479242399844,3.3963438844306766,-2.393995960190692,20.661157024319103,26.351512722583077,-209.017261430313,-1.042259317991563,-79.33884297338523,14.56428571428572,0.005938691961589185,0.06858922921430333,0.06809032133920986,0.06853193451305988,-0.6070881668071242,9610.29642,0.8617638039513392,140019.34960000005,126463.50192524471,22.602883262612224,0.0018471399911923411,2456.97,2,0.002950456573925536
2026-09-01 10:00:00+00:00,2452.44,2463.55,2448.35,2456.97,9715.0517,0.001847139991192348,-0.006369504027952999,-0.011096621507401871,-0.005923264592714972,-0.004291688955891715,0.001845436125981212,-27.570000000000164,-14.640000000000327,-9.990000000000236,0.0,2465.21,-0.003342514430818021,2467.4,-0.0042271216665299765,2469.32,-0.005001376897281584,2462.628,-0.002297545548900629,2462.892089525161,-0.0024045265930836566,2464.1538813258117,-0.0029153541831339396,2462.1731297520128,-0.002113226600167997,2464.868476190476,2468.9838699035,-0.004865916723856444,-1.7947474745299445,42.360636526476014,0.2677509431632643,2.7706252961771947,-2.5028743530139304,32.16833095501208,20.015632864772133,-138.46198386084797,-0.5053756909431235,-67.83166904261037,14.440000000000023,0.005877157637250005,0.055661455495905794,0.06136162965208288,0.06382497294601289,0.17305961637157963,8891.531725,1.0926184599536932,149734.40130000006,128679.77805617379,30.613961498820345,0.0008994818821556782,2459.18,1,0.002722165065069358
2026-09-01 11:00:00+00:00,2456.97,2464.73,2452.77,2459.18,6384.3509,0.0008994818821557171,0.004497236711502817,-0.005029110579743645,-0.0014941978025548863,-0.003444530895415965,0.00089907759074459,-12.430000000000291,-3.680000000000291,15.139999999999873,0.0,2463.661428571428,-0.001819011540893858,2466.0364285714286,-0.002780343587786288,2468.9209523809523,-0.003945429022972404,2462.7408,-0.0014458687654010335,2462.149671620129,-0.001206129608755245,2463.7017102961922,-0.0018353318818157371,2462.055752114679,-0.0011680288361495645,2463.772476190476,2468.6907860442134,-0.0038525627016454374,-2.3951515148612077,40.35761187427998,-0.13454299862814878,2.189591637216126,-2.324134635844275,37.42272943325149,30.08407247086089,-98.74312103674136,-0.343241545599936,-62.57727056437097,14.160714285714286,0.005758307356805329,0.055795500439047956,0.05983329344560017,0.06174887711253601,-0.34283922544642764,8437.066765,0.7567026643055424,156118.75220000005,131293.01368891913,36.39021336005602,-0.005111459917533368,2446.61,0,0.003582014196932851
2026-09-01 12:00:00+00:00,2459.18,2459.32,2438.43,2446.61,12105.9852,-0.0051114599175333675,-0.002377224315375681,-0.010559222233006427,-0.007492657439109429,-0.009148712133484449,-0.005124568115876531,-26.109999999999673,-18.4699999999998,-13.679999999999382,0.0,2458.2428571428572,-0.004732183847926609,2464.4049999999997,-0.007220809891228267,2467.9176190476187,-0.008633845345223741,2462.4794,-0.006444480307121999,2459.0417372961033,-0.005055521062349969,2462.1479184510836,-0.006310716888549858,2461.450036345476,-0.006028981342844049,2461.1822857142856,2467.1620752178546,-0.008330249327471279,-3.5433670029375106,38.884562969200054,-1.4509323490497081,1.4614868399629592,-2.9124191890126676,17.378372636130187,28.989811008131255,-161.15908024968618,-1.0114864400123758,-82.62162736174533,14.710714285714305,0.006012692781321213,0.058374341312734876,0.061145725327536954,0.06250647409692098,0.8961967143754581,8454.819425,1.4318443235112106,144012.76700000005,132504.41876616495,33.8806447413464,-0.0008992033875445096,2444.41,1,0.00378759161193056
2026-09-01 13:00:00+00:00,2446.62,2450.0,2426.58,2444.41,20969.2723,-0.0008992033875444561,-0.005111987529355266,-0.0015358410567894998,-0.011244999413480339,-0.012527167106996084,-0.0008996079134294193,-3.7600000000002183,-27.800000000000182,22.349999999999454,4.087288125103488e-06,2454.3571428571427,-0.004052850615521742,2462.745,-0.007444944563888097,2466.737142857143,-0.009051285793375415,2462.1594,-0.0072088752661557745,2456.1153898368825,-0.004765814295742547,2460.535380410076,-0.006553606397393918,2460.7817996260455,-0.006653088716978882,2458.5162857142855,2463.82152695405,-0.00787862543681899,-4.048013467522809,38.73375993269055,-2.641255260644357,0.6409384198414961,-3.282193680485853,30.261371350470622,28.354157806617433,-180.62139314804398,-0.7491290613349025,-69.73862864783217,15.85142857142861,0.006484766700930746,0.05731756099759287,0.06296538457197118,0.06516956562824652,0.7321409165443225,9023.275865,2.323909034116367,123043.49470000005,131603.37837891115,29.652593291432467,0.0019963917673385847,2449.29,2,0.003708347505891692
2026-09-01 14:00:00+00:00,2444.42,2457.64,2442.05,2449.29,16110.3873,0.001996391767338679,-0.004021665758504822,-0.0012844350932132986,-0.008392644593970933,-0.011506174832512817,0.0019944016255892087,-3.150000000000091,-20.730000000000018,0.6100000000001273,4.09096673643709e-06,2451.0099999999998,-0.0007017515228412362,2461.1507142857145,-0.00481917430609362,2465.4928571428572,-0.006571853208136013,2461.7558,-0.0050637841495061705,2454.7503118695063,-0.0022243858542767983,2459.513073100069,-0.004156543509313149,2460.331140817181,-0.00448766453994869,2456.722285714286,2461.5267137826563,-0.004971188699328427,-4.044713804223544,39.27541802277653,-3.154456912057867,-0.11814064653837653,-3.0363162655194906,38.54378818671855,28.727844057773122,-102.67113860949371,-0.640547162769304,-61.45621181158424,16.098571428571436,0.006572750237238083,0.05781281642368583,0.06185030122504723,0.06355611523968362,-0.23171452640252088,9186.75867,1.7536530433315767,139153.88200000004,132322.473961872,34.25025179104912,-0.00013065010676570097,2448.97,1,0.003910266693011282
2026-09-01 15:00:00+00:00,2449.3,2454.68,2435.0,2448.97,11376.7945,-0.0001306501067657173,0.0009645999975473885,-0.0032560430123281803,-0.014316533442810364,-0.013244205911743023,-0.0001306586422343643,-8.0,-35.570000000000164,-4.849999999999909,4.082815836513518e-06,2451.1242857142856,-0.0008788969726425649,2460.1585714285716,-0.004547906609967105,2464.12,-0.006148239533786481,2461.2234,-0.004978580977246957,2453.5942494956053,-0.0018846838659465372,2458.5546119091537,-0.0038984742753821436,2459.8856058831743,-0.004437444512486201,2455.0981904761898,2459.098655575823,-0.004118848811882056,-2.7060606057326164,42.7376346272263,-3.546116816588892,-0.8037358805484797,-2.7423809360404126,38.00067888598072,35.60194614105664,-110.45525345185752,-0.9400495912560356,-61.99932111232207,16.215714285714284,0.006621442600647482,0.05725820881162406,0.06327633470291509,0.06557064200178024,-0.2938224086021818,9130.586954999999,1.2460091071986024,127777.08750000004,131889.5800131223,33.30331292606651,-0.006590525812892716,2432.83,0,0.004084257767172233
2026-09-01 16:00:00+00:00,2448.97,2449.6,2420.01,2432.83,15662.7999,-0.006590525812892767,-0.004737339480692659,-0.01071495376507614,-0.015690177657478377,-0.01609224223697936,-0.006612339222185457,-26.34999999999991,-38.7800000000002,-18.34999999999991,0.0,2448.3228571428567,-0.006327946944436207,2457.855,-0.010181642122903877,2461.7861904761908,-0.011762268627633334,2460.3376000000003,-0.011180416866363861,2449.441399596484,-0.006781709331447573,2456.2160108265034,-0.009521153971561603,2458.824601730893,-0.010571962600578952,2451.4543809523807,2456.5439653274043,-0.009653385268939876,-2.824309763967429,35.28069374263862,-5.10008264701537,-1.663005233841858,-3.437077413173512,19.57550771080164,32.03999159450031,-161.09072274057186,-1.5056558246485858,-80.4244922876714,17.566428571428528,0.00722057380557676,0.060130678451188344,0.06680429738579582,0.06921212310274301,0.3767322508989681,9624.678635,1.6273582208803143,112114.28760000004,130006.21883092017,31.548302477891696,-0.006021793549076627,2418.18,0,0.003336630894304706
2026-09-01 17:00:00+00:00,2432.83,2439.53,2416.85,2418.18,12086.2016,-0.006021793549076615,-0.012701640067121489,-0.01162016013994882,-0.022056682519654425,-0.02424675277512145,-0.00603999766559619,-28.43000000000029,-54.539999999999964,-2.080000000000382,0.0,2442.781428571429,-0.010071072378262786,2453.9957142857143,-0.014594856086015913,2459.1938095238097,-0.016677745920210728,2459.079,-0.016631836553434722,2443.1891196771876,-0.01023626025335358,2452.7581916604577,-0.014097676557767457,2457.2306957806622,-0.015892156909687354,2446.1643809523807,2453.9806721803925,-0.014588815872200303,-3.225925925534924,26.924062523473438,-7.428117612198548,-2.816027709513196,-4.612089902685352,1.9373634376992743,19.837850011493877,-183.2502801320137,-2.6709169504203363,-98.06263656084406,17.793571428571404,0.0073582493563605885,0.06168043310141076,0.06835585786902994,0.0702049548107012,-0.22834986865917883,9914.711615,1.2190169587699884,100028.08600000004,127151.15856130874,25.5403296699955,-0.0022124076785019764,2412.83,0,0.0021507445767915533
2026-09-01 18:00:00+00:00,2418.18,2421.98,2383.34,2412.83,36005.5501,-0.0022124076785019486,-0.014757224465795749,-0.01291927295339157,-0.01443527206035533,-0.02292818238879102,-0.0022148586680959806,-31.579999999999927,-35.340000000000146,-3.149999999999636,0.0,2436.16,-0.00957654669643634,2449.910714285714,-0.015135537009360055,2456.0776190476195,-0.017608408916804444,2456.75,-0.017877276890193222,2437.1172957417502,-0.009965583430956028,2449.1283560549614,-0.014820928419372749,2455.489492024558,-0.017373111211878046,2440.675619047619,2446.177559467846,-0.01363251794161955,-5.03575757514719,26.2164185280957,-9.594206344325357,-4.171663436475628,-5.42254290784973,28.866483946467458,16.793118364989457,-229.00520838987276,-2.3782069177571064,-71.13351605255367,19.876428571428537,0.008237807293269853,0.06118622908500193,0.07562276402019463,0.0801072967940537,1.9790625120798913,11521.71286,3.12501713395389,64022.53590000004,121138.90878404124,21.599750498583816,0.002631764359693766,2419.18,2,0.0021393495308192454
2026-09-01 19:00:00+00:00,2412.83,2424.89,2412.24,2419.18,11583.273,0.002631764359693811,-0.005610749620811983,-0.0122933584834789,-0.013562003555642632,-0.019642169675602394,0.002628307331931279,-30.110000000000127,-33.26000000000022,1.4699999999998,0.0,2432.2414285714285,-0.0053701200949837075,2445.242142857143,-0.01065830757631229,2453.6838095238095,-0.014062043931606575,2455.019,-0.014598257691686031,2433.5298365934004,-0.005896716932586474,2446.405778231783,-0.011128888949669876,2454.065590376536,-0.014215427050248194,2436.5781904761907,2444.512201813878,-0.010362886221255493,-5.668484847797762,20.837051576907427,-10.675396019418258,-5.472409953064155,-5.202986066354104,35.41152060038095,22.07178932818256,-143.73575990485452,-2.165226956548995,-64.58847939863101,19.58214285714283,0.008094537346181242,0.06264007058482997,0.07616849115425181,0.08062865165993985,-0.6782920142081096,11905.089279999998,0.9729681758421074,75605.80890000003,116802.42308079921,22.638227742461652,0.0008845972602288079,2421.32,1,0.002501667889391707
2026-09-01 20:00:00+00:00,2419.19,2423.12,2413.07,2421.32,6994.2204,0.0008845972602287144,0.0012984972169154396,-0.011290460887638298,-0.014509741673687349,-0.020347061227297125,0.000884206234655422,-27.649999999999636,-35.649999999999636,2.460000000000491,4.133632057231849e-06,2428.942857142857,-0.0031383435474560562,2441.65,-0.008326336698540578,2451.477619047619,-0.012301812920210401,2453.2326,-0.013008387382422135,2431.0878692747206,-0.004017900544923734,2444.1252529379844,-0.00933064003596447,2452.7814495774564,-0.012826845858143355,2433.3885714285716,2443.026711477329,-0.008885171568260831,-5.388013467360368,25.170336720130393,-11.230112761791133,-6.62395051480955,-4.606162246981583,40.455901149974004,34.9113018989408,-125.02658146512933,-1.0967375631589693,-59.5440988489608,19.375714285714235,0.008002128709012535,0.062296545115282397,0.07596492669479644,0.08041676075648237,-0.3961792664301359,11927.01241,0.5864184725870856,82600.02930000004,113545.05224453264,26.118314338096695,-0.002420167511935691,2415.46,0,0.002596046924639062
2026-09-01 21:00:00+00:00,2421.33,2423.39,2400.42,2415.46,11459.8559,-0.0024201675119357446,0.0010900063411016792,-0.0071398330339562666,-0.01777828381818325,-0.019245917348123753,-0.0024231008510657796,-17.36999999999989,-43.7199999999998,10.279999999999745,4.1299786892105965e-06,2424.11,-0.003568319919474167,2437.56,-0.009066443492669244,2448.8038095238094,-0.01361636624139347,2451.4652,-0.014687216445081648,2427.9622954197766,-0.005149295540279343,2441.519320852713,-0.01067340349516503,2451.3178633195166,-0.014627994131672538,2429.8965714285714,2440.9416126908172,-0.010439255309641198,-4.818855218271108,22.995661192964278,-12.004205790581636,-7.700001569963968,-4.3042042206176685,35.57820115157753,37.14854096731083,-128.7263978247516,-1.507886023714543,-64.42179884731479,20.255714285714248,0.008385862024502935,0.06182062169348458,0.07707065415561896,0.08206169125298546,0.638475090090098,12140.89163,0.9439056248292248,71140.17340000004,109506.49235457715,25.487467323607774,-0.0009439195846754656,2413.18,1,0.0037474285712223282
2026-09-01 22:00:00+00:00,2415.46,2418.7,2405.85,2413.18,12277.7378,-0.0009439195846754345,-0.0024801792342860063,-0.0020676707275719686,-0.013663804202549756,-0.021054083437454407,-0.0009443653573043544,-5.0,-33.43000000000029,12.36999999999989,0.0,2418.997142857143,-0.002404774587815331,2435.0607142857143,-0.008985695575202051,2446.4380952380952,-0.013594496955724119,2449.9125999999997,-0.014993432826944451,2425.005836335821,-0.004876621803799569,2438.9430189570116,-0.010563190183925876,2449.822260836398,-0.01495710991860821,2426.6459047619046,2438.9326058017054,-0.01055896572969464,-4.730168349594983,29.110447756327773,-12.655769208686706,-8.691155097708515,-3.964614110978191,36.66298070971017,37.56569433708723,-112.74395097342601,-1.782276543872418,-63.33701928906117,19.1235714285714,0.007924635306344109,0.061427890247185306,0.07735105049922295,0.08242446709634473,0.07136930055115265,12394.000535000001,0.9906194344051646,58862.43560000004,104683.24885414123,26.702868522749696,0.0022335673261009653,2418.57,2,0.0038645155774522026
2026-09-01 23:00:00+00:00,2413.17,2427.15,2411.0,2418.57,7754.0827,0.002233567326100916,-0.0011357441395601908,0.0023789492007311175,-0.010571058046726867,-0.02169718591867187,0.0022310766226804946,5.7400000000002365,-25.83999999999969,10.740000000000236,-4.143909695820199e-06,2416.96,0.0006661260426318438,2432.641428571428,-0.0057844236335667714,2444.2233333333334,-0.010495494819754345,2448.6528,-0.012285449370358834,2423.718669068657,-0.00212428494047674,2437.0909263245558,-0.007599604152841324,2448.5966819800688,-0.012262812492163926,2424.447142857143,2437.1341917855707,-0.007617221837079814,-4.0275420870538765,30.045952628483306,-12.592056568071257,-9.471335391781064,-3.1207211762901927,43.28541589822732,38.508865919838335,-80.7785225723516,-1.6513634626169358,-56.714584100544016,19.45142857142855,0.00804253280716312,0.06090850992317235,0.07683220450814655,0.08184780489207034,-0.3684436965252671,12354.531605,0.6276306498630202,66616.51830000004,101057.84594422302,30.84524323886258,-0.004018903732370886,2408.85,0,0.0036930285417647764
2026-09-02 00:00:00+00:00,2418.58,2422.32,2405.87,2408.85,7274.2694,-0.004018903732370904,-0.0027365387959229492,-0.004270041915028999,-0.016510907242507034,-0.024764981660067575,-0.004027001228629476,-10.329999999999927,-40.440000000000055,-16.070000000000164,4.134674621681157e-06,2415.6271428571426,-0.0028055417729426968,2429.2042857142856,-0.008378993003584414,2441.2061904761904,-0.013254181724758656,2447.4172,-0.01575832677811703,2420.7449352549256,-0.004913749929489435,2434.5235693859595,-0.010545623673064079,2447.037988569086,-0.015605801277895539,2421.2749523809525,2435.5697637252715,-0.010970641910249376,-3.204511784123336,23.284477011703956,-13.17402465228406,-10.211873243881664,-2.9621514084023968,31.342916819862847,37.09710447593345,-92.42661475275781,-1.5433599960755815,-68.6570831789085,19.540714285714266,0.008112051097289642,0.06177887364622271,0.0777653223601279,0.08260614782281984,-0.06187879579876032,12422.105565,0.5855906924905782,59342.24890000004,97084.93194001132,26.043325985886852,-0.003956244681071776,2399.32,0,0.003218554200345768
2026-09-02 01:00:00+00:00,2408.84,2415.0,2386.74,2399.32,14811.6916,-0.003956244681071808,-0.005743458838544879,-0.00908595311648197,-0.020273829405831667,-0.03430011189193971,-0.003964091319378237,-22.0,-49.649999999999636,-11.670000000000073,-4.1513585319797336e-06,2413.697142857143,-0.005956481698494356,2424.9285714285716,-0.010560546702402182,2437.8395238095236,-0.01580068065732012,2447.0660000000003,-0.019511529317141663,2416.4599482039407,-0.007092999085986466,2431.3232448963267,-0.013162891838217117,2445.16669489971,-0.018749926127867297,2417.290380952381,2432.002437541758,-0.013438488809566884,-2.438114477818924,19.264736082669344,-14.24007913817968,-11.017514422741268,-3.2225647154384127,21.031850486693465,31.886727734927877,-119.81304554851124,-1.8446169014192073,-78.96814951199039,20.70499999999999,0.00862952836636687,0.05636252955764905,0.0804289289200431,0.08659563794935753,1.0361758391846196,12724.027965000001,1.1640725437527624,44530.557300000044,92079.75340286738,21.661207758439758,0.00441791841021619,2409.92,2,0.0020592646941911415
2026-09-02 02:00:00+00:00,2399.32,2411.01,2395.0,2409.92,9401.4828,0.004417918410216215,-0.003576493547840287,-0.002293558990834055,-0.009417016396542244,-0.024959439393755556,0.004408188056755521,-5.539999999999964,-22.909999999999854,16.460000000000036,0.0,2412.3742857142856,-0.0010173735182050527,2422.307857142857,-0.005114072146660704,2434.2861904761903,-0.010009583331454451,2446.6994,-0.01503225120339052,2415.1519585631527,-0.0021663061591632054,2429.377495360297,-0.00800925150473709,2443.7844715703095,-0.013857388801777264,2415.289238095238,2429.986931693635,-0.008258040992689909,-1.5561616159729637,30.772455712914848,-14.067442862021835,-11.627500110597381,-2.4399427514244536,35.773889636126896,29.382885647561068,-94.13067552107279,-1.6074045948002817,-64.2261103625272,20.356428571428555,0.008446931255568694,0.05880894224651799,0.08091120550569439,0.0874334254934162,-0.365266098303046,12888.345345,0.7294561519215149,53932.04010000004,88446.63785021336,26.8048779569194,0.0018672819014739078,2414.42,2,0.0017648030533522997
2026-09-02 03:00:00+00:00,2409.93,2424.3,2408.64,2414.42,12151.7278,0.001867281901474005,0.002312306702368483,0.0005138448022941056,-0.0015548883871340236,-0.023577275227279926,0.0018655406978326336,1.2400000000002365,-3.7599999999997635,6.7800000000002,4.149515336508839e-06,2411.3885714285716,0.001257129857603713,2420.1657142857143,-0.002374099530373551,2431.562857142857,-0.007050139416503956,2446.7288,-0.013204896268023897,2415.005566850522,-0.00024247018663617911,2428.017723054815,-0.005600339291470041,2442.6329236655915,-0.011550210181905498,2414.2375238095237,2428.301950573556,-0.005716731632271425,-1.1781144779716566,34.653566671936105,-13.412899422159626,-11.984579972909831,-1.4283194492497948,41.83041722689332,32.878719116571226,-51.47491784613565,-1.410797192288416,-58.16958277176079,19.802142857142858,0.008201614821420736,0.059565053220908055,0.08156667597539408,0.08818367533088879,0.2925331097771089,13174.228294999999,0.9223863081688823,66083.76790000004,86316.8407120978,34.67341850022697,0.000335484298506451,2415.23,1,0.005010532550079491
2026-09-02 04:00:00+00:00,2414.42,2416.49,2405.44,2415.23,7359.4966,0.0003354842985063833,0.006631045462881069,-0.0013809813236748125,0.0009946825926401281,-0.013454947981553556,0.0003354280362321658,-3.3400000000001455,2.400000000000091,-4.580000000000382,0.0,2411.3557142857144,0.0016066836142554183,2417.7328571428575,-0.0010352083090826535,2428.825238095238,-0.005597454226840254,2446.8754,-0.012932983837259122,2415.0504534804177,7.434483172950691e-05,2426.8552027771048,-0.004790233370246796,2441.558299208117,-0.010783399772450894,2413.5794285714287,2425.5318176753713,-0.004247240790780577,-1.0966329965000585,31.813327633005457,-12.682611548511431,-12.124186288030153,-0.5584252604812789,44.70142977229183,40.768578878437346,-59.21188707718239,-0.7234373137454189,-55.298570226306424,19.477857142857147,0.008064597219664,0.049950339094568925,0.07829206569475118,0.08680270415679138,-0.3943662398362807,12488.301855,0.5893112358629332,73443.26450000003,85090.78583475515,27.17096001187673,0.003022486471267822,2422.53,2,0.005294691337020089
2026-09-02 05:00:00+00:00,2415.23,2425.0,2409.45,2422.53,6893.6865,0.0030224864712677935,0.0052325388394636185,0.005679058471885101,0.0013847667391431173,-0.012196017027939487,0.0030179279421185777,13.680000000000291,3.350000000000364,17.020000000000437,0.0,2412.691428571429,0.004077840751642584,2415.844285714286,0.0027674442120489556,2427.6042857142857,-0.002090244173708208,2446.9072,-0.009962453827423426,2416.5463627843346,0.0024761110764573825,2426.4620025246404,-0.001620467380304119,2440.8120913960342,-0.007490167498133798,2414.2190476190476,2424.524705922869,-0.0008227203946386691,-0.1346801346638006,36.861458949353704,-11.383581316467826,-11.976065293717689,0.5924839772498629,59.14578931392806,48.55921210437108,-28.585875487821067,0.17988735329870253,-40.85421068456272,19.18285714285717,0.007918522017415367,0.05096635405423035,0.07884463659125569,0.08732388642838639,-0.06329374484662453,12418.8959,0.5550965686087638,80336.95100000003,84638.03966001657,31.924867603764554,-0.0007430248541814474,2420.73,1,0.00422885200664347
2026-09-02 06:00:00+00:00,2422.53,2425.5,2414.98,2420.73,8489.7809,-0.0007430248541814288,0.0026134641031800854,0.008923361619125325,-0.00024366874266934513,-0.014749874845846667,-0.0007433010339624964,21.409999999999854,-0.5900000000001455,7.729999999999563,0.0,2413.0,0.003203481143803073,2414.98,0.002380972099146833,2426.094285714286,-0.002211078829817332,2446.9682000000003,-0.010722738448333538,2417.383090227468,0.0013845177398902158,2425.940911386037,-0.0021479960050047628,2440.0245584001113,-0.007907526313077185,2414.8704761904764,2423.1345082923362,-0.0009923131729198873,0.8315824914817075,42.9879462146289,-10.379684908838499,-11.656789216741851,1.2771043079033522,66.54208933855564,56.79643614159185,-16.802036678846186,0.3274163534105932,-33.457910659664684,17.820714285714335,0.0073617108416498215,0.0501336611765235,0.07828322869753546,0.08670097637890468,0.23152987882463183,12357.63236,0.6870070781098486,71847.17010000003,83419.86160668166,38.51503626760601,-0.0011690688346077123,2417.9,1,0.005465498781214243
2026-09-02 07:00:00+00:00,2420.73,2429.0,2417.6,2417.9,6328.5646,-0.0011690688346077671,0.001105484777847332,0.003311313238613778,0.0010101595555298548,-0.01678608316593322,-0.0011697527286425539,7.980000000000018,2.4400000000000546,-13.429999999999836,0.0,2414.2928571428574,0.001494078419885632,2414.96,0.0012174114685124546,2424.2338095238097,-0.002612705713006746,2446.6063999999997,-0.011733150048159707,2417.4864721819745,0.00017105693156255834,2425.209919441852,-0.003014138851754,2439.1569286589306,-0.008714867177737944,2415.2598095238095,2422.1687292157367,-0.001762358321386213,1.2002020200565566,49.8119795769896,-9.700624362589224,-11.265556245911327,1.564931883322103,75.68988173290224,67.12592012846198,-2.6783554835183137,-0.05291049033140223,-24.310118264907672,17.015000000000036,0.007037098308446585,0.04977398595971838,0.07823879680330009,0.08662962901661017,-0.25456679335505583,12354.843045,0.5122335085074718,65518.605500000034,81714.98007271197,43.922731118008684,-0.010232019521072102,2393.16,0,0.005415114229299743
2026-09-02 08:00:00+00:00,2417.9,2420.64,2390.09,2393.16,16675.4326,-0.010232019521072111,-0.012123688870726235,-0.008805427390429221,-0.00829610721123164,-0.02184655502920374,-0.010284726473434818,-21.26000000000022,-20.019999999999982,-29.240000000000236,0.0,2413.412857142857,-0.00839179135178105,2413.555,-0.008450190693807074,2421.09,-0.011536126290220005,2445.6964,-0.021481161766431223,2412.6211777455796,-0.00806640425985019,2422.2962904016836,-0.012028375932838538,2437.353127535051,-0.018131606387182208,2412.353142857143,2419.5374021351718,-0.010901836901501795,-0.132323232307206,39.52051144855325,-11.031609696865871,-11.218766936102236,0.18715723923636496,15.191670610147003,52.47454722720163,-122.24388245275289,-1.163001998909218,-84.80832938748671,16.43714285714288,0.006868384419401968,0.05820502215270257,0.08076942087561563,0.08760994516513197,1.6349470462859776,12583.315415000001,1.3252018287740484,48843.172900000034,78584.33177054893,50.00592011113124,-0.006915542629828231,2376.61,0,0.006679248714405398
2026-09-02 09:00:00+00:00,2393.15,2400.0,2366.9,2376.61,28573.6103,-0.006915542629828186,-0.01822590706109306,-0.01599019555073422,-0.01734909471299162,-0.027736754472449276,-0.006939565814396374,-38.61999999999989,-41.960000000000036,-17.359999999999673,-4.1785756070464795e-06,2408.6542857142854,-0.013303812798842251,2410.514285714286,-0.014065166887913804,2417.7566666666667,-0.01701853095223927,2444.4210000000003,-0.027741129699005367,2405.418942196464,-0.011976683849568997,2418.142991274258,-0.017175572918603308,2434.971044102304,-0.02396785959473112,2407.427142857143,2413.627358460144,-0.015336815905063757,-1.79898989877184,29.54348870337749,-13.268916044838988,-11.628796757849587,-1.6401192869894015,15.636070853210452,35.50587439875323,-222.87413361385757,-1.6083892923080416,-84.36392914517926,17.897857142857156,0.007530834736389069,0.061743538223721896,0.08355184157057255,0.08988431857088039,0.7135153843025337,12963.532315,2.204153127842748,20269.562600000034,73030.54423049666,37.24569147771846,-0.0016199544729677603,2372.76,0,0.005817237578683483
2026-09-02 10:00:00+00:00,2376.62,2376.89,2356.41,2372.76,18785.4313,-0.0016199544729678106,-0.018669093014599403,-0.020544637218114947,-0.014982252942275287,-0.031245789596168527,-0.0016212680179954865,-49.76999999999998,-36.08999999999969,-11.150000000000091,4.2076739556592475e-06,2402.7028571428573,-0.012462155715106095,2407.0457142857144,-0.01424389827007261,2414.344761904762,-0.017224036335198808,2442.9534,-0.02873300816952584,2398.8871537571713,-0.010891364237888165,2414.0172647947797,-0.017090708254843323,2432.5313953139785,-0.024571685047558738,2402.393238095238,2408.1883299070178,-0.014711610992804184,-3.8538720534049187,27.042360056934797,-15.17770117735563,-12.338577641750796,-2.839123535604834,22.523763603492345,17.783835022283267,-258.5549091879689,-1.6749682990901165,-77.47623639513004,18.642857142857174,0.00785703448425012,0.060426860942408504,0.08448189217573157,0.09111674610519796,-0.3425601069389541,13097.284515,1.4342997037656218,1484.1313000000337,66216.60014187792,30.514888212170334,0.003843625145400247,2381.88,2,0.00579472259390623
2026-09-02 11:00:00+00:00,2372.73,2382.28,2367.52,2381.88,16350.494,0.0038436251454001535,-0.004713433284861734,-0.01604887781784825,-0.007268726139072812,-0.027395190631163135,0.0038362572917479063,-38.84999999999991,-17.440000000000055,10.920000000000073,-1.264350376784312e-05,2397.9385714285713,-0.006696823521629091,2404.6471428571426,-0.009467976590561927,2411.1347619047615,-0.012133192373552116,2441.6569999999997,-0.02448214470745691,2395.4857230057373,-0.005679734541961598,2411.0956952679817,-0.012117186109745956,2430.5450660859797,-0.020022285027747777,2399.03780952381,2404.6708669672284,-0.009477749025987373,-5.575892255216384,34.599156113700445,-15.772701481437252,-13.025402409688088,-2.7472990717491648,35.08747761351333,24.41577069007204,-171.68578721881934,-1.5170121187306913,-64.91252238510906,18.056428571428633,0.007580746541144412,0.06327018210583377,0.08377504973146827,0.0898074145525999,-0.12961838677613968,13345.96949,1.225125983709916,17834.625300000036,61608.79301408002,39.05214533873732,-0.0017759081062018313,2377.65,0,0.005804278108517075
2026-09-02 12:00:00+00:00,2381.87,2390.0,2377.21,2377.65,13001.5802,-0.0017759081062018733,0.000437598091399094,-0.016646676868356858,-0.013390485991236267,-0.02268140396164131,-0.0017774869004752978,-40.25,-32.26999999999998,-1.400000000000091,-4.198364317351873e-06,2391.527142857143,-0.005802628207078744,2402.1092857142858,-0.010182420033817209,2407.7385714285715,-0.012496610631073046,2440.0974,-0.025592175132014984,2391.91857840459,-0.00596532780564001,2408.055177516347,-0.012626445523434454,2428.4707497688823,-0.02092705863296807,2395.4381904761904,2401.78970250654,-0.01005071446569084,-6.534208753416722,33.99116878006795,-16.396559822453582,-13.699633892241188,-2.6969259302123945,29.260228681233762,28.95715663274648,-127.24205699452651,-1.2952238620082972,-70.73977131738863,18.052142857142922,0.007592430701379652,0.06024763119289155,0.08048537997003664,0.08668205186176796,-0.20482034365444857,13212.908505,0.9840059208068372,4833.045100000036,56201.57892702479,46.35993782838342,0.010657582066325864,2402.99,2,0.005767403686915835
2026-09-02 13:00:00+00:00,2377.65,2419.72,2377.64,2402.99,26280.6169,0.010657582066325944,0.012740437296650198,0.0041075398218255454,-0.0047340562122580865,-0.0062815836703636885,0.010601190350962991,9.829999999999927,-11.430000000000291,50.07999999999993,0.0,2388.9928571428572,0.005859014109350128,2400.996428571428,0.0008303100349703312,2406.317619047619,-0.001382867756640806,2439.2302,-0.01485722831735411,2394.1328627236717,0.0036995178564351405,2407.5947068330424,-0.0019125755759356144,2427.4715046799065,-0.010085187254597594,2395.555619047619,2400.6307256369064,0.0009827727096454928,-5.188821548192612,44.04980140072779,-14.67705784094278,-13.895118681981508,-0.7819391589612721,64.1686182660947,42.83877485361393,-27.24349687294024,0.1529600053347652,-35.83138173252769,19.90428571428577,0.008283132977780801,0.0705339109154262,0.08648752108841011,0.0923778582036733,1.021340213707254,13922.62927,1.8876188103799243,31113.662000000037,53812.25350540339,51.51838989476823,-0.0035539057590751374,2394.45,0,0.0025878532121828427
2026-09-02 14:00:00+00:00,2403.0,2410.9,2393.15,2394.45,13599.7026,-0.0035539057590751044,0.00527734394679813,0.007506490337076732,-0.00860373546204718,-0.00761761085530277,-0.003560235884376637,17.83999999999969,-20.7800000000002,8.009999999999764,4.16148215357289e-06,2385.6428571428573,0.003691727297222762,2399.967857142857,-0.0022991379348821796,2405.187619047619,-0.004464358190845263,2438.0881999999997,-0.017898532136770926,2394.1962901789375,0.00010596868022181345,2406.399733484584,-0.0049658139993538795,2426.176543712067,-0.01307676631953269,2394.6827619047617,2399.8086042980576,-0.0022329298630142025,-4.14707070656806,44.45043933542227,-13.84386332162876,-13.884867609910959,0.04100428828219904,52.40391238390391,48.61091977707745,-28.064305572665994,-0.6419300225731076,-47.596087614718485,19.997142857142894,0.008351455598210255,0.07117274758546936,0.08094955084741307,0.0849131881440967,-0.4825196588136407,12802.336895,1.0622828247325964,17513.959400000036,50355.27311441259,49.88559027783809,-0.0014491845726575206,2390.98,1,0.0020603211060268994
2026-09-02 15:00:00+00:00,2394.46,2399.09,2379.01,2390.98,17063.4731,-0.0014491845726575248,0.005606376043572503,0.007678821288288562,-0.01302357452745695,-0.011656842401144063,-0.001450235656219123,18.2199999999998,-31.550000000000182,0.38000000000010914,4.176324416970119e-06,2385.3314285714287,0.0023680446922010796,2399.372142857143,-0.003497641198395432,2404.1471428571426,-0.00547684566489928,2437.1022,-0.01892501676785687,2393.55303214315,-0.001074984388729098,2404.99793953144,-0.0058286700795116405,2424.7962870959077,-0.013946032199015902,2393.484380952381,2398.3088097457944,-0.003055824052353016,-2.4950168347144253,46.62839585500641,-13.310119885451968,-13.769918065019162,0.45979817956719415,47.6236396191264,54.732056756374995,-69.81896602030244,-0.9708335749368522,-52.37636037949599,19.412857142857156,0.008119205155563424,0.07035736926142275,0.08215565942567644,0.08663886207892524,0.25469457692405695,13076.3469,1.3049113204543918,450.48630000003686,45602.436274944725,49.344074213925005,-0.0019991802524488705,2386.2,0,0.001921767812094126
2026-09-02 16:00:00+00:00,2390.98,2404.8,2384.81,2386.2,12579.0998,-0.001999180252448829,-0.006987128535699272,0.0018136933850569914,-0.014264292176327076,-0.014504485156856761,-0.0020011812806785836,4.319999999999709,-34.5300000000002,-13.900000000000091,0.0,2386.7014285714286,-0.00021009271014207039,2397.677857142857,-0.0047870722535386535,2402.576666666667,-0.006816293063139236,2435.475,-0.020232192898707587,2392.0824257145205,-0.0024591233359197886,2403.2890359376725,-0.007110686930337544,2423.282707209794,-0.015302674797063359,2391.7280952380947,2397.46248408197,-0.004697668537774115,-0.8410774409755204,39.93721363856154,-13.121573092032122,-13.640249070421754,0.5186759783896324,41.03871056562821,47.022087522886174,-52.410901463465215,-1.2019559213817392,-58.96128943299419,19.69714285714287,0.008254606846506838,0.07030757301657321,0.08359245792816912,0.08843478614650213,-0.26280542499873605,13355.59087,0.9418602233656965,-12128.613499999963,40104.241058283325,50.11897157500739,0.00317240801273999,2393.77,2,0.0017670673153391723
2026-09-02 17:00:00+00:00,2386.21,2394.3,2372.55,2393.77,11843.1228,0.003172408012739991,-0.00028399006034784957,0.0067798035875759055,-0.00997973448033418,-0.008979656048951346,0.0031673865437364776,16.11999999999989,-24.13000000000011,11.800000000000182,4.190763557209827e-06,2389.702857142857,0.0017019450116924379,2396.2028571428573,-0.0010152968208030325,2401.2647619047616,-0.0031211726518709276,2433.9968000000003,-0.01652705541765044,2392.4199405716163,0.0005643070455517815,2402.4236690342477,-0.0036020578492397368,2422.125346142743,-0.011706803773754998,2391.207047619048,2396.3241540302006,-0.0010658633248360402,1.527070706885586,41.46200280674379,-12.220443004971003,-13.356287857331605,1.1358448523606022,51.46714423403414,46.70983147292958,-70.9581231388899,-1.1871886003470893,-48.532855764588255,20.13214285714285,0.00841022439797242,0.07131034092015534,0.08339041550287314,0.0880563187379558,-0.05850792280064432,13374.754214999999,0.8854833972737132,-285.4906999999639,36257.59993844682,44.209769246593005,0.0004845912514568461,2394.93,1,0.0019284689397625577
2026-09-02 18:00:00+00:00,2393.77,2399.91,2390.39,2394.93,7984.9934,0.000484591251456834,0.0016520422588226502,-0.0033541546157078717,0.0007396078824650765,-0.007562635195053846,0.0004844738750345338,-8.059999999999945,1.7699999999999818,-24.179999999999836,0.0,2391.567142857143,0.0014061311859460315,2394.752857142857,7.397124785314941e-05,2400.287142857143,-0.0022318758291410487,2432.5114,-0.015449629547464643,2392.921952457293,0.0008391613193417188,2401.7424263947705,-0.0028364517026889953,2421.058861980283,-0.01079232826206482,2391.037333333333,2395.5281684504907,-0.0002497021151195933,2.4579124576144893,41.63093667065597,-11.282629483712299,-12.941556182607744,1.6589266988954456,53.06516048969452,48.523671763118955,-25.459688824035116,-1.0657942025748235,-46.93483950892788,20.022857142857156,0.008360518738689145,0.07135707358950241,0.08304698073899507,0.08762347007797262,-0.32576960191614324,13160.116995,0.6067570222235241,7699.502700000036,33537.78115383284,47.99738216735196,-0.0008100445524504076,2392.99,1,0.0034295531759050116
2026-09-02 19:00:00+00:00,2394.92,2396.67,2383.14,2392.99,6876.8741,-0.000810044552450373,0.0028455284552846294,-0.0006097433648646344,0.006892169939535675,-0.010576497682515007,-0.000810372815822793,-1.4600000000000364,16.379999999999654,6.599999999999909,-4.1754873836643895e-06,2393.758571428571,-0.00032107307635132664,2392.6428571428573,0.00014508761978661324,2399.325714285714,-0.002640622841654461,2430.8628,-0.01557998254775404,2392.9355619658345,2.274947768361232e-05,2400.9467512679735,-0.0033140057203552313,2419.958122294782,-0.011144045033803193,2390.8022857142855,2394.7166681945832,-0.0007210323532280319,2.0214141411690805,37.25845410178015,-10.574056160974578,-12.468056178281111,1.8940000173065332,50.39261606212416,51.64164026195093,-41.063286342737726,-1.0302328466847266,-49.60738393649824,19.87857142857144,0.008307001462004913,0.0706990803449835,0.08270370991325283,0.08729347381524215,-0.1387752305468406,13116.256565,0.5243015845199331,822.6286000000364,30422.052339182097,44.60801179605177,0.00023819573002819224,2393.56,1,0.004068418677743243
2026-09-02 20:00:00+00:00,2393.0,2399.74,2386.08,2393.56,7723.3638,0.00023819573002814565,-8.772772655685213e-05,0.0010790554500663685,0.00876616261231633,-0.006347427195549704,0.00023816736592929258,2.5799999999999272,20.799999999999727,4.039999999999964,4.178872456723221e-06,2392.4114285714286,0.0004800894256121826,2390.702142857143,0.00119540493632569,2398.134761904762,-0.0019076333729996491,2429.1780000000003,-0.014662573100853756,2393.0604495726675,0.00020874960656403315,2400.27522842543,-0.002797691008890106,2418.922901812634,-0.010485204713890472,2390.924571428571,2394.1818915502,-0.0002597511711180122,1.1136700335350225,38.15502658876817,-9.852933971809762,-11.945031736986843,2.0920977651770816,51.177848187750705,51.545208246523124,-24.921415402818983,0.01671430242858496,-48.82215181087169,20.102857142857147,0.008398727060465896,0.06951135934629128,0.08232243340647777,0.08724535327099038,0.12309222005387599,13138.711285000001,0.5878326749455939,8545.992400000036,28338.618059259996,44.3728762439849,-0.0014246561606978119,2390.15,1,0.004448954155025465
2026-09-02 21:00:00+00:00,2393.56,2395.09,2389.38,2390.15,4092.8953,-0.001424656160697757,-0.001995882969439533,0.0016553516050625827,0.003472047290375757,-0.003821916209592713,-0.001425671948165739,3.950000000000273,8.269999999999982,1.3700000000003456,0.0,2391.7971428571427,-0.000688663276507776,2388.72,0.0005986469741115294,2397.2442857142855,-0.0029593503492985293,2427.3442,-0.015323001987103678,2392.478359658134,-0.0009731998823453664,2399.3547531140275,-0.0038363452099265875,2417.794552721942,-0.011433788983769752,2390.8509523809525,2393.7763360016793,-0.0015149017671946495,0.39468013463229856,37.963043285056926,-9.447690843868259,-11.445563558363126,1.9978727144948678,52.52997041798992,51.36681155595493,-30.992636798535585,0.5697190536097326,-47.47002958045317,19.696428571428573,0.008240666306056244,0.06832035434924613,0.07856984061050568,0.08271148673873316,-0.4700631219780169,12602.77147,0.32476152644222117,4453.097100000035,26063.806539330475,41.698125834037555,-0.004326088320816746,2379.81,0,0.0058064174773770965
2026-09-02 22:00:00+00:00,2390.14,2390.15,2378.64,2379.81,6113.3481,-0.004326088320816712,-0.005507753897843193,-0.00583180506063663,0.0009084600340671933,-0.01249419067852875,-0.004335472916402675,-13.960000000000036,2.1599999999998545,-17.91000000000031,-4.183837834535111e-06,2390.2014285714286,-0.0043475116562184425,2387.7664285714286,-0.0033321636807606687,2396.3152380952383,-0.006887757433930534,2425.488,-0.01883249886207685,2389.9446877265073,-0.004240553255708999,2397.5779573763884,-0.007410794431820741,2416.3049624191212,-0.015103624330005385,2389.662952380952,2393.072352183335,-0.0055419771037134285,-1.3756902355234666,43.382571620825274,-9.847369979026553,-11.125924842495813,1.2785548634692603,36.960985625699735,46.88960141048012,-72.15054646461175,0.2971223385423201,-63.039014372720736,18.336428571428605,0.007704996857489001,0.06755703870218369,0.07795761880721194,0.08192443603240565,0.49364878696017467,12438.364735,0.49149130374005784,-1660.2509999999647,23423.42010701329,44.02963752756419,0.005088641530206247,2391.92,2,0.005170864714518242
2026-09-02 23:00:00+00:00,2379.81,2393.63,2377.77,2391.92,5354.9078,0.005088641530206273,-0.0006851718778722038,-0.0012568217025131778,-0.004606760743906424,-0.009319008291846509,0.005075738149169671,-3.0099999999997635,-11.069999999999709,10.950000000000273,0.0,2391.0185714285712,0.0003770060936372679,2388.86,0.0012809457230639988,2395.458095238095,-0.001477001515963482,2423.761,-0.013137021348221528,2390.339750181206,0.0006610984144298386,2397.0635976148988,-0.0021457910503561374,2415.3486893830777,-0.009699920134120283,2390.216761904762,2391.814372570266,4.416205159781424e-05,-0.5641750841066792,57.93840090416738,-9.08224827604181,-10.717189529205013,1.6349412531632037,56.0890854516496,48.52668049844642,-40.78172230508595,0.42151577745292573,-43.91091454677088,17.10500000000005,0.007151158901632537,0.07005164349621154,0.07802165671891989,0.08134449845219248,-0.12406299912808827,12098.523734999999,0.4426083642344119,3694.656800000035,21544.490268250127,53.299624165057295,-0.0050503361316431685,2379.84,0,0.0048855929292369845
2026-09-03 00:00:00+00:00,2391.91,2395.41,2379.26,2379.84,6844.055,-0.005050336131643185,-0.0043135368073132785,-0.005495217280473197,-0.006101609973062527,-0.0146528487970089,-0.005063132180243124,-13.149999999999636,-14.609999999999673,-10.139999999999873,-4.180741830919971e-06,2389.028571428571,-0.003846153846152002,2389.365714285714,-0.003986712552522613,2393.811428571428,-0.005836478347736884,2421.9688,-0.017394443726930983,2388.2398001449646,-0.0035171510601452677,2395.4978160135443,-0.006536351612958031,2413.9561917602123,-0.014132895980734887,2389.0140952380953,2390.9895501224682,-0.004663153012062452,-0.9682828281654359,53.38238103623775,-9.34293926913324,-10.442339477190659,1.0994002080574194,23.601532566598067,38.8838678813158,-53.94608380336096,0.0921077534540043,-76.39846743148622,16.795714285714308,0.007057497262718187,0.07182790998133858,0.07873938065085291,0.0815406625061057,0.27809016618362703,12072.751655,0.5669010011619785,-3149.398199999965,19192.691366512023,57.33442272078222,0.002928768320559281,2386.81,2,0.00385985001392558
2026-09-03 01:00:00+00:00,2379.82,2394.61,2370.14,2386.81,10881.7295,0.0029287683205592163,0.0029414112891366084,-0.0028200671802670607,-0.0017440547390610295,-0.014744915439643735,0.0029244878342865547,-6.75,-4.170000000000073,6.399999999999636,-8.4039263143629e-06,2387.8685714285716,-0.00044331226652810337,2389.7178571428567,-0.0012168202761526706,2392.458095238095,-0.0023607917101389447,2420.3520000000003,-0.013858314823623385,2387.9538401159716,-0.00047900428256001824,2394.708014557767,-0.003298111715395203,2412.891635220596,-0.010809285771427042,2388.6733333333336,2389.886631729642,-0.001287354675654251,-1.0102356901132097,52.40464344226248,-8.884700710795641,-10.130811723911656,1.246111013116014,33.622428397869854,37.771015472039174,-56.040891562917146,-0.6733278124333895,-66.3775716001132,17.48928571428574,0.007327472951042777,0.07176374745038612,0.08056841156893699,0.08399571158285166,0.589953543622896,12272.153805,0.8867008736123897,7732.331300000034,18101.22850303469,48.57855291868016,0.00807353748308411,2406.08,2,0.0038341787984111516
2026-09-03 02:00:00+00:00,2386.8,2409.73,2382.53,2406.08,10233.8414,0.008073537483084037,0.005919930432455978,0.006664853670271587,0.00833123795155477,-0.0060518934371037725,0.008041120840439923,15.929999999999836,19.88000000000011,22.679999999999836,-4.1896925183652415e-06,2389.7385714285715,0.00683816580055984,2391.7485714285717,0.005992029740342719,2391.6747619047624,0.006023075680975541,2419.0414,-0.005358072830003976,2391.5790720927776,0.006063327814006633,2395.7418314161514,0.00431522647735929,2412.624512270769,-0.0027126111989166602,2390.8549523809525,2389.2343153053334,0.007050662459829368,-0.182222222200119,62.0927264919668,-6.887223769525463,-9.482094133034419,2.5948703635089565,72.48890681580319,43.23762259342371,75.0010424825899,0.4857065296830275,-27.511093182179874,18.518571428571445,0.007696573442513861,0.0782755004636662,0.08361232541521217,0.08623065422686242,-0.05953907418852855,12359.35683,0.8280237831760353,17966.172700000032,18088.366045602816,47.64452358562212,-0.0011554063040296854,2403.3,1,0.0025178537837899965
2026-09-03 03:00:00+00:00,2406.09,2410.94,2399.78,2403.3,7732.3578,-0.0011554063040296603,0.009857805566760858,0.009870535883116816,0.003981167781365924,-0.006038297696348005,-0.0011560743004811356,23.490000000000236,9.5300000000002,7.5600000000004,4.1561377843688165e-06,2391.13,0.005089643808573763,2391.7707142857143,0.004820397559606442,2390.844761904762,0.005209555339473412,2417.8502000000003,-0.006017825256500221,2393.9232576742224,0.003916893449159121,2396.4289376510465,0.0028672088877735725,2412.2588451228958,-0.0037138821735506777,2392.3951428571427,2388.8931304578064,0.006030771891175752,0.77030303020969,50.163175063667076,-5.465528459190864,-8.678780998265708,3.213252539074844,81.27450980192995,62.46194833853434,140.22428808216316,0.515269889333872,-18.72549019561908,16.31000000000001,0.0067865018932273214,0.07827348487225498,0.0835958967022516,0.08620919641054922,-0.24443251582929548,12429.54649,0.6220949256853681,10233.814900000032,17340.313555545406,40.09215422338218,0.0020846336287603556,2408.31,2,0.0027504728152847103
2026-09-03 04:00:00+00:00,2403.29,2408.31,2396.94,2408.31,6243.5054,0.002084633628760324,0.009007838914702138,0.006852235860731026,0.005586802119477374,0.006330542044827858,0.00208246379509279,16.389999999999873,13.38000000000011,-7.100000000000364,-4.160945366876427e-06,2393.7242857142855,0.006093314243731267,2392.7607142857146,0.006498470833896412,2390.388095238095,0.00749748745720401,2416.7148,-0.003477779008096765,2396.800606139378,0.004801982205418309,2397.5090342282238,0.004505078236440765,2412.10398845141,-0.0015728958907132598,2394.600380952381,2388.434328201802,0.008321632109999616,1.9840404037999302,57.57708286894741,-3.88972126779845,-7.720969052172257,3.831247784373807,93.55392156633422,82.43911272802247,134.42264303897727,0.9265778224788728,-6.446078431214797,15.854285714285718,0.006583158195697039,0.06921237559576916,0.07973053235427195,0.08396717072544545,-0.1925483065462904,11907.950130000001,0.5243140365754517,16477.320300000032,17258.123721683944,42.52180244694074,-0.0014533012776594375,2404.81,1,0.0030057172279823415
2026-09-03 05:00:00+00:00,2408.3,2410.0,2379.41,2404.81,11195.7719,-0.0014533012776594134,-0.000527829498603527,0.010492302003495935,0.004939427243741079,0.011865640555244639,-0.0014543583442428445,24.9699999999998,11.820000000000164,8.579999999999927,-4.152289364641338e-06,2397.2957142857144,0.0031344842730515157,2393.7485714285713,0.004620965085243969,2390.942857142857,0.00579986377161189,2415.3668,-0.0043706819187857805,2398.4024849115026,0.002671576238268909,2398.1727583892944,0.0027676244705409163,2411.8179496886096,-0.002905671089109995,2396.2069523809523,2389.8632734067446,0.006254218289208887,2.6617508414282023,57.55820307349637,-2.889989465222243,-6.754773134782255,3.864783669560012,84.97549019399551,86.60130718741989,68.8926471081644,0.46119719104155166,-15.024509803553524,16.605000000000018,0.006904911406719497,0.06416573993877217,0.07887994245533414,0.0841863203554331,0.7931868690303367,11039.05821,1.0141962916598286,5281.548400000032,16117.49750057119,44.66127853250016,0.001576008083798705,2408.6,2,0.0032078967607498455
2026-09-03 06:00:00+00:00,2404.82,2410.24,2400.37,2408.6,9065.6667,0.0015760080837987633,0.002205301044397201,0.009129339997737462,0.006283527465365424,0.015104772501222108,0.0015747674863486921,21.789999999999964,15.039999999999964,-3.1799999999998363,4.158332675019698e-06,2399.6785714285716,0.0037177598190217395,2395.3485714285716,0.0055321504057840205,2392.4661904761906,0.0067435893506153696,2414.1384000000003,-0.0022941518183042325,2400.4419879292022,0.0033985458144031094,2399.120689444813,0.003951160355078591,2411.691755583174,-0.0012819862140406029,2398.1871428571426,2392.458529396771,0.006746813123357202,3.45218855177009,62.37569059808564,-1.7714532727168262,-5.758109162369169,3.9866558896523427,94.26470588004221,90.93137254679066,135.47380414887945,0.5707891253604225,-5.735294117506819,15.882142857142851,0.0065939312700889555,0.06370191828353844,0.07718970320415056,0.08199080728342506,-0.19025978905483065,10553.06998,0.8590549211916758,14347.215100000032,15948.89917670727,42.95654122435451,-0.0041185751058706605,2398.68,0,0.0038573828445607047
2026-09-03 07:00:00+00:00,2408.6,2419.33,2395.85,2398.68,14022.8773,-0.004118575105870659,-0.003998654658245893,-0.0030755419603670786,0.0035688136727818343,0.007053252053000003,-0.004127079795823774,-7.400000000000091,8.529999999999745,-29.190000000000055,0.0,2402.37,-0.001535983216573017,2395.699285714286,0.0012441938366333717,2393.7004761904764,0.0020802618619377967,2412.4211999999998,-0.0056960202472081745,2400.089590343362,-0.0005873073859546846,2399.0806267680114,-0.00016699178991373996,2411.181490658344,-0.005184798700045447,2398.6313333333333,2394.4686845542387,0.0017587682281772392,3.186262625876393,52.64404953433471,-1.6662587826035633,-4.939739086416048,3.2734803038124847,58.019922747346484,79.08670627379475,106.03350805297201,0.23777784278236339,-41.98007725062059,16.00571428571428,0.0066727176137323894,0.06484533856128297,0.07883496000914084,0.08406875630649627,0.5468114771967074,10436.689145,1.3436135833092935,324.3378000000321,14460.84571225896,42.101853042459204,0.00208864875681634,2403.69,2,0.00406814849102759
2026-09-03 08:00:00+00:00,2398.68,2413.04,2398.67,2403.69,10453.2385,0.002088648756816358,-0.0004657332595922048,0.0001622768693045895,0.010034414512082979,0.010951990410699608,0.002086470562462985,0.38999999999987267,23.88000000000011,7.789999999999964,0.0,2404.781428571429,-0.00045385770135325445,2396.3250000000003,0.003073456229850587,2394.7390476190476,0.003737756892488199,2411.0628,-0.0030579045887967077,2400.8096722746895,0.0011997318065535328,2399.499660698192,0.0017463387765542866,2410.8877067109584,-0.0029855006066519586,2399.696761904762,2395.8195719800524,0.0032850670860159045,2.343164982880945,54.52947258776214,-1.1651946233109811,-4.184830193795035,3.019635570484054,68.20491969773957,73.4965161083761,100.23608935108906,0.4232189709050902,-31.795080300227497,16.352142857142844,0.006802933347118822,0.06460806344492587,0.07903312438158955,0.08429140374763747,-0.2545582282175428,10309.27206,1.0139647532009146,10777.576300000032,14110.058149186683,43.34592013352827,-0.0042060332239182785,2393.58,0,0.004084137780179787
2026-09-03 09:00:00+00:00,2403.69,2407.64,2393.57,2393.58,8785.3227,-0.004206033223918326,-0.006235987710703328,-0.006116322234263838,0.0006940031439177652,-0.0039159547064281375,-0.0042149034627422454,-14.730000000000018,1.6599999999998545,-15.11999999999989,0.0,2402.9957142857143,-0.003918323378495585,2396.367142857143,-0.0011630700518697368,2395.497619047619,-0.0008005096863259437,2409.48,-0.006598934209868308,2399.363737819752,-0.0024105298119596573,2398.961509725629,-0.002243266389981597,2410.2089731144506,-0.006899390592242283,2399.330761904762,2395.334856330583,-0.0007326142004507406,1.4627609425836217,50.281300651245054,-1.5658401438276996,-3.661032183801568,2.095192039973868,47.6519617798811,57.958934741655725,33.325773415990156,0.14350563772141503,-52.34803821808598,16.39071428571424,0.006847782102836501,0.05453189805213045,0.07073669103083063,0.07643976240115659,-0.1595597192200292,9434.50735,0.9311904028564957,1992.253600000031,12955.981525454621,42.64125854352145,0.0013577987783988837,2396.83,1,0.009417560306963089
2026-09-03 10:00:00+00:00,2393.57,2398.86,2390.0,2396.83,8074.5748,0.001357798778398811,-0.00077125752497198,-0.0033183494745946396,0.007139135404060637,0.00099396521121764,0.001356877803209231,-7.980000000000018,16.98999999999978,6.75,-4.17784239497295e-06,2402.0714285714284,-0.002182045258555671,2396.6007142857147,9.567122004027193e-05,2395.2042857142856,0.0006787372147795215,2408.4532,-0.004826002016561987,2398.8569902558015,-0.0008449816992152585,2398.767736114208,-0.0008078048095421049,2409.6843075021193,-0.005334436325162778,2399.392476190476,2395.020978791488,0.0007553258299324854,-0.13784511782841716,51.520223145315825,-1.6026326155283641,-3.249352270146927,1.646719654618563,54.258995729736604,56.705292402452436,5.065708382451854,0.7151831448726087,-45.74100426823047,16.047857142857115,0.006695450717343499,0.05328689364405771,0.0694099619845824,0.07508726005991674,-0.08090174080913393,9158.25096,0.881672148455639,10066.828400000031,12680.824084935137,36.039318925793665,0.004326547982126346,2407.2,2,0.008693918156615769
2026-09-03 11:00:00+00:00,2396.83,2411.35,2395.71,2407.2,9413.2046,0.004326547982126394,0.0014602548581554853,-0.0005812505189737305,0.008542783045152325,0.006783829224836557,0.004317215382349666,-1.400000000000091,20.389999999999873,6.579999999999927,0.0,2401.912857142857,0.0022012217643191095,2397.8185714285714,0.003912484740592867,2395.811428571428,0.004753534144111503,2407.5484,-0.00014471152480264403,2400.5255922046413,0.002780394350732997,2399.534305558371,0.003194659240281877,2409.586883678507,-0.000990577967814315,2400.805714285714,2396.060895828522,0.004648923652510687,-0.822491582391904,57.44476464235229,-0.7859585393330235,-2.7566735239841464,1.970714984651123,75.34051636358305,59.08382462440026,92.91509827124577,0.6388173517506169,-24.659483634384024,16.757142857142817,0.00696125907990024,0.05503962019808591,0.06847716686809711,0.07334417576381913,0.1657833177791601,8775.737534999998,1.072639714036175,19480.033000000032,13328.367791131794,42.074544576064035,0.006675805915586642,2423.27,2,0.01213475573258558
2026-09-03 12:00:00+00:00,2407.2,2427.0,2405.09,2423.27,18391.3684,0.006675805915586697,0.012404014070973135,0.010251471642736876,0.0071444008511769574,0.015535160506244372,0.0066536214015499575,24.590000000000146,17.190000000000055,25.990000000000236,0.0,2404.5499999999997,0.00778524048158386,2400.922857142857,0.00930773047982354,2397.3490476190477,0.010812339741134113,2406.8743999999997,0.006811988195143659,2405.0744737637133,0.007565473100633287,2401.6920959621557,0.008984458946304213,2410.1234764754286,0.005454709542015449,2404.1992380952383,2398.6181907068035,0.010277504518516988,0.6195959595208401,68.07218894749664,1.1447799367670086,-1.9763828318339156,3.1211627686009242,93.44002813764614,74.34651341032193,189.45747295093972,1.8249125991655568,-6.559971860595164,17.499999999999936,0.007221646783062851,0.05863804167396651,0.06889275775555097,0.07254325886976738,0.9537839855302839,9066.350965,2.028530383502308,37871.40140000003,15665.799563404958,51.79047453673788,0.00284739216018029,2430.17,2,0.012314919623064895
2026-09-03 13:00:00+00:00,2423.27,2436.21,2415.87,2430.17,21659.4411,0.002847392160180373,0.013910039510520278,0.011016395625059738,0.01118046020055763,0.015206139269854813,0.0028433460179395223,26.480000000000018,26.86999999999989,1.8899999999998727,0.0,2407.6314285714284,0.009361304708476754,2403.6549999999997,0.01103111719443485,2399.442857142857,0.012805949000060218,2406.2942000000003,0.009922228129872845,2410.0935790109706,0.008330141685726516,2404.280996329232,0.010767877677477652,2410.909614652863,0.007988845882097544,2408.0988571428575,2402.609199190506,0.01147119590600441,2.0424242421766827,66.62609753166339,3.194848202238063,-0.94213662501952,4.136984827257583,90.85818071604581,86.54624173909167,222.0356833088062,1.8166506760061323,-9.141819282440638,17.819999999999936,0.007332820337668806,0.058473103170639404,0.06846319253060211,0.0720422059671226,0.17769600548048392,9557.16688,2.266303536597629,59530.84250000003,19843.422700223535,57.00243087295862,0.024397470135834102,2489.46,2,0.01220164170090687
2026-09-03 14:00:00+00:00,2430.17,2489.9,2425.71,2489.46,47006.2579,0.024397470135834043,0.034172482552343064,0.04005715288396461,0.03369582819487538,0.0394708822387293,0.024104605734398838,95.88000000000011,81.15000000000009,69.40000000000009,0.0,2420.6,0.028447492357255095,2411.485,0.03233484761463064,2403.999523809524,0.03554928998280944,2407.1512,0.03419344825533438,2425.966863208777,0.026172301754862348,2412.0245421174836,0.03210392619575287,2413.9900219213782,0.03126358327633905,2419.539523809524,2416.29805319411,0.03027852739820198,7.067811446954757,83.78328401643883,9.494305125872415,1.145151725158867,8.349153400713549,99.63259852956213,94.6436024610847,360.66399902821274,3.4653876845310823,-0.36740146960285547,21.251428571428537,0.008536561572156211,0.10221830779724202,0.08783794252951146,0.08100165671554956,1.1702433448294287,11508.230105,4.084577512885584,106537.10040000002,28099.96343353558,69.65711823039422,0.010893928803836933,2516.58,2,0.007195390832733
2026-09-03 15:00:00+00:00,2489.46,2517.17,2479.2,2516.58,42850.9652,0.010893928803836994,0.03850582064730723,0.04996182457662823,0.04647768430769994,0.05164668469153666,0.01083501742617432,119.75,111.76999999999998,23.86999999999989,0.0,2436.727142857143,0.032770537061114706,2420.7542857142857,0.039585064395496694,2409.792380952381,0.044314032981285674,2408.5946,0.04483336465171648,2444.0894905670216,0.02965951521526779,2421.529583743167,0.039252221775406035,2418.013158316618,0.04076356712300183,2433.5521904761904,2431.1253317099913,0.035150252097396736,12.384646463145305,85.57486703658071,16.48499866859538,4.21312111384617,12.27187755474921,99.57171893075214,96.68749939212002,344.9143339438467,4.71351891149472,-0.42828106852196707,22.215714285714252,0.008827740141662663,0.10637442265779844,0.09284242695915697,0.08512652727532945,-0.08839871297221469,13306.934659999999,3.220198061752321,149388.06560000003,39651.21125891314,78.87735960329215,-0.008936731596054877,2494.09,0,0.005875723549718408
2026-09-03 16:00:00+00:00,2516.58,2519.0,2488.38,2494.09,22057.2758,-0.008936731596054903,0.02630268664332136,0.036095879029578004,0.035493647762185665,0.0420002005381106,-0.008976903699163204,86.89000000000033,85.49000000000024,-32.85999999999967,0.0,2451.085714285714,0.017544994637937742,2427.0407142857143,0.027625941880415058,2414.606666666667,0.03291771468643624,2409.4906,0.03511090684477663,2454.0895924536176,0.016299489500859486,2428.125985221061,0.027166635990227044,2420.9965638728295,0.03019146628205621,2443.3302857142858,2437.626762150914,0.023163200669507247,15.113872052040088,73.70831312412102,19.980100462254995,7.366516983527935,12.61358347872706,82.15488215429374,93.786399871536,230.65790258223623,3.5618338170735737,-17.845117844989883,22.459999999999972,0.00900528850201515,0.11374052117690711,0.09566277430648423,0.0871296999472466,-0.4852560333926854,14023.63026,1.5728648995341115,127330.78980000003,48001.64731044523,70.47845039227701,0.002566066180450439,2500.49,2,0.0038302210616866627
2026-09-03 17:00:00+00:00,2494.1,2506.0,2492.08,2500.49,10361.0627,0.0025660661804505214,0.004430679745808241,0.03186603226219109,0.04244417763103048,0.04616446666527185,0.002562779454066878,77.2199999999998,101.80999999999995,-9.670000000000528,4.00947840685762e-06,2465.894285714286,0.014029682653519948,2433.9828571428575,0.027324408905321833,2419.6985714285715,0.03338904668761953,2410.521,0.037323466586668304,2463.369673962894,0.015068922228539965,2434.7045320191464,0.02701989794477,2424.1139535248753,0.03150678884713131,2453.1235238095237,2440.521162342454,0.02457214409071636,16.344781142799956,75.68038893907132,23.001275936349884,10.493468774092324,12.50780716225756,86.73973780294607,89.48877962933064,175.9129021137385,3.978692703371994,-13.260262196337557,22.657142857142844,0.00906108117094401,0.11298766255254318,0.09626253376466187,0.08791578270491646,-0.5302655326094259,14337.038630000001,0.7226780207119576,137691.85250000004,56543.57161421236,66.43412164947445,0.004923035085123476,2512.8,2,0.004875771812994778
2026-09-03 18:00:00+00:00,2500.49,2514.45,2498.37,2512.8,11556.1404,0.004923035085123484,-0.0015020384807952203,0.0340017365040306,0.04539270871035783,0.05588261247746673,0.004910956573635363,82.63000000000011,109.11000000000013,5.410000000000309,0.0,2480.98,0.012825576989732822,2441.4464285714284,0.029225941881630337,2425.539047619048,0.035975900889566516,2412.1204000000002,0.04173904420358046,2473.2557391703153,0.015988747222288657,2441.8041200174057,0.02907517413069945,2427.5918377003704,0.03509987180559618,2463.6324761904766,2444.4176759598477,0.027974893453211885,17.321683499583923,76.58372766970861,26.088165257235232,13.612408070720907,12.475757186514326,95.55842108965156,88.15101368229712,155.4624135653493,4.326164576930873,-4.441578909632063,22.993571428571418,0.009150577614041016,0.11055587816249572,0.09668313339094313,0.08840594073916971,0.11534315876690915,14609.178245,0.7910191939751509,149247.99290000004,65372.56411762071,69.71260346639471,0.002141037886023422,2518.18,2,0.004737719590596014
2026-09-03 19:00:00+00:00,2512.8,2529.84,2507.19,2518.18,22665.2886,0.002141037886023378,0.009658833482352192,0.011536638467780191,0.05205591624261552,0.05278604635606543,0.002138749130701045,28.7199999999998,124.59999999999991,-53.91000000000031,0.0,2494.5385714285717,0.009477275213218974,2449.5442857142853,0.028019789103617878,2432.128095238095,0.03538132096346081,2414.1204,0.04310456098211048,2482.2405913362522,0.014478616129787016,2448.747381834005,0.02835434095041871,2431.1443146532974,0.03580029569699923,2473.8636190476186,2450.8159643150802,0.02748637052546623,16.406262624273996,78.56962854140428,28.638541047020226,16.617634665980773,12.020906381039453,91.66189931284546,91.32001940181436,141.20611450587603,4.981906715358038,-8.338100686439443,22.426428571428556,0.0089058083899561,0.11022186427824628,0.09754153403564196,0.09027662879340916,0.9613199403496344,15474.697284999998,1.4646676560173202,171913.28150000004,75519.29910641874,75.4164217898354,-0.0051823142110570845,2505.13,0,0.004557973670290359
2026-09-03 20:00:00+00:00,2518.18,2518.3,2502.37,2505.13,10814.7169,-0.005182314211057082,0.0018556362952861782,-0.004549825556906528,0.04518468143339338,0.052646396396396344,-0.005195788975149496,-11.449999999999818,108.30000000000018,-40.16999999999962,0.0,2505.247142857143,-4.675900239097234e-05,2456.4392857142857,0.019821664052053406,2437.519047619048,0.027737609864819927,2415.9664000000002,0.03690597683807314,2486.818473069002,0.007363435300684629,2453.87307439455,0.020888173125285285,2434.0457140786584,0.029204170451753206,2481.275047619047,2454.2501125510835,0.020731337522893512,13.26255892095135,73.24119997580124,29.269307935916913,19.147969319968002,10.121338615948911,82.3298054914021,89.85004196463304,106.42205704279445,4.2201781427704015,-17.6701945078828,22.85928571428573,0.009124989806627442,0.11034425624650633,0.0974134493962984,0.09004678195798244,-0.5228511275166379,15673.230379999999,0.6900119910059862,161098.56460000004,83669.70534390268,71.35967506227612,0.0024190361378451197,2511.19,2,0.004164903995538058
2026-09-03 21:00:00+00:00,2505.13,2526.19,2500.62,2511.19,14072.202,0.0024190361378451097,-0.0006407195160776924,0.006856208075891379,0.04319956796277835,0.05211139554468103,0.002416114979902992,17.09999999999991,103.99000000000024,28.549999999999727,0.0,2508.3514285714286,0.0011316482197181283,2464.475714285714,0.018955060276504537,2443.773809523809,0.027586919138518767,2417.8066,0.03862318847171711,2491.6927784552017,0.007824889855353024,2459.083703995045,0.021189313694479534,2437.0709801932207,0.030413155960222562,2488.5751428571425,2459.265311607027,0.021113902655350937,9.795690234502882,77.60168784119327,29.91336395501412,21.301048246977228,8.612315708036892,86.66332951883102,86.88501144102621,97.72549973667068,4.913560440843883,-13.33667048045388,23.008571428571454,0.009162417590290775,0.11033842148677422,0.09736679068523872,0.09005153219558365,0.3012085411130827,15832.754005,0.888803173191164,175170.76660000003,92384.09213019766,76.71684924754553,-0.00583388751946292,2496.54,0,0.003981649846478344
2026-09-03 22:00:00+00:00,2511.19,2512.57,2490.13,2496.54,9755.5402,-0.005833887519462899,-0.008593508009753004,-0.0015796903806852836,0.030236003416870494,0.03759642239659522,-0.005850971116181294,-3.949999999999818,73.26999999999998,-21.049999999999727,0.0,2505.4885714285715,-0.0035715874063898447,2471.1078571428575,0.010291797981872521,2448.9990476190474,0.019412401334803785,2419.311,0.03192189842478618,2492.6622227641615,0.0015556769787832688,2462.4888218136775,0.013827952388928677,2439.403098617016,0.0234224927464237,2492.850380952381,2462.450529747401,0.013843717809056624,5.2307744101403735,71.74982431012187,28.908412243992643,22.82252104638031,6.085891197612334,76.18707093767019,81.72673531596777,70.50650175899271,4.160078103159525,-23.812929061614717,23.585000000000036,0.009447074751452246,0.11215965362457121,0.0962311317884487,0.08917906553109001,-0.30675098325052474,15808.838945,0.6170940341627589,165415.22640000004,99339.43825113123,72.86358479275708,0.004394081408669701,2507.51,2,0.0026659496922196856
2026-09-03 23:00:00+00:00,2496.54,2509.16,2495.5,2507.51,7010.8961,0.004394081408669592,0.0009500504963815271,-0.0021052212671123227,0.031824934058111154,0.04336121166729079,0.004384455620320562,-5.289999999999964,77.34000000000015,-1.3400000000001455,0.0,2507.405714285714,4.159108104919231e-05,2479.2457142857143,0.01140035679054009,2453.8290476190473,0.021876402691140093,2421.152,0.03566814475091382,2495.631778211329,0.004759605119782377,2466.581656194252,0.01659314367434361,2442.07395749478,0.026795274690337916,2497.7039999999997,2464.7914326206583,0.017331514064013377,0.8550168349132106,76.58065418752227,28.66671603457189,23.991360044018627,4.675355990553264,84.03175057148154,82.29405034266092,68.86616992867822,4.167082087070403,-15.968249427803363,23.555714285714334,0.009394065940197621,0.1119034549236765,0.09642629203191613,0.0889832269873697,-0.28134209318311243,15772.76586,0.44449376616813324,172426.12250000006,106300.07484626159,76.03683218920449,-0.002404776052737656,2501.48,0,0.001889678180636585
2026-09-04 00:00:00+00:00,2507.5,2515.76,2500.86,2501.48,10804.5221,-0.0024047760527377005,-0.003866692683548445,-0.00663177374135282,0.004828356350373264,0.03868688001129428,-0.0024076721706111945,-16.699999999999818,12.019999999999982,-11.409999999999854,-3.988019988041639e-06,2507.547142857143,-0.00241955285842711,2486.7207142857146,0.005935240587931853,2458.5042857142857,0.017480430900778672,2422.918,0.03242453933643956,2496.8014225690636,0.0018738284064739913,2469.7542329038656,0.012845718279757464,2444.403606220475,0.023349823913798303,2500.668571428571,2467.359751658354,0.013828647532529183,-0.5359595958946167,74.10290662380842,27.66964104389035,24.727016243992974,2.942624799897377,78.85633340729989,79.69171830548387,65.13599092216147,3.2274571137334167,-21.143666591954574,23.987142857142903,0.009589180348087258,0.11306583788238553,0.09672960615291695,0.08939968584140802,0.5411042962111505,16000.816695000001,0.6752481642624882,161621.60040000005,111568.79156566526,79.3398662935284,0.002122743335945099,2506.79,2,0.0012933350741752237
2026-09-04 01:00:00+00:00,2501.48,2509.91,2497.26,2506.79,7309.6194,0.0021227433359451986,0.004105682264253785,0.0006626402621818794,-0.0038902001923244445,0.04240667661894282,0.002120493499630834,1.6599999999998545,-9.789999999999964,18.359999999999673,0.0,2506.6885714285713,4.0463172244327344e-05,2493.8342857142857,0.0051950983110324485,2463.1938095238093,0.0176990500331767,2424.6823999999997,0.03386323916071087,2498.799138055251,0.003197880863271241,2473.121120821696,0.01361392246211697,2446.850131466731,0.02449674696558319,2503.344476190476,2470.675843841642,0.014617116303768034,0.241885521856206,73.48488420964593,26.996723133312116,25.180957621856802,1.8157655114553144,81.52304609153073,81.47037669010405,58.03660239431764,3.1528658488899275,-18.476953907667664,23.773571428571454,0.009483670921202801,0.1123596317785761,0.09344019516286423,0.08434134610746456,-0.3234666621673161,15806.50907,0.46244362797809957,168931.21980000005,117031.87996893525,76.32694527601885,0.00037897071553653005,2507.74,1,0.001028283258660622
2026-09-04 02:00:00+00:00,2506.79,2507.74,2497.05,2507.74,7193.0964,0.00037897071553660844,9.172445972271959e-05,-0.0013738506445152288,0.005472938025492091,0.041160840322178815,0.00037889892427227646,-3.450000000000273,13.649999999999636,-5.110000000000127,0.0,2505.1971428571424,0.0010150327490619443,2499.8678571428572,0.003149023591245577,2468.095238095238,0.01606289793555197,2426.6602,0.033412094532216156,2500.5873104442007,0.002860403844297518,2476.268291656087,0.012709328972933,2449.237969448428,0.02388580908890722,2505.1985714285715,2473.2967757688507,0.013926037735778036,-0.45676767671231355,71.44888527245807,26.23763675740838,25.39229344896712,0.8453433084412616,80.60893217442626,80.32943722441895,52.86340237652769,0.734295791054783,-19.391067824696325,22.972142857142867,0.009160496246474399,0.11251424244731693,0.09347450267059856,0.08446099900294948,-0.01594104885953418,15712.880555,0.4577834328226103,176124.31620000006,122659.73103856045,72.35257745585604,-0.0010367900978569984,2505.14,1,0.0012337286863763454
2026-09-04 03:00:00+00:00,2507.74,2517.2,2505.13,2505.14,10488.2307,-0.0010367900978569544,0.0014631338247756975,0.0034447675583006987,0.00185963551143975,0.04438274384244667,-0.001037327936493113,8.599999999999909,4.650000000000091,12.050000000000182,0.0,2505.1985714285715,-2.3379954483306416e-05,2505.2228571428573,-3.3073761330700814e-05,2472.692380952381,0.013122384044839524,2428.7766,0.03144109672333317,2501.4978483553605,0.0014559883179721773,2478.892992414624,0.010588197096720434,2451.4302059406464,0.021909575042836037,2505.901523809524,2477.6065724738805,0.01111291349966682,-1.0227609426369968,69.4616063497614,25.13649914942198,25.341134589058093,-0.20463543963611386,76.27965043622102,79.47054290072602,56.158696422025415,-0.454585191013022,-23.720349562818633,22.38142857142855,0.008934202707800609,0.11079468817861327,0.09170733443088973,0.082205020638498,0.4580967801293474,15536.148225,0.6750856485214387,165636.08550000004,126752.71717774517,71.11068543998194,0.0017005037642607672,2509.4,2,0.004257469734912853
2026-09-04 04:00:00+00:00,2505.14,2525.0,2502.55,2509.4,13547.6521,0.0017005037642607856,0.0010411721763690096,0.0007537357777236409,-0.0013530722699777176,0.043978216824964944,0.0016990595447699687,1.8899999999998727,-3.400000000000091,-6.710000000000036,0.0,2504.942857142857,0.0017793391351949134,2506.6471428571426,0.00109822283950129,2477.964761904762,0.012685910057519097,2430.7662,0.032349388435616605,2503.0782786842883,0.002525578752188362,2481.666356740567,0.011175411708384228,2453.703531197876,0.022698939824613094,2506.458476190476,2481.5191038369285,0.011235414678029637,-0.4813468012884625,57.24669282743533,24.32715772835718,25.138339216917913,-0.8111814885607345,59.63665086770086,72.17507782611605,57.90910190970845,0.6138511441044151,-40.36334913032443,19.39999999999996,0.00773093169681686,0.11080826994768149,0.0927931812617654,0.08391980005890623,0.2917004295109564,15690.868905,0.8634099349132976,179183.73760000005,131746.1476941504,66.39792615543996,-5.977524507854106e-05,2509.25,1,0.004631117801276152
2026-09-04 05:00:00+00:00,2509.41,2516.56,2504.52,2509.25,9901.2486,-5.9775245078497186e-05,0.0006021357876015987,0.003106161152597764,-0.003546211946723332,0.04832510298381498,-5.9777031689656386e-05,7.769999999999982,-8.929999999999836,5.880000000000109,3.985016338471167e-06,2506.7585714285715,0.0009938845327285288,2506.1235714285717,0.0012475157279035784,2482.9914285714285,0.010575377396155005,2432.6628,0.031482867251461426,2504.3126229474306,0.0019715498006620544,2484.173960673243,0.010094316953532072,2455.8818240920773,0.02173075894139606,2506.805523809524,2484.7404664817586,0.009864021554305635,0.49528619522614337,46.68655636331607,23.403859945717613,24.791443362677853,-1.38758341696024,50.33767486612759,62.08465872334983,51.337396307834155,0.35033133505819725,-49.66232513146046,17.547857142857083,0.00699326776640434,0.10859570008289786,0.09251478062794331,0.08400871427780951,-0.2691539074877778,15746.6652,0.6287838392600975,169282.48900000006,135321.03734232654,53.88796490414191,-0.00042243698316227776,2508.19,1,0.004611632059401909
2026-09-04 06:00:00+00:00,2509.25,2519.08,2500.19,2508.19,10042.2299,-0.0004224369831622443,0.0012174968265248332,0.0005584831597382767,0.0012214934953476142,0.046461367723201086,-0.00042252623480096296,1.400000000000091,3.0599999999999454,-6.369999999999891,0.0,2506.8557142857144,0.0005322546912778025,2507.1307142857145,0.00042250916884760387,2488.4490476190476,0.007933034594311933,2434.522,0.030259738872751966,2505.0880983579445,0.001238240540956436,2486.3572369756757,0.008781024182539515,2457.9331251080744,0.020446803201651577,2507.0810476190477,2487.7947916601374,0.008198107178383648,0.5612794612114206,57.905359937085905,22.329209432872176,24.298996576716718,-1.9697871438445418,45.47972802705901,51.81801792029582,47.4833718510033,-0.18346068131161622,-54.52027197042274,16.70999999999994,0.006662174715628911,0.10900203136567009,0.09356406923644071,0.08565212332623426,0.014238739546444723,15845.047954999998,0.633777185687247,159240.25910000005,137599.05846210496,58.025078473104315,-0.0015150367396410088,2504.39,0,0.004724500660750855
2026-09-04 07:00:00+00:00,2508.19,2516.5,2503.86,2504.39,17960.4854,-0.0015150367396410402,-0.001996493185622117,-0.001335864164546563,-0.0027078795312183157,0.040374709205716286,-0.0015161855682939648,-3.349999999999909,-6.800000000000182,-4.75,0.0,2507.2714285714287,-0.0011492288144764,2507.4092857142855,-0.00120414554236777,2493.5709523809523,0.00433877672849564,2436.1592,0.028007529228784314,2504.948478686356,-0.00022295016887878883,2487.996579068796,0.0065890046108234126,2459.75496333913,0.018146131352961867,2506.7156190476194,2491.3255273267605,0.0052439845897025595,0.804646464548921,52.25225224380309,20.929648952062962,23.62512705178597,-2.695478099723008,35.91035003686892,43.90925097668518,43.686257715743544,-0.5476177239114951,-64.08964996061283,16.618571428571354,0.0066357761485091055,0.10952937247597473,0.0931506366845097,0.08549153321071094,0.7884957403733608,16272.411994999999,1.103738364387381,141279.77370000005,137949.6027704759,55.310342880594035,0.009088041399302912,2527.15,2,0.01427695070078011
2026-09-04 08:00:00+00:00,2504.39,2534.47,2503.4,2527.15,24642.6367,0.00908804139930286,0.007133605659061404,0.008785936115346837,0.012260969181347114,0.04286769530427903,0.00904699365933311,22.01000000000022,30.610000000000127,25.360000000000127,0.0,2510.18,0.006760471360616966,2508.434285714286,0.00746111404723414,2499.2828571428568,0.011150055615949565,2438.2876,0.0364445933285161,2509.388782949085,0.007077905652401406,2491.555980971633,0.014285859639594516,2462.3979059532817,0.02629635685205161,2509.3477142857146,2497.620590395267,0.011823016561553962,1.4338047136309138,57.39462021226908,21.410225225479735,23.182146686524725,-1.7719214610449896,83.49120432829349,54.96042746407381,115.86414150745556,0.8789962995928831,-16.508795669451224,17.689285714285624,0.0069996975701001616,0.11121590215459026,0.09484054398181489,0.08698453872837925,0.3720473668267339,16584.97541,1.485841015184147,165922.41040000005,140613.67968757346,58.65843275584141,-0.0023029895336644695,2521.33,0,0.012699423241592185
2026-09-04 09:00:00+00:00,2527.16,2546.66,2519.5,2521.33,30131.7703,-0.002302989533664479,0.0052388375681267085,0.004754124491910261,0.005511443623355428,0.03751177901134484,-0.002305645492607879,11.929999999999836,13.819999999999709,-10.080000000000382,3.957026690049888e-06,2512.121428571428,0.0036656553794872666,2508.6592857142855,0.005050791216592684,2503.9523809523807,0.006940075689859029,2440.3562,0.033181139704099985,2511.777026359268,0.0038032729579404304,2494.2627099742117,0.010851820025829285,2464.7089684649177,0.022972704793752692,2511.0671428571427,2504.8846145270604,0.0065653265533901425,2.11057239031657,51.61588180237387,21.078480422880602,22.7614134337959,-1.6829330109152991,55.19193348566785,58.1978292836101,207.31206094838467,0.4037926242138522,-44.80806651256317,18.011428571428464,0.007143622045278215,0.11226924528866834,0.09590488122858638,0.0886630630850894,0.22274944304153954,17008.59187,1.7715617218815791,135790.64010000005,140154.34258399502,60.371439531983384,0.002058437412000831,2526.52,2,0.012565382906003971
2026-09-04 10:00:00+00:00,2521.33,2528.51,2514.67,2526.52,12721.4511,0.0020584374120007354,0.008836483135613804,0.006882534621899028,0.010010074036170602,0.014886762591084013,0.002056321732542858,17.269999999999982,25.039999999999964,5.3400000000001455,0.0,2515.175714285714,0.004510335262004964,2510.187142857143,0.006506629272373716,2508.540476190476,0.007167324577844107,2443.0234,0.03417756866347075,2514.7256210874143,0.004690125560291095,2497.1951908856468,0.011743098505624324,2467.1329304859014,0.024071288895802723,2513.4485714285715,2511.261035465533,0.00607621602014471,2.4690909087916366,61.935051881853475,20.99237289465782,22.407605325968284,-1.4152324313104643,64.3728993443416,67.68534571943432,151.29702209723456,1.2008619929978295,-35.62710065388943,17.86214285714274,0.007069860067260765,0.07443768764135165,0.07895921712867213,0.08099857210750752,-0.5778060507782379,15294.35153,0.8317744675245586,148512.09120000005,140950.31864266217,59.72846916503519,-0.0013853046878710637,2523.02,1,0.013086513806507506
2026-09-04 11:00:00+00:00,2526.52,2527.89,2520.43,2523.02,12251.9788,-0.001385304687871014,-0.001634252023029914,0.00591263022338806,0.006474415487535801,0.002559028522836515,-0.001386265109496991,14.829999999999927,16.230000000000018,-2.4400000000000546,0.0,2517.121428571428,0.0023433797677043957,2511.032142857143,0.0047740755437770495,2510.1385714285716,0.005131759942676061,2445.9516,0.03150855478905167,2516.3844968699314,0.0026369194128797605,2499.5429008051333,0.009392557010041734,2469.324580270768,0.021744982477484787,2515.1596190476193,2512.899155984428,0.004027556773006706,2.6715824912586754,56.79494542452452,20.406478131581025,22.00737988709083,-1.6009017555098062,58.181496549474986,59.24877645982815,131.3985324886519,0.6185419001317474,-41.81850344875605,16.5685714285713,0.006566960003711716,0.06431592813157846,0.07227991794569888,0.07564674790162212,-0.03690398967142983,13764.40221,0.8901206614768858,136260.11240000004,140503.63233383722,59.34180112984314,-0.028450032104382923,2451.24,0,0.01365635399242128
2026-09-04 12:00:00+00:00,2523.03,2532.21,2434.69,2451.24,103506.029,-0.028450032104382905,-0.027798820463802887,-0.021222732881060913,-0.02253024635727785,-0.01718061497379819,-0.028862577729600755,-53.15000000000009,-56.5,-67.98000000000002,3.963504054749592e-06,2508.8342857142857,-0.022956592247728058,2507.796428571429,-0.022552240655204996,2507.0271428571427,-0.022252309080923103,2447.5212,0.0015194148267226968,2503.355597495945,-0.02081829586977356,2495.151728004667,-0.017598820749776617,2468.6153810444634,-0.007038512835120211,2507.1873333333333,2502.006635849023,-0.020290368187523205,-1.6244444442475545,34.29047024219686,13.988851429665374,20.403674195605742,-6.414822765940368,14.780744842236269,45.77838024535095,-316.88321058391654,-2.0084110206749664,-85.21925515687063,21.931428571428437,0.008947075182935776,0.116748482344475,0.10748916483940679,0.10408381873027248,7.448107092708975,17836.83987,5.80293537164519,32754.083400000047,130241.77053061462,39.534190315557396,0.0004201954928934744,2452.27,1,0.004863415397939703
2026-09-04 13:00:00+00:00,2451.25,2463.86,2435.38,2452.27,33469.9511,0.0004201954928935159,-0.02938824944983609,-0.02963021585580594,-0.021104608924052082,-0.019284220292822507,0.0004201072354901017,-74.88000000000011,-52.86999999999989,-21.730000000000018,4.079567892256246e-06,2500.845714285714,-0.019423714948992303,2503.8507142857147,-0.020600554973745237,2505.035714285714,-0.021063857087857442,2448.929,0.0013642698502073886,2493.138477996756,-0.016392381874262237,2491.2533890951513,-0.01564810278463679,2467.9743857093863,-0.006363269327394553,2499.7838095238094,2497.5361800110313,-0.018124334043006046,-5.289696969055813,29.424910604797844,8.883544453182367,18.099648247121067,-9.2161037939387,15.70063409827896,29.55429182999674,-354.21863102478534,-2.1748929906365606,-84.29936590082794,22.989999999999878,0.009374987256701139,0.1161651579239161,0.10966866495005197,0.1073340278997028,-0.676637666198169,18992.28429,1.7622920228516776,66224.03450000004,124144.84328960371,33.8573694922958,-0.004930125964922356,2440.18,0,0.00500792391798271
2026-09-04 14:00:00+00:00,2452.26,2458.49,2431.61,2440.18,28405.8194,-0.004930125964922372,-0.032833667588841986,-0.03218539421654443,-0.027584283095560824,-0.028900031836994744,-0.00494231912833342,-81.15000000000009,-69.22000000000025,-6.269999999999982,-4.077854396032841e-06,2491.672857142857,-0.0206659782784977,2499.472142857143,-0.023721865845379088,2502.1638095238095,-0.02477208298188164,2450.1796,-0.0040811702129901085,2482.546782397405,-0.017065854588437727,2486.610353722865,-0.018672146865845975,2466.884409799214,-0.010825156498263747,2491.294380952381,2493.341054732848,-0.021321212608245817,-8.660067339017653,28.15395580617148,3.8179786516284366,15.24331432802254,-11.425335676394104,7.448935245480434,12.643438061998554,-271.0585991286669,-2.694059192738203,-92.55106475365038,23.845714285714134,0.009772112830079897,0.11481845497238524,0.11130779603327215,0.10964221071750992,-0.15130382727090386,19834.768239999998,1.4321225766940733,37818.21510000004,115923.2596524986,28.68457942642827,0.004835708841151138,2451.98,2,0.004246168942716925
2026-09-04 15:00:00+00:00,2440.19,2458.76,2437.95,2451.98,12183.0817,0.004835708841151032,0.00030188802402064674,-0.029503031838259752,-0.0228235528544386,-0.02628882764536289,0.004824054357843225,-74.53999999999996,-57.26999999999998,6.610000000000127,4.0980583400463e-06,2480.934285714286,-0.01167071851963145,2495.557142857143,-0.017461889414896084,2499.267619047619,-0.018920590451061713,2451.1594,0.0003347803492501052,2476.433425917924,-0.009874453180121399,2483.462139748059,-0.012676714190311848,2466.2999231404215,-0.0058062375163932265,2484.9620952380947,2490.489284120235,-0.015462537568726335,-10.394141412881527,31.33047210001635,0.7470313295948472,12.344057728337003,-11.597026398742155,17.705345501801727,13.618304948520375,-182.49642612958823,-2.1220370917385307,-82.29465449732909,24.42857142857133,0.009962793916981936,0.11632171923703266,0.11113131048856457,0.1089778843375175,-0.5711061339776031,19310.657895,0.6308993596305109,50001.29680000004,109644.97747607017,31.952185303481244,0.0033646277702101975,2460.23,2,0.0038925082519999394
2026-09-04 16:00:00+00:00,2451.98,2464.49,2450.1,2460.23,13654.4238,0.0033646277702101823,0.0032459720993203156,-0.024886841959239292,-0.01912135842978402,-0.017923221549380752,0.0033589800749101385,-62.789999999999964,-47.960000000000036,11.75,0.0,2472.2057142857143,-0.004844141495389081,2492.1635714285717,-0.012813593696120723,2496.5080952380954,-0.01453153519000344,2452.475,0.0031621117442571065,2473.192740734339,-0.0052412982299491215,2481.35012704369,-0.008511546521991336,2466.0618869388363,-0.002364858306971833,2480.2518095238097,2488.855180974414,-0.011501344551190562,-10.935420874095367,34.58368485635579,-1.009375048974107,9.67337117287478,-10.682746221848888,24.876140808127943,16.6768071851367,-122.79641263658228,-1.9594325336726102,-75.12385919100288,24.692857142857065,0.010036808405249521,0.11649969935158404,0.11100906101500127,0.1091559190042599,0.12076928779029683,19452.643239999998,0.7019315386364583,63655.720600000044,105265.04824977777,35.407560117719584,-0.006044150343667011,2445.36,0,0.003429462649492873
2026-09-04 17:00:00+00:00,2460.24,2460.81,2443.04,2445.36,16166.0912,-0.00604415034366701,0.002122794220098534,-0.00239878592059517,-0.023570610008824433,-0.026214663167661523,-0.006062490156755697,-5.879999999999654,-59.029999999999745,56.91000000000031,4.064660621063668e-06,2460.6114285714284,-0.006198227153759377,2487.8935714285712,-0.01709621822935571,2493.6619047619047,-0.01936986913488461,2453.5625999999997,-0.0033431386670127257,2467.6261925874715,-0.009023324786528833,2478.0782973124456,-0.013203092633479845,2465.2500482353526,-0.008068166654973528,2474.011333333334,2486.3817525320314,-0.016498573676483875,-12.01346801201183,32.03294060802824,-3.5601848891751615,7.026659960464793,-10.586844849639954,11.951325510543693,18.177603940157788,-122.92118185048918,-2.5461791371913685,-88.04867448858712,25.09999999999994,0.010264337357276505,0.11719428186530399,0.10996068096686568,0.10697264506677996,0.1839453232731798,19557.3377,0.8265997881705123,47489.62940000004,99762.6274069418,31.71848102123039,0.0022000850590504686,2450.74,2,0.001709384795305693
2026-09-04 18:00:00+00:00,2445.35,2452.13,2444.66,2450.74,8866.9695,0.0022000850590504495,-0.0005057137497044284,-0.000623911722608117,-0.030235640939398234,-0.01834539001978741,0.0021976684158149405,-1.5300000000002,-76.41000000000031,4.349999999999454,-4.089377433267163e-06,2450.285714285714,0.00018540111940284684,2483.703571428571,-0.01327194267776417,2490.7833333333338,-0.016076602407536274,2454.8534,-0.0016756194076593363,2464.248954069977,-0.005481976180880725,2475.5929975567688,-0.010039209830245538,2464.681026735927,-0.005656320872638088,2469.0575238095234,2485.202332500833,-0.013867012778046275,-10.284511783265172,32.48746118668005,-5.088936930482305,4.603540582275373,-9.692477512757678,16.627553237577946,17.818339852083195,-105.51087077883116,-2.2904963340088815,-83.37244676155287,24.029999999999973,0.009805201694178154,0.11654086424392118,0.10847995589621061,0.10553568355005068,-0.45150813574526916,19512.909165,0.45441555767112823,56356.59890000004,95628.7199300902,28.082251344358923,0.0020810041048827557,2455.84,2,0.0016273253926636021
2026-09-04 19:00:00+00:00,2450.75,2457.75,2450.75,2455.84,10256.5399,0.0020810041048826555,-0.0017843860126898203,0.006417559360375247,-0.02597438653409101,-0.020606099277769574,0.0020788418151432915,15.66000000000031,-65.48999999999978,17.19000000000051,4.080400205739572e-06,2450.942857142857,0.001998064884650081,2479.8885714285716,-0.009697440322775577,2488.845238095238,-0.013261265742856803,2456.0948,-0.00010374192396791885,2462.567163255982,-0.002731768439194377,2473.7972705061534,-0.0072589903466389605,2464.3343198051066,-0.0034469023690644274,2465.342380952381,2484.0734650936447,-0.0113657931177848,-7.648484847557745,34.51255581695092,-5.821845943693916,2.5184632770815156,-8.340309220775431,21.060408517852647,16.546429088658098,-80.4182574072883,-1.938595825729233,-78.93959148127816,23.670714285714276,0.009638540900752751,0.11543133338944074,0.10802520623378851,0.10523263029135557,0.1567131137645168,19675.191355,0.5212930189567389,66613.13880000004,92865.331251034,31.10876798719481,-0.001897517753599709,2451.18,0,0.0014970791921530959
2026-09-04 20:00:00+00:00,2455.85,2458.91,2450.8,2451.18,5300.3329,-0.0018975177535996979,0.002380017666110401,-0.0003262669352931402,-0.029819672909773165,-0.02010809600716379,-0.001899320321042397,-0.8000000000001819,-75.34000000000015,-16.46000000000049,4.071926509772404e-06,2450.7871428571425,0.0001602983531238793,2475.816428571429,-0.009950830072500355,2486.162857142857,-0.01407102396463516,2457.2198000000003,-0.0024579811704260276,2460.2897306047857,-0.0037027064298410343,2471.741155005594,-0.008318490374263854,2463.8184641264747,-0.005129624731077997,2461.5145714285713,2483.046076554078,-0.012833461632048463,-4.028417507929207,33.80673748523955,-6.7014544760545505,0.6744797264543023,-7.375934202508853,17.00999565391539,18.232652469781993,-73.86012378464956,-3.006153176501996,-82.99000434521543,22.900714285714262,0.00934273055659108,0.11536435838398205,0.1075113198147817,0.10455068998584402,-0.4832240744268932,19399.981894999997,0.2732132910580599,61312.80590000004,89860.32883664982,31.573189724352403,0.0002529394006153549,2451.8,1,0.0012043818567540369
2026-09-04 21:00:00+00:00,2451.19,2456.84,2449.81,2451.8,6556.019,0.0002529394006154373,0.00043252242179936395,-0.0034265089036390473,-0.028228075877321568,-0.021936420681429203,0.0002529074168384367,-8.429999999999836,-71.2199999999998,-7.629999999999654,4.079667751945675e-06,2452.447142857143,-0.0002638763730452635,2472.06,-0.008195593958072041,2483.7971428571427,-0.012882349490233707,2458.3959999999997,-0.002683050249022886,2458.5917844838286,-0.002762469364246898,2469.928322732358,-0.00733961490521964,2463.3471518077895,-0.00468758607543823,2458.3123809523813,2482.1264405231605,-0.012217927349726841,0.38464646459986457,34.7873879057739,-7.264777919059725,-0.9133718026485032,-6.351406116411222,17.548891786027475,18.53976531926517,-68.06260071811107,-2.757671546365298,-82.45110821310332,22.5,0.009176931234191542,0.11488521737953782,0.10714465143355624,0.10413126039659037,0.2369070252172274,19362.301874999997,0.3385970863549333,67868.82490000004,87765.89989030221,32.7342926838366,-0.0001998531691003493,2451.31,1,0.0012188875465705088
2026-09-04 22:00:00+00:00,2451.79,2454.57,2450.56,2451.31,3811.2075,-0.00019985316910031692,-0.0018445827089713651,0.002433179572741695,2.855697524517531e-05,-0.02250233277772007,-0.00019987314240611326,5.949999999999818,0.07000000000016371,14.379999999999654,-4.0786361041741575e-06,2452.3514285714286,-0.00042466530665017136,2466.6428571428573,-0.006216083166823515,2481.155238095238,-0.012028766937669721,2459.551,-0.0033506115547092276,2457.135427587063,-0.0023708207214208792,2468.2357479385073,-0.006857427598898134,2462.8751066388563,-0.004695774709678582,2455.545714285714,2481.41559388052,-0.012132427133428297,0.410168350118641,24.817372822769244,-7.662427022051816,-2.263182846529166,-5.39924417552265,17.12299000419699,17.22729248137995,-63.163432854144254,-2.9768218735640435,-82.87700999493383,20.567142857142894,0.008390265962744208,0.1148058563288414,0.10681381745783235,0.10366148320416924,-0.41867046144924236,19193.20743,0.19857064088426837,64057.61740000004,85507.96822455915,26.63052659710327,0.001852070933500848,2455.85,2,0.0012243181285085645
2026-09-04 23:00:00+00:00,2451.32,2456.02,2450.0,2455.85,3096.3722,0.0018520709335008156,0.0019052048401178023,0.002085084505088375,0.0014598718738147998,-0.01967554707521335,0.0018503579648296708,5.110000000000127,3.5799999999999272,-0.8399999999996908,4.0794513954637315e-06,2451.7257142857147,0.0016821970297297574,2461.965714285714,-0.0024840777636442454,2478.6842857142856,-0.009212260652104903,2460.865,-0.002037901307059849,2456.8783420696504,-0.0004185563656293419,2467.1097708531884,-0.00456395211360619,2462.599612260862,-0.0027408484218280327,2454.1066666666666,2480.4169072839222,-0.009904346004000347,0.7861952860999928,28.07099798799088,-7.524489116737641,-3.3154441005708613,-4.20904501616678,24.09542743514796,19.58910307512414,-54.330131147051475,-2.6622856735171916,-75.904572563858,19.057142857142903,0.007759896922505505,0.11528794834864632,0.10644985310460527,0.10308610219388371,-0.18756136998575912,18823.614504999998,0.16449402951687975,67153.98960000004,83759.97026031543,19.075837474609955,-0.0015106785837897415,2452.14,0,0.0008825328855472663
2026-09-05 00:00:00+00:00,2455.86,2456.58,2451.69,2452.14,3295.1922,-0.0015106785837897263,0.00013867362753883228,-0.0015066128086521635,0.0049012777745904845,-0.02281820355463471,-0.0015118208091833818,-3.700000000000273,11.960000000000036,-8.8100000000004,4.071909929439586e-06,2452.694285714286,-0.00022599054334416444,2456.652857142857,-0.0018369942378036865,2476.160476190476,-0.009700694450717267,2462.3116,-0.004130915031223504,2455.9306736557205,-0.0015434774671699396,2465.7488825938076,-0.005519168107454049,2462.189431387887,-0.004081502121556253,2452.796571428571,2478.9943680385654,-0.010832766860943893,-0.006397306396545052,24.841022863294953,-7.626623360531539,-4.177679952562997,-3.4489434079685424,20.407554671765098,20.54199070370335,-51.12189596809448,0.03671611102950849,-79.59244532724087,18.41785714285717,0.007510932142067606,0.11486496503561669,0.10481958413899382,0.10075780296980055,0.06421062687489587,18310.99151,0.17995706011879528,63858.79740000005,81864.62046409491,19.789041755434113,-7.74833410816897e-05,2451.95,1,0.0008687879385454384
2026-09-05 01:00:00+00:00,2452.15,2456.21,2451.51,2451.95,3684.7716,-7.748334108170774e-05,0.00026108488930409735,0.00031413441689309707,-1.2235010073524677e-05,-0.02283550861811301,-7.748634307085076e-05,0.7699999999999818,-0.03000000000020009,4.470000000000255,4.078070583333007e-06,2452.867142857143,-0.0003739064546620264,2451.5764285714286,0.00015238008663217607,2473.424761904762,-0.008682197346571354,2463.5122,-0.004693380450884558,2455.1345389245766,-0.0012970934480724852,2464.494438721643,-0.005090065745145219,2461.78788505895,-0.0039962358733886625,2452.169523809524,2477.8748118438857,-0.010462518816511049,-0.09750841749661986,25.41000622548121,-7.634886675634334,-4.869121297177265,-2.7657653784570693,20.21868787256215,21.573889993158403,-48.013501220696725,-0.013049134067620337,-79.78131212644382,18.220714285714298,0.007431111680787483,0.11486279751679646,0.10439969122509676,0.1001515688110651,0.1182266090578874,18000.16766,0.20470762659550668,60174.02580000005,79798.84954370493,15.503104303898184,0.0004975631640124206,2453.17,1,0.0010008525411175418
2026-09-05 02:00:00+00:00,2451.95,2453.17,2450.12,2453.17,2935.0736,0.0004975631640125044,-0.0010912718610663896,0.000558773146259739,-0.0028696503985399247,-0.021936137214485285,0.0004974394205065188,1.3699999999998909,-7.059999999999945,0.599999999999909,0.0,2452.4857142857145,0.00027901720703176375,2451.714285714286,0.0005937536417664549,2470.7542857142857,-0.00711697064169819,2464.9788,-0.004790629436648705,2454.7416311396614,-0.0006402429973581573,2463.464944292403,-0.004179050453407473,2461.449928782128,-0.0033638420531355052,2452.382,2476.770802960591,-0.009528860293560619,0.4968350167747835,51.30493575769768,-7.457031590024144,-5.386703355746641,-2.070328234277503,65.57177615372402,35.39933956601709,-47.00971602804363,0.5323377783604043,-34.42822384323463,11.472857142857167,0.004676747694963044,0.114984229619631,0.10319329351531382,0.09840131171118316,-0.20345847216147672,17644.809845,0.1663420363145225,63109.09940000005,78209.34953001875,25.87831835908527,-0.0002771923674267544,2452.49,1,0.0012278436566843874
2026-09-05 03:00:00+00:00,2453.17,2456.0,2451.09,2452.49,3389.7982,-0.00027719236742673736,0.00014273247041352022,0.0004813752646544156,0.0029157261098569087,-0.020723609341995464,-0.0002772307923319082,1.1799999999998363,7.129999999999654,-0.19000000000005457,0.0,2452.672857142857,-7.455423267098039e-05,2451.73,0.00030998519412800494,2468.1019047619047,-0.006325470083620673,2466.2924,-0.005596416710360231,2454.291304911729,-0.0007339409580776943,2462.4672220840025,-0.004051717722177391,2461.098559025966,-0.003497852206849385,2452.485428571428,2474.8634548463288,-0.009040278485872733,0.04356902356373194,50.14945651219969,-7.286951034745016,-5.766752891546316,-1.5201981431986997,63.50364963310474,49.76470455313031,-41.03826465936117,0.02079951712491764,-36.4963503638539,9.789285714285727,0.003991570083581069,0.11500651069328752,0.10272207079141327,0.09777074310857611,0.1549278355404784,16916.275485,0.20038679335800613,59719.30120000005,76448.39254620744,35.069762923501145,-0.0014434309620018691,2448.95,1,0.0012283056777980003
2026-09-05 04:00:00+00:00,2452.5,2453.0,2447.9,2448.95,5211.9413,-0.0014434309620018348,-0.0012235159770794812,-0.002809617851253221,-0.0007303916368117669,-0.030943948716934178,-0.0014444737120187653,-6.900000000000091,-1.7899999999999636,-8.079999999999927,4.0774885933130015e-06,2452.2657142857142,-0.0013521023706351725,2452.3564285714283,-0.0013890430166431543,2465.461904761905,-0.006697286512521854,2467.1497999999997,-0.0073768524310897105,2453.2230439293835,-0.001741808165366693,2461.2383837127295,-0.004992764534326783,2460.6221449465165,-0.004743574697351864,2452.114761904762,2470.8390360216363,-0.008858948601067805,-0.3217508417118705,56.740968473568266,-7.353048023802785,-6.08401191799761,-1.2690361058051751,41.44687264350244,56.84076614344374,-48.31220569505619,-0.4584937180668318,-58.55312735272966,8.23357142857146,0.0033620822918263332,0.10862710992250353,0.09939861359501331,0.09495291723069349,0.5375373377683663,15944.740715000002,0.32687526207914713,54507.359900000054,74358.77038942577,43.29997271631085,0.0008085097694930555,2450.93,1,0.0007072888708865505
2026-09-05 05:00:00+00:00,2448.95,2452.17,2444.47,2450.93,4838.6087,0.0008085097694929821,-0.0009131042691702396,-0.0004934465405727062,-0.0019993159163465,-0.027921771446022592,0.0008081831015335989,-1.2100000000000364,-4.910000000000309,5.690000000000055,0.0,2452.2114285714283,-0.0005225603944658517,2452.281428571429,-0.0005510903258015606,2461.8323809523813,-0.004428563470336414,2468.1023999999998,-0.006957734006495423,2452.764435143507,-0.0007479051462188337,2460.301257920663,-0.0038089879808375355,2460.2420608309667,-0.0037850181407832074,2451.924571428571,2464.4965460307903,-0.005504794093801706,-0.16518518516518244,49.04942964536122,-7.163089277067229,-6.299827389811535,-0.8632618872556943,36.783216781501665,47.24457968603628,-51.258833874743985,0.22777832302799716,-63.21678321383632,7.297142857142879,0.0029772954989085378,0.10890135324258923,0.09696686030723285,0.09152523225910714,-0.07163023881331909,14680.082634999999,0.3296036419075423,59345.96860000005,72928.9797428138,33.42647659116932,0.0010077807199717066,2453.4,1,0.0013480379966272654
2026-09-05 06:00:00+00:00,2450.93,2454.71,2450.44,2453.4,3346.6174,0.0010077807199717626,0.00037105146198368466,0.0005913660555885158,0.0009056862409126953,-0.028940993936323434,0.001007273249899075,1.4500000000002728,2.2200000000002547,2.6600000000003092,0.0,2451.8614285714284,0.0006275115757530815,2451.7935714285713,0.0006552054749422023,2458.597619047619,-0.0021140584402055086,2469.0042,-0.006320037851694803,2452.891548114806,0.00020728673698787513,2459.673870836966,-0.002550692151243909,2459.973744719948,-0.002672282472142314,2452.0737142857142,2461.730467503074,-0.0033839884638224497,-0.137979797963087,43.09403436595952,-6.735593515070832,-6.386980614863395,-0.34861290020743674,58.30050646830125,45.51019863110179,-27.8925888345039,0.10853864547031608,-41.69949352607129,6.574285714285744,0.0026796632079086427,0.10852300817819244,0.09632987556853838,0.090674255574911,-0.3083513035472366,14211.340949999998,0.23548920624550668,62692.586000000054,71954.08510064105,24.900184180658542,0.001683378169071537,2457.53,2,0.0012879872502552631
2026-09-05 07:00:00+00:00,2453.41,2459.33,2452.94,2457.53,5021.8398,0.0016833781690714922,0.0035035423344700334,0.0017772922382062184,0.0023370584876416522,-0.02595698805399871,0.0016819628761343163,4.360000000000127,5.730000000000018,2.9099999999998545,4.075976196200968e-06,2452.631428571429,0.0019972717349637024,2452.662857142857,0.0019844320808165036,2455.3123809523813,0.0009031922230432429,2470.0586,-0.005072187356200606,2453.8192384918448,0.0015122391453881532,2459.478973488151,-0.0007924334825216745,2459.877911593676,-0.0009544829776342838,2452.8385714285714,2458.892910234872,-0.0005542779960844633,0.15555555553672115,65.71945231412818,-5.9944433480932275,-6.308473161509362,0.3140298134161341,87.88694481239177,60.99022268739822,73.06285526848194,0.0688155580167831,-12.113055180878742,5.761428571428594,0.002344398062862406,0.10909049097605387,0.09628348895136336,0.09058192549199086,0.5005718311271554,13849.833999999999,0.3625920570600079,67714.42580000006,71550.30802438952,36.10286392501809,-0.00028076971593431394,2456.84,1,0.0014448825922896069
2026-09-05 08:00:00+00:00,2457.53,2457.6,2453.15,2456.84,5045.6368,-0.00028076971593427036,0.0024113295769361276,0.0017737075380532819,0.002255936621643251,0.002284558019614691,-0.0002808091391303623,4.350000000000364,5.5300000000002,-0.009999999999763531,0.0,2453.3300000000004,0.0014307084656358224,2453.0985714285716,0.0015251847663211322,2452.160952380952,0.0019081323411919704,2471.0234,-0.005739888986884605,2454.423390793476,0.0009845934550607683,2459.23906680741,-0.000975532163500997,2459.7587778056886,-0.0011866113994686448,2453.3955238095236,2450.7949303981677,0.002466575039327285,0.29380471376913553,58.96531449660445,-5.400500130682303,-6.126878555343951,0.7263784246616476,83.24360699305386,76.4770194245823,100.30856747460598,0.23090919475509758,-16.756393000216665,5.5457142857142765,0.0022572549639830104,0.04006518556503983,0.04770911276573614,0.05063881837298804,0.004738701541216139,8926.814390000001,0.5652225507961339,62668.789000000055,70704.44906968577,38.188803634287815,0.0006960160205792955,2458.55,1,0.0017245278949616378
2026-09-05 09:00:00+00:00,2456.85,2460.28,2456.83,2458.55,4246.8761,0.0006960160205793375,0.002099127741093998,0.003920047367239166,0.0010994156809251976,0.0025608925607703004,0.0006957739137625213,9.600000000000364,2.700000000000273,5.25,4.070269126096718e-06,2454.098571428571,0.0018138752140000399,2453.2921428571426,0.0021431842751234867,2452.5090476190476,0.0024631723119695873,2472.2208,-0.005529764978918688,2455.2487126347805,0.0013445836864631213,2459.176424370373,-0.0002547293330257061,2459.7113747544854,-0.00047215895588590057,2454.1223809523813,2451.080964799943,0.0030472413222235816,0.7975084174117946,54.42376752327981,-4.737205585637184,-5.848943961402598,1.1117383757654133,89.05755850164105,86.72937010236222,153.8454880795346,0.27530793702574624,-10.942441492033838,5.2914285714285665,0.002152255830235876,0.04010480047470387,0.040875574737512764,0.04151643860122764,-0.15830721307566165,7465.66064,0.5688546941506079,66915.66510000006,70343.61250114426,31.97822219101613,-0.0017896727746029531,2454.15,0,0.001816666807339397
2026-09-05 10:00:00+00:00,2458.54,2458.55,2454.05,2454.15,4628.7032,-0.0017896727746029573,-0.0013753646954463017,0.0013137870114610095,0.0008196921872325458,0.005724987500922207,-0.0017912761522227956,3.2200000000002547,2.0100000000002183,-6.380000000000109,-4.067438124184666e-06,2454.335714285714,-7.566784145820482e-05,2453.5042857142857,0.0002631804189109451,2452.598571428571,0.0006325652267360726,2473.23,-0.007714608022704,2455.0289701078245,-0.0003580284055814955,2458.719476700339,-0.0018584782622169131,2459.4932816268583,-0.002172513202931662,2454.236761904762,2452.9789586399534,0.0004773955993065395,0.7233670032793659,54.8896937514504,-4.514542274440828,-5.582063624010244,1.0675213495694162,61.2270714698784,77.84274565485778,72.49587649649138,0.11585641962864701,-38.77292852379649,5.033571428571447,0.0020510447318091377,0.036208463445235844,0.033716564476272325,0.03296170316599125,0.08990775596208223,6276.80483,0.7374298429475402,62286.96190000005,69576.31244389244,32.33959762236894,-0.00019558706680521492,2453.67,1,0.0015934362814862709
2026-09-05 11:00:00+00:00,2454.15,2456.17,2453.0,2453.67,3148.2566,-0.00019558706680522508,-0.0012902753130037414,0.0001100513573000228,0.0007014824935256403,0.0006892389008066324,-0.0001956061964499572,0.2699999999999818,1.7200000000002547,-2.950000000000273,0.0,2455.0099999999998,-0.0005458226239400838,2453.6378571428572,1.3100082006502725e-05,2453.2409523809524,0.00017489012590918602,2474.4318,-0.00839053232341719,2454.7571760862597,-0.00044288538876686604,2458.2604333639447,-0.0018673503025312423,2459.264917641491,-0.002275036577537358,2454.2588571428573,2453.3713050377837,0.00012174877956829996,0.5789898989197522,53.09295399459771,-4.32693378533304,-5.331037656274804,1.0041038709417638,58.19101833914061,69.49188277022002,26.58601000320588,-0.08876763645983869,-41.808981654534286,4.757857142857152,0.0019390778478178456,0.031985249562495266,0.028567028860592533,0.027472467640664338,-0.3198404684923414,5825.063575,0.5404673373027451,59138.70530000005,68582.2546206646,34.31634250299446,0.0021478030868046566,2458.94,2,0.002327935867323652
2026-09-05 12:00:00+00:00,2453.67,2461.69,2453.0,2458.94,6213.55,0.0021478030868047338,0.00015863008683969504,0.0005737468108222288,0.002352058764781839,-0.000524341220129787,0.0021454998550907473,1.4099999999998545,5.769999999999982,1.1399999999998727,0.0,2456.154285714286,0.0011341772387490551,2454.182857142857,0.0019383815852578742,2453.5723809523806,0.0021876750363214233,2475.674,-0.006759371387344684,2455.593740869008,0.0013627087719349695,2458.3222121490403,0.0002513046694637488,2459.2521757731975,-0.0001269393095480823,2454.965809523809,2453.0142544227206,0.0024156996098139687,0.8212121211126189,60.896886579475485,-3.7102384302161227,-5.006877811063068,1.296639380846945,84.03019743995202,67.81609574965701,146.93007933802016,0.27730879966059885,-15.969802554240776,5.092142857142854,0.0020708690969038625,0.03056605681926901,0.02677800542299041,0.025494824983676983,0.9736478913440536,5453.019885,1.1394695290018846,65352.255300000055,68274.63563774416,43.600029971045906,-0.0019479938510089565,2454.15,0,0.0026011065623175816
2026-09-05 13:00:00+00:00,2458.93,2462.0,2450.0,2454.15,7806.9039,-0.0019479938510089667,0.0,-0.001094902394946362,0.0006768631064755226,0.003594562763764797,-0.0019498936586407332,-2.6900000000000546,1.6600000000003092,-4.099999999999909,-4.066793008456575e-06,2456.261428571429,-0.000859610685926056,2454.0614285714287,3.609177322954648e-05,2453.2828571428568,0.00035346224126510796,2476.613,-0.009070048489606842,2455.3049926952062,-0.0004704070160904257,2457.942920135491,-0.0015431278344251818,2459.0520904487585,-0.0019934878434648305,2454.9614285714288,2453.7240865457215,0.000173578380965383,0.6450505049723413,47.589336339584825,-3.5668988963761876,-4.718882028125692,1.1519831317495042,55.21962349941805,65.81361309283689,57.059835830394334,0.08972450498580214,-44.780376494877444,5.519285714285713,0.0022489602160762237,0.02217245385104963,0.0242250688377923,0.025103450065641072,0.25643213621842587,5035.060520000001,1.5505084534710711,57545.35140000006,67252.7990436733,35.39919328758657,0.0012672412036754588,2457.26,1,0.002028588325466519
2026-09-05 14:00:00+00:00,2454.15,2459.79,2453.93,2457.26,5733.3255,0.0012672412036753844,0.0014631144367418525,-0.0005246995180085978,0.0033932910022664853,0.0026604209340854723,0.0012664389312514917,-1.2899999999999636,8.3100000000004,1.400000000000091,0.0,2456.2228571428573,0.0004222511219315672,2454.4271428571424,0.0011541826169502952,2453.849523809524,0.0013898473224961063,2477.2928,-0.008086569338913779,2455.6959941561654,0.0006368890316863561,2457.88083648681,-0.0002525901490395141,2458.9818123919445,-0.0007002135531326555,2455.3879047619052,2454.3294669146685,0.0011940259548831025,0.3727946127494417,57.38603575293144,-3.165856254235223,-4.4082768733475985,1.2424206191123757,72.96063890057425,70.73681994664811,101.77268475325542,0.16672305629037035,-27.039361093721244,5.588571428571446,0.00227431017823477,0.02127449178113961,0.02388315708095054,0.024963358899905055,-0.2656082906310657,4878.37832,1.1752523326232773,63278.67690000006,66874.31122046632,42.867495111490214,0.0011150631190837688,2460.0,1,0.00252634963300035
2026-09-05 15:00:00+00:00,2457.26,2460.12,2455.86,2460.0,5274.3836,0.0011150631190837146,0.0004310800588871455,0.002383717376688521,0.0037006360850779796,0.0016939214281059822,0.0011144418979615663,5.849999999999909,9.070000000000164,7.139999999999873,0.0,2456.674285714286,0.0013537465284071506,2455.0021428571426,0.0020357852466225514,2454.290476190476,0.0023263439535420763,2477.8894,-0.007219611981064532,2456.5567953249324,0.0014016385379808617,2458.0734877152818,0.0007837488563078274,2459.0217413177506,0.0003978243322585388,2456.1309523809523,2454.526257986814,0.0022300604833102415,0.30134680131026526,60.81698465865523,-2.5969954234492434,-4.046020583367928,1.4490251599186843,88.59098687458136,72.25708309152456,138.05677451064423,0.3062193933511312,-11.40901311971413,5.55714285714287,0.002259001161439273,0.02035841350277327,0.023389869772671535,0.02461196697408609,-0.08004811518201782,4629.2705049999995,1.1393552384338062,68553.06050000005,67034.19210423144,49.743776534558776,0.004532520325203289,2471.15,2,0.0026362427339513546
2026-09-05 16:00:00+00:00,2459.99,2474.44,2458.89,2471.15,14615.2594,0.004532520325203349,0.006927041949351009,0.007124022382797968,0.00723485774843069,0.008147096500461082,0.004522279388131107,17.480000000000018,17.75,11.63000000000011,-4.065040650493583e-06,2458.4742857142855,0.005155927137153923,2456.2864285714286,0.0060512370445372195,2455.019523809524,0.006570406481101833,2477.5232,-0.002572407798238751,2459.475436259946,0.0047467698062488,2459.2622615593473,0.004833863645396772,2459.49735930529,0.004737813866975126,2458.284,2456.5283234226777,0.005952170971488787,0.9664646463474867,69.07085275844281,-1.23225265946121,-3.4832669985865845,2.2510143391253745,89.0223556860522,83.52466048706927,309.3102830453407,0.9065109536736646,-10.977644310611142,6.450000000000013,0.002610120793961274,0.024437645552071535,0.026040182476298655,0.026556993502652573,1.7709890877106473,5095.0168300000005,2.8685399651559402,83168.31990000005,68570.77570382845,60.99343306058145,0.0039900451206928466,2481.01,2,0.002683288906068681
2026-09-05 17:00:00+00:00,2471.15,2485.34,2471.05,2481.01,10609.8259,0.003990045120692898,0.00966523688986931,0.008975412169471397,0.00955430859440165,0.011913696060037449,0.003982106001947981,22.070000000000164,23.480000000000018,4.5900000000001455,0.0,2462.3114285714287,0.007593910019502443,2458.323571428572,0.009228414369486578,2456.44,0.010002279721869926,2476.8118,0.0016950016145750658,2463.7823490079572,0.006992359125785891,2461.2393286903157,0.00803281138864173,2460.3409922737105,0.008400871176470601,2461.580476190477,2459.0215615642683,0.008941946170547364,2.29602693574863,75.31960225400447,0.637585718700393,-2.6590964551291894,3.2966821738295824,89.40543185492062,89.00625813851805,366.26484053494124,1.2272892330661467,-10.594568142632605,7.1200000000000205,0.002869798993150834,0.02753009493631044,0.028140391329293152,0.02803820046135919,-0.27405832427442245,5297.7071750000005,2.002720337217958,93778.14580000004,70971.47761774955,64.31926314623392,-0.00020556144473428894,2480.5,1,0.002921079402722046
2026-09-05 18:00:00+00:00,2481.01,2482.17,2475.59,2480.5,5263.8724,-0.00020556144473427018,0.008333333333333304,0.010736915021494209,0.009630256752576338,0.011907918623103697,-0.00020558257538386498,26.34999999999991,23.659999999999854,4.279999999999745,0.0,2466.144285714286,0.005821116943103013,2460.577142857143,0.008096822812763027,2457.806666666667,0.009233164528803699,2476.54,0.0015990050635154036,2467.125879206366,0.005420931662364522,2462.9902988093777,0.007109123084682664,2461.1315415963104,0.00786973718240155,2464.5373333333337,2460.2652111063244,0.008224637247367439,3.2273400669488694,79.60217674771164,2.054609112203252,-1.7163553416627013,3.7709644538659535,88.15757278962154,88.86178677686479,260.81450932788476,1.1045895491965787,-11.842427207931687,7.225714285714308,0.0029130071702122133,0.02753228481756168,0.028491283020886528,0.02852489137099286,-0.5038681643211507,5370.34042,0.9801748098492086,88514.27340000003,72642.22007320198,70.41160521425724,-0.0011812134650271463,2477.57,1,0.002922099557757951
2026-09-05 19:00:00+00:00,2480.5,2482.65,2472.86,2477.57,5098.0072,-0.0011812134650271977,0.0025979806972462605,0.0082653036308733,0.0077362673120335845,0.00884418836655354,-0.0011819116475080304,20.309999999999945,19.019999999999982,-6.039999999999964,0.0,2468.805714285714,0.0035500102999470465,2462.48,0.0061279685520264195,2459.057142857143,0.007528437147800429,2476.0816,0.0006011110457747363,2469.2147033650926,0.0033837870086863555,2464.3157261903434,0.005378480390636283,2461.776187023906,0.00641561692705348,2466.803047619048,2461.255832038796,0.006628391794478127,3.7890909086316302,74.55752210464959,2.907666083042386,-0.7915510567216839,3.69921713976407,78.0135823407468,85.19219566176298,182.0986157842303,0.8154529141044793,-21.98641765642356,7.375,0.0029767070153404436,0.027797274795281372,0.029246025828587895,0.02972998351925653,-0.03151011031346429,5470.42217,0.9319220786938036,83416.26620000004,73668.31970432561,70.15236641073051,-2.8253490315173217e-05,2477.5,1,0.003291736783303973
2026-09-05 20:00:00+00:00,2477.57,2483.64,2475.0,2477.5,6379.9543,-2.825349031521096e-05,-0.0014147464137590493,0.007113821138211351,0.00951449585396169,0.010341986999111041,-2.825388945258649e-05,17.5,23.34999999999991,-2.8099999999999454,0.0,2472.1414285714286,0.00216758287638332,2464.2014285714286,0.005396706322127097,2460.0880952380953,0.007077756603757892,2475.3756,0.0008582131939893456,2470.8717626920743,0.0026825501055956842,2465.5142965366754,0.004861340078277447,2462.3928071406153,0.006135167717989453,2468.8057142857147,2462.473984484955,0.006101999700184304,3.7645117840554785,73.24459874565119,3.537295720217571,0.07421829866616714,3.463077421551404,77.81550650600377,81.32888721212403,150.26780948238314,0.8409176014714611,-22.184493491166577,7.68714285714285,0.003102782182498384,0.026899805371651892,0.029874330024462055,0.030766011510355278,0.25146043340229096,5624.660275,1.1342826034055657,77036.31190000004,73989.08086581841,71.185925030285,0.004690211907164436,2489.12,2,0.003907585752578613
2026-09-05 21:00:00+00:00,2477.5,2493.57,2476.77,2489.12,5254.8057,0.004690211907164343,0.003475105825438307,0.007271917932946126,0.01444774562186435,0.015159362956014721,0.004679247134668166,17.9699999999998,35.44999999999982,0.4699999999997999,0.0,2476.692857142857,0.005017635845033248,2466.4578571428574,0.009188133010869732,2461.8490476190477,0.011077426703849253,2474.7944,0.005788602075386092,2474.5214101536594,0.005899560935877314,2467.660269578796,0.008696387702047054,2463.440932350787,0.010424064694215189,2472.1281904761904,2463.879069211707,0.010244387033312652,4.09414141364514,76.62228213260175,4.917235798115598,1.0428217985560533,3.874413999559545,89.78655037663962,81.87187974113006,166.68977120293465,1.2434158345360995,-10.213449621065234,8.4307142857143,0.003387026051661195,0.030577106577956058,0.03291631620171927,0.03323856333489971,-0.17635684318303035,5703.16198,0.9213846140836909,82291.11760000004,74779.75103097857,71.2812945789967,-0.0032702320498810312,2480.98,0,0.00383477963311079
2026-09-05 22:00:00+00:00,2489.13,2491.05,2478.9,2480.98,5254.4396,-0.0032702320498810833,0.0013763485996358682,-1.2091849690309964e-05,0.008963211790446346,0.011336352556080564,-0.0032755909451212305,-0.03000000000020009,22.039999999999964,-18.0,4.01748409084908e-06,2479.69,0.0005202263186121827,2468.182142857143,0.005185134808583141,2463.2314285714288,0.007205401499305119,2474.3114,0.002695133684465615,2475.8131281229275,0.002086939364841211,2468.8711541625416,0.0049046082526574275,2464.128738925266,0.006838628521526335,2474.064476190476,2465.0670992370683,0.006455362114828541,3.8433670029011204,68.07427372037961,5.293003827259781,1.892858204296799,3.4001456229629823,71.10397062035544,79.56867583433295,123.32374310083209,1.0932502088294926,-28.896029377349414,8.980714285714319,0.003619825345512942,0.03375640116937926,0.03442516224343079,0.034561727750833715,-6.966955980891587e-05,5819.13028,0.9029596085962001,77036.67800000004,74994.69645659968,71.06883635123803,-0.0002579625793032885,2480.34,1,0.0029353401352033397
2026-09-05 23:00:00+00:00,2480.98,2483.66,2477.6,2480.34,3798.9191,-0.000257962579303328,0.0011463168516649969,-6.450312437000782e-05,0.01067171933255917,0.011355805732133684,-0.0002579958573726092,-0.15999999999985448,26.190000000000055,-0.1299999999996544,0.0,2481.002857142857,-0.0002671730671120425,2469.7385714285715,0.004292530672706853,2464.525238095238,0.006416960824868079,2473.6944,0.0026865080828082886,2476.7185024983423,0.0014622160322229738,2469.9137765114015,0.004221290470844228,2464.7644746536876,0.00631927533298885,2475.685523809524,2465.9148017701855,0.005849836425594884,2.902154881803092,66.58042914423788,5.47603571530999,2.6094937064994372,2.866542008810553,69.635070000697,76.84186366589735,90.89335678678172,1.0869432319745198,-30.36492999700785,9.167142857142867,0.003695921872460699,0.03375009932933005,0.03455449793877311,0.03474091254199424,-0.2770077516924925,5839.586325,0.6505459271550967,73237.75890000004,74827.36907025686,66.65166430659013,0.003975261456090565,2490.2,2,0.003410616649865982
2026-09-06 00:00:00+00:00,2480.33,2492.6,2479.27,2490.2,6312.725,0.003975261456090617,0.00043388828180246364,0.005097736895425697,0.013405174869570047,0.016843953531105127,0.003967380981994573,12.629999999999654,32.9399999999996,12.789999999999509,-4.031705330807166e-06,2482.315714285714,0.003176181687489892,2472.3135714285713,0.007234692547954581,2466.320952380953,0.009682051963263267,2473.5676000000003,0.006724053144936399,2479.414801998674,0.004349896593594283,2471.7579786467286,0.00746109510420622,2465.7619462358957,0.009910954218999141,2478.4137142857144,2467.7687296058057,0.009089697152361664,2.4361616158663053,75.32668257616163,6.343584508336789,3.356311866866908,2.9872726414698816,92.26532017231357,77.66812026445534,113.80961016467185,1.2712794944157664,-7.734679825391293,9.797857142857149,0.003934566357261752,0.03492954628448588,0.03612472830670553,0.035975421504266435,0.6617160918220133,5894.62551,1.0709289316665902,79550.48390000005,75277.1895302324,72.36276619876985,0.006172195004417455,2505.57,2,0.0033606511115783304
2026-09-06 01:00:00+00:00,2490.21,2508.05,2489.3,2505.57,18052.1331,0.006172195004417347,0.009911405976670506,0.011329969727547962,0.01852439024390251,0.022293578355971233,0.006153225026416116,28.070000000000164,45.570000000000164,15.44000000000051,4.015741707579416e-06,2485.8971428571426,0.007913785652546674,2476.0207142857143,0.011934183564695378,2469.017142857143,0.014804618610522678,2473.5287999999996,0.012953639351192363,2484.6458415989396,0.00842138467009322,2474.8317987697533,0.012420319330596336,2467.323046383508,0.015501396816496068,2482.847904761905,2473.0263756846516,0.013159432764369837,2.661010100687541,80.15338134880152,8.177093283405611,4.320468150174649,3.8566251332309625,95.72782084245084,85.87607033848714,161.73489602867093,2.0952264531499347,-4.272179155826509,10.910714285714286,0.0043545837017963706,0.039728989037026555,0.038935163807228446,0.03749405002629209,1.8596419295945883,6555.301730000001,2.7538218442917106,97602.61700000006,77403.42071782931,79.26566834168574,-0.0008740526107831969,2503.38,1,0.002911242955672809
2026-09-06 02:00:00+00:00,2505.58,2511.2,2499.93,2503.38,13731.4794,-0.0008740526107832158,0.009289049081980583,0.005728932313428192,0.013042510572000898,0.02037172902910256,-0.0008744348174951701,14.260000000000218,32.23000000000002,-13.809999999999945,3.99110781169935e-06,2489.5842857142857,0.00554137265601786,2479.195,0.009755182629841617,2471.5147619047616,0.012892999300019364,2473.5668,0.012052716748942458,2488.392673279152,0.006022894570370258,2477.4270897906845,0.010475751361666872,2468.737044564547,0.01403266318367644,2486.4958095238094,2476.5907390280295,0.010816991499561859,2.9653198649604255,76.77753674289126,9.34571590451742,5.3255177010432035,4.020198203474216,87.22222222079746,91.73845441185397,156.67232435294503,1.876887264676148,-12.777777777568552,11.094999999999995,0.004432007925283242,0.04034744727511312,0.03992637914948389,0.03892751354988771,-0.239343111202742,7074.544830000001,1.9409700171478108,83871.13760000006,78019.39375422653,80.67730648378428,0.0025165975600986374,2509.68,2,0.003344094810308859
2026-09-06 03:00:00+00:00,2503.38,2514.55,2500.35,2509.68,6283.7399,0.002516597560098699,0.007822664846197203,0.011568009415634073,0.011555777687312752,0.02122049374778734,0.0025134362312098472,28.699999999999818,28.669999999999618,14.4399999999996,0.0,2494.1814285714286,0.006213890958783236,2483.1614285714286,0.010679358628656212,2474.194761904762,0.014342136133173788,2473.6246,0.014575938483141362,2492.6501386233217,0.0068320303410396785,2480.3591725369856,0.011821202262820739,2470.342650660055,0.01592384332975767,2490.560476190476,2478.685078183363,0.01250458240517606,3.947744107265585,82.861877131494,10.657363645793339,6.391886889993231,4.265476755800108,91.96634773850218,91.63879693391682,151.73817285579037,2.0195121951211235,-8.033652259848205,11.252142857142871,0.004483497042307541,0.04063871059558127,0.04134129861830356,0.04071500768399673,-0.5423843478948088,7137.639834999999,0.8803666261200639,90154.87750000006,79175.15411096688,87.34837824121917,-0.0020879155908322105,2504.44,0,0.002904408631714785
2026-09-06 04:00:00+00:00,2509.68,2510.52,2498.49,2504.44,6052.301,-0.0020879155908322122,-0.0004509951827329495,0.009716409847037033,0.009651279983874161,0.019374481040686398,-0.002090098325362292,24.09999999999991,23.940000000000055,-4.599999999999909,0.0,2496.37,0.003232693871500191,2486.531428571429,0.007202230071490718,2476.4285714285716,0.011311220074988191,2473.5586,0.012484604165022704,2495.0081108986574,0.0037803039838382323,2482.5483386699866,0.008818221578611026,2471.6798016145626,0.013254224258346249,2493.3976190476187,2480.5721820956865,0.00962190017149168,4.1886868681791425,77.23389516184176,11.14555075196904,7.342619662388393,3.802931089580647,82.77389674420199,87.32082223450054,123.40637404895796,1.3471460655964427,-17.226103254094152,11.692857142857163,0.004668850977804417,0.041912030865312644,0.04241494387186882,0.041970162974544784,-0.03683139399197588,7187.973045000001,0.8420038531181161,84102.57650000005,79644.43243373194,81.955198825896,0.0036175751864688096,2513.5,2,0.003026666331335208
2026-09-06 05:00:00+00:00,2504.45,2523.97,2501.19,2513.5,12354.9383,0.00361757518646888,0.004042534493365002,0.009356678178459532,0.014502112957454294,0.022350572491915965,0.0036110474995493507,23.300000000000182,35.929999999999836,-0.7999999999997272,3.992908594240445e-06,2501.0157142857142,0.004991686234904869,2490.3528571428574,0.009294724155551869,2479.126666666667,0.013865097655351396,2473.7257999999997,0.016078661588113045,2498.7064887189263,0.005920467789176939,2485.362126063624,0.011321438289127697,2473.319809394384,0.016245448911614245,2496.9934285714285,2483.8168177858643,0.01195063259157095,4.4392592587211706,78.78200988699228,12.123753746813236,8.298846479273362,3.8249072675398743,83.91210817326531,86.21745088532316,144.8983577782394,1.309547321453226,-16.087891825198113,13.015714285714305,0.005178322771318531,0.04293550370098735,0.04651491419491222,0.04696756382646152,1.0413621695285808,7593.376155,1.6270678612257385,96457.51480000005,81245.67837337652,83.05499918970149,-0.0030594788144022497,2505.81,0,0.002296405282690108
2026-09-06 06:00:00+00:00,2513.52,2513.53,2503.3,2505.81,6546.9227,-0.003059478814402272,-0.0015420292626947552,9.578658748310431e-05,0.011426841574167401,0.02105005806491045,-0.0030641685876608895,0.23999999999978172,28.309999999999945,-23.0600000000004,7.957032027043507e-06,2504.654285714286,0.00046142666966273935,2492.828571428571,0.005207509541654621,2481.3771428571426,0.009846490773552716,2473.6540000000005,0.012999392801089598,2500.1271909751413,0.002273007967502603,2487.2210236942037,0.007473793494306764,2474.593934516173,0.012614621351974595,2499.054380952381,2485.676820548811,0.008099677031519965,3.734680134227445,69.36745640398811,12.138542375289035,9.066785658476498,3.071756716812537,65.68405139709594,77.45668543818775,107.82706210498336,1.020358798628895,-34.31594860101441,12.635714285714291,0.005042566789065911,0.04428793094520368,0.04715898710995882,0.04753104671767107,-0.47009669000127663,7689.28713,0.851434286340553,89910.59210000005,82070.90825210257,75.92509575763157,-0.0035996344495392634,2496.79,0,0.001979356993019381
2026-09-06 07:00:00+00:00,2505.82,2507.98,2482.6,2496.79,13202.2096,-0.0035996344495392574,-0.0030545750746674427,-0.0026324409398493787,0.003081410297615328,0.017573675351616025,-0.0036061287229819414,-6.5900000000001455,7.670000000000073,-6.829999999999927,3.990725553898455e-06,2505.595714285714,-0.0035144194394589267,2493.9557142857143,0.0011364619259473466,2483.4076190476194,0.005388717039334563,2473.4048000000003,0.009454659423314072,2499.4597527801134,-0.0010681319341681005,2488.090930631094,0.0034962827370203305,2475.464368456715,0.008614800445126776,2499.582571428571,2487.0950456101914,0.003898103696083752,2.962895622536473,58.90117327589549,11.292253780786723,9.511879282938544,1.7803744978481788,46.8205830552373,65.47224754186618,51.20158736326144,0.7757601197944777,-53.179416942806135,13.42785714285716,0.005378048271120832,0.04711176419089639,0.051831819815144516,0.05326542845871259,1.0165519290459928,8191.984780000001,1.6116008457718822,76708.38250000005,81560.19151380709,64.87139971323748,-0.00044857597154742323,2495.67,1,0.0008796248125581625
2026-09-06 08:00:00+00:00,2496.8,2499.99,2491.95,2495.67,3982.366,-0.0004485759715474602,-0.007093694052118571,-0.005582385005259538,0.005921047328071971,0.014937330719741126,-0.00044867661184625694,-14.009999999999764,14.690000000000055,-7.419999999999618,4.0051426031882036e-06,2504.1814285714286,-0.00339888654804083,2495.039285714286,0.0002527873165464829,2485.407619047619,0.004129053469430274,2473.1544,0.009104000947126906,2498.701802224091,-0.0012133509574415837,2488.779936937358,0.0027684500989340935,2476.256746164295,0.007839758080727474,2499.811142857143,2488.434671452634,0.0029075822766684856,1.4169696967979375,58.49859943059978,10.411175779045152,9.691738582159866,0.719437196885286,44.62923106936764,52.3779551739003,45.35713314451774,0.7334006054487483,-55.37076892867581,13.532142857142876,0.005422248477217522,0.047083312819599196,0.05173837622315568,0.05334038796375657,-0.6983560994214181,8080.42558,0.492841120875654,72726.01650000006,80718.84151249214,64.48168286587793,0.0013864012469597489,2499.13,1,0.0014456109650944997
2026-09-06 09:00:00+00:00,2495.66,2503.68,2493.88,2499.13,6705.0948,0.0013864012469597675,-0.002665804669946925,-0.002120234463592663,0.007575574316424305,0.01832813805187139,0.0013854410800995488,-5.309999999999945,18.789999999999964,8.699999999999818,-4.0069400202006964e-06,2503.574285714286,-0.001775176290810975,2496.5792857142856,0.0010216836694548447,2487.321428571429,0.004747505204966056,2473.0492,0.010546009355571914,2498.7874417792727,0.00013708978002679252,2489.7208517612344,0.0037791980703804225,2477.153736510793,0.008871578362412466,2500.3565714285714,2490.4793043873306,0.0034735063236328275,-0.1645117844918334,62.00712852675324,9.87823801951481,9.729038469630856,0.14919954988395467,49.275066366157766,46.9082934969209,52.39638863160525,0.40215015748522354,-50.72493363180017,13.532857142857145,0.005415027286636441,0.046028950819017804,0.05136408942310366,0.05292194430080014,0.683696275028463,8025.3351250000005,0.8354909415697658,79431.11130000006,80596.20053987385,69.43418926902399,0.0010283578685381348,2501.7,1,0.0030058601544513492
2026-09-06 10:00:00+00:00,2499.12,2502.6,2497.73,2501.7,4781.604,0.0010283578685381656,0.001966525018123111,-0.004694648895961828,0.004618102963617421,0.018085184310980384,0.0010278294708088883,-11.800000000000182,11.5,-6.4900000000002365,-4.001392484670376e-06,2502.434285714286,-0.00029342857012380264,2498.307857142857,0.001357776163351211,2489.5857142857144,0.004865984587221273,2472.5402,0.011793458403623978,2499.3699534234183,0.0009322535759018206,2490.8098652374856,0.004372126076139304,2478.116335078997,0.009516770696821,2501.039333333333,2491.9881618262625,0.0038972248434021666,-1.1129292927944074,63.11226700386253,9.5531359227939,9.693857960263465,-0.14072203746956546,52.817796609050326,48.907364681525245,54.21138124350362,0.8351538504942179,-47.182203388831034,13.263571428571433,0.005301823331560991,0.04601234097810842,0.051280199639216394,0.05283388583225969,-0.2868700379896194,7977.74905,0.5993675622072119,84212.71530000007,80940.63051702872,69.01431595614562,9.19374825118992e-05,2501.93,1,0.002906936947259277
2026-09-06 11:00:00+00:00,2501.7,2504.25,2499.54,2501.93,4726.6657,9.19374825119057e-05,0.0025083444525917376,-0.0015484015148794494,-0.0014527632434936377,0.017044715447154468,9.19332565205764e-05,-3.880000000000109,-3.6400000000003274,7.920000000000073,0.0,2502.075714285714,-5.8237360637141215e-05,2499.222857142857,0.0010831938614056943,2491.712857142857,0.004100449547326356,2472.1522,0.012045293975018122,2499.8819627387347,0.0008192535854855206,2491.820786579532,0.004056958459817813,2479.0502042915855,0.009229258717228465,2501.5222857142858,2493.3885190328315,0.003425651839641145,-1.0637710436421157,57.918160454804685,9.207906235360497,9.596667615282872,-0.388761379922375,52.46926892274163,51.5207106326499,54.64933017639941,0.8704451809022548,-47.53073107510181,12.399999999999993,0.004956173833798323,0.046092338476140395,0.05130413782514479,0.05292284722490063,-0.011489512724182194,7950.363155000001,0.5945219869644313,88939.38100000007,81702.41627731171,68.87682567632062,-0.0005835494997861796,2500.47,1,0.0032891940785902117
2026-09-06 12:00:00+00:00,2501.94,2504.99,2497.52,2500.47,4819.1622,-0.0005835494997862289,0.0005361865929343068,0.0014738924779416074,-0.001162428396807691,0.011864921190538613,-0.0005837198310632904,3.6799999999998363,-2.9100000000003092,7.559999999999945,3.996914382182668e-06,2500.214285714286,0.00010227694769005106,2500.6150000000002,-5.7985735509216155e-05,2493.6400000000003,0.0027389679344238674,2471.6312,0.011667921977999115,2499.999570190988,0.00018817195595587593,2492.6070787086655,0.0031544968954371326,2479.8901962801506,0.00829867538115629,2501.6885714285713,2496.105274049875,0.001748614529803666,-1.2162962961488808,63.13165340407165,8.716026494660582,9.420539391158414,-0.7045128964978318,49.32068147402791,51.53591566860661,43.980720775598925,0.41241667335940324,-50.67931852381553,12.06571428571426,0.004825378543117668,0.04420929408906775,0.049920369915176795,0.05200660543944919,0.019569080165749764,7460.558295,0.64595195284904,84120.21880000006,81932.68318423441,69.12348418271188,-0.002247577455438334,2494.85,0,0.003778240897837347
2026-09-06 13:00:00+00:00,2500.48,2500.94,2486.76,2494.85,7424.1827,-0.0022475774554383543,-0.0027381380661150034,-0.00032856908164946574,-0.005909119887794412,0.005578373323767316,-0.0022501070486626892,-0.8200000000001637,-14.829999999999927,-4.5,3.999248141435122e-06,2498.6485714285714,-0.0015202503753451583,2501.6514285714284,-0.002718775483165417,2494.7685714285712,3.263972953691611e-05,2471.0678,0.009624260410819355,2498.969656152791,-0.0016485418871117884,2492.810980644241,0.0008179598740498573,2480.4768552495566,0.005794508713120592,2500.9199047619045,2497.240695407072,-0.0009573347941462577,-1.2035690234231609,59.16151028124428,7.783003603859015,9.093032233698535,-1.31002862983952,34.854586128974155,45.54817884191456,-6.282842128626294,-0.42784675742429773,-65.14541386878872,12.64571428571425,0.005068727292506236,0.04339035874270623,0.049878490104808895,0.0524532541991418,0.5405546424646177,7301.276135,1.0168335730256535,76696.03610000006,81433.9548904978,66.93798323504397,-0.006593582780527815,2478.4,0,0.0037442059610621327
2026-09-06 14:00:00+00:00,2494.84,2495.02,2460.92,2478.4,23430.2712,-0.006593582780527796,-0.009404739541074236,-0.008294886620544006,-0.010397533979652152,-0.0008466035073573241,-0.006615416475239706,-20.730000000000018,-26.039999999999964,-19.909999999999854,-4.008257009343056e-06,2496.0214285714283,-0.007059806606510806,2500.808571428571,-0.008960530479852525,2494.6442857142856,-0.006511664130755149,2471.611,0.002746791465160767,2494.855724922233,-0.0065958623409934245,2491.500891494765,-0.005258232714056799,2480.3954099456523,-0.0008044725198451903,2497.819714285714,2495.082529458413,-0.00668616338796105,-2.376228955940937,43.12193983908022,5.6510568534718,8.40463715765319,-2.753580304181389,27.724028548331255,37.299765383777775,-120.72813900450986,-0.9978509055752639,-72.27597145008271,14.129285714285677,0.005700970672320843,0.04979418030842672,0.05758881314197845,0.06072470744399599,2.155939467922846,8209.596075,2.8540102321656726,53265.76490000005,78751.27012949802,53.58663666802279,0.000560845706907631,2479.79,1,0.0015932894859681463
2026-09-06 15:00:00+00:00,2478.4,2482.74,2470.12,2479.79,8155.8788,0.0005608457069077311,-0.00827044515631059,-0.008758044529719733,-0.01341157748159938,0.0008960392642789472,0.0005606884917338098,-21.909999999999854,-33.710000000000036,-1.1799999999998363,0.0,2493.752857142857,-0.00559913429386462,2498.967142857143,-0.007674027612547702,2494.610476190476,-0.0059409981365518396,2472.1614,0.003085801760353074,2491.8425799377865,-0.004836814345664879,2490.4362649952404,-0.004274859447268988,2480.3716683791563,-0.00023450855634720002,2495.017238095238,2494.7576086482572,-0.005999624410950782,-2.4428282825321865,32.047353754196465,4.027211885465022,7.529152103215556,-3.5019402177505343,29.92862807248325,30.835747583262886,-124.59199960544734,-1.1909884925563405,-70.07137192593072,13.691428571428528,0.005521204848565002,0.04964730700259605,0.057996066297019803,0.06130265281072187,-0.6519084764157574,8362.489655000001,0.975293140736211,61421.64370000005,77100.82951716488,43.16759070529795,0.0019275825775570512,2484.57,2,0.001946198007461057
2026-09-06 16:00:00+00:00,2479.78,2487.54,2475.26,2484.57,5831.7135,0.0019275825775570965,-0.004120488205703654,-0.006938643367320307,-0.008476301076298598,0.0028536831483350067,0.0019257271741733363,-17.359999999999673,-21.23999999999978,4.550000000000182,-4.032599534541029e-06,2491.672857142857,-0.0028506379248352644,2497.6235714285717,-0.0052263966347419,2494.9438095238097,-0.004157933130279736,2473.0492,0.004658540557945866,2490.3880639502295,-0.002336207771972061,2489.902968177491,-0.0021418377525740133,2480.536308834876,0.0016261367151756529,2493.097619047619,2494.941327236636,-0.004156942339048428,-2.3353535350704537,37.35717165582725,3.0903850656823124,6.641398695708908,-3.5510136300265955,37.50991276705011,31.720856462621537,-93.10146157762033,-0.7933909376943332,-62.49008723136386,13.763571428571368,0.005539619100514708,0.05009015454092367,0.05847780717313025,0.06178736675572914,-0.28496810178199317,8335.077615,0.6996591716799868,67253.35720000006,76162.97501076823,39.19743216066043,0.0026885940021813977,2491.25,2,0.0021267960810808094
2026-09-06 17:00:00+00:00,2484.57,2494.68,2480.45,2491.25,6966.9309,0.002688594002181466,0.005184796642995426,-0.0036873067863241182,-0.0022188490021186613,0.0008557241113325009,0.0026849861984933198,-9.2199999999998,-5.539999999999964,8.139999999999873,0.0,2490.18,0.0004296878137322339,2496.307142857143,-0.0020258496121405827,2495.5985714285716,-0.0017424963607350552,2473.8346,0.007039840092782607,2490.5604511601837,0.0002768649279301107,2490.0254256159005,0.0004917919196733031,2480.9564535864492,0.004149023413396211,2492.2478095238093,2494.950797666119,-0.001483314889247229,-2.2051178448505486,37.67553831045257,2.8540633685233843,5.883931630271804,-3.02986826174842,48.10467882556544,38.514406555032934,-48.27154525422805,-0.8852198130093951,-51.89532117284852,13.765714285714207,0.005525625403194654,0.04814865024791767,0.05797143006399756,0.06170425464589034,0.1946627522082489,8420.683874999999,0.827359274308249,74220.28810000006,75977.95720974269,39.532173292845926,0.0011640742599097205,2494.15,1,0.002198284866537522
2026-09-06 18:00:00+00:00,2491.25,2500.0,2491.25,2494.15,7061.5264,0.0011640742599097198,0.00579081293174033,-0.0002805779906607242,-0.0006090548830574027,0.005308386202226512,0.0011633972508100707,-0.6999999999998181,-1.5199999999999818,8.519999999999982,0.0,2489.0685714285714,0.002041498024504079,2495.5721428571424,-0.000569866457762869,2495.8380952380953,-0.0006763640803926081,2474.5130000000004,0.007935702903962023,2491.278360928147,0.0011526769215713887,2490.4003869235457,0.0015056266037144486,2481.4738475634513,0.005108315950615547,2491.9601904761907,2495.307413200355,-0.00046383591626086027,-1.9074747472435154,42.89658980256033,2.8677251343560783,5.2806903310886595,-2.412965196732581,52.70420301264571,46.106264868420425,-5.838773642169036,-0.46531859957439714,-47.29579698576825,13.531428571428478,0.005425266552301607,0.04664588665115628,0.0575144397193701,0.06148183598310292,0.013577786454003649,8511.038214999999,0.8296903646318748,81281.81450000007,76483.0864754815,45.28884508028457,-0.0014954994687568983,2490.42,1,0.002243678183108894
2026-09-06 19:00:00+00:00,2494.15,2494.42,2488.88,2490.42,7349.0752,-0.0014954994687569334,0.0023545321725690904,0.004849903163331115,-0.0034852128540732163,0.004063958973366422,-0.0014966188442436178,12.019999999999982,-8.710000000000036,12.7199999999998,0.0,2487.632857142857,0.0011203995996189626,2493.9235714285714,-0.0014048431430330694,2496.287619047619,-0.002350538056129618,2475.4142,0.006061935008692221,2491.1066887425177,-0.00027565609518875097,2490.4021699304963,7.159514121490868e-06,2481.824677070767,0.0034633078672481033,2491.273238095238,2495.458380972479,-0.002019020237281423,-1.5591245789355557,32.801788368714895,2.548198311183569,4.734191927107641,-2.1859936159240725,56.07298992480365,52.293957254338274,-44.36219658576451,-0.2551275838175153,-43.92701007329558,12.299999999999923,0.004938925964293165,0.04703647089466577,0.057473959099355085,0.06134317466747919,0.04072048785373106,8688.54602,0.8458348707692238,73932.73930000006,76240.19626829278,36.144485038601665,0.003621879040483124,2499.44,2,0.0019242127618289368
2026-09-06 20:00:00+00:00,2490.42,2500.0,2488.55,2499.44,8435.5074,0.003621879040483167,0.0032875062719519565,0.007924058085563734,-0.0009033856977254118,0.0037105453377239694,0.0036153358309741145,19.65000000000009,-2.2599999999997635,7.630000000000109,0.0,2488.2885714285717,0.004481565642935718,2493.468571428571,0.002394828088009712,2497.197142857143,0.0008981498113882216,2476.3882,0.009308637474524744,2492.7733509940144,0.0026743903545521142,2491.2237908459056,0.003298061452480485,2482.515474048384,0.0068174906172928686,2492.0087619047617,2495.7749619899428,0.0014684969862561624,-0.3564309763877409,45.345608641899226,2.9883616456077107,4.385025870807655,-1.3966642251999444,81.85295367441883,63.543382203956064,-7.560012153328904,0.15106163875826817,-18.147046323456234,12.387142857142765,0.004955967279525737,0.04667632623241471,0.05716951839753851,0.061055297110060545,0.14783250551035332,8794.685139999998,0.959159681752864,82368.24670000006,76823.82011893157,43.03913199030656,0.0034607752136478933,2508.09,2,0.0027992446795472655
2026-09-06 21:00:00+00:00,2499.43,2515.69,2499.36,2508.09,10414.4886,0.0034607752136479597,0.005589078443557938,0.009466426786123971,0.002462099259371797,0.0010057591685723732,0.0034548005118732994,23.519999999999982,6.160000000000309,3.869999999999891,-4.000896200834698e-06,2492.5299999999997,0.006242653047303005,2494.2757142857145,0.005538395629304416,2498.0490476190475,0.004019517707436075,2477.4332,0.012374420428364256,2495.8366807952116,0.004909503614186632,2492.757082587187,0.006150987402628537,2483.518396634722,0.009893868069817268,2493.958285714286,2495.9561759157423,0.004861393081070913,1.4179797978079502,58.30149866564491,3.989192045562504,4.305859105758625,-0.3166670601961208,86.12379039463,74.6832446646175,91.9378966664195,0.3585247666186413,-13.876209603544185,11.74071428571418,0.004681137553161767,0.04290686533853277,0.05661441420545515,0.06136778969601173,0.23460132344854556,8412.802915,1.2379332673335022,92782.73530000006,78343.71680284286,53.635090952685815,9.170324828854554e-05,2508.32,1,0.002716645526579962
2026-09-06 22:00:00+00:00,2508.08,2510.89,2488.8,2508.32,12177.0217,9.170324828855492e-05,0.007187542663486424,0.006851981936778717,0.003139409790959391,0.0019733320550616718,9.169904380272295e-05,17.070000000000164,7.850000000000364,-6.449999999999818,-3.987097751761018e-06,2496.6057142857144,0.004692084796270113,2495.179285714286,0.005266440917069103,2498.18,0.004058954919179671,2478.5759999999996,0.012000438961721812,2498.3333446361694,0.003997327012133014,2494.1718932610793,0.005672466591874248,2484.4910085314,0.009591095877089156,2495.8308571428574,2495.715099080849,0.005050616924899924,3.015218854853394,59.416406121306814,4.746205127628855,4.3939283101326705,0.35227681749618434,86.54372831684256,84.84015746196378,49.636111841144135,0.26462005836022306,-13.456271681331625,12.74428571428559,0.005080805365455966,0.042766608889882506,0.05889063698704037,0.06429770383895847,0.16923856443608742,8335.080030000001,1.4609363864738485,104959.75700000006,80878.57777400067,46.52653980520612,0.002455827007718255,2514.48,2,0.0038344873041031235
2026-09-06 23:00:00+00:00,2508.33,2526.2,2506.79,2514.48,12892.1462,0.002455827007718181,0.0060173478859264495,0.008151073512018048,0.007868208509529628,0.0019125944343503232,0.0024528163925981246,20.329999999999927,19.63000000000011,3.2599999999997635,3.986732155291009e-06,2500.878571428572,0.005438660128009826,2496.2757142857145,0.007292578143551443,2498.7085714285718,0.006311831940611243,2479.8296,0.013972895557011667,2501.562675708936,0.005163702039725364,2496.018084782799,0.007396547056188489,2485.6670474125217,0.011591637994098946,2498.404285714286,2496.7584797868312,0.007097811164608409,4.463771043229985,60.98468583292137,5.776614748876,4.6704655978813365,1.1061491509946633,82.04656862619437,84.90469577922231,154.705762725612,0.501612754952983,-17.95343137227376,13.43071428571417,0.005341348623058776,0.04272162254336753,0.059939334487333,0.06563924568317617,0.05872737337735057,8665.500345,1.4877555463300267,117851.90320000006,84399.84686219109,49.22719647370364,-0.0005209824695364232,2513.17,1,0.0034789759586141265
2026-09-07 00:00:00+00:00,2514.48,2522.52,2509.38,2513.17,8399.6048,-0.0005209824695364684,0.0020254456578512325,0.00913500534046463,0.014029212395093582,0.003485809202855794,-0.0005211182280571712,22.75,34.76999999999998,2.4200000000000728,0.0,2504.0099999999998,0.003658132355700118,2497.0950000000003,0.006437480352166569,2498.874761904762,0.005720670084456596,2481.0668,0.012939272735416505,2503.8841405671487,0.0037085819117590292,2497.5773498025446,0.0062431100276761934,2486.745594572815,0.01062609922174751,2500.656857142857,2497.3657099228903,0.0063283843508812245,4.3500336695063995,58.358839807360326,6.413583942173318,5.0190892667397335,1.3944946754335845,80.03982843014676,82.8767084577279,134.5890118111148,0.507904513951185,-19.960171568321375,14.021428571428455,0.005579180306713384,0.04201398613445581,0.06009850416568094,0.06599195975521376,-0.3484711800739585,8782.865535,0.9563626775938158,109452.29840000006,86785.7946276967,44.07400925649893,-0.0037005057357839626,2503.87,0,0.0039017723042746115
2026-09-07 01:00:00+00:00,2513.17,2516.34,2499.36,2503.87,11036.6179,-0.0037005057357839544,-0.0017740958091472248,0.0017723970169316594,0.009710499679408402,-0.0038313109210265095,-0.003707369545410901,4.429999999999836,24.079999999999927,-18.320000000000164,0.0,2505.3985714285714,-0.0006101110801301648,2497.2335714285714,0.002657512155592796,2498.847619047619,0.0020098788393879976,2482.0272,0.00880038703846239,2503.881312453719,-4.5179672307094355e-06,2498.1494089114044,0.00228993152618762,2487.417139883685,0.00661443545294435,2501.5601904761907,2496.8455091788273,0.002813346198371712,3.3073400669391644,51.2487126581169,6.0976642623677435,5.2348042658653355,0.862859996502408,65.7935049009529,75.959967319098,72.78217266255923,0.36154478225129233,-34.20649509751524,14.897857142857024,0.005949932361844295,0.04209671819667041,0.05870780099214932,0.06420527906885332,0.31394490131249997,8716.949515,1.2661101089328417,98415.68050000006,87893.4028060113,38.46784380172884,0.0031551158806168416,2511.77,2,0.00374686993292151
2026-09-07 02:00:00+00:00,2503.87,2536.64,2498.56,2511.77,17172.5062,0.003155115880616899,-0.0010777576278196976,0.0014672519726166566,0.01094756839211608,0.002378472430072609,0.003150148947264727,3.6799999999998363,27.199999999999818,-0.75,0.0,2508.4485714285715,0.0013240967382223629,2498.0407142857143,0.005496021596351717,2498.765238095238,0.005204475277025191,2483.2198000000003,0.011497250464895687,2505.4590499629758,0.002518879738671025,2499.387644464913,0.004954155695897583,2488.3721540058937,0.009402872458779934,2503.498380952381,2498.213203881215,0.005426596936449477,2.7731986528624963,56.71659533055132,6.410859222492945,5.470015257190858,0.9408439653020872,67.15530903239367,70.99621412116444,137.47568012652647,1.3464331826979676,-32.84469096628567,17.084285714285606,0.006801691920151448,0.042255065172713484,0.06641350714042249,0.07386844960923458,0.5559573010133838,9248.22869,1.856842729091093,115588.18670000006,90531.00127210547,46.983482955912294,-0.005709121456184342,2497.43,0,0.0032972238335323006
2026-09-07 03:00:00+00:00,2511.76,2516.23,2496.72,2497.43,12570.1104,-0.005709121456184296,-0.006263006481853739,-0.004341551317216474,0.00248068238835919,0.00025632912659845353,-0.005725480784727796,-10.890000000000327,6.179999999999836,-14.570000000000164,-3.981256245500006e-06,2508.1614285714286,-0.004278603621433076,2498.225,-0.00031822594041759834,2498.3661904761907,-0.0003747210796236582,2484.1294,0.005354229936650916,2503.853239970381,-0.0025653420367618817,2499.209676786285,-0.0007120958288593334,2488.7273636527216,0.0034968218995679156,2503.416952380953,2498.7445505807877,-0.0005260844212674079,1.4984511782695202,51.38948728221179,5.439250040568368,5.46386221386636,-0.024612173297992257,48.21711568874497,60.38864320736385,38.70500715741388,0.7113505579098537,-51.782884309934374,17.464999999999918,0.00699318899828741,0.04527493597834926,0.06493036170422474,0.07134841439604345,-0.2680095582088071,9216.62373,1.363851966646211,103018.07630000006,91720.24651285732,45.38026055782713,0.00036037046083377353,2498.33,1,
2026-09-07 04:00:00+00:00,2497.43,2499.89,2492.39,2498.33,10256.4757,0.0003603704608337033,-0.002212574934002176,-0.006422799147338676,0.0016759216566766266,0.001065846045350538,0.00036030554299502855,-16.15000000000009,4.179999999999836,-5.2599999999997635,0.0,2506.7671428571434,-0.0033657465477721685,2499.6485714285714,-0.0005275027232397426,2498.4395238095235,-4.383688637639645e-05,2485.0326,0.00535099620020863,2502.748591976305,-0.0017654957395516907,2499.12970616935,-0.0003199938632138622,2489.1039376271247,0.0037065797990206957,2503.4309523809525,2498.703739975999,-0.00014957354488224678,0.4098316497819435,62.89300037675617,4.687826891874465,5.308655149467982,-0.6208282575935167,42.40829825552609,52.593574325554904,-12.508815846146275,0.5538181657185841,-57.59170174297059,15.564999999999925,0.006230161748045172,0.045255733961766936,0.06488316312357768,0.07129142956846173,-0.18405842322594068,9530.329215,1.0761932215160024,113274.55200000005,93773.03751163282,49.62332678464059,0.0025897299395997546,2504.8,2,
2026-09-07 05:00:00+00:00,2498.33,2514.03,2497.25,2504.8,11248.4805,0.0025897299395998274,-0.0027749356031800954,-0.0033304551622054257,0.005774126452566364,0.0022687895387594192,0.0025863823673130146,-8.36999999999989,14.38000000000011,7.7800000000002,0.0,2506.2642857142855,-0.0005842503213372882,2501.4350000000004,0.0013452278392196624,2498.8742857142856,0.0023713535008898427,2486.0788000000002,0.007530412953922628,2503.1588735810437,0.0006556221565784912,2499.6451874266813,0.002062217709635635,2489.7194694848845,0.00605712037036436,2504.1178095238097,2499.0807793336403,0.00228852973207316,-0.6192592591842131,65.18149810716835,4.5618078791726475,5.159285695408915,-0.5974778162362675,48.12642554499653,46.25061316308919,49.124727223361106,0.5439036628196585,-51.87357445337428,15.862142857142803,0.006332698361999549,0.04592119726483289,0.06590704399844706,0.0724220201219566,0.0967198508548115,9757.4985,1.1528037129597146,124523.03250000006,96701.60846290589,56.44560610763124,-0.0028185883104441074,2497.74,0,
2026-09-07 06:00:00+00:00,2504.81,2510.0,2497.69,2497.74,7795.5507,-0.0028185883104441256,0.00012412760317603855,-0.0024482101706558845,-0.000680152354127439,-0.0015829236119438983,-0.002822568010325505,-6.130000000000109,-1.7000000000002728,2.2399999999997817,3.992334717246702e-06,2503.8728571428574,-0.0024493484664605786,2502.3757142857144,-0.001852525285970482,2498.808095238095,-0.0004274418832443951,2487.0546000000004,0.004296407485382545,2502.075098864835,-0.0017326014182389652,2499.47198856971,-0.0006929417803560286,2490.0340000933206,0.0030947368214198105,2503.625142857143,2499.149635849237,-0.0005640461975608944,-1.6017508415567185,57.77909036256427,3.847897736694904,4.897008103666113,-1.0491103669712087,30.770599750297638,40.43510785027342,21.96062938567919,0.14393681214033843,-69.22940024792268,15.864285714285675,0.0063514560019374815,0.04692818320153851,0.06660587577747155,0.07307270862881438,-0.3069685545527683,9908.195835,0.7867780199157935,116727.48180000007,98608.8344950101,51.63750368881936,-0.0035992537253676455,2488.75,0,
