timestamp,open,high,low,close,volume,Dividends,Stock Splits,return_1,return_3,return_5,return_10,return_20,log_return,momentum_5,momentum_10,acceleration_5,gap,sma_7,close_to_sma_7,sma_14,close_to_sma_14,sma_21,close_to_sma_21,sma_50,close_to_sma_50,ema_9,close_to_ema_9,ema_21,close_to_ema_21,ema_50,close_to_ema_50,wma_14,vwap_20,close_to_vwap,trend_slope_10,rsi_14,macd,macd_signal,macd_hist,stoch_k,stoch_d,cci_20,roc_12,williams_r_14,atr_14,atr_pct,hist_vol_20,parkinson_vol_20,garman_klass_vol_20,vol_change_1,vol_ma_20,rel_volume_20,obv,obv_ema_20,mfi_14,target_return_1,target_price_1,target_direction,target_volatility
2024-11-10 18:30:00+00:00,24087.25,24336.80078125,24004.599609375,24141.30078125,273400,0.0,0.0,-0.00028567088740283353,-0.013998909047455488,0.006082477407121312,-0.008128862602007958,-0.03926498055654226,-0.00028571169910344984,145.951171875,-197.849609375,302.1015625,-0.002523965377205979,24212.271484375,-0.002931187318414006,24275.271484375,-0.005518813794161929,24469.880952380954,-0.013427943183310394,24991.0909765625,-0.03400372541196495,24251.163417331692,-0.004530200641968867,24468.618483311646,-0.01337704056667005,24809.49931649346,-0.026933172923776505,24239.024795386904,24437.112040409917,-0.01210500073293204,-23.9154040375052,42.04159614440018,-249.8944557388386,-257.0366622612584,7.142206522419826,41.25752465255591,35.128085189823786,-79.85261991604344,-1.057811279141758,-58.7424753473172,290.95703125,0.012052251611726227,0.11167116667853058,0.1189672455115713,0.11836309254556208,-0.08470036826247074,273255.0,1.000530639878498,-2217300.0,-1285806.7090824791,40.29628046683675,-0.010680930776533279,23883.44921875,0,0.006777125060371782
2024-11-11 18:30:00+00:00,24225.80078125,24242.0,23839.150390625,23883.44921875,255800,0.0,0.0,-0.010680930776533315,-0.013054085986782815,-0.01362274253642548,-0.023844524323289207,-0.046848545792959495,-0.010738381367723213,-329.8515625,-583.400390625,-475.802734375,0.00350022564093256,24152.14285714286,-0.011125043437434909,24235.839285714286,-0.0145400397654884,24410.619047619046,-0.02159592216160709,24963.1859765625,-0.043253163231095744,24177.62057761536,-0.012167093032211043,24415.421277442405,-0.021788362881285862,24773.183626385875,-0.0359152227285065,24186.781826636903,24385.24208596576,-0.020577727522522054,-30.05351693659284,37.99655163604274,-264.72934266860466,-258.5751983427277,-6.154144325876985,9.328283457221046,27.24641633612843,-127.25810299059467,-1.2297010557671715,-90.67171654264034,303.57840401785717,0.012710827537402615,0.11586587948444725,0.1230028249253091,0.12044013799358683,-0.06437454279444033,273185.0,0.9363618061020886,-2473100.0,-1398882.2605984334,40.65065040146309,-0.013582562322921387,23559.05078125,0,0.006226010055943003
2024-11-12 18:30:00+00:00,23822.44921875,23873.599609375,23509.599609375,23559.05078125,304600,0.0,0.0,-0.013582562322921432,-0.02439719964884801,-0.03777969618934007,-0.032118797850995584,-0.05655492328458933,-0.013675649189030194,-925.0,-781.798828125,-595.1484375,-0.002554069952011313,24089.814453125,-0.02203270070459699,24175.814313616072,-0.025511592882258335,24339.271484375,-0.032056041760569684,24928.77,-0.05494531895275802,24053.906618342287,-0.020572784493763475,24337.569414152185,-0.031988347712711536,24725.57057363545,-0.04717868042362783,24096.543359375,24319.891749928094,-0.03128471855473257,-57.32823021190634,33.76355398822018,-299.21319675696213,-266.70279802557457,-32.51039873138757,4.810425279664581,18.465411129813845,-216.36685255113,-3.205122598180125,-95.18957472023814,320.32114955357144,0.013596521885698919,0.12251048385788295,0.12630827284873997,0.12270853348695092,0.19077404222048466,277075.0,1.0993413335739382,-2777700.0,-1530198.235779535,39.841450571222715,-0.0011185324376894032,23532.69921875,1,0.012209798734460158
2024-11-13 18:30:00+00:00,23542.150390625,23675.900390625,23484.150390625,23532.69921875,257700,0.0,0.0,-0.0011185324376894457,-0.025209973895552795,-0.027548277180422076,-0.02778932762716535,-0.04917809238582016,-0.0011191584619590343,-666.650390625,-672.650390625,258.349609375,-0.0007173629694134298,23992.58565848214,-0.019167856531942303,24129.521344866072,-0.024734105479594638,24270.766648065477,-0.03040972870851918,24895.45,-0.05473894953696141,23949.665138423832,-0.01741009393091063,24264.399396388348,-0.03015529730141303,24678.791304816416,-0.04644036540973921,24010.794680059524,24261.25513676617,-0.03002960538970902,-85.7077677715977,36.47309359253658,-324.92274330188957,-278.3467870808376,-46.57595622105197,4.608558937711388,6.2490892248656715,-208.61346857909317,-3.818024819456208,-95.39144106219368,307.84974888392856,0.013081786582247734,0.12055782241026015,0.12486337312713575,0.12312109030167341,-0.15397242284963886,277320.0,0.929251406317608,-3035400.0,-1673550.7847529126,41.1052584925056,-0.003352715163126574,23453.80078125,0,0.012667796433382273
2024-11-17 18:30:00+00:00,23605.30078125,23606.80078125,23350.400390625,23453.80078125,263300,0.0,0.0,-0.0033527151631265184,-0.01798937974012138,-0.02875570270104577,-0.03499574527996896,-0.0563389047654298,-0.003358348106569627,-694.3984375,-850.548828125,-27.748046875,0.0030851353610193014,23845.407087053572,-0.01642271420965472,24066.282087053572,-0.025449768418239833,24209.05003720238,-0.031196980252911555,24861.6240234375,-0.0566263587953974,23850.492266989066,-0.01663242340235052,24190.70861319395,-0.030462432652427558,24630.75246075499,-0.0477838296406177,23920.698604910714,24196.7411431413,-0.03070414968264676,-102.4764309640096,30.88747576652952,-347.65661958864075,-292.20875358239823,-55.44786600624252,8.709607367648287,6.042863861674751,-197.22791342798786,-3.644280468268093,-91.29039263226748,300.61411830357144,0.012817287957177617,0.1179430159717131,0.12401051299949072,0.12225666610097771,0.021730694606131085,275940.0,0.9541929404943069,-3298700.0,-1828326.9004907305,34.05216448860992,0.0027585814066316875,23518.5,2,0.012297732997345179
2024-11-18 18:30:00+00:00,23529.55078125,23780.650390625,23464.80078125,23518.5,297500,0.0,0.0,0.002758581406631766,-0.0017212400290028684,-0.025798145132830408,-0.019872584360625223,-0.050950104284207876,0.002754783503889256,-622.80078125,-476.849609375,71.59765625,0.0032297537062971325,23748.14285714286,-0.009669929077160579,23998.542829241072,-0.020002999042764518,24145.45238095238,-0.025965650635187083,24834.951015625,-0.053007997269521365,23784.093813591255,-0.011166867052949137,24129.59873926723,-0.025325690073442195,24587.13471719597,-0.04346316598039936,23847.660993303572,24137.497834462767,-0.025644656240173976,-126.7576151992819,28.955030846386492,-356.3449710857931,-305.0359970830772,-51.3089740027159,14.159342991469467,9.159169765609713,-142.6067770575359,-2.837594252755379,-85.8406570084463,299.4140625,0.01273100165826848,0.11962035452439727,0.12463275470912383,0.12410184142584252,0.12988985947588305,278715.0,1.0673985971332685,-3001200.0,-1940029.1004439942,33.28015163988229,-0.007168807933116483,23349.900390625,0,0.012259649292441019
2024-11-20 18:30:00+00:00,23488.44921875,23507.30078125,23263.150390625,23349.900390625,420300,0.0,0.0,-0.007168807933116472,-0.007767864894110965,-0.02233968901385197,-0.03565810371849798,-0.04585627047382956,-0.007194627306794726,-533.548828125,-863.400390625,89.251953125,-0.0012777507600399143,23634.100167410714,-0.01202498824886879,23927.7607421875,-0.024150206021729355,24077.30003720238,-0.030211013919892584,24803.221015625,-0.05859402793227581,23697.255128998007,-0.014658015727228236,24058.71707120884,-0.0294619483859368,24538.61572399711,-0.0484426402345744,23761.17533482143,24058.690961282482,-0.02946089510015758,-138.69020936871092,28.417745426157964,-372.54071421933986,-318.5369405103297,-54.00377370901015,6.806862032919421,9.891937464012392,-163.7002721490846,-3.9270716315807017,-93.19313796700212,304.01771763392856,0.013020086276512719,0.11520936920696656,0.12086010315940104,0.12166436182319758,0.4127731092436975,285755.0,1.470840405242248,-3421500.0,-2081121.5670683756,24.901707555784284,0.023869464111237762,23907.25,2,0.014641092311672411
2024-11-21 18:30:00+00:00,23411.80078125,23956.099609375,23359.0,23907.25,367600,0.0,0.0,0.023869464111237804,0.01933372006436196,0.014779849238540699,-0.023558225164755697,-0.02161813754578379,0.02358904203763299,348.19921875,-576.80078125,881.748046875,0.0026509916354868217,23600.66434151786,0.012990552047417937,23906.467912946428,3.2714454365251504e-05,24050.402436755954,-0.005952184672684309,24780.5440234375,-0.035241115877500485,23739.254103198407,0.0070767133656044956,24044.94733746258,-0.005726664131554989,24513.85628384036,-0.02474544505836123,23758.440569196428,24018.218028667707,-0.004620160768598763,-85.16019569674825,44.51538761708864,-336.5232710351447,-322.1342066152927,-14.38906441985199,50.539448720148904,23.83521791484593,-68.64489350287295,-0.36715284756916294,-49.46055127977263,333.04268973214283,0.013930614760465084,0.14810146922400783,0.13082397923814026,0.12716531049072574,-0.12538662859862004,289905.0,1.268001586726682,-3053900.0,-2173767.132109483,33.519323729534975,0.013161295867362411,24221.900390625,2,0.010844343673852277
2024-11-24 18:30:00+00:00,24253.55078125,24351.55078125,24135.44921875,24221.900390625,687200,0.0,0.0,0.013161295867362366,0.029908386615855598,0.029286957924736123,0.0009318755096321407,-0.007274768935231712,0.013075438521712217,689.201171875,22.55078125,341.001953125,0.014485178397765763,23649.014508928572,0.024224513942435653,23900.578683035714,0.013444097394066124,24040.231026785714,0.00755688926769722,24766.613046875,-0.02199382916101684,23835.783360683727,0.016199049307443505,24061.033978659165,0.006685764714372136,24502.40703312603,-0.011448125978879854,23800.498232886905,24028.682711157842,0.008041126589824588,-25.881076385751786,48.59457566242894,-279.3691374246155,-313.5811927771573,34.212055352541825,75.22857606987314,44.191628940980486,47.739558136387984,0.03551605562864401,-24.771423930048392,353.14271763392856,0.014579480219916873,0.15642422123189886,0.13163470832920243,0.1282931852155145,0.869423286180631,313430.0,2.192515075136387,-2366700.0,-2192141.6909561986,42.85580300165976,-0.0011312238174179439,24194.5,1,0.009359414612017943
2024-11-25 18:30:00+00:00,24343.30078125,24343.30078125,24125.400390625,24194.5,230700,0.0,0.0,-0.0011312238174179257,0.03617144378543502,0.031581201940716896,0.0019173595857222558,0.0005665328817654469,-0.0011318641340202825,740.69921875,46.30078125,51.498046875,0.005012009324915834,23739.79296875,0.019153790930213115,23914.8037109375,0.011695529365125771,24030.47386532738,0.006825755313517905,24742.7250390625,-0.022157019414675246,23907.526688546983,0.012003471341537023,24073.167253326512,0.005040165483697079,24490.332247513245,-0.01207955222997317,23839.687741815476,24023.583279372968,0.007114539019405023,27.64478114143026,53.75521583301576,-233.59235008816904,-297.58342423935966,63.99107415119062,73.07859706546422,66.28220728516209,44.36013318588077,-1.1826097888660136,-26.921402934457312,332.94991629464283,0.013761388592226706,0.15312256850700404,0.1290677681507234,0.12574753056268168,-0.664289871944121,306335.0,0.7530970995805222,-2597400.0,-2230737.7203889415,43.35039502233593,0.003323085437806113,24274.900390625,2,0.009768879664561646
2024-11-26 18:30:00+00:00,24204.80078125,24354.55078125,24145.650390625,24274.900390625,295000,0.0,0.0,0.003323085437806128,0.015378196598312188,0.032161931697387125,0.00553406838287529,-0.002639779900647121,0.0033175761911502914,756.400390625,133.599609375,15.701171875,0.0004257488788774132,23845.821707589286,0.01799387281752321,23919.203683035714,0.014870758755298495,24034.95479910714,0.009983192958896776,24721.093046875,-0.01804906665752736,23981.001428962587,0.012255491603759718,24091.506629444557,0.00761238240518724,24481.88393939998,-0.00845455967716041,23887.700632440476,24021.31438499088,0.010556708162170978,84.90881469930397,51.225082911014226,-188.65161830647412,-275.79706305278256,87.14544474630844,79.38723529459625,75.8981361433112,54.263327479060735,0.3122017015727066,-20.612764705325286,320.27845982142856,0.013193811495313379,0.15173497168445274,0.1265389208749454,0.12222757453690244,0.27871694841785866,307155.0,0.960427145903531,-2302400.0,-2237562.6993995183,43.44280300390878,-0.014861029054492934,23914.150390625,0,0.009771693048646396
2024-11-27 18:30:00+00:00,24274.150390625,24345.75,23873.349609375,23914.150390625,366700,0.0,0.0,-0.014861029054492936,-0.01270544404183549,0.024164985313022802,0.0012854580422536621,-0.02258971741659055,-0.0149725605075969,564.25,30.701171875,-192.150390625,-3.089611030039984e-05,23911.5859375,0.0001072473039514338,23878.496512276786,0.0014931374900375885,24014.716703869046,-0.004187695173928048,24691.7010546875,-0.03149036440787689,23967.63122129507,-0.0022313774013073624,24075.383335006416,-0.006697004244454592,24459.619878663707,-0.022300816232818946,23887.026860119047,24004.265910717266,-0.0037541460516827495,99.40977481960016,39.057630733781416,-180.069545049515,-256.65155945212905,76.58201440261405,52.49156669003708,68.31913301669918,7.873400643004633,-0.9692185574784468,-47.50843330988229,330.19642857142856,0.013807575146004801,0.1589717350970439,0.12980360006510636,0.12316174075050294,0.24305084745762717,308890.0,1.1871540030431507,-2669100.0,-2278661.4899328975,35.62734935746188,0.009072001940535174,24131.099609375,2,0.0037390539959373556
2024-11-28 18:30:00+00:00,23927.150390625,24188.44921875,23927.150390625,24131.099609375,282100,0.0,0.0,0.009072001940535257,-0.002620446408274635,0.009363252125401234,0.02428148881873793,-0.008617201263147911,0.009031098528695802,223.849609375,572.048828125,-340.400390625,0.0005436112003835106,23999.100167410714,0.005500182967006728,23873.621512276786,0.010785045618897714,23998.728608630954,0.0055157505592372995,24665.95203125,-0.02168383450990894,24000.324898911054,0.00544887250546653,24080.448450858104,0.0021034142541098925,24446.736730848465,-0.012911216942716136,23920.707273065476,23990.375606410198,0.005865852426553704,102.61617475608018,48.65456141539896,-153.98713350859907,-236.11867426342306,82.13154075482399,79.52619645409564,70.46833281290965,21.68375412350321,-0.04225609865613619,-20.473803545812732,326.625,0.01353543789082416,0.16214357699788146,0.13079364667164173,0.1232214465994136,-0.2307062994273248,308735.0,0.9137286021992942,-2387000.0,-2288979.4432726214,42.13862742750062,0.006006820004948554,24276.05078125,2,0.004722246087726975
2024-12-01 18:30:00+00:00,24140.849609375,24301.69921875,24008.650390625,24276.05078125,220400,0.0,0.0,0.006006820004948565,4.7390127517976666e-05,0.0022355962889666348,0.03158802802815441,0.0029208903410185005,0.005988850983542634,54.150390625,743.3515625,-169.69921875,0.00040404292211415404,24131.407366071428,0.005993990030682338,23882.753766741072,0.016467825207686613,23995.64295014881,0.011685781109667668,24643.92203125,-0.01492746363722065,24055.470075378842,0.009169669317620888,24098.23048089373,0.00737897749368974,24440.043164197545,-0.00670998745156768,23974.36450892857,23985.570802990256,0.01211061352867691,104.95116528610019,52.43050089231549,-120.23430011747041,-212.94179943423254,92.70749931676212,92.80740590939551,74.94172301784273,51.69355464668952,1.6438227113015433,-7.1925940905128645,332.5927734375,0.013700448085006055,0.1624404791368859,0.1321657547838649,0.125316906054681,-0.2187167671038639,305405.0,0.7216646747761146,-2166600.0,-2277324.2581990384,47.80610557134758,0.007460011144599978,24457.150390625,2,0.005482109810998319
2024-12-02 18:30:00+00:00,24367.5,24481.349609375,24280.0,24457.150390625,339500,0.0,0.0,0.007460011144599932,0.022706221677558425,0.010855789151460016,0.04277982996159513,0.006286972649169664,0.007432322879372628,262.650390625,1003.349609375,208.5,0.003767055011296504,24209.96456473214,0.01021008623254808,23905.314453125,0.023084236711550084,24007.633463541668,0.018723916614519966,24624.7490234375,-0.006806105217680598,24135.806138428074,0.013314005355938019,24130.859563596572,0.01352172417101343,24440.71403582215,0.0006724989613133897,24050.95072544643,24005.841302620513,0.018799969653852666,102.40609215930431,55.63142356258883,-77.97288859174296,-185.94801726573465,107.97512867399169,98.01352534310348,90.11570923553154,103.5480164703535,3.8121213698887,-1.9864746568144305,323.5283203125,0.013228373508162373,0.1639455857244126,0.1331097059796321,0.12643514086258947,0.5403811252268602,320440.0,1.0594807140182216,-1827100.0,-2234445.7574181776,54.62159176649181,0.0004210968146537539,24467.44921875,1,0.004914314313247623
2024-12-03 18:30:00+00:00,24488.75,24573.19921875,24366.30078125,24467.44921875,348000,0.0,0.0,0.00042109681465385407,0.013938428617829235,0.00793201310928393,0.04034905367051467,0.019674629336950744,0.0004210081782723239,192.548828125,948.94921875,-70.1015625,0.0012920397049654476,24245.04296875,0.009173266893634935,23947.028738839286,0.0217321524764628,24015.40011160714,0.01882330109188375,24598.2790234375,-0.005318656828099132,24202.13475449246,0.010962440584224895,24161.458623155973,0.012664409064308612,24441.76247436834,0.0010509366666415845,24125.902027529763,24029.11883618583,0.018241633642597982,91.76459910503863,61.420539615271586,-43.15195722011049,-157.38880525660983,114.23684803649934,91.92778179479971,94.24957101576622,107.96009602456554,3.972132526366484,-8.072218205123955,309.5318080357143,0.01265075918900855,0.156510150997422,0.12679386436147136,0.12067683458594036,0.025036818851251752,323565.0,1.0755180566501288,-1479100.0,-2162508.066235494,61.054610906798025,0.009847825562885128,24708.400390625,2,0.0048926865046555
2024-12-04 18:30:00+00:00,24539.150390625,24857.75,24295.55078125,24708.400390625,361500,0.0,0.0,0.009847825562885104,0.01780971762132455,0.03321255353112473,0.0581801197124352,0.020447423250876673,0.009799651742121284,794.25,1358.5,601.701171875,0.002930471878533653,24318.45731026786,0.016034860903470286,24029.125139508928,0.028268829895898833,24049.354910714286,0.02740387350752071,24573.666015625,0.0054828764627274,24303.38788171897,0.01666485803860561,24211.180602016793,0.020536784090849653,24452.21886324115,0.01047682129857575,24227.41824776786,24058.87845812343,0.026997182500925546,70.45688656553384,73.23467747943906,3.842335567864211,-125.14257709171503,128.98491265957924,90.63403700227649,93.52511471339322,129.4184654845635,5.349237938346985,-9.365962997660812,322.9853515625,0.013071884316923885,0.1570552552963343,0.1314573269190962,0.12939440988364645,0.0387931034482758,327165.0,1.1049470450689984,-1117600.0,-2062993.012308304,67.96108772118053,-0.0012384293961259537,24677.80078125,1,0.0019302318715582103
2024-12-05 18:30:00+00:00,24729.44921875,24751.05078125,24620.5,24677.80078125,226700,0.0,0.0,-0.0012384293961259507,0.009021917398421841,0.02265546041103761,0.03223084132428444,0.007913314742361788,-0.0012391968835286232,546.701171875,770.55078125,-247.548828125,0.0008518895514169186,24376.014508928572,0.012380459989096057,24110.918108258928,0.02351145113785068,24071.473958333332,0.02518860390378121,24548.4140234375,0.005270676862829605,24378.270461625176,0.012286774818431632,24253.60061831072,0.017490193296042168,24461.065212966987,0.008860430500308344,24313.908333333333,24061.797845056033,0.025600869068913366,70.28351219686799,73.10911054486371,38.17644414883762,-92.4787728436045,130.65521699244212,88.71508448309366,90.42563442672328,135.39839933704803,4.929314289814192,-11.284915516843622,318.61397879464283,0.012910955138138173,0.1525612308325517,0.12867339213231538,0.12636855170449507,-0.37289073305670817,320945.0,0.7063515555624774,-1344300.0,-1994546.0587551321,73.18187087045918,-0.002382739927727935,24619.0,0,0.004975363296809073
2024-12-08 18:30:00+00:00,24633.900390625,24705.0,24580.05078125,24619.0,248100,0.0,0.0,-0.0023827399277279726,0.006193975509872995,0.014127059703421097,0.01639423839463472,0.017341391293525632,-0.002385583169878571,342.94921875,397.099609375,-203.751953125,-0.001778942581397018,24476.70731026786,0.005813391806684896,24194.146623883928,0.017560172000307257,24077.90011160714,0.022472885338202325,24520.711015625,0.004008406783651844,24426.41636930014,0.007884235975846947,24286.818743918833,0.013677429703070018,24467.258734027106,0.0062018090225145865,24381.652585565476,24072.411933747248,0.022705995051807207,79.47610215787495,73.70700343294735,59.95066696414506,-61.9928848820546,121.94355184619965,85.02758945899731,88.12557031478916,116.00619095063946,5.435139286009502,-14.97241054093998,309.224609375,0.012560404946382364,0.14626285610326956,0.12596425418175708,0.12531079402771178,0.09439788266431415,317240.0,0.7820577480771631,-1592400.0,-1956246.434111786,73.22570377572028,-0.0003635086213899833,24610.05078125,1,0.0052812703860815845
2024-12-09 18:30:00+00:00,24652.650390625,24677.80078125,24510.650390625,24610.05078125,261000,0.0,0.0,-0.0003635086213900074,-0.00398041183646658,0.006251766382546764,0.017175423391679878,0.019125714440080932,-0.00036357470666444975,152.900390625,415.55078125,-190.048828125,0.0013668463635809185,24545.12890625,0.0026450003684220253,24272.11453683036,0.013922818463420028,24097.45731026786,0.021271682915844626,24488.591015625,0.004959851121997917,24463.14325169011,0.006005259751309067,24316.2034745853,0.012084423745335422,24472.858422153495,0.005605898450027782,24437.106473214284,24089.90212202567,0.02159197893746241,80.74851377388232,72.72407164004657,75.61314696799673,-34.471678512044335,110.08482548004106,84.466369031162,86.06968099108433,98.27505434691433,2.9396972937078525,-15.533630968775281,297.81752232142856,0.012101459073311576,0.1459160543960539,0.12544126869594877,0.12464125100007979,0.051995163240628806,315355.0,0.8276386929016479,-1853400.0,-1946451.5356249493,67.38811807598765,0.0012901233029632678,24641.80078125,1,0.008204607069343025
2024-12-10 18:30:00+00:00,24620.5,24691.75,24583.849609375,24641.80078125,187300,0.0,0.0,0.0012901233029631864,-0.001458800981461561,0.00712585774435337,0.015114393250680314,0.020732105719370564,0.0012892918089711122,174.3515625,366.900390625,21.451171875,0.0004245915151853594,24597.37890625,0.0018059596987673734,24364.393136160714,0.01138578102639285,24120.96214657738,0.021592780234369738,24457.848046875,0.007521215031773727,24498.87475760209,0.005833983195638532,24345.803229736637,0.0121580524051805,24479.483612706303,0.006630743160751907,24486.397972470237,24103.317988225783,0.022340608595349323,84.30410878607762,78.52002666321485,89.55539600841439,-9.66626360795259,99.22165961636698,85.59137823180278,85.02844557398737,95.31899026184772,1.7335567558832154,-14.408621768130503,287.28543526785717,0.01165845945343579,0.14584085623300097,0.12232828426659577,0.1203619641661126,-0.28237547892720305,311050.0,0.6021539945346388,-1666100.0,-1919751.3893749542,74.94538718531119,-0.003778196379659119,24548.69921875,0,0.008049090836467035
2024-12-11 18:30:00+00:00,24604.44921875,24675.25,24527.94921875,24548.69921875,266100,0.0,0.0,-0.003778196379659149,-0.0028555498294000614,-0.006463436294953162,0.026534450012230426,0.027854016976649243,-0.003785351792322941,-159.701171875,634.548828125,-334.052734375,-0.0015157805564445343,24610.45731026786,-0.00250942478391451,24410.2109375,0.00567337503164476,24140.36207217262,0.016915121047337903,24432.6050390625,0.0047516087417566345,24508.839649831676,0.0016263343955818836,24364.24831964694,0.007570555704536715,24482.197950198213,0.002716311202411696,24510.972116815476,24128.569170071434,0.017412141006673067,50.55354323882179,67.81157870250357,92.03133091463314,10.673255296564555,81.3580756180686,68.60517486645162,79.55430737647214,77.40832562711203,1.4639658548429821,-31.39482513344681,254.50697544642858,0.010367432228426541,0.14042405635797717,0.11769017906707496,0.1179179038873494,0.4207154297917779,311565.0,0.8540753935775814,-1932200.0,-1920936.9713392442,68.21472772066421,0.008945547808589019,24768.30078125,2,0.008582450346611337
2024-12-12 18:30:00+00:00,24498.349609375,24792.30078125,24180.80078125,24768.30078125,310100,0.0,0.0,0.008945547808588916,0.006430299612407486,0.003667263578396307,0.026405807534251258,0.0513284686733817,0.008905773422254015,90.5,637.201171875,250.201171875,-0.002051009258223406,24653.436104910714,0.004659175128792764,24449.23953683036,0.013049945538755676,24182.497860863095,0.024224251926222337,24412.033046875,0.014593939541655323,24560.73187611534,0.008451250808877837,24400.980361610855,0.015053510727668204,24493.41766906299,0.011222734038222703,24558.717429315475,24174.53708767291,0.024561533129825158,37.63636363180165,66.01780207419111,110.44044922104877,30.6266940814614,79.81375513958736,90.91332961640563,81.70329423822001,71.78275929773946,2.032553718801382,-9.086670383492782,266.4497767857143,0.010757693034292052,0.13097049029581997,0.12495050607678458,0.12792157589756828,0.16535137166478764,311840.0,0.9944202154951225,-1622100.0,-1892476.3074021733,57.31759195302321,-0.004039468921733219,24668.25,0,0.004830565869153088
2024-12-15 18:30:00+00:00,24753.400390625,24781.25,24601.75,24668.25,187600,0.0,0.0,-0.004039468921733236,0.001073347641464828,0.00200048742840897,0.016155808137167105,0.04825416628557577,-0.004047649614185296,49.25,392.19921875,-41.25,-0.0006015911530063149,24647.700334821428,0.0008337355980241195,24483.07882254464,0.0075632308664072435,24235.316871279763,0.01786372883093059,24400.3960546875,0.010977442526431187,24582.235500892275,0.0034990511381521577,24425.27760146441,0.009947579818745285,24500.273838903657,0.00685609320944035,24587.918824404762,24215.53135119244,0.018695383646217145,20.81079019108017,63.32065118252205,115.6237080882238,47.62609688281388,67.99761120540991,80.74970288456579,80.08940245580769,85.27262295533954,3.153361491239079,-19.25029711533263,263.70689174107144,0.01069013374443103,0.13245409686824502,0.12470878934726537,0.12737056610038477,-0.39503386004514673,308335.0,0.6084291436262487,-1809700.0,-1884592.8495543473,62.750086294042354,-0.013468730047733423,24336.0,0,0.008903919840928422
2024-12-16 18:30:00+00:00,24584.80078125,24624.099609375,24303.44921875,24336.0,264900,0.0,0.0,-0.013468730047733413,-0.00866437837926426,-0.011135725955461862,-0.0049535775300887375,0.037614339227067584,-0.01356025614827435,-274.05078125,-121.150390625,-323.30078125,-0.003382859292815527,24598.871651785714,-0.010686329662060753,24487.44308035714,-0.006184519954172625,24273.569289434523,0.002571962525208375,24386.8240625,-0.002084078778349442,24532.98840071382,-0.008029531400588812,24417.161455876736,-0.003323951312825459,24493.831727574103,-0.006443733644026639,24568.30831473214,24256.172625656327,0.003291012789842797,-8.018505365189675,51.50483975054268,91.86274329084699,56.47342616442051,35.389317126426484,46.99819250689156,72.887075002621,26.353775709914448,0.8491133596969909,-53.00180749300686,274.84263392857144,0.011293665102258389,0.14274112895481864,0.12566245164816392,0.12748516222426298,0.4120469083155651,308415.0,0.8589076406789525,-2074600.0,-1902688.7686444095,55.64499214723589,-0.005635699812006904,24198.849609375,0,0.008542618363925829
2024-12-17 18:30:00+00:00,24297.94921875,24394.44921875,24149.849609375,24198.849609375,235300,0.0,0.0,-0.005635699812006956,-0.022991127930184208,-0.017975600720384177,-0.010977834549633636,0.02892827388545194,-0.005651640286891943,-442.951171875,-268.599609375,-168.900390625,-0.0015635593873273518,24538.850167410714,-0.013855602675599044,24507.778738839286,-0.01260535003013924,24309.047805059523,-0.004533217284700987,24374.8860546875,-0.007222041773550763,24466.160642446055,-0.010925745031171316,24397.31492437658,-0.008134719563064515,24482.263801370216,-0.011576306598711783,24529.829185267856,24288.4020992242,-0.0036870474016097205,-42.76541455710587,57.879839554977266,61.258962008960225,57.430533333328455,3.82842867563177,29.19614579810365,52.31468039652034,-22.43981711146946,-0.3180137188319955,-70.8038542017889,258.57114955357144,0.0106852661894054,0.1451503359485201,0.12425825790172423,0.12524273564911306,-0.11174027935069841,305305.0,0.7707047051309321,-2309900.0,-1941470.7906782753,57.53645683867943,-0.010213311567061031,23951.69921875,0,0.008923417875035172
2024-12-18 18:30:00+00:00,23877.150390625,24004.900390625,23870.30078125,23951.69921875,271100,0.0,0.0,-0.010213311567061067,-0.029047491461696717,-0.024319007483053046,-0.030625259422383033,0.02577307903063364,-0.01026582529903898,-597.0,-756.701171875,-154.048828125,-0.013293988100382903,24444.799944196428,-0.02017200903963532,24494.964425223214,-0.022178648519030907,24329.676339285714,-0.015535641134911831,24353.65703125,-0.016505028874480826,24363.268357706846,-0.01689301833046701,24356.80440568325,-0.01663211561688734,24461.45734714982,-0.020839237873911613,24455.685249255952,24337.20699851703,-0.01584026383103475,-71.0253971925693,45.11624395298201,16.867831986015517,49.31799306386587,-32.45016107785035,8.243303650891422,28.145880651962212,-121.7479550903995,-2.0666805568187967,-91.7566963490073,262.44614955357144,0.010957308170775247,0.14792832735524447,0.12283499552497278,0.12377911204234038,0.1521461963450914,297845.0,0.9102049723849623,-2581000.0,-2002378.3344232014,50.281360714484016,-0.015205569150805617,23587.5,0,0.008418707254653148
2024-12-19 18:30:00+00:00,23960.69921875,24065.80078125,23537.349609375,23587.5,442700,0.0,0.0,-0.01520556915080562,-0.030756903353057252,-0.047673871198458895,-0.04418144027154969,-0.013374603938135943,-0.015322359236337606,-1180.80078125,-1090.30078125,-583.80078125,0.00037575622162765783,24294.185546875,-0.029088670024003872,24445.7822265625,-0.035109624171889474,24340.99060639881,-0.030955626193812303,24325.768046875,-0.030349218386541813,24208.114686165478,-0.02563663854914414,24286.867641530225,-0.02879612356161924,24427.18451000669,-0.034375001738848575,24334.689992559524,24329.005875327246,-0.030478264468635698,-113.43343590796766,33.25470622635642,-47.156698524679086,30.02305474615688,-77.17975327083596,3.7981199476337455,13.745856465542937,-182.2937087900727,-3.5964076634340683,-96.20188005229052,279.26060267857144,0.011839347225376136,0.13320039340258105,0.12013974471614235,0.123889158763625,0.632976761342678,301600.0,1.4678381962864673,-3023700.0,-2099647.0644781347,42.05236122761457,0.007035472972972973,23753.44921875,2,0.005183980767393255
2024-12-22 18:30:00+00:00,23738.19921875,23869.55078125,23647.19921875,23753.44921875,189800,0.0,0.0,0.0070354729729729115,-0.01840584977446391,-0.03708413775804931,-0.035157836681018684,-0.019339984242372377,0.007010839504245724,-914.80078125,-865.55078125,266.0,0.006388944091149703,24180.57840401786,-0.017664142607807472,24395.51785714286,-0.0263191231337128,24333.66675967262,-0.023844229751850216,24300.868046875,-0.022526719089582994,24117.181592682384,-0.015081877313671348,24238.37505764111,-0.020006532522823514,24400.763518192703,-0.02652844444642287,24242.37892485119,24320.891469615573,-0.023331474159755353,-135.45537403661146,32.759206462458934,-83.54285513819195,7.309872769287114,-90.85272790747906,16.366218225105754,9.469213941210308,-150.6279127017737,-3.8648846415702987,-83.6337817748185,284.74288504464283,0.011987433169068619,0.1263827539609763,0.12029346800934279,0.12412112464218775,-0.5712672238536255,276730.0,0.6858670906659897,-2833900.0,-2169575.915480217,39.68970272495195,-0.0010861087115144297,23727.650390625,1,0.003710880500683903
2024-12-23 18:30:00+00:00,23769.099609375,23867.650390625,23685.150390625,23727.650390625,177700,0.0,0.0,-0.0010861087115143775,-0.009354193457373094,-0.024997929379314554,-0.035855285243754365,-0.019295691556965422,-0.0010866989549987555,-608.349609375,-882.400390625,306.451171875,0.0006588681281978014,24031.9140625,-0.012660817240095244,24342.67508370536,-0.025265287852115407,24310.131045386905,-0.023960407851129715,24276.1360546875,-0.02259361468509195,24039.27535227091,-0.01296315954118221,24191.94554245783,-0.0191921377723819,24374.366924954757,-0.02653264949694403,24153.329929315478,24306.91485734662,-0.02383126242557747,-148.04653302077548,32.01143207741684,-113.15649854463481,-16.783401493497273,-96.37309705113753,14.412354207179433,11.525564126639644,-130.93590426263634,-3.850223117721569,-85.58764579274482,283.00013950892856,0.011927019104290766,0.12638197749730223,0.11987852233682515,0.12424190128723185,-0.06375131717597471,274080.0,0.6483508464681821,-3011600.0,-2249768.685434482,36.758828097645335,0.0009503186263191588,23750.19921875,1,0.004335112897774277
2024-12-25 18:30:00+00:00,23775.80078125,23854.5,23653.599609375,23750.19921875,177700,0.0,0.0,0.0009503186263191132,0.00689768812930569,-0.018540153679503235,-0.036182484000050086,-0.021614967041332922,0.0009498673594489271,-448.650390625,-891.6015625,159.69921875,0.0020292945079813975,23900.76395089286,-0.006299578224872087,24274.23214285714,-0.021588032981769104,24288.97386532738,-0.022181861183788527,24248.5810546875,-0.020553030909869964,23981.46012556673,-0.009643320532020968,24151.78678575712,-0.016627654532124607,24349.889760005553,-0.024628059805039217,24074.333147321428,24291.227695872964,-0.02227258679127449,-145.03506416592168,23.93217889365991,-133.2697713511734,-40.0806754650325,-93.1890958861409,16.96078812825965,15.91312018684828,-115.40746064554287,-3.528984854177524,-83.03921187166067,257.19308035714283,0.010829091494697296,0.12559776208899437,0.11982774159893002,0.12431505148269052,0.0,268215.0,0.6625281956639238,-2833900.0,-2305400.239202627,28.17627606785574,0.002661079652127918,23813.400390625,2,0.009465033271407365
2024-12-26 18:30:00+00:00,23801.400390625,23938.849609375,23800.599609375,23813.400390625,176800,0.0,0.0,0.002661079652128029,0.00252389332272962,-0.005774071679087278,-0.029952659469768883,-0.004212986802972329,0.002657545248501766,-138.298828125,-735.298828125,310.3515625,0.0021558207324246866,23826.106863839286,-0.0005333004374948987,24212.4892578125,-0.016482768993225753,24266.99767485119,-0.01869194081212,24223.7020703125,-0.016938025347922867,23947.848178578388,-0.00561419075947071,24121.02438619965,-0.012753355357106541,24328.850961206317,-0.021186802919842374,24012.888913690476,24293.67522307588,-0.019769541991516374,-133.08153144430662,26.893892326912606,-142.4676007639755,-60.5580605248211,-81.9095402391544,21.996934019140962,17.790025451526684,-89.25898805352891,-3.237093648063184,-78.00306598077935,261.34305245535717,0.010974621354715611,0.11502017141431611,0.11298804286194934,0.1197168212006717,-0.005064715813168252,258720.0,0.6833642547928236,-2657100.0,-2338895.4545166623,26.972709931125166,-0.007075847935867911,23644.900390625,0,0.010769949548093146
2024-12-29 18:30:00+00:00,23796.900390625,23915.349609375,23599.30078125,23644.900390625,364900,0.0,0.0,-0.007075847935867907,-0.003487492382840185,0.0024335088765234936,-0.04535637711067497,-0.02014824134085913,-0.007101000468431965,57.400390625,-1123.400390625,195.69921875,-0.0006928871865983123,23746.971261160714,-0.004298269005052075,24142.910714285714,-0.020627600770855403,24254.176246279763,-0.02512045140053735,24197.1740625,-0.022823891353944158,23887.25862098771,-0.010145920643642295,24077.740386601956,-0.017976769789319242,24302.029370203127,-0.02704008663506142,23937.210398065476,24265.19220962491,-0.025563029282489814,-105.1703230091376,25.404024014899363,-161.4919104091714,-80.74483050169117,-80.74707990748023,8.570116802968885,15.8426129834565,-106.08654173765889,-4.0455663101679775,-91.42988319695144,274.99302455357144,0.01163011981486681,0.11202453731578654,0.11416861033537422,0.12187973558330135,1.0639140271493215,262860.0,1.3881914327018132,-3022000.0,-2403953.0302769803,26.16392655176631,-4.212721278347794e-06,23644.80078125,1,0.013129413135993404
2024-12-30 18:30:00+00:00,23560.599609375,23689.849609375,23460.44921875,23644.80078125,193600,0.0,0.0,-4.212721278373799e-06,-0.004437791722470719,-0.004574006768424899,-0.041488521429367764,-0.026002993884308268,-4.2127301519090045e-06,-108.6484375,-1023.44921875,-166.048828125,-0.0035652838395301917,23703.12862723214,-0.0024607657031032993,24073.964285714286,-0.01782687302227735,24231.01915922619,-0.024192889870790203,24175.0730859375,-0.02193467224700695,23838.76705304017,-0.008136589923404842,24038.382240660867,-0.016373042722696556,24276.255700048103,-0.02601121551034024,23870.79574032738,24243.448180610885,-0.02469316224742481,-69.54634889729404,25.518065413379432,-174.56457870914892,-99.50878014318272,-75.0557985659662,13.841749913467671,14.802933578525838,-112.67921779792349,-3.6820624565295765,-86.15825008645724,279.439453125,0.011818219815435273,0.10903470647477835,0.11311887809149204,0.12088748604196124,-0.4694436832008769,261520.0,0.7402875497093885,-3215600.0,-2481252.7416791725,26.747860427506794,0.004148887118253567,23742.900390625,2,0.01325694075238492
2024-12-31 18:30:00+00:00,23637.650390625,23822.80078125,23562.80078125,23742.900390625,154900,0.0,0.0,0.004148887118253564,-0.0029605179791020175,0.0006427100765959981,-0.024371285723824743,-0.02920413820057255,0.004140304217561321,15.25,-593.099609375,123.8984375,-0.0003024085798460124,23725.328683035714,0.0007406307336787188,24009.75711495536,-0.011114511615118592,24205.631045386905,-0.019116653223964282,24152.850078125,-0.01697313924335873,23819.593720557135,-0.0032197581046877035,24011.520254293966,-0.011187124381302664,24255.33980556092,-0.021126870167302927,23826.65388764881,24216.108333937173,-0.019541040070793925,-38.80422716280487,27.943272471946983,-174.99174795461295,-114.60537370546876,-60.38637424914418,21.207406277663765,14.539757664700106,-82.19269513073542,-4.139970681400975,-78.79259372226115,290.3037109375,0.012226969163890171,0.10610289677473031,0.11416305062646363,0.12211613929213318,-0.199896694214876,252290.0,0.613975980022987,-3060700.0,-2536438.194852585,25.906399033633534,0.018774033191665436,24188.650390625,2,0.013109975742803478
2025-01-01 18:30:00+00:00,23783.0,24226.69921875,23751.55078125,24188.650390625,283200,0.0,0.0,0.018774033191665485,0.022996502037098576,0.01846094712034496,-0.00042147535583880735,-0.011394683018749241,0.018599976157659907,438.451171875,-10.19921875,423.201171875,0.001688909472527284,23787.50027901786,0.01686390360070601,23984.03934151786,0.008531133817519151,24192.84533110119,-0.00017339591184001123,24141.00109375,0.0019737912562098844,23893.40505457071,0.012356771057953414,24027.62299396042,0.006701761414562278,24252.724534386965,-0.002641935905844912,23850.506324404763,24189.317148942017,-2.7564164499188294e-05,16.78163141631603,42.46869941692269,-137.77381220157622,-119.23906140469026,-18.53475079688596,54.67585070122657,29.908335630786002,-20.960204399397707,-1.944197944219718,-45.32414929869835,314.3392857142857,0.012995321385772885,0.1281306512720746,0.12037969973646337,0.124680164955413,0.828276307295029,249050.0,1.1371210600281023,-2777500.0,-2559396.4620094816,34.098684199110224,-0.007602755327609176,24004.75,0,0.007596877383460781
2025-01-02 18:30:00+00:00,24196.400390625,24196.44921875,23976.0,24004.75,312300,0.0,0.0,-0.007602755327609123,0.015223186783431597,0.008035375302820391,0.0022149067907661912,-0.0284781847266804,-0.007631803596810856,191.349609375,53.05078125,-247.1015625,0.0003203981981154026,23827.0859375,0.007456390721299993,23929.5,0.003144654088050183,24170.812034970237,-0.0068703539926574225,24131.6541015625,-0.005258823163484618,23915.67404365657,0.0037245848133246463,24025.543630873108,-0.0008654801403280977,24243.000042842377,-0.009827580844834819,23853.267745535715,24149.458649243912,-0.00599221089572692,43.05193865218899,33.78631032346077,-121.71450552524766,-119.73415022880175,-1.9803552964459072,41.20990757852703,39.03105485247246,-16.379895258719248,-1.3611522024983005,-58.79009242139727,286.40708705357144,0.011931267230592258,0.12427806866067213,0.11177525881606923,0.11268581766791118,0.1027542372881356,246590.0,1.266474715114152,-3089800.0,-2609911.084675245,43.28524862927068,-0.016192595996625668,23616.05078125,0,0.007518550599952622
2025-01-05 18:30:00+00:00,24045.80078125,24089.94921875,23551.900390625,23616.05078125,278100,0.0,0.0,-0.016192595996625703,-0.005342633262492513,-0.0012201197255387042,0.001210419978802335,-0.04302449839074429,-0.016325128725884954,-28.849609375,28.55078125,-220.19921875,0.0017101107593288116,23807.921875,-0.00805912816571656,23854.342912946428,-0.009989465338283942,24118.795386904763,-0.02084451555684685,24115.2651171875,-0.020701175521461643,23855.749391175257,-0.010047834004071015,23988.317008180096,-0.015518647131565618,24218.413797289737,-0.02487210851550988,23811.474516369046,24103.035171405085,-0.020204276627069948,18.072508941412085,30.096839883745048,-138.75271283838083,-123.53786275071757,-15.214850087663265,13.371848087146882,36.41920212230016,-65.8045437156976,-2.4083741067558466,-86.62815191276718,312.01771763392856,0.013212103942528879,0.13488110997680688,0.12118302557385967,0.1190573945438611,-0.10951008645533145,249160.0,1.1161502648900261,-3367900.0,-2682100.5051823645,36.76790384909633,0.0038892874268344705,23707.900390625,2,0.006979481732919935
2025-01-06 18:30:00+00:00,23679.900390625,23795.19921875,23637.80078125,23707.900390625,262300,0.0,0.0,0.0038892874268343647,-0.019875023708901485,0.002668646268529251,-0.001917566905990431,-0.037007986082903455,0.0038817437019732417,63.099609375,-45.548828125,91.94921875,0.0027036531199234543,23792.850446428572,-0.0035704026297664697,23809.478655133928,-0.004266295200336964,24072.60965401786,-0.015150383304286722,24101.4351171875,-0.016328269443251546,23826.179591065207,-0.004964253710425184,23962.82458840236,-0.010638320071029052,24198.393663695042,-0.020269662519207258,23791.94884672619,24056.202410057915,-0.014478678450397261,10.5677346367662,36.93036480202952,-143.19347379922692,-127.46898496041945,-15.724488838807474,26.493701485517672,27.02515238373053,-68.46965065907781,-1.0178769610388974,-73.50629851437526,298.7568359375,0.01260157293623636,0.1365718811482528,0.12152634577889708,0.11952055742811495,-0.05681409564904716,249870.0,1.0497458678512785,-3105600.0,-2722433.790403092,36.87703693387831,-0.0007993610384196657,23688.94921875,1,0.006983571224320557
2025-01-07 18:30:00+00:00,23746.650390625,23751.849609375,23496.150390625,23688.94921875,266400,0.0,0.0,-0.0007993610384197103,-0.013155762140826255,-0.0022723075524632153,-0.001631057910828404,-0.03742786110794105,-0.0007996806978147784,-53.951171875,-38.701171875,-117.05078125,0.0016344762446918995,23799.143136160714,-0.004630163228157535,23773.057198660714,-0.003537953878117475,24028.32152157738,-0.014123845584578678,24091.5980859375,-0.01671324856703942,23798.733516602166,-0.004613031099977435,23937.92682752487,-0.010400967910411231,24178.415450167784,-0.02024393337216675,23775.878255208332,24005.99611112308,-0.013206987575331851,0.6168323862888688,38.84096378308599,-146.5526424075906,-131.28571644985368,-15.26692595773693,29.820554649226988,23.22870140729718,-76.19572197061021,0.43009737678853505,-70.17944535064251,299.54966517857144,0.012645122517357704,0.1365177745495556,0.12284604197791035,0.12131772671303603,0.015630956919557848,250140.0,1.065003597985124,-3372000.0,-2784297.238936131,36.61797080266994,-0.006857594959147453,23526.5,0,0.007374197470811125
2025-01-08 18:30:00+00:00,23674.75,23689.5,23503.05078125,23526.5,269200,0.0,0.0,-0.006857594959147506,-0.0037919456593097367,-0.027374424779054052,-0.009418835467005171,-0.04526052260347124,-0.006881216315863482,-662.150390625,-223.69921875,-608.19921875,-0.0005994026420876702,23782.243024553572,-0.010753528348420466,23742.68582589286,-0.009105365226080938,23976.72386532738,-0.018777538910494326,24075.345078125,-0.02279697658928513,23744.28681328173,-0.009172177500816727,23900.52438865897,-0.015649212652272728,24152.850138396498,-0.025932762999292758,23743.00396205357,23959.750585831225,-0.01808243304867343,-16.987965591375193,40.33636423334458,-160.47326611890094,-137.12322638366314,-23.3500397352378,8.620004078292176,21.64475340434561,-87.23192088415803,-0.9554368995423452,-91.37999592157732,289.39969308035717,0.012301009205803876,0.13707839647292983,0.12364355975556655,0.12166383865152854,0.010510510510510551,254235.0,1.058862863099097,-3641200.0,-2865907.0257041184,36.680861998241234,-0.00403799970246318,23431.5,0,0.007957965021754216
2025-01-09 18:30:00+00:00,23551.900390625,23596.599609375,23344.349609375,23431.5,261000,0.0,0.0,-0.004037999702463213,-0.011658577354842437,-0.02388069028004869,-0.01603720528611907,-0.04550950780710594,-0.004046174437066828,-573.25,-381.900390625,88.900390625,0.0010796502082757282,23737.757254464286,-0.012901692909791488,23731.54296875,-0.012643213681684659,23919.090494791668,-0.020384993104057166,24054.6380859375,-0.02590511167581288,23681.729450625386,-0.010566350365039199,23857.88580787179,-0.01787190245210612,24124.561897675067,-0.028728476007758286,23701.51251860119,23901.242911725534,-0.01965349306144522,-32.655986948903646,45.96021720273219,-177.1293300964935,-145.12444712622923,-32.004882970264276,9.877081567093683,16.10588009820428,-109.96033468632244,-1.2481235425737691,-90.12291843279299,269.67103794642856,0.0115089105668189,0.13711921027062765,0.1250989768205078,0.12329295411347165,-0.03046062407132244,253980.0,1.0276399716513072,-3902200.0,-2964601.5946846786,38.69087767280114,-0.014747275302477434,23085.94921875,0,0.00800617141382973
2025-01-12 18:30:00+00:00,23195.400390625,23340.94921875,23047.25,23085.94921875,316500,0.0,0.0,-0.014747275302477436,-0.025454907029929363,-0.022446664237395497,-0.023639396345125574,-0.06792357608050237,-0.014857097422370331,-530.1015625,-558.951171875,43.1484375,-0.010076162831017643,23580.228515625,-0.0209615991018685,23683.864397321428,-0.02524567648846295,23849.435732886905,-0.03201277056144652,24029.540078125,-0.039267953373520716,23562.57340425031,-0.020228019126905486,23787.709754315263,-0.02950097099776195,24083.831988697613,-0.04143372078064121,23615.433351934524,23813.581045803836,-0.03055532998813803,-76.60452177101763,34.185450762551284,-215.72568949379274,-159.24469559974193,-56.48099389405081,3.2811263202142156,7.259403988533358,-182.3489760222664,-2.796818645106642,-96.718873679701,276.97098214285717,0.011997383322575024,0.13716002402456523,0.1163787227754391,0.11294967937584315,0.21264367816091956,254300.0,1.2445930003932315,-4218700.0,-3084039.5380480425,31.927668075749224,0.003902874499386887,23176.05078125,2,0.004174220736545263
2025-01-13 18:30:00+00:00,23165.900390625,23264.94921875,23134.150390625,23176.05078125,311200,0.0,0.0,0.003902874499386977,-0.014895935168852126,-0.02243343360702299,-0.019824654237379447,-0.0604906800745898,0.003895278043635164,-531.849609375,-468.75,-1.748046875,0.003463196211575377,23461.842912946428,-0.01218114590387582,23644.464425223214,-0.019810710682602907,23773.614304315477,-0.02513557742698719,24008.9541015625,-0.034691362097204394,23485.268879650248,-0.013166470436630565,23732.104393127513,-0.023430438475507236,24048.232725660455,-0.03626802660969613,23547.724869791666,23745.098273599855,-0.02396484048173034,-107.57177239857715,37.31780677457706,-236.31900096468235,-174.65955667273002,-61.659444291952326,10.920417700254701,8.026208529187533,-182.67328920876784,-2.676432592238649,-89.07958229966052,276.72098214285717,0.011939954082544528,0.1396024572605944,0.11596676666437217,0.1126134985371644,-0.016745655608214838,260480.0,1.1947174447174402,-3907500.0,-3162464.343948229,34.30390578228473,0.00160288039798627,23213.19921875,2,0.008051451541105085
2025-01-14 18:30:00+00:00,23250.44921875,23293.650390625,23146.44921875,23213.19921875,228000,0.0,0.0,0.0016028803979861728,-0.009316551703902887,-0.020083204012419476,-0.02230987634872761,-0.046137441701594395,0.0016015971562733668,-475.75,-529.701171875,56.099609375,0.003210143013674572,23404.29268973214,-0.008164889813823302,23606.107282366072,-0.016644339488771233,23704.326171875,-0.02071887424953246,23987.13109375,-0.03226446180558954,23430.854947470198,-0.009289278142353419,23684.931195456826,-0.019916966311360532,24015.48631362475,-0.03340707260296265,23490.222842261905,23687.231680855235,-0.02001215120838046,-122.70783352889737,37.73581034160228,-246.79685965595127,-189.0870172693743,-57.70984238657698,14.07006050889881,9.42386817645591,-157.3461854311423,-1.8257686213224544,-85.9299394910164,272.8853236607143,0.011755610292625448,0.1348959856028386,0.1133586000026035,0.11110221844649862,-0.26735218508997427,258635.0,0.8815512208324439,-3679500.0,-3211705.8350007785,39.97382534792871,0.00424765072538371,23311.80078125,2,0.008603751165806526
2025-01-15 18:30:00+00:00,23377.25,23391.650390625,23272.05078125,23311.80078125,299400,0.0,0.0,0.004247650725383689,0.009783074560199001,-0.009125846120332404,-0.03625045611122013,-0.0366566527931701,0.004238654922064901,-214.69921875,-876.849609375,261.05078125,0.0070671336468557154,23347.70703125,-0.0015378919202617774,23570.278738839286,-0.01096626647708469,23655.554780505954,-0.014531639711921701,23973.4601171875,-0.027599659486079082,23407.04411422616,-0.004069003010861525,23651.01024871075,-0.01434228237583327,23987.890802551236,-0.028184638110379495,23450.98197544643,23641.347922656423,-0.013939439598982906,-91.71550135672808,38.72658459196364,-244.3278566687004,-200.13518514923953,-44.19267151946087,22.4300272571422,15.806835155431903,-106.66605977064728,-1.4083434370233743,-77.56997274277302,272.1568080357143,0.011674636832629509,0.13623382486296803,0.11183947187857612,0.10914431873455803,0.3131578947368421,261840.0,1.1434463794683734,-3380100.0,-3227743.374524514,41.826512895266234,-0.004658651792672736,23203.19921875,0,0.008364904460587037
2025-01-16 18:30:00+00:00,23277.099609375,23292.099609375,23100.349609375,23203.19921875,272900,0.0,0.0,-0.004658651792672774,0.0011714005011571604,-0.009743327625205356,-0.033391340515939505,-0.03125039243203487,-0.004669537131428157,-228.30078125,-801.55078125,-13.6015625,-0.0014885667649883632,23278.31417410714,-0.003226821100330783,23538.728655133928,-0.014254356779406284,23608.14285714286,-0.017152710437378694,23953.2580859375,-0.03131343821773519,23366.275135130927,-0.006979114789919482,23610.300155077955,-0.017242514227011275,23957.11858357864,-0.031469534293050556,23402.038039434523,23602.706331640566,-0.016926326467697907,-69.1179108712517,39.7981195960179,-248.2724620870249,-209.76264053679662,-38.50982155022828,13.222207134542458,16.57409830019449,-126.78127039091903,-2.2731054883592945,-86.77779286537276,264.685546875,0.011407286744368507,0.1330911608679538,0.11258298215601228,0.11019021280938199,-0.08851035404141616,261930.0,1.0418814186996486,-3653000.0,-3268244.0055221794,42.94000711619931,0.006100485537167474,23344.75,2,0.008389938446075362
2025-01-19 18:30:00+00:00,23290.400390625,23391.099609375,23170.650390625,23344.75,301500,0.0,0.0,0.006100485537167577,0.005667068119750596,0.01121031579848597,-0.011487982633633265,-0.010291467938526755,0.006081952909099664,258.80078125,-271.30078125,487.1015625,0.003758152962136828,23252.34988839286,0.003973796715198309,23517.296456473214,-0.007337002226959317,23579.24051339286,-0.009944786527778943,23930.4720703125,-0.024475993143449316,23361.970108104742,-0.0007370999973485819,23586.15923188905,-0.01023520741616335,23933.104129320654,-0.024583277043441768,23376.17421875,23573.85601737272,-0.009718648370630202,-55.93872316241146,43.49484502879249,-237.24184888671516,-215.25848220678034,-21.983366679934818,25.223637887101507,20.291957426262055,-83.5722909752966,-3.4888279296146374,-74.77636211281371,264.04617745535717,0.011310730569200607,0.12536680571260725,0.10412513992359497,0.10379772826462402,0.10480029314767325,254870.0,1.18295601679287,-3351500.0,-3276173.1478534006,49.59080660247659,-0.01371184567729361,23024.650390625,0,0.008372139856655336
2025-01-20 18:30:00+00:00,23421.650390625,23426.30078125,22976.849609375,23024.650390625,312900,0.0,0.0,-0.013711845677293555,-0.012317812481306034,-0.006532622492676166,-0.028819506946729967,-0.030681810519952446,-0.013806721311582606,-151.400390625,-683.25,-410.201171875,0.0032941192612898707,23194.228515625,-0.0073112207584638935,23465.99288504464,-0.018807748582456065,23552.438151041668,-0.022409049841546985,23906.9780859375,-0.036906701137249226,23294.506164608792,-0.011584524354234698,23535.112973592317,-0.02168940440354215,23897.47849250906,-0.036523857617765915,23310.488076636906,23541.359131730773,-0.021948976616617384,-51.70195443396878,35.79553267505166,-251.43103132793112,-222.49299203101052,-28.938039296920607,3.82452263787681,14.090122553173593,-111.98132047156756,-4.082940290463176,-96.17547736204318,277.57840401785717,0.012055705485581112,0.13038508142887867,0.11022457664354783,0.10566903922773285,0.037810945273631935,261025.0,1.1987357532803327,-3664400.0,-3313147.1337721245,43.76019761303512,0.0056764909144165375,23155.349609375,2,0.007421533360850135
2025-01-21 18:30:00+00:00,23099.150390625,23169.55078125,22981.30078125,23155.349609375,276000,0.0,0.0,0.0056764909144164655,-0.002062198790946601,-0.002492099810536774,-0.022525254474041856,-0.024119572390366995,0.0056604403518015324,-57.849609375,-533.599609375,93.55078125,0.0032356625936144985,23204.14285714286,-0.0021027817346348015,23392.185686383928,-0.010124580925619723,23523.957217261905,-0.015669455801271576,23887.12109375,-0.03063456167459357,23266.674853562035,-0.004784750931867137,23500.589031390744,-0.014690671010610761,23868.375399052824,-0.029873243476222906,23269.068973214286,23511.25387880705,-0.015137613300702958,-31.74579124194327,26.655988562788067,-249.25645275535135,-227.8456841758787,-21.41076857947266,14.63595089960125,14.561370474859856,-107.07998787125406,-1.9507968378894025,-85.36404910031675,256.4677734375,0.0110759620460946,0.13287288794364602,0.110381910335498,0.10583075419867616,-0.11792905081495686,265940.0,1.037828081522144,-3388400.0,-3320314.0734128747,36.63290735976782,0.0021593282262409156,23205.349609375,2,0.008216469238313569
2025-01-22 18:30:00+00:00,23128.30078125,23270.80078125,23090.650390625,23205.349609375,275600,0.0,0.0,0.0021593282262408753,-0.005971380744064558,-0.004566407068844702,-0.013650580860944062,-0.02294084375279093,0.0021570002277194853,-106.451171875,-321.150390625,-48.6015625,-0.0011681459611409823,23208.32840401786,-0.00012835024526552634,23335.08565848214,-0.005559698858871666,23499.085751488095,-0.012499896601061676,23868.4020703125,-0.02777950777702774,23254.40980472463,-0.002109715781290655,23473.749083934767,-0.011434026733439245,23842.37438769291,-0.026718176971782952,23244.15749627976,23486.931279521446,-0.011988865926982511,-13.606073756768287,30.777200514914384,-240.72358973973678,-230.42126528865032,-10.302324451086463,20.528261628633253,12.996245055370437,-76.43501811344106,-2.119760809559949,-79.47173837127691,253.58928571428572,0.010928052797438755,0.13319969021837966,0.11015250035821318,0.10527024115341921,-0.0014492753623188692,270835.0,1.0175937378846862,-3112800.0,-3300550.8283259342,35.85773272338322,-0.004876047658393694,23092.19921875,0,0.008344213773797536
2025-01-23 18:30:00+00:00,23183.900390625,23347.30078125,23050.0,23092.19921875,264300,0.0,0.0,-0.004876047658393667,0.0029337612940478763,-0.004783823082047389,-0.014480540351663351,-0.03028551823950887,-0.00488797436469754,-111.0,-339.30078125,-4.548828125,-0.0009243221546351344,23191.04268973214,-0.0042621400126135805,23297.66768973214,-0.008819272114207704,23467.752418154763,-0.016002947053174874,23852.5770703125,-0.03187822637868571,23221.96768752971,-0.005588177131492126,23439.062732554332,-0.014798523207268056,23812.95575361672,-0.030267411669684073,23211.77263764881,23459.69217593922,-0.015664866974090735,-5.035734953093311,35.47885161343822,-240.32125141849974,-232.4012625146202,-7.919988903879528,14.095394933096536,16.419869153777015,-75.51628103002365,-2.519107092887186,-85.90460506678127,236.39299665178572,0.010236920027081407,0.13304409515260973,0.1128162717206922,0.10876571784122226,-0.04100145137880984,275210.0,0.9603575451473386,-3377100.0,-3307841.225628226,36.04766121268619,-0.011391241935562993,22829.150390625,0,0.008865481608687774
2025-01-26 18:30:00+00:00,22940.150390625,23007.44921875,22786.900390625,22829.150390625,257400,0.0,0.0,-0.011391241935562957,-0.014087423608492244,-0.022086319595412296,-0.011123598414417013,-0.034500039607840205,-0.011456619090824587,-515.599609375,-256.798828125,-404.599609375,-0.006584423886380448,23122.092633928572,-0.012669365525925898,23234.899832589286,-0.017462930543611137,23420.883370535714,-0.025265186225004184,23837.9790625,-0.042320226443271144,23143.404228148767,-0.013578548532697464,23383.6161560153,-0.023711720278458494,23774.375151146458,-0.039758132632808106,23149.303664434523,23414.190267159305,-0.02498655173887674,-33.434396039718386,27.75263653389821,-258.2512774683164,-237.57126550535946,-20.68001196295694,4.378468750374976,13.000708437368255,-131.56702945577965,-2.964102647546258,-95.6215312495214,245.40373883928572,0.010749578264640644,0.13628387882087895,0.11110742436168634,0.1066998521500663,-0.026106696935300766,269835.0,0.9539162821724352,-3634500.0,-3338951.5850922046,36.17929979065159,0.0056112298172780566,22957.25,2,0.004758336390539701
2025-01-27 18:30:00+00:00,22960.44921875,23137.94921875,22857.650390625,22957.25,361900,0.0,0.0,0.005611229817278129,-0.010691483367040844,-0.0029273143991990214,-0.009440813851987917,-0.02907830721903215,0.005595545512054291,-67.400390625,-218.80078125,448.19921875,0.00575136725976948,23086.95703125,-0.005618195203223438,23182.635602678572,-0.00972217337758271,23388.138113839286,-0.018423361096208922,23826.470078125,-0.03648127797675707,23106.173382519017,-0.006445177228336663,23344.855596377547,-0.016603469435796197,23742.331027572087,-0.033066720645935535,23112.283686755953,23379.82550665431,-0.01807436529130721,-43.93668454854639,32.44569190089351,-259.13721191653894,-241.88445478759536,-17.252757128943585,18.873219931124154,12.44902787153189,-95.40870864221151,-2.023984806777115,-81.12678006876506,249.19656808035714,0.010854809181428362,0.13865794624494301,0.11220363724187758,0.10856366054283144,0.4059829059829059,278250.0,1.3006289308176053,-3272600.0,-3332632.3865119945,44.33934483240353,0.008966649288351175,23163.099609375,2,0.006791529156057185
2025-01-28 18:30:00+00:00,23026.75,23183.349609375,22976.5,23163.099609375,226300,0.0,0.0,0.008966649288351114,0.0030703178139668275,0.0003346958750674034,-0.002158238030996351,-0.02441996435612126,0.008926687592645893,7.75,-50.099609375,75.150390625,0.0030273660826099368,23061.006975446428,0.004427067475295783,23156.67843191964,0.0002772926814282372,23365.19996279762,-0.008649630807542694,23820.6560546875,-0.027604464117312887,23117.558627890216,0.0019699736558617164,23328.33232483186,-0.007082920165749273,23719.616069995733,-0.02346228787929995,23109.67888764881,23359.837561165386,-0.00842205992551273,-36.26469117826421,41.45945811934919,-240.45713802222235,-241.59899143452077,1.141853412298417,46.46160080656931,23.23776316268948,-61.73943602766403,0.33418764762046893,-53.53839919330719,252.02873883928572,0.010880613695468852,0.14224094641952922,0.11138855901968128,0.10705064059194028,-0.3746891406465874,281820.0,0.8029948193882592,-3046300.0,-3305362.635415614,50.570377281317356,0.0037300875997627893,23249.5,2,0.008732562625939749
2025-01-29 18:30:00+00:00,23169.5,23322.05078125,23139.19921875,23249.5,361900,0.0,0.0,0.003730087599762788,0.0184128450766885,0.001902595365646409,-0.0026724997281252216,-0.03882607650524372,0.003723148074350194,44.150390625,-62.30078125,36.400390625,0.0002763184000818802,23093.128348214286,0.006771349876371284,23143.67843191964,0.004572374628849214,23341.70470610119,-0.003950213031231,23815.2760546875,-0.02375685477624836,23143.946902312175,0.004560721562892785,23321.165749847143,-0.0030729917456038757,23701.180145682178,-0.019057285034156605,23122.05509672619,23317.575051100463,-0.002919473871158266,-15.377748840728623,45.70532354759925,-216.18916135406107,-236.51702541842886,20.327864064367787,72.34897196764229,45.89459756844525,-24.1316608980271,0.3169186132842748,-27.651028032201317,247.07170758928572,0.01062696864832685,0.12294057143736324,0.10443179777603824,0.10350276491709336,0.5992045956694654,285755.0,1.2664695280922424,-2684400.0,-3246223.336804603,58.2734630842791,0.011135740150325814,23508.400390625,2,0.009262318226728308
2025-01-30 18:30:00+00:00,23296.75,23546.80078125,23277.400390625,23508.400390625,304900,0.0,0.0,0.011135740150325812,0.024007683438783012,0.018023453198734662,0.013153409105256975,-0.020677141373061536,0.011074194280356322,416.201171875,305.201171875,372.05078125,0.0020323017699304486,23143.56417410714,0.015764046271058766,23173.853515625,0.01443639379071836,23309.311848958332,0.008541159128022752,23818.4460546875,-0.013017039959307974,23216.837599974744,0.012558247409654126,23338.18708082695,0.0072933389902371465,23693.62015528778,-0.007817284292093933,23170.684691220238,23283.7681508619,0.00964758961297148,13.994633836687518,60.39367119830997,-174.05907256015416,-224.02543484677392,49.966362286619756,94.9466547063667,71.25240916019277,54.399542359429994,1.2716953363177292,-5.0533452935017,240.86104910714286,0.010245743866230322,0.12933898208557376,0.10548484724631273,0.1045416017485249,-0.15750207239568936,285385.0,1.0683813094591479,-2379500.0,-3163678.257108927,65.99243841413099,-0.0011166221250199708,23482.150390625,1,0.008733489158207734
2025-01-31 18:30:00+00:00,23528.599609375,23632.44921875,23318.30078125,23482.150390625,281000,0.0,0.0,-0.0011166221250199504,0.013774097017692277,0.02860378020323351,0.005885708376615728,-0.005669889172634668,-0.001117246011978889,653.0,137.400390625,236.798828125,0.000859234078642563,23183.10714285714,0.012899187581936483,23195.7177734375,0.012348512772279675,23284.42615327381,0.008491694665336733,23809.9440625,-0.01376709122098489,23269.9001581048,0.009121235204194268,23351.27465444495,0.005604650629002429,23685.32722334022,-0.008578172925345753,23211.79094122024,23270.474400539126,0.009096333252276156,48.150896984904264,57.7753390726983,-141.1616061539862,-207.4526691082164,66.2910629542302,82.22470150433429,83.17344272611443,77.67746783906355,0.7307441024118875,-17.775298495547453,250.51450892857142,0.010668295056511349,0.11628279526138535,0.09809271527867074,0.1020131179012218,-0.0783863561823549,285530.0,0.984134766924663,-2660500.0,-3115756.518336648,65.76656393071201,-0.0051570919766934014,23361.05078125,0,0.008779715646367836
2025-02-02 18:30:00+00:00,23319.349609375,23381.599609375,23222.0,23361.05078125,329700,0.0,0.0,-0.005157091976693451,0.004797986247015995,0.017589248766729515,0.01461044510634446,-0.014630127664622572,-0.005170435671733403,403.80078125,336.400390625,-249.19921875,-0.006932958802401229,23221.514508928572,0.006008922125547428,23206.27859933036,0.0066694098003331195,23272.283296130954,0.0038143006420775128,23792.7270703125,-0.018143203500245578,23288.13028273384,0.0031312302718531576,23352.16339324541,0.00038058092755383034,23672.610500120994,-0.013161189758492786,23233.835342261904,23253.271050910596,0.004635035221643723,49.406197384583756,53.60200379863017,-123.43892631406925,-190.649920549387,67.21099423531774,67.902688943168,81.691348384623,29.255450829074636,0.6803008542564974,-32.097311056713735,258.58231026785717,0.011068950309178255,0.11643648317840523,0.09815910055460121,0.1020587922848419,0.17330960854092536,288900.0,1.1412253374870158,-2990200.0,-3103798.754685539,58.59256822678128,0.016189306820631095,23739.25,2,0.009236071974171636
2025-02-03 18:30:00+00:00,23509.900390625,23762.75,23423.150390625,23739.25,376700,0.0,0.0,0.016189306820631133,0.009819877385917719,0.024873630919059364,0.02521665189579325,0.0021233859208151795,0.016059657410686868,576.150390625,583.900390625,172.349609375,0.006371700090411301,23351.528738839286,0.01660367787894855,23236.810686383928,0.021622559153974825,23273.77613467262,0.01999992878826018,23783.6220703125,-0.0018656565506010464,23378.354226187075,0.015437176215281005,23387.353084768554,0.015046461818742972,23675.22381384174,0.002704353997313547,23304.898195684524,23260.369505446266,0.02058782834217602,78.73344117311649,59.16506275729624,-77.97718618235012,-168.1153736759796,90.13818749362949,97.59184204459262,82.57307749736498,171.75345014742314,1.689887447927192,-2.408157955304907,274.52859933035717,0.01156433330161423,0.13097400133371032,0.10022179139261048,0.10272943788663,0.1425538368213528,294415.0,1.2794864392099545,-2613500.0,-3057103.635191678,59.407508419639356,-0.0018092070621439178,23696.30078125,0,0.004839915052332636
2025-02-04 18:30:00+00:00,23801.75,23807.30078125,23680.44921875,23696.30078125,267000,0.0,0.0,-0.001809207062143936,0.009119709526709263,0.019217651186046902,0.021156809965778622,0.007217426359636958,-0.0018108456539069108,446.80078125,490.951171875,-129.349609375,0.002632770622492175,23457.107421875,0.010197052649037591,23272.0322265625,0.0182308339279122,23274.12620907738,0.018139223289420144,23772.050078125,-0.0031864856680872615,23441.94353719966,0.01085051858634054,23415.439238994142,0.01199471593888028,23676.050361583246,0.0008553124088471969,23366.163541666665,23267.283621018953,0.01843864402991452,101.29742738671142,60.879015188223164,-44.89653331638692,-143.47160560406107,98.57507228767415,89.12191713951587,84.87214937575884,194.60976564337128,2.9170926777609107,-10.878082860386128,268.4857700892857,0.011330281994973544,0.12860187966662578,0.099450369400794,0.10215627363682438,-0.2912131669763738,294305.0,0.907222099522601,-2880500.0,-3040284.2413638993,65.89087298897796,-0.003922602634608217,23603.349609375,0,0.004978467544879896
2025-02-05 18:30:00+00:00,23761.94921875,23773.55078125,23556.25,23603.349609375,307000,0.0,0.0,-0.003922602634608197,0.010371914790728187,0.0040389485108422996,0.022135197509034255,0.007334127536649415,-0.003930316218479903,94.94921875,511.150390625,-351.8515625,0.0027704086855591566,23520.00027901786,0.003543764003756986,23290.50362723214,0.013432340800782592,23277.785714285714,0.013986033684014531,23765.8340625,-0.0068368925196433524,23474.224751634727,0.005500708079029333,23432.521999937857,0.007290193067463624,23673.19935169273,-0.0029505831163767556,23410.339192708332,23278.43103841063,0.013957923986725095,103.23436183512985,55.83036317372398,-25.881909786741744,-119.95366644059722,94.07175665385547,80.01263290864881,88.90879736425244,145.43810189665663,1.934758090711777,-19.987367091253176,268.26088169642856,0.011365373395556825,0.12854981256554798,0.09873507215011239,0.10074197277448828,0.14981273408239693,296605.0,1.0350466108123564,-3187500.0,-3054304.789805433,58.55831038672747,-0.0018387386257991884,23559.94921875,0,0.005448720678558181
2025-02-06 18:30:00+00:00,23649.5,23694.5,23443.19921875,23559.94921875,368100,0.0,0.0,-0.0018387386257991967,-0.007552925271438693,0.003313104925691146,0.032011652454009276,0.020531969273112072,-0.0018404311807618838,77.798828125,730.798828125,-17.150390625,0.001955247513118545,23564.350167410714,-0.00018676299704627764,23328.7392578125,0.009910949682377747,23283.90234375,0.011855696305739155,23754.4110546875,-0.008186346337520333,23491.369645057785,0.0029193518610627555,23444.106292557142,0.004941238738097246,23668.7581700087,-0.004597155054656372,23446.26527157738,23302.48166954906,0.011048932592333301,76.17169085777043,63.78926756183419,-14.151601603549352,-98.79325347318765,84.6416518696383,75.75936222944274,81.63130409253581,100.29591466981057,1.5280942340628467,-24.240637770459262,254.10728236607142,0.010785561547977843,0.11592708904383858,0.09765539566645806,0.0994677431336078,0.1990228013029316,299185.0,1.230342430268893,-3555600.0,-3102047.190776344,57.713452217988916,-0.007570033692307871,23381.599609375,0,0.005204414923153386
2025-02-09 18:30:00+00:00,23543.80078125,23568.599609375,23316.30078125,23381.599609375,234200,0.0,0.0,-0.007570033692307909,-0.013280603364218435,0.0008796191711331058,0.018484339778283454,0.008869018715272015,-0.0075988318246352615,20.548828125,424.349609375,-57.25,-0.000685419028286687,23546.235770089286,-0.006992037382188115,23344.899972098214,0.0015720623057133682,23297.980933779763,0.0035890953740971747,23736.52203125,-0.014952587468699728,23469.41563792123,-0.0037417219883538397,23438.42386681331,-0.002424406084692698,23657.49704998385,-0.011662156821827684,23453.31331845238,23313.06291706478,0.002939840747396969,37.94640414102333,55.688536890633976,-19.027236662546784,-82.84005011105948,63.8128134485127,58.280967374499056,71.35098750419687,42.86594387843204,1.2532387577446724,-41.71903262540294,258.6821986607143,0.011063494499195126,0.11927676613893821,0.09959178010982579,0.10095364031145447,-0.3637598478674273,295335.0,0.7929977821795562,-3789800.0,-3167547.458321454,58.235587612782545,-0.013249684936046216,23071.80078125,0,0.005766354773709284
2025-02-10 18:30:00+00:00,23383.55078125,23390.05078125,22986.650390625,23071.80078125,268000,0.0,0.0,-0.013249684936046169,-0.0225200590984711,-0.02811585112208681,-0.003941563506813517,-0.006091294705547923,-0.013338245144624153,-667.44921875,-91.298828125,-687.998046875,8.344903289754315e-05,23487.614397321428,-0.01770352701800273,23335.360770089286,-0.011294446716979833,23293.016648065477,-0.009497089628098468,23708.8150390625,-0.02686824528188919,23389.892666586984,-0.013599544464407576,23405.094495398465,-0.014240220829442837,23634.528568857033,-0.023809562605302377,23416.900093005952,23309.345384123666,-0.010190959847180046,-9.521596168879537,47.03019879140803,-47.34364088498114,-75.74076826584381,28.39712738086267,27.92045095653266,53.98692685349149,-54.25089920452098,1.0628971576823811,-72.07954904336934,274.62862723214283,0.011903215957694824,0.12868379454038265,0.10541025597385334,0.10478986716625217,0.14432109308283514,297335.0,0.9013402391242171,-4057800.0,-3252333.4146717917,51.84260359885215,-0.0011507892904301298,23045.25,1,0.002089279570929513
2025-02-11 18:30:00+00:00,23050.80078125,23144.69921875,22798.349609375,23045.25,279700,0.0,0.0,-0.0011507892904301098,-0.02184636367299042,-0.027474785505978705,-0.0087851351641971,-0.01143415662098446,-0.001151451956867338,-651.05078125,-204.25,16.3984375,-0.0009102020340373855,23442.5,-0.016945718246773298,23332.007254464286,-0.012290295101352952,23285.019066220237,-0.010297138496573589,23680.3710546875,-0.026820570219137363,23320.964133269586,-0.011822587252138604,23372.38135945315,-0.013996492459285687,23611.419605372444,-0.023978634696051764,23378.218656994046,23293.763820075674,-0.010668684631441229,-50.96909195510139,48.91414136819577,-71.10734023719851,-74.81408266011475,3.7067424229162356,25.31845457414089,37.173290968390866,-96.82862741357846,0.3833211730498913,-74.68154542576112,278.13211495535717,0.012068956290573767,0.12758990831428896,0.10965870383074115,0.11084025657991457,0.04365671641791047,296350.0,0.9438164332714664,-4337500.0,-3355682.613274478,51.67957707003243,-0.0006009745771905274,23031.400390625,1,0.002103153376866219
2025-02-12 18:30:00+00:00,23055.75,23235.5,22992.19921875,23031.400390625,265700,0.0,0.0,-0.0006009745771905495,-0.01497755605264861,-0.02423169711992179,-0.02029061918607722,-0.007404100895973542,-0.0006011552347958088,-571.94921875,-477.0,79.1015625,0.000455625345787073,23341.37862723214,-0.013280202577472424,23346.453683035714,-0.01349469588349635,23271.666666666668,-0.010324412062235517,23646.8310546875,-0.026025925530536467,23263.05138474067,-0.009957893755400033,23341.38308955968,-0.013280391215262581,23588.673753813724,-0.023624616161330506,23338.137741815477,23288.844487560546,-0.011054395467024787,-71.32730954522631,55.287171338421146,-90.02009528965573,-77.85528518602294,-12.164810103632789,23.098321082939574,25.44574220453771,-63.047555561036184,-0.5685733816759592,-76.90167891696132,273.7036830357143,0.011883935774357614,0.12666402975667101,0.11053518438979373,0.11223587879509879,-0.05005362888809439,295990.0,0.8976654616709994,-4603200.0,-3474493.792962623,57.75805462483608,-0.004435266153706425,22929.25,0,0.0020947814868607036
2025-02-13 18:30:00+00:00,23096.44921875,23133.69921875,22774.849609375,22929.25,254500,0.0,0.0,-0.004435266153706374,-0.006178571954636891,-0.02676997360622757,-0.023545560411951882,-0.017798434337484847,-0.00444513112662715,-630.69921875,-552.900390625,-58.75,0.0028243540132920227,23231.799944196428,-0.013023095279881445,23344.453683035714,-0.017785967008404322,23258.62146577381,-0.014161263437666808,23611.8600390625,-0.028909625837743768,23196.29110779254,-0.011512232992403566,23303.916445054252,-0.01607740252320338,23562.813998762205,-0.026888299453344606,23282.51058407738,23273.300347599135,-0.01478304935099644,-93.39666192049738,49.25796333258825,-111.96065994996025,-84.67636013881041,-27.284299811149836,14.954740217345977,21.123838624808815,-97.4728994789658,-1.3774489773973042,-85.04525978255717,277.2787388392857,0.012092795832365805,0.12506835183547418,0.11367169040613825,0.11550446306430956,-0.04215280391418896,293640.0,0.8667075330336437,-4857700.0,-3606227.717442373,50.610052215940804,0.001319275597762683,22959.5,1,0.002375509955652166
2025-02-16 18:30:00+00:00,22809.900390625,22974.19921875,22725.44921875,22959.5,207400,0.0,0.0,0.0013192755977626813,-0.0037209403239278904,-0.0180526403850384,-0.01718890066247758,-0.002829593045700629,0.001318406118349223,-422.099609375,-401.55078125,208.599609375,-0.005205124867799635,23139.821428571428,-0.007792688855790888,23329.91085379464,-0.015877079690357135,23240.276227678572,-0.012081449675032826,23578.6700390625,-0.02625975248123423,23148.932886234034,-0.008183223268433047,23272.60585914023,-0.013453837573468132,23539.154626261727,-0.024625125050795314,23231.183426339285,23266.4772866347,-0.013193973580651564,-115.15655249025038,44.050620774155234,-125.46155066729261,-92.83339824450685,-32.62815242278576,21.634278616645584,19.895779972310375,-106.84583054885879,-2.33491169753887,-78.36572138326197,278.89662388392856,0.01214733003261902,0.11561917337340145,0.10841759476545497,0.11374591503629175,-0.1850687622789784,288365.0,0.7192273680925192,-4650300.0,-3705663.1729240515,45.409783918023706,-0.0006184463402948671,22945.30078125,1,0.004404727672469404
2025-02-17 18:30:00+00:00,22963.650390625,22992.5,22801.5,22945.30078125,210600,0.0,0.0,-0.0006184463402948426,-0.003738357542950266,-0.005482883681225403,-0.03344457886201124,-0.009071287269182826,-0.0006186376571162799,-126.5,-793.94921875,295.599609375,0.00018077007883446152,23052.014508928572,-0.004629258221108406,23308.18233816964,-0.015568848383572509,23236.49767485119,-0.012531875400325068,23545.3750390625,-0.025485865347947615,23108.20646523723,-0.007049689651695295,23242.8508520593,-0.01280178893300101,23515.866240182837,-0.024262999844668977,23179.902083333334,23261.38354973598,-0.013588304745938192,-104.35415350166078,40.71939993958895,-135.742111549338,-101.41514090547308,-34.326970643864925,20.32178628940112,18.970268374464226,-93.056657887525,-2.2862029262418346,-79.67821371050645,279.47865513392856,0.012180213186060973,0.11357711007612162,0.10848109343333964,0.11394234056683125,0.015429122468659573,285095.0,0.7387011347094803,-4860900.0,-3815685.727883666,43.28954788488607,-0.0005404326900405295,22932.900390625,1,0.004467477507263072
2025-02-18 18:30:00+00:00,22847.25,23049.94921875,22814.849609375,22932.900390625,207000,0.0,0.0,-0.0005404326900405598,0.00015920235616073697,-0.004875174249574177,-0.03221601538874164,-0.011740793538397298,-0.0005405787764224007,-112.349609375,-763.400390625,14.150390625,-0.004273240180408486,22987.914620535714,-0.00239318053937636,23267.0751953125,-0.014362561769465985,23225.904854910714,-0.012615416540972802,23511.19703125,-0.02459664813562371,23073.145250314785,-0.006078272301773221,23214.673537383453,-0.012137717392609063,23493.004834317824,-0.02384132841426133,23129.86449032738,23252.845403208747,-0.013759391895306818,-86.79179817971547,29.33421984293868,-143.23896834097468,-109.77990639257341,-33.45906194840127,19.175567061660388,20.377210655902363,-79.95293073261219,-1.8327531352683109,-80.82443293824718,275.0357142857143,0.011993062787563374,0.11316392399064239,0.10941346913850464,0.11510945133928777,-0.017094017094017144,281665.0,0.7349155912165135,-5067900.0,-3934944.229989983,41.7744827420365,-0.0008612081186239236,22913.150390625,1,0.004541728849032765
2025-02-19 18:30:00+00:00,22821.099609375,22923.849609375,22812.75,22913.150390625,240800,0.0,0.0,-0.0008612081186238907,-0.002018755172150999,-0.005134294832029984,-0.02924157927465776,-0.007753649898344039,-0.0008615791713867465,-118.25,-690.19921875,-5.900390625,-0.00487512610030345,22965.25027901786,-0.0022686401306262864,23226.43233816964,-0.013488164819432444,23211.99060639881,-0.012874389828997067,23478.4860546875,-0.024078880671677936,23041.14627837683,-0.005555100697049201,23187.262342223592,-0.011821660856418878,23470.265444369088,-0.023737058068839422,23082.674516369047,23241.205686458667,-0.014115244288930833,-67.03019780332293,29.471800219550644,-149.05571974934355,-117.63506906392745,-31.420650685416106,17.349993139638922,18.949115496900145,-85.18932440156988,-3.479889252503618,-82.65000686026865,261.1787109375,0.011398638183091175,0.11202759924925138,0.1064527243418717,0.11118340942989027,0.16328502415458934,280490.0,0.8584976291489862,-5308700.0,-4065778.11284808,34.8556221557964,-0.005117148798882465,22795.900390625,0,0.007831291763217915
2025-02-20 18:30:00+00:00,22857.19921875,22921.0,22720.30078125,22795.900390625,242800,0.0,0.0,-0.005117148798882476,-0.006511154159595245,-0.005815698698169336,-0.032429986203745154,-0.0014564711971783995,-0.005130286241460248,-133.349609375,-764.048828125,-15.099609375,-0.0024418803578354804,22929.62890625,-0.005832127339337069,23186.064453125,-0.016827524278161712,23197.88113839286,-0.017328338970689736,23439.038046875,-0.027438739378458386,22992.097100826468,-0.00853322380038169,23151.683982987353,-0.015367503833577718,23443.819755986966,-0.027637107438367666,23025.27025669643,23239.467789308615,-0.019086813979778867,-48.293889409129356,29.553892050253964,-161.26763928866785,-126.36158310887554,-34.906056179792316,6.954885867058919,14.493482022786077,-101.63484451595032,-3.799750851143041,-93.04511413284908,256.9321986607143,0.011270982688026154,0.10588283322698835,0.10612279321784686,0.11110325426103533,0.008305647840531671,279760.0,0.8678867600800656,-5551500.0,-4207275.435433977,35.72069923316616,-0.010640105330068515,22553.349609375,0,0.00839966489921374
2025-02-23 18:30:00+00:00,22609.349609375,22668.05078125,22518.80078125,22553.349609375,214300,0.0,0.0,-0.010640105330068539,-0.016550491860382377,-0.01768986217578783,-0.03542315384050576,-0.01759358767382857,-0.010697116011174177,-406.150390625,-828.25,-272.80078125,-0.008183523267486831,22861.3359375,-0.01347193046666136,23101.357282366072,-0.023721882064884504,23184.74776785714,-0.02723334171258363,23396.7400390625,-0.036047347975801974,22904.347602536174,-0.015324513898064194,23097.28994902259,-0.0235499636904625,23408.899358080613,-0.036548055319407635,22940.90827752976,23230.48066192566,-0.029148387517458307,-47.17849062980328,2.4269889697717133,-188.3463549329972,-138.75853747369987,-49.58781745929733,2.681321546369669,8.995400184355837,-145.8000652837946,-4.448521152196579,-97.31867845355272,248.0322265625,0.010997578224894217,0.10998929528743531,0.10385212803751062,0.10794967498740651,-0.11738056013179576,272380.0,0.7867684852044908,-5765800.0,-4355706.346345027,26.694446231535565,-0.0002571160481895575,22547.55078125,1,0.008109249616192742
2025-02-24 18:30:00+00:00,22516.44921875,22625.30078125,22513.900390625,22547.55078125,250300,0.0,0.0,-0.00025711604818956513,-0.015955885731216868,-0.01733470412055027,-0.022722543635434245,-0.026574544793472432,-0.00025714910818764225,-397.75,-524.25,8.400390625,-0.0016361379247036357,22806.807477678572,-0.011367513698806824,23019.3037109375,-0.0204937966678518,23165.23828125,-0.026664413829920804,23360.9710546875,-0.034819625927931946,22832.988238278944,-0.012501099464081638,23047.313661043263,-0.021684213923724546,23375.120982518627,-0.03540388954082848,22867.067410714284,23204.99244385449,-0.02833190591184945,-58.20771516550344,2.501550547831286,-207.87806026051112,-152.58244203106213,-55.29561822944899,2.67140715196992,4.102538188466169,-131.9047619196795,-4.297116382128055,-97.32859284795069,246.92857142857142,0.010951458711599856,0.10375088951167634,0.10262040996639452,0.10705585749707737,0.16798880074661682,273580.0,0.9149060603845277,-6016100.0,-4513839.075264548,19.18167071495273,-0.00011087678764998901,22545.05078125,1,0.010802527109448018
2025-02-26 18:30:00+00:00,22568.94921875,22613.30078125,22508.400390625,22545.05078125,289200,0.0,0.0,-0.00011087678764998277,-0.011004154478502781,-0.01691236619741099,-0.02170508971480023,-0.03029954273210178,-0.00011088293493540093,-387.849609375,-500.19921875,9.900390625,0.0009490360042915826,22747.600446428572,-0.00890422115754914,22943.7109375,-0.017375574393172753,23135.80738467262,-0.025534298137957646,23327.895078125,-0.03355829123258758,22775.400746873158,-0.010113980789329145,23001.653399243874,-0.01985086072155423,23342.569209919857,-0.034165837594728105,22803.833686755952,23168.06597684877,-0.02689111798202348,-64.2945733297488,2.703792606783253,-221.0111278503282,-166.26817919491535,-54.742948655412846,3.089992639343466,2.814240445894352,-117.37941178725771,-3.577808371115656,-96.91000736057222,238.89997209821428,0.010596559502846149,0.1021520081653349,0.1017233587608506,0.10610939628201879,0.15541350379544538,269945.0,1.0713293448665429,-6305300.0,-4684454.401429829,19.355587584612877,-0.01864495966669514,22124.69921875,0,0.011933285936013564
2025-02-27 18:30:00+00:00,22433.400390625,22450.349609375,22104.849609375,22124.69921875,551300,0.0,0.0,-0.018644959666695105,-0.01900606331428567,-0.034410421894564,-0.03936804347529277,-0.058859860683111886,-0.01882096814125905,-788.451171875,-906.701171875,-400.6015625,-0.0049523237586961266,22630.371651785714,-0.02234485764602058,22841.19308035714,-0.03136849546722132,23082.245442708332,-0.04148410198370796,23291.355078125,-0.05008965152356732,22645.26044124853,-0.022987645642189265,22921.930291926248,-0.034780276487317505,23294.809602423,-0.05023051931496539,22694.632124255953,23061.215052014595,-0.04060999523018376,-90.1464909402516,2.022396790888635,-262.31424131414315,-185.47739161876092,-76.83684969538223,1.3560792058060762,2.3724929990398205,-162.87169247898586,-4.105017945845171,-98.6439207941256,252.39285714285714,0.011407741847579585,0.10776854525507572,0.10411053988884265,0.10678939717807447,0.9062932226832643,282265.0,1.9531291516836946,-6856600.0,-4891325.410817465,18.53798617265788,-0.00024400049223833022,22119.30078125,1,0.006080936334361147
2025-03-02 18:30:00+00:00,22194.55078125,22261.55078125,22004.69921875,22119.30078125,282400,0.0,0.0,-0.00024400049223838316,-0.01899319372444308,-0.02968075828464567,-0.03532384263549837,-0.058037683376693794,-0.0002440302652016664,-676.599609375,-809.94921875,111.8515625,0.003157175689005516,22514.143136160714,-0.01753752530232993,22751.028878348214,-0.0277670122294729,23016.097842261905,-0.038963905487279286,23261.99109375,-0.04912263562885493,22540.068509248827,-0.01866754432561533,22848.96397277386,-0.03193419151928613,23248.711217278964,-0.04857948578196937,22598.379817708334,22993.846938936214,-0.03803392098802221,-111.68081858915653,2.2868178710558453,-292.11553899873616,-206.80502109475597,-85.31051790398018,8.272381220916063,4.239484355355201,-162.73060620970813,-4.017961266421322,-91.72761877901175,252.71805245535714,0.011425227901849806,0.10801575269183425,0.10313674904194821,0.10529513327645262,-0.4877562125884274,282335.0,1.0002302229620805,-7139000.0,-5105389.657406278,18.372399689729505,-0.0016569416451024373,22082.650390625,0,0.006914254621031498
2025-03-03 18:30:00+00:00,21974.44921875,22105.05078125,21964.599609375,22082.650390625,253300,0.0,0.0,-0.0016569416451024388,-0.020510062058035516,-0.020870479414478615,-0.03819114568588167,-0.054723582538978355,-0.001658315891150207,-470.69921875,-876.849609375,205.900390625,-0.006548650155468777,22395.50027901786,-0.013969319037090274,22680.37527901786,-0.02635427681594852,22949.454985119046,-0.037770160339583844,23228.5751171875,-0.04933254497020565,22448.584885524062,-0.016301005019475324,22779.299101669418,-0.030582534955754283,23202.983341723906,-0.04828400445748976,22509.262686011905,22931.565570039613,-0.03701950382854341,-122.28723430756787,2.8819119460894456,-315.058859924,-228.45578886060477,-86.60307106339522,9.288751669346205,6.305737365356115,-156.88773458350528,-4.119376086163438,-90.71124833057512,234.95382254464286,0.010639747421096692,0.1077870757064181,0.10299821950014874,0.10462114844224803,-0.1030453257790368,278515.0,0.90946627650216,-7392300.0,-5323190.642415203,18.506311436336418,0.01153169506922546,22337.30078125,2,0.006490829259077037
2025-03-04 18:30:00+00:00,22073.05078125,22394.900390625,22067.80078125,22337.30078125,305900,0.0,0.0,0.011531695069225467,0.00960924080359149,-0.009324737841364117,-0.02649780039043259,-0.059056171477616215,0.01146571185468711,-210.25,-608.0,260.44921875,-0.00043471273625175885,22329.98604910714,0.00032757441615826054,22629.807477678572,-0.012925726244780483,22900.704985119046,-0.024602046279148315,23200.768125,-0.03721718777144847,22426.32806466925,-0.003969766390758453,22739.117436176744,-0.017670723415476867,23169.03500601905,-0.035898526829146724,22463.519419642857,22845.938450749305,-0.022263811600289084,-106.70266465457475,22.29703702773456,-309.1299906284221,-244.59062921416825,-64.53936141425385,29.32575791336572,15.62896360120933,-106.64586930533336,-2.581633584831489,-70.6742420865556,233.57882254464286,0.010456895612951551,0.09770751032354506,0.10320308205156113,0.10379577559125053,0.20765890248716934,274975.0,1.1124647695244982,-7086400.0,-5491115.343137564,26.41375689012729,0.009284847776867064,22544.69921875,2,0.005003252939998746
2025-03-05 18:30:00+00:00,22476.349609375,22556.44921875,22245.849609375,22544.69921875,372100,0.0,0.0,0.009284847776867,0.01923200202877129,-1.559377725124378e-05,-0.016927696246990975,-0.04859836871294354,0.00924200854408832,-0.3515625,-388.201171875,209.8984375,0.006224961085795639,22328.75027901786,0.009671340179528858,22595.043108258928,-0.002228094421759418,22843.821614583332,-0.013094236195679336,23176.658125,-0.02726704181601999,22450.0022954854,0.004218125326590259,22721.443052774313,-0.007778723983938379,23144.551249655557,-0.025917634973132514,22452.171651785713,22777.56318882917,-0.010223392561736445,-71.27848799641069,33.460152262045455,-284.4174115150381,-252.55598567434225,-31.86142584069586,49.61934849029885,29.411286024336928,-65.46864048292386,-1.8066629554214244,-50.38065150961562,238.38588169642858,0.010573921584997549,0.10702390821060911,0.10674671533040893,0.10888540198122108,0.2164105916966328,280230.0,1.3278378474824204,-6714300.0,-5607609.119981606,28.28073107055765,0.0003460139864501824,22552.5,1,0.0024075128187454574
2025-03-06 18:30:00+00:00,22508.650390625,22633.80078125,22464.75,22552.5,289800,0.0,0.0,0.00034601398645017767,0.021276866728572985,0.01933589139541625,-0.015739886679771553,-0.04452120681030858,0.00034595413741610534,427.80078125,-360.650390625,428.15234375,-0.0015989935272685862,22329.45731026786,0.009988719682388722,22568.132393973214,-0.0006926755701498668,22789.354910714286,-0.010393225768883867,23151.4401171875,-0.025870533934639513,22470.50183638832,0.0036491469664860386,22706.08459343119,-0.006764028064777662,23121.333553590634,-0.02460210836335051,22446.499237351192,22718.15091639643,-0.007291566862374626,-31.616201069400052,36.319393813513884,-261.19219562545914,-254.28322766456563,-6.908967960893506,54.16691410272876,44.370673502131105,-39.207229392154034,-1.7119007721657948,-45.83308589717911,224.82882254464286,0.009969130807876416,0.10732562786681585,0.10614660554158215,0.10898978516260749,-0.22117710292932002,279370.0,1.037334001503379,-6424500.0,-5685408.251411929,35.46998743212038,-0.004088203913091675,22460.30078125,0,0.0037320930449744683
2025-03-09 18:30:00+00:00,22521.849609375,22676.75,22429.05078125,22460.30078125,293900,0.0,0.0,-0.004088203913091726,0.005506484476550888,0.015416400517011652,-0.014721928224998626,-0.04667448249951467,-0.004096583464717347,341.0,-335.599609375,-86.80078125,-0.0013590684236780243,22317.350167410714,0.006405357838943884,22532.47530691964,-0.0032031334634359306,22734.924014136905,-0.012079355651953259,23127.748125,-0.028859158277864956,22468.46162536066,-0.00036321330079165393,22683.74061050563,-0.009850219727523082,23095.410699773354,-0.02749939920009993,22432.121688988096,22651.095682495055,-0.008423208480484003,-1.3696864476454251,32.65342411426647,-247.3741756051313,-252.90141725267878,5.52724164754747,45.672027482461935,49.81943002516318,-37.79896410193838,-2.060793014947986,-54.327972517445936,224.75376674107142,0.010006712239966405,0.10750741294724309,0.10629506886188952,0.10934395019447277,0.014147688060731634,275660.0,1.0661684684031014,-6718400.0,-5783788.417944127,34.732291073632254,0.0016740474556061328,22497.900390625,2,0.0069562200546542325
2025-03-10 18:30:00+00:00,22345.94921875,22522.099609375,22314.69921875,22497.900390625,347900,0.0,0.0,0.0016740474556060647,-0.0020758240183607057,0.018804355122892913,-0.002458580198080651,-0.037794643374000625,0.0016726478000064651,415.25,-55.44921875,74.25,-0.005091274761353877,22370.664620535714,0.005687616896839143,22500.518136160714,-0.00011634156688626008,22684.350260416668,-0.008219317179077755,23104.8101171875,-0.026267678612558548,22474.349378413528,0.0010479062959700858,22666.846045061935,-0.00745342577000178,23071.97892294401,-0.024882067300611606,22427.51170014881,22606.25387030149,-0.0047930754161277945,17.70872790189389,34.70215587848122,-230.72961358088287,-248.46705651831962,17.737442937436754,49.1363130039371,49.658418196375926,-48.46694910802264,-1.8122780714165039,-50.86368699597077,225.92522321428572,0.010042058116161807,0.1065751932803246,0.10564656093948487,0.10851100397833006,0.18373596461381414,281345.0,1.2365600952567088,-6370500.0,-5839665.711473257,28.4309363362606,-0.001217908789231634,22470.5,1,0.0068986190264621675
2025-03-11 18:30:00+00:00,22536.349609375,22577.400390625,22329.55078125,22470.5,369700,0.0,0.0,-0.0012179087892316698,-0.0036359605365259284,0.00596308479947627,-0.00341725724436881,-0.026062152102954372,-0.001218651042867137,133.19921875,-77.05078125,-282.05078125,0.0017090136449364089,22420.8359375,0.0022150852286881993,22467.48953683036,0.00013399196936116035,22640.96456473214,-0.007529032795610954,23079.362109375,-0.026381236469601135,22473.579502730827,-0.00013702769202620583,22648.99640460176,-0.007880985162127764,23048.39151420111,-0.025072965019924322,22423.509281994047,22571.34581359047,-0.0044678688822243125,35.443760517589304,34.34980175197525,-217.24539114928484,-242.2227234445127,24.977332295227853,52.73915982532944,49.18250010390949,-40.034704670433925,-1.427451362082672,-47.26084017456632,226.8359375,0.010094832669499561,0.09777987982344764,0.10168332190338075,0.10710112663865962,0.06266168439206665,286430.0,1.290716754529898,-6740200.0,-5925430.881809138,31.066207605864804,-0.003262089461738724,22397.19921875,0,0.0071768205600304365
2025-03-12 18:30:00+00:00,22541.5,22558.05078125,22377.349609375,22397.19921875,287500,0.0,0.0,-0.003262089461738671,-0.0028094709467416656,-0.0065425579010309765,-0.006558049655091658,-0.028120796313773955,-0.00326742167482874,-147.5,-147.8515625,-280.69921875,0.003159698271066369,22465.771484375,-0.003052299613778638,22430.635881696428,-0.0014906694185032273,22608.840680803572,-0.009361004619456713,23043.5330859375,-0.028048384107465768,22458.30344593466,-0.002720785536260896,22626.105751342508,-0.010116921361021899,23022.854561438322,-0.027175402642564746,22414.137239583335,22544.26295752689,-0.006523333189199879,49.588857317221546,33.14820839602497,-210.05245423108863,-235.78866960182788,25.736215370739245,45.23206113412891,49.035844654465144,-39.69233617796964,-0.6923600854397447,-54.76793886576653,231.16099330357142,0.010320977683229373,0.09802364082504038,0.09798132916220534,0.10122004597143565,-0.22234243981606705,286820.0,1.0023708249076042,-7027700.0,-6030408.893065411,30.76598668442844,0.004980568336268329,22508.75,2,0.004830263537202558
2025-03-16 18:30:00+00:00,22353.150390625,22577.0,22353.150390625,22508.75,251100,0.0,0.0,0.004980568336268254,0.0004822498627259364,-0.0019399179691830248,0.017358463383065015,-0.022692948833356485,0.004968206335327962,-43.75,384.05078125,103.75,-0.0019667114488191094,22490.264229910714,0.0008219454382710381,22410.125139508928,0.0044009062812948325,22583.293061755954,-0.0033008056686908505,23013.6130859375,-0.021937584683127224,22468.39275674773,0.0017961784667551994,22615.437046675008,-0.004717443507937363,23002.693598244663,-0.021473293818178512,22424.55245535714,22516.253347463316,-0.0003332413855683256,41.348721585897124,40.58616145655344,-193.12456436091816,-227.25584855364596,34.131284192727804,76.40947723790148,58.12689939911994,-24.055592828684922,-0.17208423933238937,-23.590522761958095,232.81459263392858,0.0103432928365155,0.10060072875970846,0.0977139700125733,0.09972053709000409,-0.12660869565217392,286090.0,0.8776958299835685,-6776600.0,-6101474.7127734665,36.514580314430006,0.014463298994835342,22834.30078125,2,0.00478068224176905
2025-03-17 18:30:00+00:00,22662.25,22857.80078125,22599.19921875,22834.30078125,272600,0.0,0.0,0.01446329899483545,0.01619015069758123,0.016651602471513538,0.03232471076147614,-0.004140964870198549,0.014359703182661372,374.0,715.0,417.75,0.006819570167156914,22531.635881696428,0.01343288614917787,22430.19308035714,0.018016238177045882,22573.907366071428,0.01153515033777148,22997.9780859375,-0.007117030204823737,22541.574361648185,0.01298606809379922,22635.333749818186,0.00879010813937758,22996.089958362518,-0.007035508097483163,22481.109207589285,22508.956834425557,0.014453977108652259,47.26665087810909,58.73522692580275,-151.69125995425202,-212.1429308337672,60.45167087951518,97.36901375177972,73.00351737460336,73.31786428688754,1.2829866865527184,-2.630986248108329,237.95396205357142,0.010420899870468242,0.11385368788112536,0.09500332782747106,0.0959088632440598,0.08562325766626833,286995.0,0.9498423317479365,-6504000.0,-6139810.454414088,42.27912352707187,0.0032100316461272198,22907.599609375,2,0.005572703312617215
2025-03-18 18:30:00+00:00,22874.94921875,22940.69921875,22807.94921875,22907.599609375,324000,0.0,0.0,0.0032100316461272094,0.0227885810917694,0.01821055350217149,0.03735734634010357,-0.002260519202290978,0.0032048904937790478,409.69921875,824.94921875,35.69921875,0.0017801481153027466,22582.364397321428,0.014402177129518613,22455.91085379464,0.020114470462640414,22572.876395089286,0.014828558329345999,22981.9720703125,-0.0032361218049502235,22614.77941119355,0.012948178395076454,22660.085191596077,0.010922925297328847,22992.6197485983,-0.0036977143167202043,22544.763411458334,22516.417711546015,0.017373185328160633,45.28246001134623,60.74355456610783,-111.6533940307454,-192.04502347316284,80.39162944241744,96.60899266242306,90.1291612173681,114.23640182526646,3.538580944691355,-3.3910073374744907,239.47893415178572,0.010454126064512138,0.11438117093883136,0.09295217519876295,0.09413902403485308,0.18855465884079248,292825.0,1.1064629044651204,-6180000.0,-6143638.030184175,48.896439047728364,0.012356195589090036,23190.650390625,2,0.008751640521396703
2025-03-19 18:30:00+00:00,23036.599609375,23216.69921875,22973.94921875,23190.650390625,313700,0.0,0.0,0.012356195589090069,0.030294902676736735,0.032048703438953385,0.038202897374749245,0.010692804235344244,0.012280480863664548,720.150390625,853.349609375,310.451171875,0.005631318959634721,22686.700055803572,0.022213470164537563,22502.02511160714,0.030602813551328628,22583.88355654762,0.026867249494892047,22972.00609375,0.009517858213283284,22729.953607079842,0.020268267657248602,22708.318391507797,0.021240322193895204,23000.385656128758,0.008272241054598822,22642.728683035715,22534.544694322845,0.029115551487819455,68.20542665419057,66.5013603569611,-56.43274280542755,-164.9225673396158,108.48982453418824,97.91958819163104,97.2991982019446,181.48318502510028,4.843505768876333,-2.0804118082891,254.06459263392858,0.010955475088211635,0.12256322202620579,0.09394651865721294,0.09437522556152088,-0.03179012345679011,297980.0,1.052755218471035,-5866300.0,-6117224.884452349,55.69218858486439,0.006888551951288963,23350.400390625,2,0.007757160234198387
2025-03-20 18:30:00+00:00,23168.25,23402.69921875,23132.80078125,23350.400390625,541000,0.0,0.0,0.0068885519512889015,0.02260194495636969,0.04255894509689506,0.03573794283336085,0.018205285545594307,0.0068649342763162065,953.201171875,805.701171875,233.05078125,-0.0009659233461625795,22808.485770089286,0.023759342290330773,22589.5751953125,0.03368036754716587,22603.174014136905,0.03305847116961175,22968.4841015625,0.01662784045188701,22854.042963788874,0.021718582905552373,22766.689482336635,0.02563881361588418,23014.111724148217,0.014612280956466715,22755.845386904763,22586.848335552844,0.03380516146957308,104.68013466744617,86.14359088885007,0.21799810108132078,-131.89445425147636,132.11245235255768,96.36333757515636,96.96397280973683,206.55944095444053,5.740932259372974,-3.636662424774093,241.90011160714286,0.010359570181257082,0.12449989390447778,0.09465621079809679,0.0941375396831326,0.7245776219317819,314680.0,1.7192068132706186,-5325300.0,-6041803.466885458,67.8762024175025,0.013188177230298765,23658.349609375,2,0.007934659433366116
2025-03-23 18:30:00+00:00,23515.400390625,23708.75,23433.5,23658.349609375,311900,0.0,0.0,0.013188177230298859,0.03277296673601504,0.0510734540734159,0.04903445779292759,0.03252277430409145,0.013101970335000056,1149.599609375,1105.849609375,196.3984375,0.00706625998868264,22978.178571428572,0.029600737753519474,22699.507254464286,0.042240668229575645,22637.719215029763,0.045085389771402806,22973.02109375,0.029831884662806406,23014.9042929061,0.027957766336104292,22847.749493885578,0.03547833521661799,23039.375954941428,0.02686590364444264,22898.348642113095,22625.29332474797,0.04565935432523244,149.5450731089777,88.51183662954466,69.16574705231687,-91.68241399071772,160.8481610430346,97.11031853119555,97.13108143266099,233.79437792951558,5.914093386045253,-2.8896814687471184,249.14997209821428,0.010531164523812519,0.131601999933213,0.09732547140701057,0.09732612935800311,-0.42347504621072085,318235.0,0.9800933272581552,-5013400.0,-5943860.279563034,74.29300115269929,0.00043539728764165997,23668.650390625,1,0.007542322881001291
2025-03-24 18:30:00+00:00,23751.5,23869.599609375,23601.400390625,23668.650390625,338200,0.0,0.0,0.00043539728764163677,0.02061175482138422,0.036539310634819744,0.0537993511816075,0.03828539276996157,0.0004353025297464832,834.349609375,1208.349609375,-315.25,0.00393731566922503,23159.814453125,0.021970639640911276,22812.79296875,0.037516555866147334,22673.695405505954,0.0438814656069426,22984.6751171875,0.029757883022066573,23145.65351244988,0.022595900258067056,22922.376848134612,0.03255655150574342,23064.053383791765,0.026213822729793407,23027.567726934525,22675.21610035182,0.04381145854913034,173.31113213387474,90.21704461870922,123.21813978274804,-48.70230323602458,171.92044301877263,88.84729995301409,94.10698535312201,204.22886972793333,4.9854343185922,-11.152700046930411,257.25697544642856,0.010869102006268828,0.12927937517059573,0.09849362109196169,0.09881880071111554,0.08432189804424506,323005.0,1.0470426154393864,-4675200.0,-5823035.491033221,80.18677578095675,-0.007681079328545498,23486.849609375,0,0.0090337193654637
2025-03-25 18:30:00+00:00,23700.94921875,23736.5,23451.69921875,23486.849609375,278600,0.0,0.0,-0.007681079328545448,0.005843549423879768,0.025286368274174853,0.04395740053867869,0.041390747546074635,-0.007710730752587225,579.25,988.94921875,-255.099609375,0.001364624834620566,23299.54296875,0.00803906930175467,22894.90359933036,0.025854924764213857,22706.597749255954,0.034362341233819524,22990.89109375,0.021571957067805986,23213.892731834905,0.01175834146789855,22973.69255370192,0.022336725124771865,23080.633627932282,0.017599862637700546,23117.441945684524,22716.05225931535,0.03393183556986792,172.57004943194437,80.2679933304308,149.66005877630232,-9.029830833559199,158.68988960986152,76.42802155499527,87.4618800130683,141.85963108364163,4.142997935372835,-23.57197844494314,254.23563058035714,0.010824594818321898,0.1258501213157136,0.10082089183223478,0.10018650016175791,-0.17622708456534597,326220.0,0.8540248911777303,-4953800.0,-5740251.158553866,73.89747019111589,0.004474827877002648,23591.94921875,2,0.008658649267072778
2025-03-26 18:30:00+00:00,23433.94921875,23646.44921875,23412.19921875,23591.94921875,510300,0.0,0.0,0.004474827877002596,-0.0028066366302528234,0.01730433693602773,0.049907621937651525,0.04631981751066716,0.004464845602965276,401.298828125,1121.44921875,-177.951171875,-0.0022523408419953457,23407.778459821428,0.007867929852663583,22969.707170758928,0.027089681351409507,22756.054873511905,0.03673283220155359,22998.46609375,0.025805335128904806,23289.504029217926,0.012986330200618606,23029.897705069925,0.024405297881818968,23100.685219729057,0.02126620896082161,23210.381361607142,22784.468292560792,0.035439972345232114,162.8498000644357,79.14448094593536,177.05514866411613,28.187165065975872,148.86798359814026,82.14352557245044,82.47294902681993,118.94325047989312,5.038438480951497,-17.856474427485253,248.78208705357142,0.010545211196700871,0.1258155945154643,0.10249181004732247,0.10147796270226805,0.8316582914572865,339220.0,1.5043334709038338,-4443500.0,-5616751.048215402,63.7312488019956,-0.0030773044101544836,23519.349609375,0,0.00933978548691099
2025-03-27 18:30:00+00:00,23600.400390625,23649.19921875,23450.19921875,23519.349609375,295400,0.0,0.0,-0.0030773044101545244,-0.006307954986277453,0.007235388512559782,0.05010226411191554,0.043215641320945464,-0.003082049047667123,168.94921875,1122.150390625,-232.349609375,0.00035822270540846054,23495.171316964286,0.0010290749569148796,23038.76785714286,0.020859698539960007,22802.331008184523,0.03144496941707773,23002.6170703125,0.02246407604330295,23335.473145249343,0.00787969727380833,23074.393332734024,0.019283552560826322,23117.103431087722,0.01740037109261373,23283.667020089284,22827.064548068975,0.030327380020685055,128.19619369237353,75.97031885557979,190.7093938549806,60.69161082377682,130.01778303120378,77.47444131389085,78.68199614711219,101.3378949407529,4.540197978543803,-22.525558686044832,250.92131696428572,0.010668718358787261,0.12700339799024857,0.10358971922283702,0.10275843958143827,-0.421124828532236,339530.0,0.8700262127057966,-4738900.0,-5533146.186480602,57.503720928721194,-0.015036571865236959,23165.69921875,0,0.014788496925001856
2025-03-31 18:30:00+00:00,23341.099609375,23565.150390625,23136.400390625,23165.69921875,314300,0.0,0.0,-0.015036571865236992,-0.013673625708269133,-0.0208235315970553,0.029186392791692217,0.04705148710531559,-0.015150767296533939,-492.650390625,656.94921875,-661.599609375,-0.007578866038410371,23491.606863839286,-0.013873365367396095,23089.153459821428,0.0033152258726925695,22831.885695684523,0.014620497295523727,23001.8670703125,0.007122558700851935,23301.518359949474,-0.005828767855442131,23082.693867826383,0.003595999297088521,23119.00914825095,0.002019553268898702,23300.591201636904,22899.731558571253,0.0116144444531353,65.25911457542314,66.61401052097614,171.0224107055983,82.75777080014112,88.26463990545719,54.73019398093977,71.44938695576035,59.47929192287549,3.0938306613113595,-45.269806018995915,263.853515625,0.011389836030134983,0.11959795465866556,0.10568786117157063,0.10874551881082051,0.06398104265402837,327680.0,0.9591674804687471,-5053200.0,-5487437.025863402,57.13725014143083,0.007193842458686308,23332.349609375,2,0.01923022863825789
2025-04-01 18:30:00+00:00,23192.599609375,23350.0,23158.44921875,23332.349609375,341000,0.0,0.0,0.0071938424586863725,-0.011003737205770192,-0.014208701201789076,0.021811433286101023,0.054841192319843746,0.007168090205371445,-336.30078125,498.048828125,156.349609375,0.001161216433442511,23489.028180803572,-0.006670287515624485,23148.756975446428,0.007930993189971225,22889.39285714286,0.019352053372350284,23001.6190625,0.014378576828714656,23307.684609834578,0.0010582346532187902,23105.389844330803,0.009822806131958644,23127.375440844047,0.008862837422051345,23333.017354910713,22952.293996275745,0.016558502307477716,27.68913088889963,68.52723330399722,166.94321107197175,99.59485885450725,67.3483522174645,65.11474245561747,65.77312591681603,51.6757316432679,4.175300587772106,-34.88525754431759,262.72140066964283,0.011259963315656363,0.12038760522692492,0.1042413051741616,0.10623127193094209,0.08495068405981554,330610.0,1.0314267566014306,-4712200.0,-5413604.928162125,57.06976139966189,-0.0035251486188494162,23250.099609375,0,0.017939088838467537
2025-04-02 18:30:00+00:00,23150.30078125,23306.5,23145.80078125,23250.099609375,283200,0.0,0.0,-0.0035251486188494496,-0.011448020649885482,-0.010080108824194967,0.014951370106007555,0.052867259957420254,-0.003531376595912815,-236.75,342.5,99.55078125,-0.007802421580887186,23430.70675223214,-0.0077081389292675915,23204.44266183036,0.001967595094181759,22943.240420386905,0.013374710083036619,23006.128046875,0.010604633774222945,23296.16760974266,-0.0019774926562767647,23118.545277516638,0.005690424301320397,23132.188153335457,0.0050972893380402465,23346.52970610119,22998.691030911796,0.010931429885521888,-16.14388678255495,66.89783867816274,155.28351664594447,110.73259041279469,44.55092623314978,59.147989108976454,59.6643085151779,39.078959484830165,3.2936063058809,-40.8520108909576,258.3427734375,0.011111469532514125,0.12146228109569461,0.10439905951463392,0.10657428015502426,-0.16950146627565987,332105.0,0.8527423555803109,-4995400.0,-5373775.88738478,50.31284125015109,-0.014866619775066488,22904.44921875,0,0.021808586087080105
2025-04-03 18:30:00+00:00,23190.400390625,23214.69921875,22857.44921875,22904.44921875,466800,0.0,0.0,-0.014866619775066536,-0.011277449367405601,-0.02914129704270474,-0.012341230929456826,0.025390195666616266,-0.014978235581472139,-687.5,-286.201171875,-450.75,-0.002567697332613804,23321.53515625,-0.017884154482352168,23240.6748046875,-0.014467118048985003,22982.373697916668,-0.0033906192715736877,23001.1100390625,-0.004202441540792494,23217.823931544128,-0.013497161220537906,23099.081999446942,-0.008425996353517153,23123.257214724264,-0.009462680535981064,23306.530580357143,23031.161363993062,-0.00550176967806575,-64.57148305193746,59.833657193853895,116.80556516092474,111.94718536242071,4.858379798504032,36.354585521767014,53.53910569545366,-2.717291632721638,0.3072064179762322,-63.64541447816705,273.4820033482143,0.011940125725630852,0.13146906189827917,0.10492062697931234,0.10700221295580001,0.6483050847457628,340150.0,1.3723357342348923,-5462200.0,-5382197.231443372,48.40054649242214,-0.032432546283055336,22161.599609375,0,0.023158764117764345
2025-04-06 18:30:00+00:00,21758.400390625,22254.0,21743.650390625,22161.599609375,647100,0.0,0.0,-0.03243254628305536,-0.05017711544702674,-0.05772906234867947,-0.05091136603067814,-0.016992890686090112,-0.032970136904421674,-1357.75,-1188.80078125,-670.25,-0.0500360788936489,23132.213727678572,-0.04195941338472737,23215.878348214286,-0.045411968611574566,22974.006975446428,-0.03536202313073449,22980.2350390625,-0.0356234576494071,23006.579067110306,-0.0367277314576174,23013.85632762222,-0.03703232983271331,23085.54515176939,-0.04002268676438577,23162.65388764881,22972.346471672416,-0.03529229647032905,-142.33237319402704,44.593432946766484,26.069246125247446,94.77159751498606,-68.70235138973861,19.65941684136492,38.387330490702794,-145.13903755822247,-3.256561196812017,-80.34058315858805,340.40694754464283,0.01536021557760774,0.1742468660378846,0.11216356741491806,0.10969564325460537,0.38624678663239065,353900.0,1.8284826222096586,-6109300.0,-5451445.11416305,40.300876103577444,0.01688731890281428,22535.849609375,2,0.011739566009797628
2025-04-07 18:30:00+00:00,22446.75,22697.19921875,22270.849609375,22535.849609375,468300,0.0,0.0,0.016887318902814252,-0.03072029849334479,-0.027188888339930162,-0.04744625126155,-0.0007382946735394746,0.01674631338889978,-629.849609375,-1122.5,727.900390625,0.01286686862190039,22981.342354910714,-0.019384974935569867,23194.560407366072,-0.02839936547285683,22973.58556547619,-0.019053880590541528,22969.108046875,-0.01886265834162104,22912.433175563245,-0.016435773682467965,22970.401171417925,-0.018917891716389294,23063.988463832357,-0.022898851830659345,23071.983389136905,22958.80043645316,-0.018422165750724254,-158.58960698835278,45.421334763406165,-15.462847092167067,72.72470859355543,-88.1875556857225,37.26331803990214,31.092440134344695,-74.78953654873142,-2.8235550543881254,-62.736681960050824,353.7318638392857,0.015696406834917652,0.18523457870039542,0.1181499239659005,0.11784108968526001,-0.27630968938340283,362825.0,1.290704885275267,-5641000.0,-5469497.960433236,42.36044827765716,-0.0060658560080704745,22399.150390625,0,0.011839099320020672
2025-04-08 18:30:00+00:00,22460.30078125,22468.69921875,22353.25,22399.150390625,383800,0.0,0.0,-0.006065856008070525,-0.022061164767557595,-0.03999593844483784,-0.053636349307979114,-0.0027225989188910393,-0.006084328049671031,-933.19921875,-1269.5,-303.349609375,-0.0033523842870147678,22821.313895089286,-0.018498650270750157,23158.242606026786,-0.032778489642569186,22966.283203125,-0.02469414869981252,22960.508046875,-0.024448834281189897,22809.776618575597,-0.018002202950824935,22918.469282254933,-0.022659405618856196,23037.916382530108,-0.027726725859178077,22965.928720238095,22947.44758803525,-0.023893602776812014,-167.2507759687844,42.348510944796296,-58.730802566300554,46.43360636158424,-105.16440892788479,30.833285866776617,29.25200691601456,-87.15501858287172,-4.073805948020825,-69.16671413317634,357.2925502232143,0.015951165289409392,0.18594912473379313,0.11632628904610812,0.11529968616537004,-0.18043988896006835,367320.0,1.0448655123597925,-6024800.0,-5522383.868963404,36.11452206354535,0.01917038740919041,22828.55078125,2,0.006920459654939459
2025-04-10 18:30:00+00:00,22695.400390625,22923.900390625,22695.400390625,22828.55078125,402200,0.0,0.0,0.019170387409190415,0.030094902156469816,-0.01813105471406329,-0.028028400533643083,0.014696944376319854,0.018988950673859396,-421.548828125,-658.298828125,511.650390625,0.013225948075422541,22773.149832589286,0.00243273104809728,23132.378348214286,-0.013134298704211156,22983.818917410714,-0.0067555412230944885,22957.9340625,-0.0056356674297332494,22813.531451110477,0.0006583518282431978,22910.294873072668,-0.003568006971343738,23029.705966793634,-0.008734596344116125,22921.969810267856,22963.9255260746,-0.005895104679331985,-146.2567602937197,44.78077245506755,-57.70673877035006,25.605537335197383,-83.31227610554744,51.031340779737974,39.70931489547225,-29.177875205420133,-3.5074248281297855,-48.96865922021498,372.69614955357144,0.016325878638764287,0.1981008518976105,0.11661438442805518,0.11594841865267004,0.04794163626889003,370035.0,1.0869242098720362,-5622600.0,-5531928.262395461,37.068585726927324,0.021902397782108445,23328.55078125,2,0.008496339278329938
2025-04-14 18:30:00+00:00,23368.349609375,23368.349609375,23207.0,23328.55078125,388300,0.0,0.0,0.02190239778210845,0.035175118116923976,0.01851612140722514,-0.011164759429486248,0.0381856559155338,0.02166598602930882,424.1015625,-263.3984375,845.650390625,0.02364577731181844,22772.60714285714,0.024412823481531478,23130.81766183036,0.008548470802479448,23023.373697916668,0.01325509837686966,22961.2430859375,0.015996855829527715,22916.535317138383,0.017978959664267775,22948.318137452425,0.016569085434501026,23041.42537128212,0.012461269445844685,22948.12613467262,23006.735215177458,0.013987884985098968,-78.30858058815114,49.713195763513355,-16.360743046792777,17.21228125879935,-33.57302430559213,74.55024685660801,52.138291167707536,42.950746226599016,-1.436920161318944,-25.44975314334495,391.97474888392856,0.01680236173088626,0.21151624851244785,0.1151665600250853,0.11404543338829355,-0.03455992043759326,370965.0,1.0467294758265577,-5234300.0,-5503582.713595893,35.28058084331819,0.004657316201027141,23437.19921875,2,0.006267333082828906
2025-04-15 18:30:00+00:00,23344.099609375,23452.19921875,23273.05078125,23437.19921875,348400,0.0,0.0,0.004657316201027051,0.04634322329294549,0.05755900439765127,-0.0034928853046282127,0.04643437734524225,0.004646504460063537,1275.599609375,-82.150390625,851.498046875,0.0006665149614650083,22799.33565848214,0.027977287137773393,23115.02120535714,0.013938036678857848,23069.40699404762,0.015942855609477245,22964.9970703125,0.020561820538958765,23020.668097460708,0.018093789438509797,22992.761872115843,0.0193294458971944,23056.945914320077,0.01649191986843936,22988.97700892857,23046.089973798185,0.016970741908777665,-5.605942234168976,46.936847589664104,24.886402383875975,18.74710548381468,6.1392969000612965,79.66083165053038,68.41413976229212,52.255310552484474,-0.21139655360665938,-20.33916834942258,379.17466517857144,0.016178326669477282,0.21078970446379822,0.11505039884445097,0.11442432663596337,-0.10275560133917072,374010.0,0.9315258950295422,-4885900.0,-5444755.788491523,35.68527532154326,0.017683476937954037,23851.650390625,2,0.008212142784359902
2025-04-16 18:30:00+00:00,23401.849609375,23872.349609375,23298.55078125,23851.650390625,505300,0.0,0.0,0.017683476937954135,0.04481666923050209,0.05838700577335332,0.029610639652948745,0.05966126020436491,0.017528943393621495,1315.80078125,685.951171875,40.201171875,-0.0015082693561233392,22934.65011160714,0.039983181542138646,23128.092633928572,0.03128480018429828,23138.666573660714,0.03081352223536777,22971.8620703125,0.038298520059871305,23186.864556093566,0.02867079474773998,23070.842646525765,0.033843919620195693,23088.1107957438,0.033070683073035255,23087.19423363095,23105.514484540723,0.032292546724439486,67.12502629657745,52.279521673958165,89.98056818557961,32.99379802416767,56.98677016141195,99.0276118594554,84.4128967888646,96.23899987041432,1.1008042170105563,-0.97238814049761,401.00320870535717,0.016812388331121794,0.21760011246577485,0.12440021880979717,0.12110576321157258,0.4503444316877152,386720.0,1.3066301199834471,-4380600.0,-5343407.618158997,37.6381439592284,0.01148349846401647,24125.55078125,2,0.007929070223891915
2025-04-20 18:30:00+00:00,23949.150390625,24189.55078125,23903.650390625,24125.55078125,406100,0.0,0.0,0.011483498464016417,0.034164145363053455,0.07707436936302603,0.03399576918546976,0.05654869892316938,0.011418063566753105,1726.400390625,793.201171875,410.599609375,0.0040877674459926985,23215.21456473214,0.03921291418519883,23173.71414620536,0.041073978432605344,23215.657087053572,0.03919310535921893,22984.730078125,0.04963385252936641,23374.601801124852,0.0321267068638995,23166.725204227965,0.0413880498244528,23128.794716744043,0.04309589309400174,23220.18865327381,23167.287343208503,0.04136278122878164,159.56209225759517,57.777468067269325,161.80445496685206,58.755929412704546,103.04852555414752,97.38337668016726,92.02394006338436,154.1369051964393,2.577457208397198,-2.6166233197918554,404.79603794642856,0.01677872731763757,0.21576585612946886,0.12461745424858577,0.12148206730780033,-0.19631901840490795,393395.0,1.0322957841355356,-3974500.0,-5213035.464048617,44.07640393984619,0.001728425565413743,24167.25,2,0.008100799285649671
2025-04-21 18:30:00+00:00,24185.400390625,24242.599609375,24072.0,24167.25,440900,0.0,0.0,0.0017284255654137493,0.0311492330818246,0.05864144559932072,0.03944715962658418,0.054988318815799575,0.0017269335569158489,1338.69921875,917.150390625,-387.701171875,0.002480756187399116,23448.27176339286,0.030662312509085222,23214.807059151786,0.04102738990771404,23279.130859375,0.03815087195436669,23000.8540625,0.05071098378914601,23533.131440899884,0.026945779004914308,23257.682003843605,0.03910828241636629,23169.518453342316,0.04306224786962342,23352.66010044643,23233.573931656665,0.04018650213220636,237.75094694087866,57.11530527136137,219.55923892691135,90.9165913155459,128.64264761136545,96.98474827697137,97.7985789388647,154.37695144119076,4.32342132992608,-3.015251722988612,400.2495814732143,0.01656165188315583,0.21579645918517343,0.12491235508737288,0.12193057048943866,0.08569317901994578,399240.0,1.104348261697222,-3533600.0,-5053089.229377319,52.62197193387662,0.00669084065212219,24328.94921875,2,0.00812461859634624
2025-04-22 18:30:00+00:00,24357.599609375,24359.30078125,24119.94921875,24328.94921875,415000,0.0,0.0,0.006690840652122221,0.020011144734563224,0.04288300833089287,0.06219315672668002,0.04908438568782736,0.006668556323176313,1000.3984375,1424.5,-338.30078125,0.007876345441661428,23723.95731026786,0.02550130657250306,23272.635602678572,0.04538865447408996,23346.81417410714,0.04206719757644949,23012.648046875,0.05719903112382967,23692.294996469907,0.02687178352181271,23355.06993247146,0.04169883837189789,23214.986326495557,0.04798464563311052,23501.212388392858,23290.865914836362,0.0445704040248813,287.78382782706996,59.797180877337766,275.2056969277983,127.77441243799639,147.4312844898019,98.83961699890114,97.73591398534658,149.12302775771218,4.271321260223707,-1.1603830010606273,403.1318359375,0.016570047161214633,0.2133814334934717,0.124676135575691,0.12245326978571174,-0.058743479246994745,404305.0,1.0264528017214702,-3118600.0,-4868852.159912813,58.87571906299638,-0.003380746092256669,24246.69921875,0,0.007571581827737394
2025-04-23 18:30:00+00:00,24277.900390625,24347.849609375,24216.150390625,24246.69921875,358800,0.0,0.0,-0.0033807460922566923,0.005021582246907963,0.03453910991857723,0.09408615109592278,0.03838473058838243,-0.0033864737270896763,809.5,2085.099609375,-190.8984375,-0.0020982750905515985,23926.549944196428,0.013380503052058861,23349.84988839286,0.03840921182122563,23397.102213541668,0.03631206110287324,23023.656015625,0.053121155141256766,23803.175840925927,0.018632949686549105,23436.127140314962,0.034586434592286046,23255.445655603573,0.042624578252601,23631.08753720238,23335.021082007377,0.03906909419702814,258.62077806208634,64.00114544500408,309.1058483880006,164.04069962799724,145.06514876000335,95.69508360503595,97.17314962696948,129.13897273898849,4.286431568547363,-4.304916394925823,381.91392299107144,0.015751171718075392,0.2136839889665647,0.1227450121884628,0.12092514886775342,-0.13542168674698796,395195.0,0.9079062235099106,-3477400.0,-4736332.906587783,64.66909562027939,-0.00855166336268387,24039.349609375,0,0.007324655623268326
2025-04-24 18:30:00+00:00,24289.0,24365.44921875,23847.849609375,24039.349609375,387700,0.0,0.0,-0.00855166336268387,-0.005292302211670763,0.007869443651739028,0.06671592267701931,0.016104250984989354,-0.008588438645809417,187.69921875,1503.5,-621.80078125,0.0017445995790341233,24028.092633928572,0.0004684922610349766,23400.34988839286,0.0273072720719904,23429.909319196428,0.02601120994007536,23032.376015625,0.04371991813032374,23850.410594615743,0.007921834888741998,23490.965546593146,0.02334446669270099,23286.186987124023,0.03234375051043787,23723.020833333332,23361.056354302753,0.029035213339027227,216.53115790725545,59.06155218712314,315.60251276265626,194.35306225492906,121.2494505077272,87.56198965848618,94.03223008747443,93.65216503106329,4.95493421293842,-12.438010341475678,405.203125,0.016855827282530128,0.21247931417424834,0.12861516951688612,0.12777966276176028,0.08054626532887399,398985.0,0.971715728661476,-3865100.0,-4653358.3440556135,64.01165864648587,0.012028211882747256,24328.5,2,0.005149016420038699
2025-04-27 18:30:00+00:00,24070.25,24355.099609375,24054.05078125,24328.5,320500,0.0,0.0,0.012028211882747275,-1.846437122954292e-05,0.008412210796353348,0.0861349460014571,0.02787863264211987,0.011956447831200931,202.94921875,1929.349609375,15.25,0.0012854087621799886,24155.421316964286,0.007165210689749134,23477.378487723214,0.03625283430694012,23461.821242559523,0.03693996081891089,23047.74703125,0.05556955163614886,23946.028475692598,0.015972232084148313,23567.105042357405,0.03230753018981752,23327.062007236807,0.04293030954573153,23846.77418154762,23381.715287590006,0.0404925259231287,161.59077754775328,63.12561956337437,340.16201016858395,223.51485183766005,116.6471583309239,98.59069207161824,93.94925511171346,106.45845545181945,9.777725565027536,-1.4093079283436263,414.43178013392856,0.017034826649152703,0.21610808989239733,0.1290916244422695,0.126502797326659,-0.17332989424812995,398100.0,0.805074101984424,-3544600.0,-4547762.311288413,69.06128180189364,0.000306193096573977,24335.94921875,1,0.0028583812291257194
2025-04-28 18:30:00+00:00,24370.69921875,24457.650390625,24290.75,24335.94921875,357600,0.0,0.0,0.0003061930965739812,0.003680913397522634,0.006980488833028264,0.06603128038850747,0.036152128680386086,0.00030614622903455367,168.69921875,1507.3984375,-34.25,0.0017345590048707593,24224.606863839286,0.004596250231697789,23579.628487723214,0.03207517588415501,23493.59737723214,0.03585452785251839,23066.8340234375,0.05501904570098077,24024.01262430408,0.012984366905066243,23636.999967484004,0.02957013378294492,23366.626211609873,0.04148322476517685,23961.25027901786,23419.16619724627,0.039146697785145255,112.92479480954447,68.98643411630346,356.1215311684573,250.0361877038195,106.08534346463779,95.5158005941063,93.88949410807022,107.83092900117381,7.987715753241767,-4.4841994058568595,398.30678013392856,0.016367012297471048,0.213468771097095,0.12734031109453553,0.125583726669084,0.11575663026521066,402050.0,0.8894416117398312,-3187000.0,-4418165.900689516,76.45132471267019,-7.191007773190478e-05,24334.19921875,1,0.0028907278232808064
2025-04-29 18:30:00+00:00,24342.05078125,24396.150390625,24198.75,24334.19921875,424500,0.0,0.0,-7.191007773188485e-05,0.01226529062416959,0.0002157923037611198,0.04310805445781374,0.031462003970832875,-7.191266338548166e-05,5.25,1005.6484375,-163.44921875,0.0002507221906634613,24254.41378348214,0.0032895223104584485,23734.81417410714,0.025253412150018705,23533.947358630954,0.03400414932200159,23092.0819921875,0.05378974606891997,24086.049943193266,0.010302614008605885,23700.38171759909,0.026742923751317912,23404.570251105568,0.03971997595642583,24061.859709821427,23458.280913799237,0.03733940727240034,80.88812604238393,85.86689950840335,364.427463220567,272.914442807169,91.51302041339801,94.35471338155561,96.15373534909338,90.6447599853234,8.638938506055185,-5.645286618398657,329.4926060267857,0.01354031020560115,0.21334115393539232,0.1267480973107217,0.12562621418693679,0.18708053691275173,397760.0,1.0672264682220407,-3611500.0,-4341340.576814324,78.72556876626888,0.0005136803511647301,24346.69921875,1,0.0041072546533984615
2025-05-01 18:30:00+00:00,24311.900390625,24589.150390625,24238.5,24346.69921875,421100,0.0,0.0,0.0005136803511647248,0.0007480616869104395,0.00412427271431115,0.038805831341502284,0.03517740171884731,0.0005135484625769229,100.0,909.5,94.75,-0.0009163575889449191,24280.049386160714,0.0027450451821268928,23864.160574776786,0.020220222809060905,23569.887834821428,0.03295778874182431,23118.1109765625,0.05314397198945053,24138.179798304613,0.008638572675642447,23759.137854067354,0.024729911004832017,23441.51648513084,0.03861451259748006,24143.444382440477,23503.936831451447,0.03585622244230963,44.11297874044422,83.94985781481361,367.77909131586057,291.88737250890733,75.89171880695324,89.1564412756277,93.0089850837632,88.65652574727144,6.650218194081988,-10.843558724327577,316.28194754464283,0.012990752656156906,0.21266861928967715,0.12914365783171003,0.1291487397394798,-0.008009422850412284,404045.0,1.0422106448539121,-3190400.0,-4231727.188546293,78.68285766022296,0.004700890697612853,24461.150390625,2,0.006115504376928998
2025-05-04 18:30:00+00:00,24419.5,24526.400390625,24400.650390625,24461.150390625,291500,0.0,0.0,0.004700890697612925,0.00514470057237526,0.01754626427519912,0.02555378726495028,0.055921090904369475,0.004689876016656186,421.80078125,609.5,321.80078125,0.002990170478383834,24298.93526785714,0.006675811963762532,24011.4462890625,0.018728738625266684,23614.735491071428,0.03584265849065133,23146.7059765625,0.056787536653958415,24202.773916768692,0.010675490121290727,23822.957175572592,0.026789000641228834,23481.502128483553,0.04171999971641812,24223.04302455357,23547.001294367554,0.03882231477500585,32.72519465091546,88.98363914800254,375.34380406070704,308.5786588192673,66.76514524143977,93.24092409236,92.25069291651444,86.39148656789685,4.8549934369916485,-6.7590759075871905,316.07491629464283,0.012921506603212294,0.2032566492800865,0.12355550918601153,0.12241153488919942,-0.30776537639515555,402905.0,0.7234956131097884,-2898900.0,-4104791.2658275985,85.0044634041806,-0.0033338898599493184,24379.599609375,0,0.019669713731276958
2025-05-05 18:30:00+00:00,24500.75,24509.650390625,24331.80078125,24379.599609375,302400,0.0,0.0,-0.0033338898599493128,0.0018657030879412062,0.0021004011498859665,0.010530280963468863,0.04488403515003103,-0.0033394596535795407,51.099609375,254.048828125,-370.701171875,0.0016188776383213505,24317.921037946428,0.002536342285688189,24122.235491071428,0.010669165318397717,23672.54027157738,0.0298683339297779,23175.71296875,0.0519460455110168,24238.139055289954,0.005836279499938205,23873.561033190992,0.021196610571856046,23516.72163753812,0.03669210296980721,24272.13013392857,23590.772772462497,0.033437939677553395,28.47510258493231,83.76470148003301,370.4876756094018,320.9604621772942,49.5272134321076,84.83878580274533,89.078717056911,73.6707874056774,4.020959935652336,-15.161214197182318,291.2963169642857,0.011948363452706494,0.2036748783247097,0.1232827654171528,0.12225922307645902,0.03739279588336197,400975.0,0.754161730781219,-3201300.0,-4018744.4786059223,79.08750840928614,0.0014274549954716078,24414.400390625,1,0.021153771080175108
2025-05-06 18:30:00+00:00,24233.30078125,24449.599609375,24220.0,24414.400390625,330100,0.0,0.0,0.0014274549954715887,0.0027807125420460377,0.003223674210108829,0.010226665864961904,0.05007723841236911,0.001426437150093386,78.451171875,247.150390625,27.3515625,-0.00600087082926234,24371.49972098214,0.0017602802508670605,24199.79617745536,0.008868017383119892,23724.066499255954,0.029098463848542463,23204.8109765625,0.05212666525420807,24273.39132235696,0.00580920343578676,23922.72824750317,0.020552511320406107,23551.92472589447,0.03662017753403537,24311.085453869047,23634.827405685475,0.032984077757722975,26.00144675610757,79.64129003303366,365.2370654910337,329.81578284004206,35.42128265099166,86.72212963547236,88.2672798435259,63.36621847677189,2.359375518187068,-13.277870364451664,269.1392299107143,0.01102379028788482,0.202559528173525,0.12403888353821498,0.12258390112433747,0.09160052910052907,403320.0,0.8184568084895348,-2871200.0,-3909454.528262501,72.65477720163504,-0.0057588802970966885,24273.80078125,0,0.021166530341814673
2025-05-07 18:30:00+00:00,24431.5,24447.25,24150.19921875,24273.80078125,411400,0.0,0.0,-0.005758880297096702,-0.007659067802747499,-0.002482039246784029,-0.002266782547990065,0.0597853958164174,-0.005775526588332327,-60.3984375,-55.1484375,-138.849609375,0.000700390306598128,24363.685546875,-0.0036892926339925345,24259.55343191964,0.0005872881943330451,23772.81417410714,0.021073929383106097,23231.3809765625,0.04487119408609943,24273.47321413557,1.3494859657681222e-05,23954.64393238925,0.013323381043005367,23580.233590810374,0.029413075479875296,24320.952734375,23705.94065741799,0.023954338367682307,23.65569759814274,72.44582692229083,345.74517059925347,333.00166039188434,12.743510207369127,75.56565126124048,82.37552223315272,51.98765155276128,0.6144937429375144,-24.43434873868204,277.56082589285717,0.011434584488608153,0.1946126899569159,0.12235934093578685,0.12246745563861064,0.2462890033323235,400550.0,1.027087754337783,-3282600.0,-3849754.096999406,65.36303436742487,-0.01095010969420638,24008.0,0,0.021350191480422123
2025-05-08 18:30:00+00:00,23935.75,24164.25,23935.75,24008.0,335600,0.0,0.0,-0.0109501096942064,-0.015242235940253313,-0.01391150462355728,-0.009844606748180107,0.08331530318975355,-0.011010503428714508,-338.69921875,-238.69921875,-278.30078125,-0.013926569814773682,24316.83565848214,-0.012700487136549005,24270.721261160714,-0.010824616966827572,23825.364211309523,0.007665603223130376,23252.88296875,0.032474125133850444,24220.378571308458,-0.008768590081413246,23959.494483990227,0.0020244799422701565,23597.00874411193,0.017417091307838205,24287.412276785715,23859.24046776745,0.00623488130032934,-0.14904250839944266,54.558427432915856,305.330145947868,327.4673575030811,-22.13721155521307,21.603968952350804,61.297249949687874,18.45141720841181,-0.6589496115610729,-78.3960310475143,260.7216796875,0.010859783392514543,0.15332821016448267,0.11373662907784375,0.11735750955067548,-0.18424890617403988,384975.0,0.8717449185011992,-3618200.0,-3827701.3258566055,57.90376822298754,0.03818307309021993,24924.69921875,2,0.019792601368833967
2025-05-11 18:30:00+00:00,24420.099609375,24944.80078125,24378.849609375,24924.69921875,368700,0.0,0.0,0.038183073090219954,0.020901550722538076,0.018950409965291737,0.03682918314186523,0.10600219875363526,0.0374721401846667,463.548828125,885.349609375,802.248046875,0.017165095358838006,24401.192801339286,0.02145413224971359,24327.803292410714,0.02453554557165747,23956.940383184523,0.04039576089794466,23293.1139453125,0.07004582029126982,24361.24270079677,0.023129219017007593,24047.24036896839,0.0364889624055942,23649.075037234994,0.05393970713469797,24374.609337797618,23986.10318589375,0.03913082611135437,19.459319757742303,66.94726831685409,343.3134102272852,330.63656804792197,12.676842179363234,98.16750617380514,65.11237546246548,112.37377061638243,2.4487288564885445,-1.8324938261037105,303.50027901785717,0.012176687724661973,0.19098072233985094,0.11702711264422155,0.11342733090372606,0.09862932061978547,379995.0,0.970275924683217,-3249500.0,-3772634.532917881,57.68558223160799,-0.01389583907654352,24578.349609375,0,0.010888205000247654
2025-05-12 18:30:00+00:00,24864.05078125,24973.80078125,24547.5,24578.349609375,423000,0.0,0.0,-0.01389583907654357,0.012546400576882277,0.008152307797687275,0.010269832064245588,0.09728936949600042,-0.013993290077199355,198.75,249.849609375,-264.798828125,-0.0024332665749632726,24434.285714285714,0.005895973255524803,24357.167550223214,0.009080779146249713,24054.202287946428,0.021790259978448804,23328.7629296875,0.05356420670284495,24404.664082512416,0.007116898895856319,24095.523027187173,0.02003802040914528,23685.517177318918,0.037695289715312386,24408.015513392857,24104.96222908362,0.019638586270846737,27.571443599351607,57.720469295422774,341.5309457641306,332.81544359116367,8.715502172966922,64.87847947996535,61.5499848687071,112.48914007772943,1.367816656745264,-35.12152051994584,321.7646484375,0.013091385449035813,0.19891970173708565,0.12215519297292908,0.11811937141229223,0.14727420667209112,381955.0,1.107460302915262,-3672500.0,-3763097.910735226,49.283272404570056,0.0036027960647212775,24666.900390625,2,0.00983951138687529
2025-05-13 18:30:00+00:00,24613.80078125,24767.55078125,24535.55078125,24666.900390625,345500,0.0,0.0,0.0036027960647213586,0.02744503459784231,0.010342256863165034,0.013599271139997926,0.0805285288142299,0.003596321541244558,252.5,330.951171875,53.75,0.0014423739770336858,24463.678571428572,0.008307083442216432,24381.30691964286,0.011713624373106944,24162.190383184523,0.020888421100750242,23371.0339453125,0.055447544526473685,24457.111344134933,0.008577834215092926,24147.46642386334,0.021510909577176798,23724.002793526997,0.039744456502729335,24449.31322544643,24198.475446162392,0.019357622157013827,38.23709753324399,56.526038755156584,343.3062174580773,334.9135983645464,8.392619093530925,72.74301068361083,78.59633211246044,108.3522631707125,2.610514807793461,-27.256989316300356,321.23953683035717,0.013023101068362675,0.19146304859448257,0.12193579256375658,0.118414085466711,-0.18321513002364065,379120.0,0.9113209537877166,-3327000.0,-3721564.77637949,41.767364711734125,0.016021438141461865,25062.099609375,2,0.009979207348498905
2025-05-14 18:30:00+00:00,24694.44921875,25116.25,24494.44921875,25062.099609375,500800,0.0,0.0,0.01602143814146184,0.005512619808131447,0.03247529446372943,0.029912650261535445,0.0743101808758011,0.015894449466611917,788.298828125,727.900390625,535.798828125,0.00111683380111549,24561.178571428572,0.020394829038420676,24439.5498046875,0.025473047157688215,24268.549851190477,0.03269868875768707,23421.324921875,0.07005473400727573,24578.108997182946,0.019691938555871303,24230.61489527349,0.03431546073821126,23776.477178462213,0.05407119066727455,24540.08558407738,24288.815267271853,0.03183705477578738,68.26733479812248,64.04796467090301,372.31064187688753,342.39300706701465,29.91763480987288,95.73081252369569,77.7841008957573,167.10998354365563,3.015391862938405,-4.26918747622546,356.24679129464283,0.014214562899644971,0.1851837730688642,0.1323105252171138,0.1289562560473967,0.4494934876989869,384745.0,1.3016413468661028,-2826200.0,-3636291.9405338243,43.48229915478066,-0.0016877607536591724,25019.80078125,0,0.0061442347965216335
2025-05-15 18:30:00+00:00,25064.650390625,25070.0,24953.05078125,25019.80078125,432700,0.0,0.0,-0.0016877607536591732,0.017960976993614652,0.04214431777949024,0.027646522284286768,0.06752519990673211,-0.0016891866264205442,1011.80078125,673.1015625,223.501953125,0.00010177843396032651,24647.66434151786,0.015098243572932768,24509.58203125,0.020817113459929443,24349.08556547619,0.027545807170876586,23470.819921875,0.06599602674857001,24666.44735399636,0.014325266309433834,24302.3590667259,0.02952148441862049,23825.23496680683,0.050138679266222584,24617.45238095238,24369.53492919888,0.026683556085100528,86.85656038509481,67.91007127730583,387.4177842135432,351.39796249632036,36.01982171722284,91.82979934342073,86.76787418357576,185.90163434505413,2.81004680094043,-8.170200656494561,327.62890625,0.013094784771248622,0.18609533037851658,0.13167463958043,0.12829069638471083,-0.13598242811501593,388960.0,1.1124537227478375,-3258900.0,-3600349.8509591743,51.36768204485602,-0.0029717088137536066,24945.44921875,0,0.008704502941588975
2025-05-18 18:30:00+00:00,25005.349609375,25062.94921875,24916.650390625,24945.44921875,255300,0.0,0.0,-0.0029717088137536374,0.011292413060169704,0.0008325075387225489,0.019798693863172234,0.04585841273922586,-0.002976133107706799,20.75,484.298828125,-991.05078125,-0.0005775894061406445,24743.614118303572,0.008157058200205122,24553.649832589286,0.015956869501359217,24420.90699404762,0.021479227812063358,23527.234921875,0.060279684441639295,24722.247726947087,0.009028365635201343,24360.821807819,0.023998673589218984,23869.164937471272,0.04509099015814607,24675.56800595238,24436.732030836672,0.020817725842856453,100.35215434389671,62.229643716300465,388.9076681329898,358.89990362365427,30.007764509335516,85.53148824643327,91.0307000378499,149.833266568102,2.511896917195427,-14.468511753482026,315.52525111607144,0.012648609706290531,0.1792945940048153,0.12167138224826238,0.12116698570611528,-0.409983822509822,376460.0,0.6781596982415112,-3514200.0,-3592145.1032487764,45.84229919482756,-0.010484831354666864,24683.900390625,0,0.009179772587749551
2025-05-19 18:30:00+00:00,24996.19921875,25010.349609375,24669.69921875,24683.900390625,414800,0.0,0.0,-0.010484831354666824,-0.015090484222978984,0.004294461708272745,0.012481779279631233,0.02314349688583861,-0.010540184450815589,105.55078125,304.30078125,84.80078125,0.002034439209932216,24840.171316964286,-0.006291056705899474,24578.503487723214,0.004288174133727342,24460.537946428572,0.009131542596716728,23578.5269140625,0.04688051465603635,24714.578259682672,-0.0012412863669098565,24390.19258807409,0.012042045239712916,23901.11534739887,0.032750983870352565,24692.93474702381,24475.661187134345,0.008508011362737274,85.43296242651317,56.266113652275514,364.77866590454505,360.07565607983247,4.703009824712581,63.375721357421966,80.245669649092,85.29968729764121,1.3849974850607227,-36.62427864249333,327.9359654017857,0.013285419249476604,0.181323666721895,0.12254062663403144,0.12028499694273301,0.6247551899725812,376895.0,1.100571777285448,-3929000.0,-3624226.5219869884,38.54474575317522,0.005248312708886272,24813.44921875,2,0.008220860815648523
2025-05-20 18:30:00+00:00,24744.25,24946.19921875,24685.349609375,24813.44921875,332700,0.0,0.0,0.00524831270888626,-0.008247530198347564,0.005941112413973881,0.01634481378777708,0.026738632601971624,0.0052345883147392296,146.548828125,399.048828125,40.998046875,0.0024448976223351826,24824.278459821428,-0.0004362358845174264,24612.73563058036,0.008154867105477474,24493.295014880954,0.013071095729444423,23633.142890625,0.049942842286675455,24734.35245149614,0.003197850738521083,24428.670463590082,0.015751113255770454,23936.893146275386,0.036619458804367455,24724.26084449405,24509.552325796998,0.012399120510786704,76.84472326509625,58.25083928697063,352.0515345970234,358.4708317832707,-6.419297186247263,74.34978557808188,74.41899839397904,81.07791660792938,1.4402381838100629,-25.650214421833418,332.57156808035717,0.01340287539827554,0.18188782275301352,0.1236595774912614,0.12171757526851006,-0.1979267116682739,371485.0,0.8955947077270929,-3596300.0,-3621566.8532263227,45.66172867421001,-0.008211272774042176,24609.69921875,0,0.008022674536037321
2025-05-21 18:30:00+00:00,24733.94921875,24737.5,24462.400390625,24609.69921875,403300,0.0,0.0,-0.008211272774042211,-0.013459368763246715,-0.018051176783918432,0.013837900398336433,0.01153975033922272,-0.008245170966734258,-452.400390625,335.8984375,-598.94921875,-0.003203907659073996,24828.756975446428,-0.00882274359981245,24631.521344866072,-0.0008859430893666643,24514.36402529762,0.003888952344592604,23678.590859375,0.03932279437170605,24709.421804946913,-0.0040358122089665365,24445.127623150074,0.006732286210036642,23963.277698137135,0.02697550513563883,24723.855989583335,24528.079068554034,0.003327620967293878,40.118818387393,54.24810208342449,321.81459087065014,351.13958360074656,-29.324992730096426,57.0901498305319,64.93855225534526,21.957047416120485,0.9438202967308266,-42.90985016938339,332.6000279017857,0.013514997682229532,0.18380053532568927,0.12416487568585856,0.12195106437177927,0.21220318605350164,370900.0,1.0873550822324047,-3999600.0,-3657570.0100619113,37.68889522275815,0.00989248871800578,24853.150390625,2,0.006802430578500141
2025-05-22 18:30:00+00:00,24639.5,24909.05078125,24614.05078125,24853.150390625,270500,0.0,0.0,0.009892488718005854,0.006856695956538594,-0.006660740110684182,0.03520286532093464,0.025011700207260734,0.009843878373448323,-166.650390625,845.150390625,285.75,0.0012109364273454317,24855.364118303572,-8.906438336753966e-05,24659.521344866072,0.007852100738331314,24539.325985863095,0.012788631804422154,23724.7598828125,0.04756172510854023,24738.16752208253,0.004647994579219538,24482.22060201143,0.015150986286884365,23998.174666469993,0.035626698115066836,24753.40652901786,24550.4440320538,0.012329974894790645,-6.065301451285014,56.07846177677621,313.8778812531673,343.68724313123073,-29.80936187806344,77.71286663483463,69.71760068114948,64.98062876366203,1.797095128203352,-22.287133365080656,341.146484375,0.013726488554290973,0.18597848370788134,0.12620723584109397,0.12339441792657353,-0.3292834118522192,366485.0,0.7380929642413722,-3729100.0,-3664382.390056015,37.47957704136488,0.005954979456279632,25001.150390625,2,0.005287457581715711
2025-05-25 18:30:00+00:00,24919.349609375,25079.19921875,24900.5,25001.150390625,302800,0.0,0.0,0.005954979456279652,0.007564493360848967,0.0022329191744172583,0.003067285635185879,0.04000943440145788,0.0059373186446142635,55.701171875,76.451171875,222.3515625,0.002663614781608078,24846.657087053572,0.006217870799686793,24703.917829241072,0.012031798496030165,24575.25223214286,0.017330367739830415,23773.732890625,0.05162914489057674,24790.764095791026,0.008486478836272928,24529.39603733994,0.019232204191530555,24037.507047809406,0.04008915487362793,24798.957068452382,24593.91647930167,0.016558318869873422,13.24142466169464,59.44333594836567,315.8889733619435,338.1275891773733,-22.238615815429796,90.24992720238014,75.01764788924889,108.61312370329799,2.99643890105913,-9.750072797535154,344.5892857142857,0.01378293719810137,0.18288917149144177,0.11859770731886721,0.11450320949569236,0.11940850277264325,362240.0,0.8359098939929306,-3426300.0,-3641707.8767173467,43.40235312227148,-0.0069977248703165145,24826.19921875,0,0.003727082559145136
2025-05-26 18:30:00+00:00,24956.650390625,25062.900390625,24704.099609375,24826.19921875,525700,0.0,0.0,-0.0069977248703164685,0.008797344415938602,0.005764843718906176,0.010084062327783805,0.020457456018661224,-0.00702232377173064,142.298828125,247.849609375,86.59765625,-0.0017799180959562945,24818.99972098214,0.00029008009383117527,24733.33203125,0.0037547382367511453,24612.721261160714,0.008673480486944342,23821.050859375,0.042195802582713264,24797.851120382824,0.0011431675361529214,24556.37814474085,0.010987820452134738,24068.436152552174,0.03148368516321083,24815.261253720237,24627.975221782366,0.008048733003121806,-4.74012257939177,56.000974541574614,299.9085221481728,330.48377577153326,-30.57525362336048,75.42983640400219,81.13087674707232,67.44411592343457,3.4080274023240835,-24.570163595913115,353.8179408482143,0.014251796569044642,0.1815525020830325,0.11961304214798558,0.11775790519962817,0.7361294583883751,372500.0,1.411275167785231,-3952000.0,-3671259.507506171,41.74387294431386,-0.002970652065995679,24752.44921875,0,0.003741698308746722
2025-05-27 18:30:00+00:00,24832.5,24864.25,24737.05078125,24752.44921875,684400,0.0,0.0,-0.0029706520659956714,-0.0040518473631007135,-0.002458344241553778,0.003468162872928948,0.017114598500193257,-0.002975073210803887,-61.0,85.548828125,-203.298828125,0.00025379564525692994,24791.428292410714,-0.0015722802736881714,24767.52120535714,-0.0006085383548144762,24632.909319196428,0.004852853473560679,23866.1418359375,0.03713660083415191,24788.77074005626,-0.0014652409224781662,24574.20278783259,0.007253396273170578,24095.260194363855,0.0272746182894444,24817.810212053573,24654.013188223234,0.003992698055900392,-23.970091537498572,57.11374656288932,278.0872737938116,320.00447537598893,-41.91720158217731,69.18248358740433,78.28741573126221,40.79939199545871,-0.6910815592527403,-30.817516412510955,341.68568638392856,0.013804116245801145,0.18210814940629008,0.11922140961594027,0.11703171937676615,0.3018832033479171,388840.0,1.7601069848780946,-4636400.0,-3763177.6496484405,39.64466856138456,0.003278479228775814,24833.599609375,2,0.004409597216163518
2025-05-28 18:30:00+00:00,24825.099609375,24892.599609375,24677.30078125,24833.599609375,345400,0.0,0.0,0.003278479228775888,-0.006701722866033766,0.009098054739913763,-0.00911735263850455,0.020522573442244285,0.003273116733106363,223.900390625,-228.5,284.900390625,0.002935078867668753,24812.813895089286,0.0008377008094928982,24826.492606026786,0.0002862669109565727,24656.606956845237,0.007178305305329893,23913.403828125,0.03848033462169457,24797.73651392001,0.001446224555005607,24597.784317063717,0.009586850964771085,24124.214681227037,0.02940551381761507,24826.62066592262,24679.603665265542,0.006239806205890898,-10.160011572842556,62.98276057971414,264.29530383619203,308.8626410680296,-44.56733723183754,61.66934623047188,68.76055540729281,41.17695747395306,1.0385156206852424,-38.33065376939251,332.91768973214283,0.01340593772021873,0.1822566922358404,0.11940145580479444,0.11728563010475677,-0.4953243717124488,384885.0,0.8974109149486187,-4291000.0,-3813446.4449200174,45.66094123831056,-0.0033382349691143463,24750.69921875,0,0.004967500436718489
2025-05-29 18:30:00+00:00,24812.599609375,24863.94921875,24717.400390625,24750.69921875,853900,0.0,0.0,-0.00333823496911434,-0.0030411421150192686,-0.004122260971536451,-0.010755543773220855,0.01659362513045992,-0.0033438193068198903,-102.451171875,-269.1015625,-326.3515625,-0.0008456285166195313,24803.849609375,-0.002142828289238975,24814.064034598214,-0.002553584763860597,24676.440290178572,0.0030093047335105374,23960.473828125,0.032980374106683766,24788.329054886006,-0.0015180464989263647,24611.68567176247,0.005648274110172753,24148.78270230637,0.024925335734878217,24816.51488095238,24704.79360745226,0.001858166152980611,-1.4300031563923228,46.291245160208305,243.86458049946668,295.863028954317,-51.99844845485029,44.092528922688714,58.314786246854986,29.735379955668343,0.3397217599210216,-55.90747107715834,276.4711216517857,0.011170234796531835,0.18292653310301002,0.11609480799310276,0.1124988751049191,1.4722061378112334,406525.0,2.1004858249800082,-5144900.0,-3940251.545403825,35.987345197062254,-0.0013777230725331466,24716.599609375,1,0.006567547439100725
2025-06-01 18:30:00+00:00,24669.69921875,24754.400390625,24526.150390625,24716.599609375,311100,0.0,0.0,-0.0013777230725331435,-0.0014483257417550188,-0.011381507522817857,-0.00917400233478205,0.01044305826466374,-0.001378673005562118,-284.55078125,-228.849609375,-182.099609375,-0.003272634816661455,24819.12109375,-0.004130745967503782,24823.939034598214,-0.004324028715733058,24694.054594494046,0.0009129733958707612,24004.6308203125,0.029659643357647807,24773.983165783808,-0.0023162830145157967,24621.223302454517,0.003873743629585265,24171.05003199534,0.022570371442593176,24803.519624255954,24711.95961281022,0.00018776319796080622,3.350102587977765,53.39922664483617,222.35832322853457,281.16208780916054,-58.803764580625966,38.87732210968123,48.21306575428061,-11.631674909642133,-1.3785756396512954,-61.12267789016583,262.3246372767857,0.010613298003066547,0.18251703174732065,0.1172513861964282,0.11413461942223053,-0.6356716243119803,407505.0,0.7634262156292543,-5456000.0,-4084608.541079651,36.66040655031529,-0.007043833380258507,24542.5,0,0.006301384992395304
2025-06-02 18:30:00+00:00,24786.30078125,24845.099609375,24502.150390625,24542.5,349300,0.0,0.0,-0.007043833380258491,-0.011722006231634108,-0.011427412478658305,-0.005728446006803001,0.006681832074155958,-0.007068758288164619,-283.69921875,-141.400390625,0.8515625,0.0028200146046205945,24774.74246651786,-0.009374162691366676,24815.053292410714,-0.010983385334661314,24697.928385416668,-0.006293174997966107,24038.7948046875,0.02095384562350268,24727.68653262705,-0.007489035918612782,24614.066638595014,-0.0029075503713309058,24185.616697407288,0.014756014165682025,24765.99441964286,24719.713311367723,-0.007168906416330543,-18.713120788977534,47.06478189869356,189.08640555069724,262.7469513574679,-73.66054580677064,12.250463749828175,31.740104927399376,-30.605051987987366,-1.907692173183382,-87.74953625001889,270.2495814732143,0.011011493591655425,0.18404132458196493,0.11993686028295489,0.11642056499977255,0.12279009964641596,409850.0,0.852263023057214,-5805300.0,-4248483.918119685,36.63957338582942,0.0031659048079861465,24620.19921875,2,0.0037044757972438786
2025-06-03 18:30:00+00:00,24560.44921875,24644.25,24530.44921875,24620.19921875,280900,0.0,0.0,0.003165904807986175,-0.005272578315732579,-0.00534290561839923,-0.00778811515869271,0.008429403337057773,0.0031609038835467354,-132.25,-193.25,151.44921875,0.000731352500763951,24720.320870535714,-0.004050176060014061,24783.48897879464,-0.006588651024250436,24709.38550967262,-0.0036094095050523333,24073.046796875,0.022728839705741074,24706.18906985164,-0.0034804983827541325,24614.62414588183,0.00022649433260198907,24202.659149224648,0.017251826212604866,24740.013876488094,24730.04690881536,-0.0044418714800818875,-24.56670875123097,37.73588792048896,167.06206122418007,243.60997333081033,-76.54791210663026,25.58351620161716,25.57043402037553,-51.562549296638906,-1.3038450306018783,-74.41648379822071,233.9638671875,0.009502923396708775,0.18427385364292287,0.11864926793674171,0.11562418687585957,-0.19582021185227594,407390.0,0.6895112791182879,-5524400.0,-4369999.7354416195,29.339812237830074,0.005308696762106699,24750.900390625,2,0.003930864365499657
2025-06-04 18:30:00+00:00,24691.19921875,24899.849609375,24613.099609375,24750.900390625,388400,0.0,0.0,0.005308696762106768,0.001387762952513416,-0.0033301341751028612,0.005737622821794464,0.01965491987326229,0.005294655304090157,-82.69921875,141.201171875,49.55078125,0.0028838109460107724,24709.563895089286,0.0016728945808682282,24764.281808035714,-0.0005403515237971131,24725.409319196428,0.0010309666100767262,24104.251796875,0.026827158926119754,24715.131334006313,0.0014472533499941143,24627.012895403932,0.005030553065742855,24224.15880575015,0.021744473733791486,24735.668731398808,24753.482159528798,-0.00010429922089986387,-34.98891255889023,42.8862404032864,158.32898395298616,226.5537754552455,-68.22479150225934,46.77375942437184,28.202579791939062,5.0979473376334274,0.2714319817359336,-53.226240575466036,246.09249441964286,0.009942769375486896,0.1834877521565115,0.1183561205762,0.11596704927724888,0.38269846920612327,406240.0,0.9560850728633297,-5136000.0,-4442952.141590036,28.736808142564357,0.010187523954502602,25003.05078125,2,0.007366778098088927
2025-06-05 18:30:00+00:00,24748.69921875,25029.5,24671.44921875,25003.05078125,335600,0.0,0.0,0.01018752395450262,0.018765438779667853,0.01019573468489443,0.00603144423419022,0.04144663367419188,0.010135980900817266,252.3515625,149.900390625,335.05078125,-8.893300204277247e-05,24745.364118303572,0.01041353288294563,24768.39620535714,0.009473951157245131,24760.13550967262,0.009810740796732565,24137.3048046875,0.03586754956975702,24772.715223455052,0.009297953644453738,24661.198157753573,0.013861963287819124,24254.703589103086,0.03085369356907304,24767.504594494047,24789.225299872764,0.008625742789078822,-13.997553659919488,51.39282185711308,169.79707156583027,215.20243467736248,-45.40536311153221,87.65425061971027,53.3371754152331,79.01915615000594,0.7641080481335183,-12.345749380127609,261.21763392857144,0.010447430444146052,0.18048987169767897,0.12058767591625388,0.11714475407289873,-0.1359423274974253,406240.0,0.8261126427727432,-4800400.0,-4476994.794771938,34.15808502437933,0.004005448710087097,25103.19921875,2,0.005922336852374358
2025-06-08 18:30:00+00:00,25160.099609375,25160.099609375,25077.150390625,25103.19921875,279200,0.0,0.0,0.004005448710087123,0.019618037843989633,0.015641294331942168,0.0040817653000186915,0.007161570875275469,0.003997448256890138,386.599609375,102.048828125,134.248046875,0.006281186623944546,24783.878348214286,0.012884217153152239,24798.346121651786,0.012293283415059277,24812.28785342262,0.011724487763720728,24166.201796875,0.03877305295017963,24838.81202251404,0.01064411599058386,24701.380072389613,0.016267072737750025,24287.977927520613,0.03356480698648979,24812.144996279763,24802.31727793267,0.012131202800353682,22.00750999312367,60.99713444693685,184.83608027599985,209.12916379708997,-24.293083521090125,91.84456724376712,75.42419242928308,182.9983393637152,2.0053069142104136,-8.155432756089558,248.10323660714286,0.00988333138119784,0.12072892351481718,0.11044211673490266,0.11173463842232374,-0.16805721096543502,401765.0,0.6949336054658801,-4521200.0,-4481204.814317468,39.94864400205638,4.185845958690213e-05,25104.25,1,0.007541717699390575
2025-06-09 18:30:00+00:00,25196.05078125,25199.30078125,25055.44921875,25104.25,307300,0.0,0.0,4.18584595869298e-05,0.014276232532891564,0.02288886625241937,0.011199893257925808,0.021396896007387145,4.18575835460567e-05,561.75,278.05078125,175.150390625,0.0036987939939800147,24834.385602678572,0.010866562259237442,24819.117606026786,0.011488417859946963,24820.837890625,0.011418313540576938,24194.9137890625,0.03758377561768937,24891.899618011237,0.008530903034620233,24738.00461126328,0.014804968892679075,24319.98859702961,0.0322476057026666,24852.932180059524,24820.102389635955,0.011448285180430373,43.742516303620434,58.17819893921578,194.5962083363811,206.22257270494822,-11.626364368567124,87.10127142553773,88.8666964296717,155.23703303584622,1.0103331184512874,-12.898728574326574,239.64271763392858,0.009545902292795803,0.1083676150937272,0.10487735121985639,0.10681209930387556,0.10064469914040108,395980.0,0.7760492954189586,-4213900.0,-4455747.212953899,39.718184740428015,0.0014798446727147794,25141.400390625,1,0.0075715402448839715
2025-06-10 18:30:00+00:00,25134.150390625,25222.400390625,25081.30078125,25141.400390625,301200,0.0,0.0,0.0014798446727146697,0.005533309138369136,0.021169656965166483,0.015713643867628635,0.019236304216817546,0.001478750781646587,521.201171875,388.951171875,-40.548828125,0.0011910489508748043,24895.071428571428,0.009894687900788957,24857.096261160714,0.011437543889971606,24847.649832589286,0.011822066071231785,24228.0048046875,0.03769999194323842,24941.799772533992,0.008002654977240297,24774.67695484162,0.014802349853110729,24352.20082422943,0.032407730705403766,24895.90321800595,24839.827374648292,0.012140704982695797,58.52130681108832,66.49910847022235,202.98897563199353,205.57585329035732,-2.5868776583637896,88.75390489401076,89.23324785443855,145.8045649292052,0.5609741864221804,-11.246095105850404,224.64634486607142,0.008935315510500802,0.10797373007699736,0.1036328491679715,0.10522020667597266,-0.01985030914415875,393765.0,0.7649232410193878,-3912700.0,-4404028.430767814,45.905433590640854,-0.010071084662786582,24888.19921875,0,0.007338996496808469
2025-06-11 18:30:00+00:00,25164.44921875,25196.19921875,24825.900390625,24888.19921875,328300,0.0,0.0,-0.010071084662786611,-0.008564645411387017,0.005547225594144667,0.0021986184135136533,-0.0069387798043843985,-0.010122141121121413,137.298828125,54.599609375,-383.90234375,0.0009167678715937312,24944.45703125,-0.002255323193826945,24859.599748883928,0.0011504396754157431,24858.18787202381,0.0012073022732266552,24253.9298046875,0.026151201853478155,24931.079661777196,-0.0017199593282330116,24784.99716065147,0.00416389227037592,24373.22036911259,0.02112888005107461,24900.050279017858,24842.057045180605,0.001857421609066975,58.72731217722497,51.081051447848495,187.05285680368615,201.8712539930231,-14.818397189336935,53.599281933282064,76.48481941761018,54.54025002477351,0.24973617368369447,-46.4007180665791,229.71400669642858,0.009229836384601097,0.09910841921665399,0.09423407272894674,0.09467375595584147,0.08997343957503312,385140.0,0.85241730279898,-4241000.0,-4388501.913551832,40.58773389457779,-0.006814458847919736,24718.599609375,0,0.006039486307640017
2025-06-12 18:30:00+00:00,24473.0,24754.349609375,24473.0,24718.599609375,318700,0.0,0.0,-0.006814458847919758,-0.01536195626736514,-0.011376658567134212,-0.001296917274590914,-0.012038511997294665,-0.006837783295332098,-284.451171875,-32.099609375,-421.75,-0.016682573741099962,24958.514229910714,-0.009612536160032568,24839.417550223214,-0.004863960300354273,24841.830729166668,-0.0049606295580694815,24277.9148046875,0.018151674401723918,24888.583651296758,-0.006829799730805277,24778.96101962634,-0.002435994398777507,24386.76465304445,0.013607174262417348,24881.250260416666,24824.11462364596,-0.004250504635136082,41.77843539055884,41.3995562622655,158.90632356294373,193.27826790700723,-34.37194434406351,32.772815766728144,58.37533419800699,-90.5645714622246,-0.13675256567886432,-67.22718423313843,243.22474888392858,0.009839746293381083,0.10167767390306114,0.09682197471830131,0.09580627385190345,-0.02924154736521478,379440.0,0.8399219903014947,-4559700.0,-4404806.493213562,35.070033467949415,0.009219793767708605,24946.5,2,0.007368270887560417
2025-06-15 18:30:00+00:00,24732.349609375,24967.099609375,24703.599609375,24946.5,305800,0.0,0.0,0.00921979376770854,-0.007752169234681028,-0.006242201138767944,0.009301457087883547,4.212316406038141e-05,0.00917755091754434,-156.69921875,229.900390625,127.751953125,0.0005562612857236659,24986.45703125,-0.0015991475382053982,24848.01046316964,0.0039636789825221,24838.34021577381,0.004354549590938393,24313.5308203125,0.026033618250076104,24900.166921037406,0.0018607537495440244,24794.191836023943,0.006142896892277778,24408.715058807415,0.02203249699531045,24895.527920386903,24821.004442948386,0.005056022504651784,36.548124469475646,53.54743661174843,153.2233862468347,185.26729157497275,-32.04390532813804,63.18384750299758,49.851981734335936,20.253976529775734,0.4546275707142114,-36.81615249686898,236.41755022321428,0.00947698275201751,0.10695588549955445,0.09864238239298811,0.0966350565804689,-0.04047693755883275,381965.0,0.8005969133297532,-4253900.0,-4390434.446240842,42.18662036522936,-0.0037319707924959415,24853.400390625,0,0.007314708395367081
2025-06-16 18:30:00+00:00,24977.849609375,24982.05078125,24813.69921875,24853.400390625,242400,0.0,0.0,-0.0037319707924959866,-0.001398205945683073,-0.009992316415547209,0.012667837042884766,0.0068668240155584925,-0.0037389519699400583,-250.849609375,310.900390625,-94.150390625,0.0012566736566251276,24965.07840401786,-0.004473369223422141,24855.221261160714,-7.32590756920367e-05,24833.956938244046,0.0007829381531628014,24343.9518359375,0.020927109867815766,24890.813614954925,-0.0015030936677555772,24799.574431896766,0.00217043880636119,24426.15369927085,0.017491361784351935,24896.246577380953,24824.853046636792,0.0011499501702820507,9.682844064482886,52.943266651429006,139.5980575590329,176.13344477178478,-36.535387212751885,50.76063415275757,48.905765807494426,23.07530403674481,0.41494250714821884,-49.23936584710899,239.35700334821428,0.009630754729179552,0.10065665595017821,0.0953068695787537,0.09533861943218586,-0.2073250490516677,373345.0,0.6492654247411894,-4496300.0,-4400516.879932191,50.848074599798416,-0.0016637405234334682,24812.05078125,0,0.007012964998647402
2025-06-17 18:30:00+00:00,24788.349609375,24947.55078125,24750.44921875,24812.05078125,237600,0.0,0.0,-0.0016637405234334324,0.003780601383241766,-0.013099891185767487,0.007792445576715323,-5.6358045496640585e-05,-0.0016651260767121068,-329.349609375,191.8515625,-78.5,-0.0026173795226240074,24923.485770089286,-0.004471083614356025,24853.682059151786,-0.0016750547384770625,24840.05933779762,-0.0011275559436767647,24375.190859375,0.017922317999284877,24875.061048213942,-0.0025330698421929506,24800.708645474333,0.0004573311165338917,24441.286918171994,0.01516957205728513,24890.49051339286,24825.679067854366,-0.000548959267825701,-18.12018623517735,49.35680914801984,124.0335370978355,165.71346323699493,-41.67992613915942,45.24294162253894,53.06247442609803,-0.6291886057992607,0.3861824578765743,-54.75705837732762,238.05719866071428,0.00959441848477112,0.0991852272892541,0.0941657707272196,0.09393210640023696,-0.01980198019801982,368590.0,0.6446186820043934,-4733900.0,-4432267.653271982,44.84942640342749,-0.0007577278241026089,24793.25,1,0.007233799123453602
2025-06-18 18:30:00+00:00,24803.25,24863.099609375,24733.400390625,24793.25,274600,0.0,0.0,-0.0007577278241026608,-0.006143146333152938,-0.0038150296819573493,0.0017110330818930208,0.007458473166147117,-0.0007580150449296773,-94.94921875,42.349609375,234.400390625,-0.00035469785740766864,24879.057198660714,-0.0034489730850946186,24856.72140066964,-0.0025534904481782873,24839.097470238095,-0.0018457784262502874,24412.966875,0.015577095850214485,24858.698838571156,-0.0026328344454457746,24800.03058679485,-0.0002734104206491728,24455.08939196917,0.013827821383546659,24882.432905505953,24836.963762512623,-0.0017600284370749234,-39.96494896401098,51.32059093763064,108.92584721116509,154.35594003182896,-45.43009282066387,42.73416507462508,46.245913616640536,-27.47469781799082,1.0216970561270848,-57.265834925241485,236.85365513392858,0.009553150762159823,0.09439865821183448,0.09177782777359493,0.09127075152162839,0.1557239057239057,362155.0,0.758238875619553,-5008500.0,-4487146.924388937,50.92803039974479,0.012872470959837859,25112.400390625,2,0.007614081824334814
2025-06-19 18:30:00+00:00,24787.650390625,25136.19921875,24783.650390625,25112.400390625,574700,0.0,0.0,0.01287247095983779,0.010421109221645963,0.015931354828881306,0.004373450677346957,0.010431273135408814,0.012790324902965947,393.80078125,109.349609375,488.75,-0.00022585217246628715,24874.91434151786,0.009547210729918052,24884.99288504464,0.009138339184216391,24863.035621279763,0.010029538353385959,24471.982890625,0.026169415975086825,24909.439148981928,0.008147965131979252,24828.4278416885,0.011437395502734236,24480.86629387724,0.025797048567096,24916.5234375,24851.80548480672,0.01048595467148602,-24.35982217718197,60.437225227303124,121.30730826478612,147.74621367842042,-26.438905413634302,85.32159825682594,57.76623498466333,78.55364407010802,1.9991762353414853,-14.67840174304062,245.73214285714286,0.00978529089353283,0.09886494642656866,0.09319232162092675,0.09072619722100478,1.0928623452294248,377365.0,1.5229287294794125,-4433800.0,-4482066.264923324,60.66588329192152,-0.005594845487269774,24971.900390625,0,0.006600244970587511
2025-06-22 18:30:00+00:00,24939.75,25057.0,24824.849609375,24971.900390625,248500,0.0,0.0,-0.0055948454872697395,0.0064424182742603975,0.0010181945613612076,-0.005230362352657059,-0.0011699461641960784,-0.005610555258512813,25.400390625,-131.298828125,-368.400390625,-0.006875105045292573,24886.871651785714,0.0034166101721821566,24915.66434151786,0.002257055976365475,24868.690383184523,0.004150198737857965,24520.70390625,0.018400633444294268,24921.93139731054,0.002005020899778603,24841.470800682728,0.005250477759098,24500.12253296539,0.019256142781523017,24928.111104910713,24849.372757672783,0.004930813914181342,-11.324166139199763,61.527515176220426,118.41748648896464,141.88046824052927,-23.462981751564627,66.57327603048769,64.87634645397958,49.75627252041398,0.8928968098619157,-33.42672396937887,241.77511160714286,0.009681886753717025,0.09897115107469326,0.09405402949728157,0.0921906829508325,-0.5676004872107187,374650.0,0.663285733351126,-4682300.0,-4501136.144454435,61.98912086641912,0.00290122968683629,25044.349609375,2,0.0062769551866416525
2025-06-23 18:30:00+00:00,25179.900390625,25317.69921875,24999.69921875,25044.349609375,450200,0.0,0.0,0.0029012296868362597,0.010127740791344486,0.007683021870199536,-0.002386065730902165,0.008787103845531163,0.0028970292423300638,190.94921875,-59.900390625,165.548828125,0.008329362072823237,24933.407366071428,0.0044495420010076375,24945.960797991072,0.003944077848139926,24870.747488839286,0.006980173017059921,24573.607890625,0.019156394162599608,24946.415039723437,0.003925797333829844,24859.91432874566,0.007418982953455641,24521.464771255964,0.021323556443167302,24945.269140625,24864.768648966758,0.007222305702639126,7.948521674120718,61.41876280959431,120.58331894108414,137.62103838064024,-17.0377194395561,67.63941491739702,73.17809640157022,119.80352036019117,0.1651751559692415,-32.3605850824846,258.34640066964283,0.010315556390928363,0.0959322731606675,0.09288341040945008,0.09048549719208422,0.8116700201207243,370875.0,1.2138860802157028,-4232100.0,-4475513.654506394,69.48027544168497,0.008001820520425211,25244.75,2,0.0064451163623537285
2025-06-24 18:30:00+00:00,25150.349609375,25266.80078125,25125.05078125,25244.75,260600,0.0,0.0,0.008001820520425307,0.005270289072979661,0.017439075172173357,0.004110733999269867,0.019888972476997724,0.00796997571939643,432.69921875,103.349609375,241.75,0.004232491625988009,24976.014508928572,0.010759742751404457,24981.235770089286,0.010548486565513143,24890.67847842262,0.01422506509351712,24621.931875,0.025295258234076985,25006.08203177875,0.009544396755874445,24894.89938976878,0.014053104001496253,24549.828897873376,0.028306555822341914,24985.10770089286,24885.56158772992,0.014433606852865499,42.925307759948446,62.814274086584064,136.89238328885767,137.47530736228373,-0.5829240734260566,91.36388229897204,75.19219108228559,139.92078545561603,0.5638754647027926,-8.636117700909574,253.75362723214286,0.010051738568697762,0.09860505130133343,0.09301409107568341,0.09057444760575688,-0.4211461572634385,349685.0,0.7452421465032795,-3971500.0,-4427512.354077213,68.64709526315971,0.01205201081412967,25549.0,2,0.006681435703240689
2025-06-25 18:30:00+00:00,25268.94921875,25565.30078125,25259.900390625,25549.0,428900,0.0,0.0,0.012052010814129765,0.023109959608506925,0.030482086858318214,0.026550767110228524,0.02880776052920364,0.011979963629751521,755.75,660.80078125,323.05078125,0.0009585842105783991,25075.385881696428,0.018887610365719808,25020.23214285714,0.02113361115611359,24928.609468005954,0.024886688236271135,24666.340859375,0.035783951322860705,25114.665625423,0.01729405364399181,24954.363081607982,0.023828975976960796,24589.01207834893,0.03904133759388888,25060.809598214284,24924.376034351506,0.025060766407455654,76.19393149328961,63.79320894401981,172.38076836715481,144.45639956325795,27.92436880389687,98.50766551385865,85.8369875767426,198.73520803993532,1.7716123763903813,-1.4923344860497945,251.07505580357142,0.009827196986322815,0.10593535962918432,0.09468394131951167,0.08970796345358766,0.6458173445894091,353860.0,1.212061267167803,-3542600.0,-4343234.987022241,69.35124119001154,0.0034757047731809464,25637.80078125,2,0.0033334686206226987
2025-06-26 18:30:00+00:00,25576.650390625,25654.19921875,25523.55078125,25637.80078125,564000,0.0,0.0,0.003475704773181043,0.02369601052258319,0.02092195020995069,0.03718662005133888,0.03584147480681965,0.00346967847107354,525.400390625,919.201171875,-230.349609375,0.0010822494275705083,25193.350167410714,0.017641584421519106,25058.41796875,0.02312128456084167,24966.904761904763,0.02687141340679453,24710.352890625,0.03753276591111868,25219.292656588404,0.01659476062078394,25016.49378157544,0.024835894474233927,24630.141047090146,0.04091165098215544,25143.152083333334,24999.44584529079,0.02553476344674391,93.3818129095564,63.58440599321091,205.30442847559243,156.62600534572485,48.67842312986758,98.61171280503049,96.1610868726204,205.75155619163186,1.9744341321976777,-1.3882871948848483,249.18931361607142,0.00971960566127436,0.1046100725517319,0.0944706587647416,0.08941030424201972,0.3149918395896478,339365.0,1.6619274232758192,-2978600.0,-4213269.75016298,71.22525111156764,-0.0047098423546652075,25517.05078125,0,0.0029138758696408197
2025-06-29 18:30:00+00:00,25661.650390625,25669.349609375,25473.30078125,25517.05078125,271000,0.0,0.0,-0.004709842354665206,0.010786432079937347,0.02183055282527313,0.022870975136792815,0.03238516561846927,-0.004720968611190444,545.150390625,570.55078125,19.75,0.0009302517629531348,25296.75027901786,0.008708648336338233,25087.903738839286,0.01710573537263387,25003.39769345238,0.020543331514184877,24743.6608984375,0.0312560815469834,25278.844281520724,0.009423156259694993,25061.998963364033,0.018157043999209727,24664.92182097877,0.03454821249611332,25204.303125,25037.076213751934,0.019170551840810172,107.75320916202317,59.887906432346874,219.1271886349059,169.12624200356106,50.000946631344846,87.26970553319802,94.79636128402906,160.57901809380581,2.5267057571052285,-12.730294466718389,252.91768973214286,0.009911713226591906,0.10659514244327381,0.0938182652759565,0.08767012482719358,-0.5195035460992907,337360.0,0.8032961821199882,-3249600.0,-4121491.6787188863,65.29929843914364,0.0009699396772838015,25541.80078125,1,0.002255536301167913
2025-06-30 18:30:00+00:00,25551.349609375,25593.400390625,25501.80078125,25541.80078125,260700,0.0,0.0,0.0009699396772837598,-0.000281780842694479,0.01986281055942407,0.027698438837555406,0.04071715518997654,0.0009694695897414579,497.451171875,688.400390625,-47.69921875,0.0013441533043544959,25358.093191964286,0.007244534827402619,25116.503766741072,0.016932970387068084,25042.69298735119,0.01993027643436285,24771.9858984375,0.03107602620026627,25331.43558146658,0.008304511566542367,25105.617310444573,0.01737393928266189,24699.30923118548,0.034109923568257115,25264.822730654763,25078.347731878614,0.018480206683722012,109.04415244890374,59.648193101825434,229.43416951602194,181.18782750605322,48.246342009968714,89.33849878610921,91.73997237477926,137.3600368387455,3.3302904892830254,-10.661501213807204,249.38197544642858,0.009763680234695427,0.10164044821747324,0.0893436731214523,0.08381396188064436,-0.03800738007380078,332930.0,0.7830474874598241,-2988900.0,-4013625.804555183,59.47521216122549,-0.0034610085397695964,25453.400390625,0,0.002550660029169108
2025-07-01 18:30:00+00:00,25588.30078125,25608.099609375,25378.75,25453.400390625,309800,0.0,0.0,-0.0034610085397696055,-0.007192519834223088,0.008265100293130212,0.02584831117062092,0.0338421783053835,-0.0034670116851196766,208.650390625,641.349609375,-288.80078125,0.001820545089919165,25426.87890625,0.0010430491478244268,25156.87527901786,0.011787040652638083,25086.069196428572,0.01464283588314062,24797.70890625,0.026441615507862972,25355.828543298267,0.003848103293493776,25137.23395409734,0.012577614430648679,24728.881433516442,0.02929849290014982,25309.742280505954,25117.122048666275,0.013388410555442916,92.64317654600957,64.79428397853175,227.84292201386415,190.51884640761543,37.324075606248726,81.94932174854505,86.18584202261745,107.37016293292012,2.0319499353615926,-18.050678251371373,239.31417410714286,0.009402051216515562,0.10335446941142919,0.09084466925020417,0.08539590477045447,0.1883390870732642,334375.0,0.9265046728971935,-3298700.0,-3945537.6326927845,59.62649543028415,-0.0018897125192245848,25405.30078125,0,0.002079567535937954
2025-07-02 18:30:00+00:00,25505.099609375,25587.5,25384.349609375,25405.30078125,293400,0.0,0.0,-0.00188971251922454,-0.004379424603493498,-0.0056244557027672615,0.024686186008288535,0.026439457971107583,-0.0018915002785163046,-143.69921875,612.05078125,-352.349609375,0.0020311321063821333,25478.443359375,-0.0028707632210224383,25205.925362723214,0.007909863084083896,25123.454985119046,0.011218432986143183,24819.2359375,0.023613331418654793,25365.722990888615,0.0015602863113974744,25161.603665656676,0.009685277569407836,24755.40768244717,0.02625257103980599,25342.86568080357,25153.696768433587,0.010002665418633472,63.296717164044836,69.19552529659812,220.16271171856715,196.44761946980577,23.71509224876138,72.65867687023282,81.31549913496237,90.68292872500315,2.220623262614645,-27.341323129663635,224.16782924107142,0.008823663658668678,0.10316597348361876,0.08906062190929148,0.08246871152281358,-0.05293737895416395,329625.0,0.8901023890784956,-3592100.0,-3911876.905769662,59.819646704866194,0.002192425085992604,25461.0,2,0.0029844657326538113
2025-07-03 18:30:00+00:00,25428.849609375,25470.25,25331.650390625,25461.0,193500,0.0,0.0,0.0021924250859925998,-0.003163472377770482,-0.006896097787736255,0.013881572607656434,0.018315733658126998,0.0021900252291445488,-176.80078125,348.599609375,-33.1015625,0.0009269257753633419,25509.33621651786,-0.001894844150690132,25242.675362723214,0.00864902923876229,25157.26925223214,0.012073279683998189,24843.521953125,0.024854690411449644,25384.778392710894,0.0030026500964447918,25188.821514233343,0.010805526793416974,24783.077969410027,0.02735423063376996,25376.875632440475,25174.84428166115,0.011366732407051744,52.723629518020026,65.91401175321819,216.07971868984532,200.3740393138137,15.705679376031611,77.7392186240577,77.44907241427853,70.87033232451516,2.615459820195002,-22.26078137583545,215.24637276785714,0.008453963817911657,0.0978222991169151,0.08440169541013681,0.0786247953232541,-0.3404907975460123,322520.0,0.5999627930050832,-3398600.0,-3862993.390934456,54.667216953849646,1.1813410706570834e-05,25461.30078125,1,0.004099116616075964
2025-07-06 18:30:00+00:00,25450.44921875,25489.80078125,25407.25,25461.30078125,196100,0.0,0.0,1.1813410706551508e-05,0.00031038645146641564,-0.002184813616507908,0.01959804351969674,0.014265176298028592,1.181334092876479e-05,-55.75,489.400390625,121.05078125,-0.0004143899002395658,25496.807756696428,-0.0013926047442978685,25286.096819196428,0.0069288654277617125,25179.090680803572,0.011208113272397563,24871.9609765625,0.023694947304027516,25400.082870418715,0.002410146106356906,25213.5923566894,0.00982440030981421,24809.67494242336,0.026264988974618295,25406.025688244048,25186.094890184348,0.010926898046941613,27.06641939907612,69.94814999903686,210.44233953697767,202.38769935844653,8.054640178531145,77.7713551165056,76.05641687026538,70.86795708145429,2.6944865285913426,-22.22864488338756,209.11774553571428,0.008213160330351339,0.09717986199532828,0.08439139111243106,0.07876238431478394,0.013436692506459957,318365.0,0.615959668933455,-3202500.0,-3800089.2584645078,54.25846879279249,0.0024036171315751404,25522.5,2,0.0038650270901234678
2025-07-07 18:30:00+00:00,25427.849609375,25548.05078125,25424.150390625,25522.5,210400,0.0,0.0,0.0024036171315751087,0.004613179735958761,-0.0007556546781998241,0.019092146455502723,0.01666052560821374,0.0024007330644550996,-19.30078125,478.150390625,36.44921875,-0.0013138045130684178,25480.33621651786,0.0016547577364699995,25336.843191964286,0.007327543002460088,25199.05738467262,0.012835504534550705,24895.8409765625,0.025171233381006308,25424.566296334975,0.0038519321243697486,25241.674869717637,0.011125455491040206,24837.628866249896,0.027573933785632013,25437.546112351192,25199.82406275915,0.012804690081852334,3.8936105845448816,73.01347086728885,208.50937514898033,203.6120345165533,4.897340632427017,84.31008793703926,79.94022055920085,73.93340046446924,1.633056191347135,-15.689912062853903,203.88909040178572,0.007988601837663933,0.09732077060926518,0.0841449245213783,0.07838104287078743,0.07292197858235605,313520.0,0.6710895636641979,-2992100.0,-3723137.900515507,59.18318605510697,-0.0018180190273288275,25476.099609375,0,0.004643136294006006
2025-07-08 18:30:00+00:00,25514.599609375,25548.69921875,25424.349609375,25476.099609375,239100,0.0,0.0,-0.00181801902732881,0.0005930485595617707,0.000891795139417173,0.009164266208815608,0.013312672068768627,-0.0018196736296237606,22.69921875,231.349609375,42.0,-0.0003095461112743536,25474.48604910714,6.334024815056839e-05,25385.6181640625,0.0035642797716302116,25216.764508928572,0.01028423374277829,24918.643984375,0.02237102570065705,25434.872958942982,0.001620871096881997,25262.98620968649,0.008435796066214425,24862.666934607743,0.024672842876455887,25456.11363467262,25213.228377610412,0.010425925146420736,-13.686605638071656,71.73087991542552,200.91731348289977,203.07309030982262,-2.155776826922846,78.18108044923892,80.08750783426127,63.69950080105466,2.019066273943922,-21.818919550648168,203.50697544642858,0.007988152761482046,0.09773828552000553,0.08393765193997817,0.07800382453725421,0.13640684410646386,310415.0,0.7702591691767448,-3231200.0,-3676286.6718949825,59.55454925487721,-0.004743646446198079,25355.25,0,0.004867385078648829
2025-07-09 18:30:00+00:00,25511.650390625,25524.05078125,25340.44921875,25355.25,219600,0.0,0.0,-0.004743646446198069,-0.004165175305108404,-0.001970092056022388,-0.007583467063290161,0.01876595317905272,-0.004754933244868607,-50.05078125,-193.75,-72.75,0.0013954562038576816,25447.8359375,-0.003638263690766784,25402.96456473214,-0.0018783069436857493,25226.947823660714,0.005085917536918386,24939.065,0.016688075515260282,25418.948367154386,-0.00250594030226256,25271.373826987718,0.003319019123634122,24881.983917564303,0.019020431972130547,25452.064546130954,25233.275581179245,0.004833871782850395,-19.169823229999615,58.844727335759764,183.03903634727249,199.0662795173126,-16.027243170040123,62.80644057126962,75.09920298584927,41.197167214629076,1.2413993394685976,-37.19355942861197,191.43931361607142,0.007550283022887325,0.09160321009148685,0.07928549402433765,0.07376274292525035,-0.081555834378921,304980.0,0.7200472162108967,-3450800.0,-3654811.750762127,50.88112141906108,-0.008100901810275979,25149.849609375,0,0.004774782393656177
2025-07-10 18:30:00+00:00,25255.5,25322.44921875,25129.0,25149.849609375,250000,0.0,0.0,-0.008100901810276007,-0.014600857699089032,-0.012220666534111024,-0.019032489410396702,0.017446376688606602,-0.00813389240519248,-311.150390625,-487.951171875,-261.099609375,-0.003934096488892678,25404.471540178572,-0.010022721015899261,25415.675223214286,-0.010459120660956304,25239.407366071428,-0.003548330410357169,24955.1280078125,0.007802869274063993,25365.12861559851,-0.008487203415602418,25260.326170841105,-0.004373520781914023,24892.488454498056,0.010338908275376892,25418.315885416665,25262.808419743786,-0.004471348097644592,-27.914286086683788,56.18846178870692,150.56070787095814,189.36516518804174,-38.8044573170836,22.42220608348141,54.46990903466332,-16.661350921572723,-0.37592129304111244,-77.57779391636926,187.06068638392858,0.0074378451278766826,0.09314942675796908,0.07719882722434453,0.07340342051352546,0.1384335154826959,301545.0,0.8290636555074672,-3700800.0,-3659191.584022877,50.832997198903406,-0.002685854157148523,25082.30078125,0,0.004065203373369531
2025-07-13 18:30:00+00:00,25149.5,25151.099609375,25001.94921875,25082.30078125,259500,0.0,0.0,-0.002685854157148504,-0.01545757922771207,-0.014885335327372573,-0.01703762726057101,0.005443680726755273,-0.0026894675348791744,-379.0,-434.75,-67.849609375,-1.3901052309659288e-05,25358.328683035714,-0.010885098353124541,25418.38602120536,-0.013222131400277164,25256.726469494046,-0.006906108297712944,24967.551015625,0.004595955989163102,25308.56304872881,-0.00894014674176322,25244.142044514643,-0.006411042331296169,24899.932075154997,0.00732406440084077,25373.86595982143,25274.76342604003,-0.0076148148865256005,-43.12532880369524,51.32432502379588,118.01042197360584,175.09421654515458,-57.08379457154874,12.039483888319698,32.42271018102358,-54.76863208817077,-1.8266829181180544,-87.96051611153047,173.01436941964286,0.006897866783774915,0.08848415182643707,0.07489223783652307,0.07230957223236772,0.038000000000000034,299230.0,0.8672258797580428,-3960300.0,-3687868.576020698,42.02029435550306,0.0045251032187942535,25195.80078125,2,0.004827728434675192
2025-07-14 18:30:00+00:00,25089.5,25245.19921875,25088.44921875,25195.80078125,241300,0.0,0.0,0.004525103218794291,-0.0062886076354995435,-0.012800439563130595,-0.01354642152929153,0.013776802580067082,0.004514895720960817,-326.69921875,-346.0,52.30078125,0.0002870238584883493,25320.44308035714,-0.004922595497700047,25414.8896484375,-0.008620492562357472,25268.59793526786,-0.002880933647539322,24983.8750390625,0.008482500887318108,25286.01059523305,-0.0035675779555376587,25239.747384217855,-0.0017411665140251262,24911.534769511665,0.011411019608724643,25344.18792782738,25286.668874974755,-0.0035935177612374447,-43.76903145513237,48.18160974865936,100.21734416828986,160.11884206978166,-59.90149790149181,29.04576701223886,21.16915232801333,-33.54869655684151,-1.7240168287883564,-70.9542329876113,168.76060267857142,0.0066979654325633325,0.0883651944318011,0.07468177471000682,0.07224583813401468,-0.07013487475915225,299175.0,0.8065513495445783,-3719000.0,-3690833.4735425366,41.7335686474284,0.0006449487413034631,25212.05078125,1,0.004138425872688518
2025-07-15 18:30:00+00:00,25196.599609375,25255.30078125,25121.05078125,25212.05078125,228800,0.0,0.0,0.0006449487413033861,0.002473222418467813,-0.010364570408094687,-0.009482018342189535,0.016121198667796932,0.0006447408512447503,-264.048828125,-241.349609375,62.650390625,3.170481192224831e-05,25284.8359375,-0.0028786089982909195,25390.821847098214,-0.007040775084979675,25285.67652529762,-0.0029117569377253927,24999.828046875,0.008488967763180985,25271.21863243644,-0.0023413137311271127,25237.229511220776,-0.0009976820141679966,24923.319711148462,0.011584775762129858,25317.142745535715,25301.09673740156,-0.0035194504442142816,-45.31613004501218,34.075359535798086,86.43111689439684,145.3812970347047,-58.95018014030785,31.480587283284557,24.188612727947714,-36.29893929141995,-1.1952791982688802,-68.51941271656561,155.45340401785714,0.006165837335749792,0.08792534882270309,0.07362432629962397,0.07074369464278532,-0.05180273518441769,298735.0,0.7658961956248824,-3490200.0,-3671725.5236813426,38.57189755676978,-0.003990217351728348,25111.44921875,0,0.005338563630206716
2025-07-16 18:30:00+00:00,25230.75,25238.349609375,25101.0,25111.44921875,243400,0.0,0.0,-0.003990217351728331,0.0011621117916658097,-0.00961539646621512,-0.01156654530604384,0.012834106813346402,-0.003998199509757984,-243.80078125,-293.8515625,20.248046875,0.0007416778155906983,25226.114397321428,-0.004545495067746082,25353.22530691964,-0.009536304956973026,25299.93359375,-0.007449994850838463,25016.581015625,0.003792212975295945,25239.264749699156,-0.005064154293586316,25225.794939177977,-0.004532888684129541,24930.697338897542,0.007250173446630262,25279.893061755953,25318.22927655562,-0.008167240115685623,-53.272727266269975,25.398384552133138,66.61977581776591,129.62899279131693,-63.00921697355102,16.406942749507913,25.644432348343784,-63.60473930342609,-1.6848912345127218,-83.59305725034226,155.93205915178572,0.006209600162596331,0.089427817233864,0.07369908598128898,0.07008132317755926,0.06381118881118875,297175.0,0.8190460166568493,-3733600.0,-3677618.330949786,25.611366706726756,-0.00569655804724283,24968.400390625,0,0.005842419266924355
2025-07-17 18:30:00+00:00,25108.55078125,25144.599609375,24918.650390625,24968.400390625,317000,0.0,0.0,-0.0056965580472427835,-0.009025328966492885,-0.007214723808223522,-0.019347221608538523,-0.005734218862397444,-0.005712845317742711,-181.44921875,-492.599609375,62.3515625,-0.00011542294810431348,25153.5859375,-0.00736219270425814,25314.035993303572,-0.013653911322951079,25308.274088541668,-0.013429351078133471,25035.7890234375,-0.0026916919913892727,25185.091877884326,-0.00860395857636715,25202.39543476407,-0.009284635055614093,24932.17588994568,0.0014529217521655111,25228.583072916666,25332.154150952258,-0.014359369446422283,-61.81548557752404,24.879768353674493,38.92756759313852,111.48870775168126,-72.56114015854274,7.2159049059663385,18.367811646252946,-115.04910463747419,-1.9054428585448104,-92.78409509388862,158.06780133928572,0.00633071397712085,0.07951687483098961,0.06996544992600638,0.06956956863278418,0.3023829087921117,284290.0,1.1150585669562731,-4050600.0,-3713140.3946688543,25.318228988004236,0.004898144302865317,25090.69921875,2,0.006710104717000301
2025-07-20 18:30:00+00:00,24999.0,25111.400390625,24882.30078125,25090.69921875,305200,0.0,0.0,0.004898144302865282,-0.004813236477781868,0.00033483521201849165,-0.014555484249764494,0.0047573002561551725,0.004886187422514114,8.3984375,-370.6015625,189.84765625,0.0012255334301066458,25115.79296875,-0.000999122346295081,25281.814453125,-0.007559395498663243,25307.240699404763,-0.008556502987694264,25039.1090234375,0.0020603846272727634,25166.213346057462,-0.0030006153992686137,25192.241233308243,-0.004030686020264996,24938.39249107526,0.006107319376308594,25198.804836309522,25332.47936953544,-0.009544275049373609,-56.28957543509621,31.03974229695818,26.543805927485664,94.49972738684215,-67.95592145935649,28.71297519700895,17.445274284161076,-112.62013579194489,-1.238330398875555,-71.28702480285327,167.88922991071428,0.006691293393101051,0.07892824773715118,0.06987967964624535,0.0690371246743506,-0.037223974763406886,287125.0,1.0629516760992563,-3745400.0,-3716212.738033725,33.655506574274156,-0.0011876443882732318,25060.900390625,1,0.006070646004446074
2025-07-21 18:30:00+00:00,25166.650390625,25182.0,25035.55078125,25060.900390625,483700,0.0,0.0,-0.0011876443882732346,-0.00201297932607003,-0.0053540822852270464,-0.01808598724164956,0.000660858896643246,-0.0011883501967580668,-134.900390625,-461.599609375,-143.298828125,0.0030270647785789685,25103.0859375,-0.0016804924693334157,25253.778738839286,-0.007637603473480962,25311.47879464286,-0.009899793135392918,25048.7600390625,0.00048466876378575134,25145.15075497097,-0.003350561114823001,25180.301156700676,-0.004741832328875774,24943.19672243015,0.004718868615946037,25169.34962797619,25328.92521928697,-0.010581768722577729,-43.045112578957486,32.64803909676891,14.16182054496312,78.43214601846634,-64.27032547350322,25.326121275534486,20.418333792836602,-86.95548259156313,-1.5714214263971733,-74.6738787243237,161.9677734375,0.006462967048785041,0.07843891612188934,0.06566358694025715,0.06347773171030696,0.584862385321101,288800.0,1.6748614958448695,-4229100.0,-3765059.1439352753,45.18426941685587,0.006344544590244655,25219.900390625,2,0.007310908095342089
2025-07-22 18:30:00+00:00,25139.349609375,25233.5,25085.5,25219.900390625,271500,0.0,0.0,0.006344544590244583,0.010072731775577992,0.0003113435492854144,-0.010056453800946885,-0.00098434761187971,0.006324502693684897,7.849609375,-256.19921875,142.75,0.0031303431850893846,25122.743024553572,0.003867307243339927,25240.53585379464,-0.0008175524992484722,25319.838355654763,-0.0039470222371083925,25059.8200390625,0.006387929015969241,25160.10068210178,0.0023767674572843646,25183.90108705743,0.0014294569948921961,24954.047846673086,0.010653684147173248,25164.832514880953,25327.17743458915,-0.00423564940235457,-17.38452230429009,42.535594030197494,16.983207261848293,66.14235826714274,-49.15915100529445,50.66032427101743,34.8998069145203,-53.35546880926272,-0.9481070613751227,-49.33967572883252,159.78557477678572,0.0063356941265389185,0.0764032707578693,0.06576568121229227,0.06376933513117698,-0.4387016745916891,289345.0,0.938326219564876,-3957600.0,-3783396.368322392,52.904484699715695,-0.006256994627491048,25062.099609375,0,0.006155342698126879
2025-07-23 18:30:00+00:00,25243.30078125,25246.25,25018.69921875,25062.099609375,338700,0.0,0.0,-0.006256994627491075,-0.0011398490383093263,-0.0019652234701831306,-0.011561723533587753,-0.019057512647266073,-0.006276651657225533,-49.349609375,-293.150390625,-57.19921875,0.0009278542049158015,25103.64285714286,-0.001654869295435206,25212.04296875,-0.005947291124358581,25311.140718005954,-0.00983918944647881,25059.8200390625,9.096515094472934e-05,25140.500467556427,-0.0031185082525544516,25172.828225449935,-0.00439873561616662,24958.285170700612,0.0041595180904598,25141.041015625,25304.351984139386,-0.00957354588318322,-6.788944127964976,35.15993413969801,6.412058096877445,54.196298233089685,-47.78424013621224,26.98067972656827,34.32237509104007,-71.43657589142254,-1.8039000514251422,-73.01932027328168,166.13922991071428,0.006629102609126963,0.06472512269734519,0.06357135330425533,0.06333849555341205,0.24751381215469603,284835.0,1.189109484438355,-4296300.0,-3832244.333244069,50.925337346289666,-0.008981674037030672,24837.0,0,0.0058963787486137585
2025-07-24 18:30:00+00:00,25010.349609375,25010.349609375,24806.349609375,24837.0,278100,0.0,0.0,-0.008981674037030651,-0.008934251648386793,-0.00526266755455973,-0.012439422669882738,-0.03123515890004336,-0.009022252428611252,-131.400390625,-312.849609375,-82.05078125,-0.002064870892965399,25050.06417410714,-0.008505534062757628,25167.450055803572,-0.013130057080508961,25277.23595610119,-0.017416301246929382,25056.1640234375,-0.008746910470113717,25079.800374045146,-0.009681112705203509,25142.29838677267,-0.012142819326862887,24953.52888949667,-0.004669836078604218,25091.035286458333,25251.41870310305,-0.016411699793014246,-21.102456857711484,30.102561676175284,-19.899917160259065,39.37705515441994,-59.27697231467901,4.128835017609012,27.25661300506491,-137.74784640158487,-2.5086242367328135,-95.87116498225629,178.51060267857142,0.007187285206690189,0.06841780867735284,0.06502063537198652,0.06373712669825876,-0.1789193976970771,270540.0,1.0279441117764434,-4574400.0,-3902925.825316062,44.81551731089194,-0.006284962329387607,24680.900390625,0,0.0056817244744933396
2025-07-27 18:30:00+00:00,24782.44921875,24889.19921875,24646.599609375,24680.900390625,262100,0.0,0.0,-0.006284962329387578,-0.021372011453318907,-0.01633269860485842,-0.016003332155440142,-0.032768300607819656,-0.006304795850755804,-409.798828125,-401.400390625,-278.3984375,-0.002196351461529082,24988.557198660714,-0.012311907629952745,25107.335797991072,-0.016984494523715102,25231.669270833332,-0.021828475726137317,25050.873046875,-0.014768852788391656,25000.02037736112,-0.012764789064935675,25100.353114395606,-0.016711028799432467,24942.837575815425,-0.010501499053355061,25026.161997767857,25211.409985616552,-0.02104244051777326,-45.666706118202015,24.706948590621295,-52.74032339835321,20.95357944386531,-73.69390284221852,3.8023274695492355,11.637280737908847,-171.29772623803598,-2.6596054441386827,-96.19767253033991,186.98911830357142,0.0075762680997890726,0.06959289968861175,0.06630661646456353,0.06610525324384527,-0.05753326141675652,270095.0,0.9703993039486071,-4836500.0,-3991837.651476437,38.883324896030324,0.00568047423437009,24821.099609375,2,0.006202975354283688
2025-07-28 18:30:00+00:00,24609.650390625,24847.150390625,24598.599609375,24821.099609375,284700,0.0,0.0,0.005680474234370125,-0.009616113723761921,-0.009568721694441118,-0.014871572256351606,-0.028216537199055258,0.005664401180259817,-239.80078125,-374.701171875,169.998046875,-0.0028868476786633483,24967.514229910714,-0.005864204949978775,25060.55008370536,-0.009554877029057812,25198.528738839286,-0.014978220886465004,25053.61703125,-0.009280792533268382,24964.2362237639,-0.005733666878726256,25074.966432121004,-0.010124313563219396,24938.0635379158,-0.004690176860082365,24987.99717261905,25171.434077204736,-0.013917938356439747,-47.92055975850121,31.365534684882363,-66.68497381681664,3.42586879172892,-70.11084260854555,24.04232732764992,10.6578299382694,-153.53441346806528,-1.307164874168632,-75.95767267224203,195.86063058035714,0.007890892573767043,0.07382947115560329,0.0692638127349978,0.06760249634176933,0.08622663105684847,271295.0,1.049411157595971,-4551800.0,-4045167.398954872,45.57022634859405,0.001367835124523514,24855.05078125,1,0.0055135081524371335
2025-07-29 18:30:00+00:00,24890.400390625,24902.30078125,24771.94921875,24855.05078125,243900,0.0,0.0,0.001367835124523431,0.0007267697890245284,-0.014466734750095411,-0.014159895325353666,-0.023507649280344656,0.001366900490246142,-364.849609375,-357.0,-125.048828125,0.0027920109237957414,24933.850167410714,-0.003160337678763457,25024.82156808036,-0.006784095797386137,25165.826357886905,-0.012349110743168423,25054.4490625,-0.007958597722607251,24942.39913526112,-0.0035020028962503124,25054.97410022364,-0.007979386375492125,24934.808135693613,-0.00319863517736231,24960.597265625,25138.654197081,-0.011281567167741185,-41.86658248650775,35.029333158451564,-74.14197141600016,-12.087699249816897,-62.05427216618327,35.4287919138446,21.091148903681262,-111.10294760600951,-0.9060173625294741,-64.57120808601725,192.05705915178572,0.007727083756218306,0.07404818487743955,0.06748951457942741,0.06602946610074255,-0.1433087460484721,268000.0,0.9100746268656683,-4307900.0,-4070189.55143536,51.39175935311691,-0.003488271765688972,24768.349609375,0,0.005314940164176004
2025-07-30 18:30:00+00:00,24642.25,24956.5,24635.0,24768.349609375,346300,0.0,0.0,-0.0034882717656889994,0.0035431940231491765,-0.011720885503547995,-0.013663074814448284,-0.025071585546631026,-0.003494369971240235,-293.75,-343.099609375,71.099609375,-0.008561671554118199,24892.057198660714,-0.0049697615708662575,24997.57156808036,-0.009169769074610642,25133.204892113095,-0.014516862624733307,25057.6220703125,-0.011544290201431745,24907.589230083897,-0.005590248796166703,25028.91732832831,-0.010410666811319958,24928.280350347784,-0.00641563472189315,24926.401004464286,25098.765263486584,-0.013164617886293252,-43.71110847534141,37.708602870136005,-86.05575850036257,-26.881311099926034,-59.174447400436534,25.848895550936007,28.440004930810186,-117.45901493707582,-1.6965175093505265,-74.15110444891172,198.86063058035714,0.008028820398476567,0.07446808419345077,0.07092321961657405,0.07047525678847114,0.4198441984419845,270645.0,1.2795359234421428,-4654200.0,-4125809.594155802,50.248076040110675,-0.008195943742782241,24565.349609375,0,0.005421706061767554
2025-07-31 18:30:00+00:00,24734.900390625,24784.150390625,24535.05078125,24565.349609375,263400,0.0,0.0,-0.008195943742782208,-0.01030373367920423,-0.010937326997020547,-0.016142435035659486,-0.035177345376261715,-0.008229715141942045,-271.650390625,-403.05078125,22.099609375,-0.0013504823404680091,24798.549944196428,-0.009403789146792178,24960.646484375,-0.01583680435710807,25093.207217261905,-0.02103587649504461,25051.8660546875,-0.019420367498789476,24839.14130594212,-0.011022591046720787,24986.774808423463,-0.01686593016824149,24914.04777227042,-0.013996046169723992,24868.77140997024,25064.786783782918,-0.01992584970764791,-63.834004095797894,34.681563055679035,-110.602961959612,-43.62564127186323,-66.97732068774877,4.206709909747717,21.828132458176118,-151.45578628313385,-2.5650478712978035,-95.79329009011344,205.99986049107142,0.00838578989376346,0.07716454896890139,0.07320198258727391,0.07210790934790265,-0.2393878140340745,274140.0,0.9608229371853763,-4917600.0,-4201218.204236202,50.25826104288117,0.006407415043054404,24722.75,2,0.005835044570784491
2025-08-03 18:30:00+00:00,24596.05078125,24736.25,24554.0,24722.75,259300,0.0,0.0,0.006407415043054421,-0.005322893218540736,0.0016956273358201823,-0.014664765439260319,-0.029006796926647094,0.006386974825463857,41.849609375,-367.94921875,313.5,0.0012497754912180084,24750.071428571428,-0.00110389291805787,24926.85714285714,-0.008188242171381022,25058.05245535714,-0.013381026157339848,25046.298046875,-0.01291799875053212,24815.863044753696,-0.003752158229829422,24962.772553112238,-0.009615220128354826,24906.54589884805,-0.007379421441836417,24837.051878720238,25032.656394576792,-0.012380084226455465,-59.93001630165831,36.33788357371338,-116.01851228996748,-58.10421547548408,-57.91429681448339,26.060287226621227,18.705297562434993,-120.95152535190307,-1.5478964012150838,-73.93971277323993,207.38211495535714,0.008388310966836163,0.08230036650885365,0.07456025346961614,0.07314488817856919,-0.015565679574791158,277300.0,0.9350883519653771,-4658300.0,-4244749.8038327545,50.413949622158825,-0.0029608040671041855,24649.55078125,0,0.006807114212500364
2025-08-04 18:30:00+00:00,24720.25,24733.099609375,24590.30078125,24649.55078125,251800,0.0,0.0,-0.0029608040671041946,-0.0047963966109406675,-0.006911411292197744,-0.016413999615467967,-0.03420312346948773,-0.0029651959185494695,-171.548828125,-411.349609375,-213.3984375,-0.00010112143673336902,24723.29296875,-0.002982700872137317,24886.678571428572,-0.00952830203909975,25019.39769345238,-0.014782406704345101,25042.765078125,-0.015701712476569152,24782.600592052957,-0.005368678331749279,24934.297846579306,-0.01141989508111849,24896.467658942245,-0.009917747411992734,24800.07769717262,24998.22464064886,-0.01394794488052873,-57.71412036337472,34.27188665246149,-124.77857045717246,-71.43908647182175,-53.33948398535071,16.099567741523057,15.45552162596401,-111.7574081880717,-1.277012561424268,-83.90043225833634,207.99274553571428,0.008437993348500218,0.08115694033783383,0.07486115904785613,0.07375478421359091,-0.02892402622445045,279370.0,0.9013136700433085,-4910100.0,-4308116.489182016,44.61966678361449,-0.0030569142281212337,24574.19921875,0,0.006890798462691014
2025-08-05 18:30:00+00:00,24641.349609375,24671.400390625,24539.19921875,24574.19921875,225100,0.0,0.0,-0.003056914228121266,0.00036024764620590233,-0.011299577094884383,-0.025602843860359825,-0.03540182384485213,-0.003061596134311999,-280.8515625,-645.701171875,-109.302734375,-0.00033271080466253344,24708.049944196428,-0.005417292167885623,24848.303571428572,-0.011031109302517375,24974.24051339286,-0.0160181565652943,25039.200078125,-0.01857091512205373,24740.920317392367,-0.006738678129332105,24901.561607685733,-0.013146259423131173,24883.82968089549,-0.012443038958074719,24758.41378348214,24961.137300767274,-0.01550162067356459,-42.74714593337072,34.76274885584438,-136.23083673680594,-84.3974365248186,-51.83340021198734,5.504567000052678,15.888140656065664,-117.14244704302891,-2.058531711280508,-94.49543299980672,207.625,0.00844890196224887,0.08129457113320139,0.07501467320912142,0.07380053376360288,-0.10603653693407467,278670.0,0.8077654573509857,-5135200.0,-4386886.347355157,44.87376816497027,0.0008932609229541591,24596.150390625,1,0.007370865034656467
2025-08-06 18:30:00+00:00,24464.19921875,24634.19921875,24344.150390625,24596.150390625,616700,0.0,0.0,0.0008932609229541644,-0.005120773755953545,-0.006952389701606165,-0.018591787041485675,-0.029938557473304317,0.0008928622028389917,-172.19921875,-465.94921875,108.65234375,-0.0044762394501980775,24675.91434151786,-0.0032324618163652227,24821.714285714286,-0.009087361674253764,24932.33816964286,-0.013484005259770665,25034.45109375,-0.017507901470801914,24711.966332038897,-0.004686633991716716,24873.796951589302,-0.011162210638957178,24872.54814010057,-0.011112562650142776,24724.793359375,24899.687069552467,-0.012190381271844238,-29.4424321302696,38.66371331876033,-141.8998312309741,-95.89791546604971,-46.00191576492438,27.934830852472416,16.512988531349393,-125.88126479722334,-1.854482451771123,-72.06516914741673,212.20354352678572,0.008627510409420005,0.08103848509245982,0.07763932715213745,0.07775074900756256,1.7396712572190136,298525.0,2.0658236328615627,-4518500.0,-4399420.98094038,41.937244043581494,-0.009466912735407257,24363.30078125,0,0.007366143971721469
2025-08-07 18:30:00+00:00,24544.25,24585.5,24337.5,24363.30078125,312600,0.0,0.0,-0.009466912735407229,-0.011612787695009064,-0.0082249522737462,-0.019072320278213928,-0.03127449429486062,-0.00951200879308063,-202.048828125,-473.69921875,-29.849609375,-0.0021101021826887226,24605.66434151786,-0.0098499092283764,24769.757254464286,-0.016409384599076506,24885.102492559523,-0.020968437299605944,25026.703125,-0.026507780127350413,24642.23322188112,-0.011319284178490395,24827.38820883118,-0.0186925593492788,24852.577655439767,-0.019687168106792087,24663.671558779763,24862.8244110809,-0.020091186004123112,-40.64845064742981,29.245678365402824,-163.2991566539713,-109.37816370363403,-53.920992950337265,2.839150618978994,12.09284949050137,-139.68458451500499,-3.396522571886882,-97.16084938091096,214.31431361607142,0.008796604185135658,0.08264203672544145,0.07891593768000485,0.07836623879050764,-0.4931084806226691,301655.0,1.0362831711723623,-4831100.0,-4440533.268469867,34.99159625242379,0.009101804471857888,24585.05078125,2,0.0059022528491495885
2025-08-10 18:30:00+00:00,24371.5,24600.849609375,24347.44921875,24585.05078125,241100,0.0,0.0,0.009101804471857822,0.00044158356507995045,-0.005569737134825226,-0.0038835539975441424,-0.01982473634841797,0.009060632685991908,-137.69921875,-95.849609375,64.349609375,0.00033653973341369995,24579.47879464286,0.00022669262654810628,24735.767996651786,-0.00609308817184011,24858.20731026786,-0.010988585202804164,25024.0721484375,-0.017543961853342636,24630.796733754898,-0.0018572664538376185,24805.357533596525,-0.008881418139131092,24842.086405471542,-0.010346780863177373,24639.044029017856,24839.423148323494,-0.010240671273022405,-43.59822179606216,37.763294957382925,-160.5145921659605,-119.60544939609933,-40.90914276986116,27.24080123793426,19.338260903128567,-102.59161567464669,-1.9034671298909487,-72.7591987619557,221.95368303571428,0.009027993678377111,0.09073575165515384,0.08095764019899299,0.07910854787327229,-0.2287268074216251,300735.0,0.8017024955525602,-4590000.0,-4454768.195282261,31.0888257103165,-0.0039719417907191756,24487.400390625,0,0.005253723737226931
2025-08-11 18:30:00+00:00,24563.349609375,24702.599609375,24465.650390625,24487.400390625,237000,0.0,0.0,-0.003971941790719136,-0.004421423607876895,-0.006578229034029381,-0.013444175479798703,-0.0281158117090754,-0.003979850901478695,-162.150390625,-333.69921875,-24.451171875,-0.0008826978666055757,24568.343191964286,-0.003294597470689736,24683.44656808036,-0.007942415047859232,24829.878720238095,-0.013792992445586846,25022.97015625,-0.021403125299704295,24602.117465128922,-0.004662894349094851,24776.45233878093,-0.011666397763633249,24828.177149987365,-0.01372540389508718,24605.928348214286,24814.5530123762,-0.01318390146250147,-40.79016729303553,30.549695155244606,-164.29350195124425,-128.5430599071283,-35.75044204411594,16.49522867948666,15.525060178799981,-82.66631734155175,-1.4075758319240887,-83.5047713204033,226.55008370535714,0.009251700061721643,0.08888590706226697,0.08246221769364406,0.08148219778228297,-0.017005391953546223,300520.0,0.788633036070808,-4827000.0,-4490218.843350617,30.406227707133397,0.005388453516712078,24619.349609375,2,0.003530097599640659
2025-08-12 18:30:00+00:00,24586.19921875,24664.55078125,24535.25,24619.349609375,236000,0.0,0.0,0.005388453516712133,0.010509611584406331,0.0018373087246135178,-0.009483029181851732,-0.02350864580662304,0.0053739877432256436,45.150390625,-235.701171875,207.30078125,0.0040346801436228034,24553.571707589286,0.00267895451501175,24651.82156808036,-0.001317223500733215,24802.428664434523,-0.007381497091937695,25022.9531640625,-0.016129333418052786,24605.56389397814,0.0005602682164189267,24762.1702724713,-0.005767695703759494,24819.987834669235,-0.00808373584349505,24597.38208705357,24791.880556628075,-0.006959171445626476,-22.97602325058203,38.079868582115004,-154.85603203143182,-133.80565433198902,-21.050377699442805,41.888945976558865,28.54165863132661,-60.54434719189839,-0.24938628767926743,-58.11105402329251,222.95005580357142,0.0090558873138819,0.09188464018969898,0.08244070744773659,0.08140898946092723,-0.00421940928270037,300880.0,0.7843658601435762,-4591000.0,-4499817.048745797,37.03209356157313,0.00048543816407111817,24631.30078125,1,0.0037531224166363997
2025-08-13 18:30:00+00:00,24607.25,24673.650390625,24596.900390625,24631.30078125,270200,0.0,0.0,0.00048543816407109475,0.0018812245055548349,0.0014291013051537238,-0.005533224065648934,-0.019120698025723137,0.00048532037708285097,35.150390625,-137.048828125,-10.0,-0.0004914674663213687,24550.96456473214,0.0032722224133409287,24637.128766741072,-0.0002365529500718334,24774.773902529763,-0.005791097099179072,25020.561171875,-0.015557620308793997,24610.711271432512,0.0008366076701483551,24750.273045996637,-0.004806907161207093,24812.588342378283,-0.007306273679584196,24594.645982142858,24770.38896444737,-0.005615098874587598,-7.685448231391662,43.743955899975575,-144.74389195002368,-135.99330185559597,-8.750590094427707,47.46377726163576,35.28265063922711,-46.36798116633877,-0.764667283528828,-52.53622273820269,210.16434151785714,0.008532409367426965,0.09143685269424949,0.08188560029169224,0.08127521682482652,0.14491525423728824,302220.0,0.8940506915491997,-4320800.0,-4482767.806008102,43.80253557422146,0.00997301927663496,24876.94921875,2,0.006707621086558009
2025-08-17 18:30:00+00:00,24938.19921875,25022.0,24852.849609375,24876.94921875,363100,0.0,0.0,0.009973019276634965,0.015908133240396527,0.021082875514770283,0.012684517596121658,-0.003662676440791879,0.009923616908863717,513.6484375,311.599609375,478.498046875,0.012459692657953606,24594.21456473214,0.01149598224711294,24651.132254464286,0.009160510842044972,24763.607235863095,0.004576957702783952,25018.039140625,-0.005639527585752586,24663.95886089601,0.00863569222829309,24761.789061701485,0.004650720380565133,24815.11229831443,0.002491905726324973,24626.622042410716,24766.645439661832,0.004453723026676871,9.301649304428082,55.654538919466404,-115.5758852828294,-131.90981854104268,16.33393325821328,78.80923575591116,56.053986331368606,59.828664195535396,0.08810457758758122,-21.190764243942745,220.74288504464286,0.00887339050715503,0.09737105084212808,0.0808953450964386,0.08065520615034952,0.3438193930421909,304525.0,1.1923487398407318,-3957700.0,-4432761.348293045,51.54747211621732,0.004168564680625686,24980.650390625,2,0.005295940873877655
2025-08-18 18:30:00+00:00,24891.349609375,25012.650390625,24873.94921875,24980.650390625,252300,0.0,0.0,0.004168564680625764,0.01467548034300692,0.016091063341496348,0.010431703213639176,-0.004386040706381045,0.004159900285259885,395.599609375,257.900390625,-118.048828125,0.0005788648157124389,24649.143136160714,0.013449037665651994,24662.528738839286,0.012898987575621692,24764.190569196428,0.008740839755037777,25015.5881640625,-0.001396640095302317,24727.29716684181,0.010245892305727396,24781.685546149074,0.008028705073567356,24821.603988208964,0.006407579562206421,24670.55779389881,24761.32957502774,0.008857392529456129,40.03632680491142,54.70081437003438,-83.13389614576226,-122.1546340619866,39.020737916224334,93.95915129642958,73.41072143799218,77.36393356076373,0.8571454481150977,-6.040848703424338,212.896484375,0.008522455622488096,0.09690113374930809,0.07939040225730959,0.07857280943838134,-0.3051500963921785,301880.0,0.8357625546574771,-3705400.0,-4363488.838931803,51.18893237313867,0.00279818137366163,25050.55078125,2,0.006698818175214095
2025-08-19 18:30:00+00:00,24965.80078125,25088.69921875,24929.69921875,25050.55078125,287100,0.0,0.0,0.0027981813736617234,0.017021025552947933,0.02299755717804164,0.016268044945672022,-0.00041297835327858134,0.002794273751954044,563.150390625,401.0,167.55078125,-0.0005944444657282551,24747.321707589286,0.012253005688599827,24676.493024553572,0.015158465034890408,24762.278738839286,0.011641579737108422,25014.5141796875,0.0014406276813387704,24791.94788972345,0.010430922680090507,24806.12784024916,0.009853329087671758,24830.582293818417,0.008858772816066217,24722.294066220238,24746.739645918486,0.012276814630068252,66.11182133037028,55.6404950756129,-51.19288892417535,-107.96228503442435,56.769396110249005,94.92166171785583,89.2300162567322,106.78506612710062,1.975144582065343,-5.078338282011055,214.94280133928572,0.008580362292878563,0.09739506483017889,0.0795733898943208,0.07902161442890179,0.13793103448275867,292050.0,0.9830508474576238,-3418300.0,-4273470.854271631,51.72359115874914,0.001325288974278728,25083.75,1,0.00652604346716312
2025-08-20 18:30:00+00:00,25142.0,25153.650390625,25054.900390625,25083.75,226500,0.0,0.0,0.0013252889742787488,0.00831294783904335,0.018863227420441664,0.020735193717368983,-0.005398530070150898,0.0013244115539841486,464.400390625,509.55078125,-98.75,0.003650587148704325,24818.564453125,0.010684967189615143,24699.021623883928,0.015576664613468938,24763.36681547619,0.012937787777854527,25013.361171875,0.0028140491652174464,24850.30831177876,0.009393915169679442,24831.366218408326,0.010163910409591692,24840.510439158872,0.00979205163423987,24776.59499627976,24740.16640708121,0.013887683181485524,83.21711909765718,59.3897000245077,-22.93611779416824,-90.95705158637313,68.02093379220489,91.43535414197555,93.43872238542032,141.27759136846805,1.4601935464298488,-8.564645857901915,199.3427734375,0.007947088192056294,0.09464741362436863,0.07902522519326406,0.07840611026961167,-0.21107628004179724,289800.0,0.7815734989648007,-3191800.0,-4170454.5824362375,58.92244975058367,-0.008517482060098669,24870.099609375,0,0.005822501913311585
2025-08-21 18:30:00+00:00,25064.150390625,25084.849609375,24859.150390625,24870.099609375,210200,0.0,0.0,-0.008517482060098724,-0.004425456484171031,0.00969493370430441,0.011137890051868382,-0.007660970269553036,-0.008553963109247331,238.798828125,273.94921875,-225.6015625,-0.0007813667962325895,24873.235770089286,-0.0001260857551174513,24720.789481026786,0.006039860841127396,24746.709635416668,0.00498611636763764,25012.9991796875,-0.0057130122335965206,24854.26657129801,0.0006370350149569391,24834.887435768935,0.0014178511457776488,24841.67079877519,0.0011444001021545577,24799.405394345238,24725.4618900828,0.005849747921198924,82.13728429139076,59.01545949719882,-17.579577639102354,-76.28155679691898,58.70197915781662,65.25753286309009,83.87151624097383,85.40347432619625,0.894737717868491,-34.7424671367874,197.67131696428572,0.007948151397421981,0.09686323530801379,0.07901692063983824,0.07812988439825803,-0.07196467991169975,283375.0,0.7417732686369626,-3402000.0,-4097268.4317280245,59.666886470328556,0.003926417350905576,24967.75,2,0.007893001286033442
2025-08-24 18:30:00+00:00,24949.150390625,25021.55078125,24894.349609375,24967.75,213000,0.0,0.0,0.003926417350905487,-0.003305347733590591,0.003649996647561604,0.02480982458728187,0.005264323388493031,0.003918729092601476,90.80078125,604.44921875,-147.998046875,0.00317854703003272,24923.007254464286,0.001795238635485993,24738.289481026786,0.009275520813562754,24742.216796875,0.00911531917194567,25017.9821875,-0.0020078432834242576,24876.96325703841,0.0036494302790715805,24846.96585069903,0.004861122683016293,24846.615081176165,0.0048753087061585995,24832.333463541665,24726.52729583759,0.009755624041998296,66.0379839987294,57.51348281984143,-5.392746326568158,-62.103794702848816,56.71104837628066,77.22228736747752,77.97172479084772,91.26984384233633,1.6014795751704762,-22.777712632399957,195.47140066964286,0.007828955379224602,0.0923693730137928,0.07782601042234448,0.07796213098593686,0.013320647002854402,280120.0,0.7603884049692962,-3189000.0,-4010766.6763253557,59.219790057696684,-0.010241179872034925,24712.05078125,0,0.00721062665087178
2025-08-25 18:30:00+00:00,24899.5,24919.650390625,24689.599609375,24712.05078125,750500,0.0,0.0,-0.010241179872034878,-0.01481832735336619,-0.010752306492220143,0.005165740804442764,0.001262125373547196,-0.010293981565065833,-268.599609375,127.0,-359.400390625,-0.002733526248860921,24934.54296875,-0.008923050555963123,24742.753766741072,-0.001240887969888858,24736.26683407738,-0.0009789695829938228,25013.293203125,-0.012043293117331351,24843.980761880728,-0.005310339832220007,24834.700844385483,-0.004938656757091807,24841.338049806513,-0.005204521121096147,24828.834970238095,24731.81568582645,-0.0007991691684721144,42.72695706552804,51.723755286681246,-16.180861793076474,-52.919208120894346,36.73834632781787,45.89237296850569,62.79073106635777,12.639297243345782,0.4712135386404677,-54.107627031371784,205.13936941964286,0.00830118759610521,0.0970470115572106,0.07753571722603615,0.0762868880846493,2.523474178403756,304540.0,2.464372496223805,-3939500.0,-4003979.373818179,52.54382597357291,-0.00854443010392355,24500.900390625,0,0.006740656986067725
2025-08-27 18:30:00+00:00,24695.80078125,24702.650390625,24481.599609375,24500.900390625,326600,0.0,0.0,-0.008544430103923584,-0.014845104143082155,-0.021941648925196677,0.0005513039271072273,-0.012900283379430166,-0.00858114302373062,-549.650390625,13.5,-281.05078125,-0.0006575739158131244,24880.821707589286,-0.015269645087661444,24737.518136160714,-0.009565136819033678,24727.695405505954,-0.00917170044202526,25006.243203125,-0.020208665827773236,24775.364687629582,-0.011078113297828157,24804.355348589073,-0.012233938503921746,24827.987553368024,-0.013174131090565987,24796.587853422618,24721.652071218454,-0.008929487396614942,-2.3248632152064137,48.119290191939825,-41.292597529885825,-50.59388600269264,9.301288472806817,20.020867783898183,47.711842706627145,-67.44962174923519,0.5647822953484654,-79.97913221597929,212.1572265625,0.0086591604055364,0.09927119478167644,0.07693920226637266,0.0757802328445109,-0.5648234510326449,306635.0,1.065109984183146,-4266100.0,-4028943.242978352,51.38126898355897,-0.0030223697933295024,24426.849609375,0,0.004774117850927949
2025-08-28 18:30:00+00:00,24466.69921875,24572.44921875,24404.69921875,24426.849609375,325500,0.0,0.0,-0.0030223697933294824,-0.021663962136155623,-0.026188284870683254,-0.007819053023508604,-0.01722793389736399,-0.003026946376657732,-656.900390625,-192.5,-107.25,-0.0013959148982167736,24801.70731026786,-0.015114189366215657,24725.425223214286,-0.012075651324246853,24708.92159598214,-0.0114157951212649,24998.5391796875,-0.022868919107761426,24705.66167197867,-0.011285350957423989,24770.036645024156,-0.013854926440655162,24812.256653603592,-0.01553292993898651,24755.165383184525,24703.599326027346,-0.011202809477271421,-42.27241161103768,45.769174451315315,-66.40364827775193,-53.755838457704506,-12.64780982004742,10.947689347605099,25.620310033336334,-94.66500931151408,-0.6434852353270185,-89.05231065227238,203.42159598214286,0.008327786809808726,0.0993222718058346,0.07750944985098535,0.07656133884850763,-0.003368034292712818,310715.0,1.0475837986579308,-4591600.0,-4082529.6007899377,54.87911199036003,0.008114070174605349,24625.05078125,2,0.00410418430548441
2025-08-31 18:30:00+00:00,24432.69921875,24635.599609375,24432.69921875,24625.05078125,229300,0.0,0.0,0.008114070174605414,-0.003520549580045773,-0.009853150247642217,-0.00025374218176721364,-0.005785562235069541,0.008081328102276956,-245.048828125,-6.25,411.8515625,0.00023947457279774163,24740.92159598214,-0.004683366958769786,24744.121651785714,-0.00481208717817292,24697.969215029763,-0.0029524060518864997,24995.1751953125,-0.014807834358844401,24689.539493832934,-0.002611985233626546,24756.856111953777,-0.005323993083278858,24804.91524684463,-0.0072511622718607295,24741.78212425595,24693.651344086637,-0.0027780647697960414,-66.72990319056473,56.656401799590626,-69.50989201009725,-56.90664916818306,-12.603242841914188,34.43328689959995,21.800614677034417,-53.19590892923997,0.5621274142178597,-65.566713100276,199.85728236607142,0.008116015034504561,0.10367765339355915,0.07452864078888653,0.07113975385533425,-0.29554531490015357,304865.0,0.7521361914289907,-4362300.0,-4109174.400714705,61.40427970744648,-0.0018457290617896885,24579.599609375,0,0.0026883663733680754
2025-09-01 18:30:00+00:00,24653.0,24756.099609375,24522.349609375,24579.599609375,271600,0.0,0.0,-0.0018457290617897026,0.0032120949636655904,-0.015546070055371453,-0.01195281651139457,0.000580085373365069,-0.0018474345185382894,-388.150390625,-297.349609375,-143.1015625,0.0011349913142627893,24668.90011160714,-0.0036199628612594795,24743.732282366072,-0.0066333029762061,24688.981119791668,-0.004430377660622814,24984.5191796875,-0.016206818606366673,24667.55151694135,-0.0035654899719552873,24740.741884446616,-0.0065132353679705915,24796.07933949288,-0.008730401574941047,24719.845851934522,24693.170442324452,-0.0045992811338144415,-75.66165560951575,49.84772016700334,-74.77715773903037,-60.480750882352524,-14.296406856677848,23.35270938783675,22.91122854501394,-31.962209001947947,-0.16145836762828886,-76.64729061202974,198.45368303571428,0.008073918460413538,0.09960930044012871,0.0741606590764675,0.07191673550750434,0.18447448757086793,305275.0,0.8896896241094067,-4633900.0,-4159148.267313305,61.69276379972772,0.005510715147017165,24715.05078125,2,0.002244077804567208
2025-09-02 18:30:00+00:00,24616.5,24737.05078125,24533.19921875,24715.05078125,340300,0.0,0.0,0.0055107151470170646,0.011798540396481982,0.00012139826138080068,-0.010632213542153268,-0.0003114224246898445,0.005495586709857895,3.0,-265.599609375,391.150390625,0.0015012608509263176,24646.75027901786,0.0027711767863483304,24759.993024553572,-0.001815115345913187,24696.10974702381,0.0007669642879066282,24979.3821875,-0.010581983343938091,24677.051369803077,0.0015398683934102636,24738.40632961056,-0.0009441007658041144,24792.901748973552,-0.003140050669009424,24716.021651785715,24692.372281726082,0.0009184415035205149,-64.6979692682521,56.227939030879696,-67.24654985299276,-61.83391067648057,-5.412639176512187,41.43815700596611,33.074717764467614,-15.554393026225487,0.3400145235681151,-58.56184299390037,196.08956473214286,0.007934014235604877,0.09889828664854397,0.07458190619177558,0.07286748082799001,0.25294550810014726,309325.0,1.1001373959427752,-4293600.0,-4171953.1942358473,62.61825252994163,0.0007788776228048035,24734.30078125,1,0.0018180824366224296
2025-09-03 18:30:00+00:00,24980.75,24980.75,24708.19921875,24734.30078125,314100,0.0,0.0,0.0007788776228048189,0.0044365390743958955,0.009526196462326997,-0.012624472921238472,0.0034381965315353202,0.0007785744550393448,233.400390625,-316.25,230.400390625,0.010750502643173251,24613.400390625,0.004911974319121094,24768.20382254464,-0.0013688130773447742,24696.65978422619,0.0015241331156794343,24973.1812109375,-0.009565478569581143,24688.501252092465,0.0018550955641202284,24738.033097941418,-0.0001508736234865796,24790.603671807923,-0.002271138343514762,24712.596019345237,24699.570962030957,0.0014060899791510275,-43.812710432399804,53.35143390419708,-59.04454595534844,-61.276037732254146,2.231491776905706,44.008418022018994,36.266428138607296,36.30659029116535,-0.5734161220720696,-55.991581977847495,202.90387834821428,0.008203339974826323,0.09830100819860894,0.07718173593706146,0.07360790131943419,-0.07699089039083162,312440.0,1.005313020099856,-3979500.0,-4153624.318594338,63.30208911480349,0.0002708473067117542,24741.0,1,0.0017382871850744291
2025-09-04 18:30:00+00:00,24818.849609375,24832.349609375,24621.599609375,24741.0,210100,0.0,0.0,0.00027084730671167456,0.00656643693103276,0.012860863993874538,-0.013664224846763329,0.0067876385214102886,0.0002708106342015157,314.150390625,-342.75,80.75,0.0034182825248526686,24617.535993303572,0.005015286937328212,24776.039481026786,-0.001414248675766668,24701.014508928572,0.0016187793038610833,24963.1062109375,-0.008897378758104134,24699.001001673972,0.0017004330791832156,24738.30281631038,0.00010902864718111202,24788.658429776242,-0.0019225901196408654,24708.968843005954,24704.43056120213,0.0014802785559971336,-15.802977691687182,53.20813646331441,-51.411191594455886,-59.303068504694494,7.891876910238608,44.902898063116936,43.44982436370069,5.6057681461840705,-0.9593440798279972,-55.097101936749546,212.47530691964286,0.00858798378883773,0.09755007713454464,0.07845992191349202,0.075379809362867,-0.33110474371219356,311690.0,0.6740671821360946,-3769400.0,-4117031.526347258,57.947673527446796,0.0012994782193524919,24773.150390625,1,0.0015617385194364817
2025-09-07 18:30:00+00:00,24802.599609375,24885.5,24751.55078125,24773.150390625,213200,0.0,0.0,0.0012994782193525012,0.0023507784745915306,0.006014184932676914,-0.0038982239827239917,0.007196248079027301,0.0012986346282709543,148.099609375,-96.94921875,-166.05078125,0.002489778480053252,24656.428850446428,0.004733919128619243,24768.62527901786,0.00018269530731584259,24710.488374255954,0.0025358469415896413,24947.58921875,-0.0069922118163581294,24713.830879464178,0.0024002556078875988,24741.470777611707,0.0012804256181066925,24788.050271378153,-0.000601091275434323,24708.58363095238,24727.04654632462,0.0018645107580481613,2.9454703279258014,46.531263338976686,-42.28005725507319,-55.898466254770234,13.618408999697046,49.195619916327814,46.035645333821265,28.44270605357783,-1.1073624410390983,-50.80438008353867,194.8896484375,0.007866970706771512,0.09759038526988884,0.07517196351253488,0.07152493494154095,0.0147548786292242,291515.0,0.7313517314717914,-3556200.0,-4063619.0000284715,56.417132805289164,0.003852930178235273,24868.599609375,2,0.00263805809565676
2025-09-08 18:30:00+00:00,24864.099609375,24891.80078125,24814.0,24868.599609375,226900,0.0,0.0,0.003852930178235292,0.005429659375162377,0.011757717969082426,-0.003971138393527696,0.020740162946798923,0.0038455266535053208,289.0,-99.150390625,140.900390625,0.0036712819046387656,24719.535993303572,0.0060301947460422506,24760.621651785714,0.004360874258643446,24723.46214657738,0.005870434405065908,24932.2051953125,-0.0025511416033691613,24744.784625446344,0.005003679999757435,24753.027944135643,0.004668991022035048,24791.209068946657,0.003121692863511006,24721.913541666665,24748.455492202727,0.0048546107133885805,36.01779513452309,46.23473416667794,-27.03002791788822,-50.124778587393834,23.094750669505615,61.94000464182538,52.01284087375672,43.74909590623635,-0.8577281731200136,-38.0599953580411,193.45744977678572,0.00777918551167023,0.0910021757902099,0.07230655257891365,0.06925560012699687,0.06425891181988752,287230.0,0.789959266093372,-3329300.0,-3993683.8571686167,56.13855741925457,0.00420208623088714,24973.099609375,2,0.0032895494733945004
2025-09-09 18:30:00+00:00,24991.0,25035.69921875,24915.05078125,24973.099609375,244100,0.0,0.0,0.0042020862308871365,0.009381173330706094,0.010440958847665716,0.010563624623297851,0.015783934374500097,0.004193282121674665,258.048828125,261.048828125,-30.951171875,0.0049218851301483174,24769.257254464286,0.008229651491627429,24755.089425223214,0.008806681341641392,24752.500186011905,0.00891220772468679,24921.326171875,0.0020774752171265633,24790.447622232077,0.007367837399560023,24773.034459157403,0.00807592426948869,24798.342031316395,0.00704714766164232,24750.243936011906,24768.016410348173,0.008280162433239273,57.81812920174595,47.45653565424514,-6.437782392542431,-41.38737934842356,34.94959695588113,75.89285015754099,62.34282490523142,83.92857926754795,0.41415193995109334,-24.107149842325484,194.03599330357142,0.007769800158516237,0.086812520582172,0.0696211416144064,0.06808766211898266,0.07580431908329666,287380.0,0.8493980096040057,-3085200.0,-3907161.58505732,55.66870257282752,0.0012974116602184522,25005.5,1,0.0032443781305493183
2025-09-10 18:30:00+00:00,24945.5,25037.30078125,24940.150390625,25005.5,224600,0.0,0.0,0.0012974116602184615,0.00937909009194593,0.010964499103834902,0.020595145538736093,0.021157803650458273,0.0012965707489705478,271.19921875,504.599609375,13.150390625,-0.0011051735590177957,24830.100167410714,0.007064000201637925,24749.500139508928,0.010343637610781322,24772.521577380954,0.009404711663739636,24910.60015625,0.00380961691628242,24833.45809778566,0.006927827028233063,24794.16769014309,0.008523468603502084,24806.465873225556,0.00802347774131181,24783.63201264881,24785.81014617197,0.008863533309277376,62.425544500009025,47.428953535394285,12.353754891049903,-30.63915250052887,42.99290739157877,88.33351998769452,75.38879159568698,84.21229678542952,0.15119504160366268,-11.666480012158463,193.61104910714286,0.007742738561801808,0.08496823956588433,0.06703444632736542,0.06453278262553198,-0.07988529291274071,286760.0,0.7832333658808733,-2860600.0,-3807489.053147099,55.63775281424686,0.0043390454100097975,25114.0,2,0.003132852913627114
2025-09-11 18:30:00+00:00,25074.44921875,25139.44921875,25038.05078125,25114.0,225700,0.0,0.0,0.004339045410009845,0.009867881363632813,0.015076189321369338,0.028130946135652035,0.02009193575270718,0.004329658895022681,373.0,687.150390625,101.80078125,0.002757362130331217,24887.092912946428,0.009117460518481241,24766.92159598214,0.014013788620146886,24802.35965401786,0.012564947461829283,24903.8121484375,0.008439987031289843,24889.566478228528,0.00901717279679341,24823.243354675535,0.01171308040492979,24818.526035059847,0.011905379252689703,24832.23199404762,24805.481732361495,0.012437503571478561,61.32751998414885,58.60863282910115,35.59095641077511,-17.393130718268075,52.98408712904318,96.53634314379512,86.9209044296769,114.91519187886314,1.6265312106551608,-3.46365685606878,187.05747767857142,0.007448334700906425,0.08433869440182268,0.06665056036415651,0.06395374770425721,0.004897595725734671,286245.0,0.7884853883910609,-2634900.0,-3695813.905228328,60.965988599140225,-0.0017838966811340288,25069.19921875,0,0.0043512899224382685
2025-09-14 18:30:00+00:00,25118.900390625,25138.44921875,25048.75,25069.19921875,185400,0.0,0.0,-0.0017838966811339896,0.003848125017645865,0.01195039078425153,0.01803644757712264,0.017778128787795833,-0.001785489719644452,296.048828125,444.1484375,-76.951171875,0.00019512585111889006,24934.935546875,0.0053845606146682564,24774.16796875,0.011908825772560309,24823.781063988095,0.009886413118504467,24897.0901171875,0.006912819962188185,24925.493026332824,0.005765430287190305,24845.602978682306,0.00899942900397839,24828.35635598887,0.009700314402931658,24872.535677083335,24822.902849648883,0.009922142087608067,62.941314175872435,53.71948407517012,49.817294636643055,-3.9510456472858504,53.76834028392891,90.43892480423213,91.76959597857393,99.65696200283956,2.3195018104005274,-9.561075195631764,182.64662388392858,0.007285698369946913,0.08490815170277526,0.06675519618489503,0.06399206965231588,-0.178555604785113,282005.0,0.6574351518590072,-2820300.0,-3612431.6285399157,56.11500544864174,0.006777256391098701,25239.099609375,2,0.005135390358191839
2025-09-15 18:30:00+00:00,25073.599609375,25261.400390625,25070.44921875,25239.099609375,240100,0.0,0.0,0.006777256391098607,0.009341929150586958,0.014898305727690797,0.02683119377373666,0.014557668926382883,0.0067543940269436074,370.5,659.5,74.451171875,0.00017552976409827408,25006.092633928572,0.009318008169347957,24811.814313616072,0.01722104197452531,24852.72386532738,0.015546615579898051,24892.652109375,0.013917661263160722,24988.21434294126,0.010040143845036285,24881.375399654367,0.014377187915648244,24844.463934553034,0.015884249942422827,24934.5265625,24832.682015300532,0.016366238404053157,65.50355112842381,70.62078852092773,73.94887518099858,11.628938518371037,62.31993666262755,97.39690081173043,94.79072291991925,127.65002853332845,3.325234375243486,-2.6030991881528376,176.50739397321428,0.006993410886482023,0.08104643372985719,0.06714767009899537,0.06313958755394192,0.2950377562028048,275855.0,0.8703848036105895,-2580200.0,-3514123.8543932573,70.87185772739163,0.0036114755294654973,25330.25,2,0.004046568332210305
2025-09-16 18:30:00+00:00,25276.599609375,25346.5,25275.349609375,25330.25,268900,0.0,0.0,0.003611475529465391,0.008610735048180329,0.014301404159334785,0.02489168337929204,0.013994816144026423,0.003604969810507005,357.150390625,615.19921875,-13.349609375,0.001485789928340757,25085.678292410714,0.009749455635140944,24871.053571428572,0.018463087108578538,24874.309616815477,0.018329770361798534,24890.03109375,0.017686555094763357,25056.62147435301,0.010920407842176719,24922.18218150397,0.016373679299995742,24863.51436849213,0.018771909095011634,25003.651320684523,24850.623286999336,0.019300389670771845,74.74131943538488,85.81095782635558,99.283918162404,29.159934447177633,70.12398371522637,98.27458202153804,95.37013587916688,153.5402817186511,2.8637472670185273,-1.725417978355786,167.71805245535714,0.006621255315496314,0.08075704132589821,0.06636414542868145,0.06230673624603892,0.11995002082465644,276685.0,0.9718633102625694,-2311300.0,-3399569.2015938996,79.63816660431641,0.003685301541635002,25423.599609375,2,0.00355575760563105
2025-09-17 18:30:00+00:00,25441.05078125,25448.94921875,25329.75,25423.599609375,272200,0.0,0.0,0.0036853015416349333,0.014136885168630986,0.01672030590770035,0.02786813479067618,0.014891841356407198,0.0036785274558399,418.099609375,689.298828125,60.94921875,0.0043742474413002485,25164.964006696428,0.01027760669992371,24942.25,0.019298564057973144,24895.402436755954,0.02121665532263846,24888.0530859375,0.021518216856427352,25130.01710135741,0.011682543105062965,24967.765584037697,0.018256901035177395,24885.47849558558,0.021623900616773592,25077.324125744046,24868.791082005577,0.022309428936046923,82.77705438811456,92.33368836928192,125.44856263458496,48.417660084659104,77.03090254992586,97.50557349313898,97.72568544213584,160.1984838638097,3.4337418567145916,-2.494426506762613,164.25013950892858,0.006460538320008571,0.08112222173498312,0.06573187432831995,0.06180576661269343,0.012272220156191782,275940.0,0.9864463289120788,-2039100.0,-3270000.7062040046,88.606175011455,-0.0037976065391384403,25327.05078125,0,0.001938909882238964
2025-09-18 18:30:00+00:00,25410.19921875,25428.75,25286.30078125,25327.05078125,380400,0.0,0.0,-0.0037976065391384095,0.003484719076203957,0.008483347186827972,0.023687433056464924,0.009699537798375513,-0.0038048357551339826,213.05078125,586.05078125,-205.048828125,-0.0005270847099109465,25215.528459821428,0.004422763600067648,24992.39285714286,0.01339039146911786,24908.56910342262,0.016800711276901987,24885.072109375,0.017760795304606527,25169.42383733593,0.006262636162542703,25000.427874693363,0.013064692660210311,24902.795055807714,0.017036470183025756,25128.630896577382,24891.75418980609,0.017487581956845674,76.17409773908327,82.63290164553209,136.81641389330616,66.09741084638851,70.71900304691765,86.844540374554,94.20823196307703,131.49979436295578,2.476223922891015,-13.155459625338075,159.51436941964286,0.006298181766103121,0.0826653401917546,0.06628556613744538,0.06241142223581017,0.3975018368846437,283635.0,1.3411602940398706,-2419500.0,-3189000.63894648,78.44917407989479,-0.004923635718664811,25202.349609375,0,0.0030030236938545503
2025-09-21 18:30:00+00:00,25238.099609375,25331.69921875,25151.05078125,25202.349609375,254500,0.0,0.0,-0.004923635718664832,-0.005049314184621179,0.0053113140736227304,0.017325177136631842,0.013359415732888902,-0.00493579674708062,133.150390625,429.19921875,-79.900390625,-0.0035121014540251323,25243.649832589286,-0.001636063861136532,25036.875,0.006609235752265144,24914.216703869046,0.011564999571557754,24882.0141015625,0.012874179176370208,25176.008991743744,0.0010462586679204633,25018.78439602806,0.007337095617486369,24914.54229320251,0.011551780192686953,25156.625130208333,24905.037379175228,0.011937835132436405,56.50206491318493,76.96233958545865,134.21601682229812,79.72113204157044,54.49488478072767,73.07129572746594,85.80713653171965,85.95468485109951,1.8923066888544857,-26.92870427242487,155.72140066964286,0.006178844555497715,0.07833939123093653,0.06523279336652367,0.06314655594787166,-0.3309674027339643,285850.0,0.8903270946300477,-2674000.0,-3139952.959046815,71.26480694572832,-0.0013034343973539794,25169.5,1,0.0036495575700533967
2025-09-22 18:30:00+00:00,25209.0,25261.900390625,25084.650390625,25169.5,299200,0.0,0.0,-0.0013034343973540308,-0.009994635428466236,-0.0027576106300221115,0.012099611371424679,0.008080423746633203,-0.001304284606843299,-69.599609375,300.900390625,-202.75,0.00026387978613414136,25251.57840401786,-0.003250426674508224,25069.33565848214,0.00399549245669637,24928.47386532738,0.00966870799932314,24882.407109375,0.01153798703489667,25174.707193395,-0.00020684226255331307,25032.485814570962,0.0054734550313528495,24924.54063464555,0.009828039318563932,25174.308463541667,24916.740243933302,0.010144174301782098,36.12899831211904,71.59416577476615,128.02865977296096,89.38263758784855,38.646022185112415,66.22356310027571,75.37979973409857,64.31085556779307,1.7319429287416945,-33.77643689960342,153.8212890625,0.006111416160928659,0.0776573971143124,0.06604984445051033,0.0642411247008909,0.17563850687622784,290160.0,1.0311552247036082,-2973200.0,-3124071.72485188,62.554492551328224,-0.004473653007608415,25056.900390625,0,0.0037266171611938935
2025-09-23 18:30:00+00:00,25108.75,25149.849609375,25027.44921875,25056.900390625,244400,0.0,0.0,-0.00447365300760838,-0.010666476446795636,-0.010791429590114587,0.003355641973195045,0.013954714338668017,-0.004483689738311146,-273.349609375,83.80078125,-203.75,-0.002413635550964365,25249.821428571428,-0.007640491180983963,25092.378487723214,-0.001413899328657524,24932.71912202381,0.004980654857315295,24881.8991015625,0.0070332770158811455,25151.145832841,-0.0037471629659487117,25034.705321484966,0.0008865720149294293,24929.73121331141,0.005101105030995356,25172.650427827382,24944.440228522246,0.0045084259687719576,12.619923188706002,64.07994585180842,112.73969427393604,94.05404892506604,18.685645348869997,52.6138861150017,63.96958164758113,35.26781362376777,1.1453932807325513,-47.38611388487744,144.49986049107142,0.005766868935837333,0.06942387548706913,0.06387364674737525,0.06318311800866068,-0.1831550802139037,264855.0,0.9227690623171134,-3217600.0,-3132979.1796278916,54.85074864554298,-0.006626948212322688,24890.849609375,0,0.007141116602390808
2025-09-24 18:30:00+00:00,25034.5,25092.69921875,24878.30078125,24890.849609375,342500,0.0,0.0,-0.006626948212322681,-0.012359958687507722,-0.02095493982699237,-0.004585006923476853,0.01591570973037415,-0.006649003929024595,-532.75,-114.650390625,-259.400390625,-0.0008939809104792617,25200.071428571428,-0.012270672330151597,25103.08203125,-0.00845443685404009,24941.233351934523,-0.0020200982785646003,24875.800078125,0.000604986822644242,25099.086588147802,-0.008296595895689953,25021.627529474965,-0.005226595270267927,24928.20644452959,-0.0014985769328297296,25145.779910714286,24968.579984763684,-0.003113127596207472,-19.681436761082384,55.74157917127593,86.2301610422328,92.4892713484994,-6.2591103062666065,19.97406656432325,46.2705052598669,-4.094708498298883,0.08947025706912451,-80.02593343553336,144.76046316964286,0.00581581044606504,0.06629993507155502,0.06361826629322809,0.06396368623595974,0.4013911620294599,265650.0,1.2892904197251975,-3560100.0,-3173657.3529966637,52.831014788649306,-0.00948743792723151,24654.69921875,0,0.0067222237201475556
2025-09-25 18:30:00+00:00,24818.55078125,24868.599609375,24629.44921875,24654.69921875,291500,0.0,0.0,-0.009487437927231501,-0.020453357486243218,-0.02654677673713801,-0.01828863507406231,0.009327834453426664,-0.009532730366893805,-672.3515625,-459.30078125,-139.6015625,-0.0029046348059475697,25103.56417410714,-0.017880526934103698,25094.621233258928,-0.017530530165000592,24948.557105654763,-0.011778552389234028,24864.653046875,-0.008443867192885585,25010.20911426824,-0.014214591085342378,24988.27041031815,-0.013349110846439298,24917.48067096961,-0.010546068267878921,25085.995535714286,24985.585721320618,-0.013243095689698158,-56.713791554573405,46.07504954117517,45.63969602687939,83.11935628417541,-37.47966025729602,3.081147040874825,25.223033240066602,-83.00151081614986,-1.2749734538577602,-96.91885295900316,153.11049107142858,0.00621019505096948,0.07468277012138343,0.06525625519043281,0.06467897314716302,-0.1489051094890511,263950.0,1.104375828755442,-3851600.0,-3238223.3193779336,46.049356010133586,-0.0008030448049409952,24634.900390625,1,0.004654860331668447
2025-09-28 18:30:00+00:00,24728.55078125,24791.30078125,24606.19921875,24634.900390625,394400,0.0,0.0,-0.0008030448049409777,-0.016841668100252782,-0.022515726809016035,-0.017324000832071862,0.0003999833122172447,-0.0008033674181471517,-567.44921875,-434.298828125,104.90234375,0.002995435549415772,24990.89285714286,-0.014244887869866371,25077.92843191964,-0.017666054135904205,24958.464285714286,-0.01296409472094301,24855.1220703125,-0.0088602131610743,24935.147369539594,-0.012041115076037593,24956.145863073318,-0.012872399216244359,24906.399091348252,-0.010900760873841127,25024.699423363094,24981.001739937878,-0.013854582490963167,-92.07878260668404,41.84751652204134,11.738545454722043,68.84319411828474,-57.1046486635627,3.4056567042380235,8.82029010314538,-100.14973273289984,-1.482072381575994,-96.59434329564331,157.85700334821428,0.006407860427488538,0.06908283984839005,0.06482901843646144,0.06584500537091353,0.3530017152658662,272205.0,1.4489079921382728,-4246000.0,-3334202.0508657494,38.29202983209179,-0.0009661407544825133,24611.099609375,1,0.004267949543545335
2025-09-29 18:30:00+00:00,24691.94921875,24731.80078125,24587.69921875,24611.099609375,303000,0.0,0.0,-0.0009661407544825362,-0.011239069955034098,-0.022185597275472313,-0.024882028666614153,0.0012815505744847577,-0.0009666077692868598,-558.400390625,-628.0,9.048828125,0.0023157726323386335,24888.614118303572,-0.011150259617086182,25052.0712890625,-0.017602204408543515,24957.799944196428,-0.013891462212078261,24847.9760546875,-0.00953302775208546,24870.337817506675,-0.010423590143161732,24924.778021828017,-0.012585003251715965,24894.818719506166,-0.011396713240930247,24962.455580357142,24980.266054065643,-0.01477832317284488,-110.45188866506307,36.61838008891649,-16.85459546882339,51.70363620086312,-68.5582316696865,2.7170264876601253,3.067943410924339,-112.22387781644915,-2.0024702979413074,-97.28297351222378,156.21428571428572,0.006347310286565714,0.06883636688137185,0.06284082606169178,0.06304442050933917,-0.23174442190669375,273775.0,1.1067482421696608,-4549000.0,-3449897.0936404397,31.561430332161407,0.009150390492475804,24836.30078125,2,0.0047205347362807674
2025-09-30 18:30:00+00:00,24620.55078125,24867.94921875,24605.94921875,24836.30078125,308900,0.0,0.0,0.009150390492475902,0.007365799148013608,-0.008803946455306022,-0.019500368877133023,0.004905917494290035,0.009108779315782467,-220.599609375,-493.94921875,337.80078125,0.00038402070712027114,24836.321428571428,-8.31335730893655e-07,25039.98563058036,-0.008134383634853136,24970.02380952381,-0.0053553424415558855,24842.8880859375,-0.0002651585703204561,24863.530410255342,-0.0010951634203206105,24916.73463632092,-0.0032281057789037373,24892.52389839808,-0.002258634655833254,24933.686179315475,24988.248012828677,-0.006080747697904351,-99.96664561077844,44.52572272046979,-21.09978794631388,37.14295137142773,-58.24273931774161,28.865203192999868,11.66262879496602,-74.63649694659688,-0.9290222454564845,-71.13479680688403,167.9892578125,0.006763859855462679,0.07369096577236188,0.06440183193444378,0.06290581091713258,0.019471947194719563,272205.0,1.1348064877573847,-4240100.0,-3525154.513293731,32.95031689230726,0.0023332467769817144,24894.25,2,0.003815589683050021
2025-10-02 18:30:00+00:00,24759.55078125,24904.80078125,24747.55078125,24894.25,365900,0.0,0.0,0.0023332467769816567,0.010527731196903867,0.00013661207545601073,-0.020821190449357152,0.006466696599373822,0.0023305289834215856,3.400390625,-529.349609375,224.0,-0.003090234760642729,24797.0,0.0039218453845221634,25024.289202008928,-0.005196519308068215,24978.557105654763,-0.003375179170604457,24839.555078125,0.002201928404231622,24869.674328204273,0.000988178271713622,24914.690578473565,-0.0008204227304843386,24892.591588656982,6.662268720038469e-05,24914.254761904762,24989.284236530297,-0.003802999542954826,-72.40202808465833,42.64977187285303,-19.562610323871922,25.8018390323678,-45.36444935623972,35.59370464437087,22.391978108343633,-49.38740282417684,-1.3663308704043182,-64.40629535551302,169.65359933035714,0.006814971301820715,0.07404324839048582,0.06150606323033288,0.061537545068741276,0.18452573648429915,274795.0,1.3315380556414733,-3874200.0,-3558396.94059909,35.16364221149907,0.007367178791287145,25077.650390625,2,0.0038471711193116954
2025-10-05 18:30:00+00:00,24916.55078125,25095.94921875,24881.650390625,25077.650390625,268800,0.0,0.0,0.007367178791287232,0.018956925478952558,0.01715499216284666,-0.009847194321165653,0.013606983979022713,0.007340173682814145,422.951171875,-249.400390625,419.55078125,0.0008958205710153591,24799.964285714286,0.011197036484067044,25024.89285714286,0.002108202172265469,24994.907087053572,0.0033104065273474115,24836.710078125,0.009700975360347669,24911.26954068842,0.006678939010507607,24929.505106850967,0.0059425681793143295,24899.848796577295,0.007140669628168126,24921.36958705357,25000.43892004112,0.003088404600848077,-33.744712748434985,50.25869067917184,-3.5051025604334427,19.94045071380755,-23.445553274240993,56.888379898337426,40.44909591190273,3.4491237935076233,-0.997225094008113,-43.111620101546464,178.55357142857142,0.007120027939113249,0.07813624254534374,0.06153935427893361,0.06031935941249721,-0.2653730527466521,277730.0,0.9678464695927665,-3605400.0,-3562873.4224467957,40.82449376496319,0.0012222193924698109,25108.30078125,1,0.003604504324147003
2025-10-06 18:30:00+00:00,25085.30078125,25220.900390625,25076.30078125,25108.30078125,288000,0.0,0.0,0.0012222193924698033,0.010951711464428193,0.01921665535961159,-0.0037317484116645705,0.013528775522705816,0.0012214730903828323,473.400390625,-94.048828125,50.44921875,0.0003050680787806065,24831.028738839286,0.011166353409152533,25015.55008370536,0.0037077216864822645,25012.397600446428,0.003834225824151177,24837.6341015625,0.010897442106632111,24950.675788800738,0.006317463854827003,24945.759259069062,0.006515797755157096,24908.02338421152,0.008040678055787542,24932.49064360119,25014.793983280484,0.00373805988696172,0.8920059973666254,45.62311853986699,11.560555509899132,18.264471673025866,-6.703916163126735,60.447206095720816,50.97643021280971,40.69094016582264,-1.2401816932670722,-39.552793904163075,175.15345982142858,0.006975918495935021,0.07812869782999873,0.061684334522037296,0.06054728166265742,0.0714285714285714,281470.0,1.023199630511241,-3317400.0,-3539495.0012613866,41.482377039502865,-0.002475292580189725,25046.150390625,0,0.004113963886489667
2025-10-07 18:30:00+00:00,25079.75,25192.5,25008.5,25046.150390625,227400,0.0,0.0,-0.0024752925801897474,0.006101826350462414,0.017677015174254018,-0.004900757240906661,0.0071395568724772485,-0.0024783611817054724,435.05078125,-123.349609375,-38.349609375,-0.0011371052744166418,24886.950334821428,0.006396929059677347,24995.257254464286,0.0020361117168186753,25025.397600446428,0.0008292691492822248,24841.817109375,0.008225375798813045,24969.770709165594,0.003058885976528674,24954.885725574146,0.0036571862542059655,24913.440129561066,0.005326854114637553,24936.57068452381,25023.83785967973,0.0008916510357198464,30.595380888547357,40.30509888881925,18.27452362899203,18.2664820642191,0.0080415647729275,53.230905297470855,56.855497097176375,17.6068160740929,-1.1090923813085403,-46.76909470241304,180.62486049107142,0.007211681542831976,0.07795297642091555,0.06328214849204232,0.06272312853542347,-0.2104166666666667,281495.0,0.8078296239720038,-3544800.0,-3540000.2392364927,35.491991614012576,0.00541601757193693,25181.80078125,2,0.004681262580931835
2025-10-08 18:30:00+00:00,25074.30078125,25199.25,25024.30078125,25181.80078125,286300,0.0,0.0,0.005416017571936882,0.004153115981867961,0.013911089378529029,0.004984670437199412,0.00835703917973607,0.005401403691044332,345.5,124.900390625,-89.55078125,0.001123940812698139,24965.078962053572,0.008680998747323481,24977.985909598214,0.008159780071517245,25040.311941964286,0.005650442359249979,24851.8351171875,0.013277315840321293,25012.176723582477,0.006781659171134338,24975.51436699922,0.008259546178690196,24923.964076686123,0.010344931639708432,24961.443154761906,25031.572948368805,0.0060015338704865135,61.8405539697769,41.98014876081873,34.14761216384795,21.442708084144872,12.70490407970308,70.63801327386183,61.43870822235118,34.78085390454755,-0.08153536651739504,-29.361986726019275,184.60700334821428,0.007330969097558052,0.07885886809593821,0.0641806605006851,0.06329593851188071,0.25901495162708876,283605.0,1.0095026533382663,-3258500.0,-3513190.692642541,35.66320910970943,0.00411205016767907,25285.349609375,2,0.005884974386912171
2025-10-09 18:30:00+00:00,25167.650390625,25330.75,25156.849609375,25285.349609375,232900,0.0,0.0,0.0041120501676790155,0.007051406212929212,0.015710439534229792,0.015849197845436924,0.01119152224010711,0.004103618794970308,391.099609375,394.5,45.599609375,-0.000561929257876411,25061.400390625,0.00893602174097846,24975.007254464286,0.0124261167073426,25055.180989583332,0.009186468055742686,24861.1201171875,0.017063973392501968,25066.811300740985,0.008718233285122567,25003.681207215202,0.011265077323034596,24938.136058360196,0.013922995295327647,25002.42498139881,25042.315318238845,0.009704944932114094,85.37919559150285,48.623271108942156,54.454951439998695,28.045156755315638,26.409794684683057,93.77021379355676,72.54637745496316,75.03597104009663,0.46027775432565365,-6.229786206308831,186.853515625,0.0073897936359050105,0.07989654842600749,0.0653156448240263,0.06428268380576631,-0.1865176388403772,284020.0,0.820012675163718,-3025600.0,-3466753.4838194423,42.70877348475005,-0.0022938183927065595,25227.349609375,0,0.005923903328466717
2025-10-12 18:30:00+00:00,25177.30078125,25267.30078125,25152.30078125,25227.349609375,234300,0.0,0.0,-0.0022938183927065925,0.007234613540363588,0.005969427614556988,0.023226825261348116,0.004513403256152015,-0.0022964532241035664,149.69921875,572.650390625,-241.400390625,-0.004273179125232845,25117.264508928572,0.004382845926844087,24976.79296875,0.010031577750533335,25065.745256696428,0.006447219144038523,24868.56609375,0.014427189499886597,25098.91896246779,0.0051169792252509835,25024.01469832064,0.008125591097418837,24949.47776624313,0.011137381140210567,25036.070628720237,25047.277958091174,0.007189270290572609,82.59693286035862,50.86337845335923,65.11791011573223,35.45970742739895,29.658202688333276,86.08434399975799,83.49752368905888,55.73548344583346,0.6802486185153471,-13.91565600010744,183.45354352678572,0.007272010193992133,0.07921117908579445,0.06547113382948626,0.06444649219046458,0.006011163589523472,284450.0,0.8236948497099638,-3259900.0,-3447053.1520271143,42.9233812835918,-0.0032444791324643557,25145.5,0,0.005017672679524865
2025-10-13 18:30:00+00:00,25277.55078125,25310.349609375,25060.55078125,25145.5,292100,0.0,0.0,-0.003244479132464395,-0.0014415482659615453,0.0014815506263881062,0.020726676433784563,0.0030436066419279317,-0.0032497538671527296,37.19921875,510.599609375,-112.5,0.001989950298082135,25153.157366071428,-0.000304429617323354,24975.078683035714,0.006823654857193217,25067.245256696428,0.0031217927020786014,24876.1091015625,0.01082930201574689,25108.235169974236,0.0014841676355782274,25035.058816655124,0.0044114609098261,24957.164912664968,0.007546333407423622,25058.56489955357,25052.348994054857,0.0037182543627842964,65.67504471005286,49.198290102650375,66.20068200423339,41.60790234276584,24.592779661467546,75.06899869089524,84.97451882807002,37.54783841285327,1.0230682946598861,-24.931001308970185,188.63560267857142,0.0075017638415845345,0.0798723249190444,0.06837740326043297,0.06766227414707844,0.24669227486128897,289785.0,1.007988681263692,-3552000.0,-3457048.089929294,42.998700398470646,0.007080820872521923,25323.55078125,2,0.003412918556193192
2025-10-14 18:30:00+00:00,25181.94921875,25365.150390625,25159.349609375,25323.55078125,289900,0.0,0.0,0.007080820872521931,0.0015108025977554895,0.011075569949816844,0.028948368142137415,0.003346045349558846,0.007055869574947451,277.400390625,712.451171875,240.201171875,0.0014495324710186136,25188.285993303572,0.0053701465825178795,24994.125139508928,0.01318012292497995,25079.357235863095,0.009736834285278325,24891.273125,0.017366635048322098,25151.29829222939,0.006848651986836908,25061.285358891022,0.010464962933991065,24971.532985942813,0.01409676352290161,25105.027845982142,25058.105221030062,0.010593201595991043,50.90432974972203,58.53416729853418,80.49806495671146,49.38593486555497,31.112130091156487,94.64923188994369,85.26752486019899,74.48168256962794,2.7128765861856814,-5.3507681099276745,194.17843191964286,0.007667899087177312,0.08021223371124128,0.06866900906440854,0.06849239379682666,-0.007531667237247519,292275.0,0.9918740911812471,-3262100.0,-3438481.605174123,49.61151143376007,0.010336228211479895,25585.30078125,2,0.003876373966183
2025-10-15 18:30:00+00:00,25394.900390625,25625.400390625,25376.849609375,25585.30078125,372800,0.0,0.0,0.010336228211479837,0.014189012219578467,0.016023476776150236,0.03015747017226711,0.0100690195023736,0.010283174673804386,403.5,749.0,126.099609375,0.0028175199438392217,25256.428850446428,0.013021315592594016,25043.72879464286,0.021625053962530057,25095.84300595238,0.01950353989628905,24908.524140625,0.027170483357589748,25238.098790033513,0.013757058093202436,25108.92312456002,0.01897244474909388,24995.60231124898,0.023592088826585752,25183.851264880952,25075.905780688405,0.020314121651943396,59.08351745916832,70.94305259514283,111.66270328179598,61.84128854880318,49.82141473299281,96.13572669446772,88.61798575843557,151.68750863188225,3.857942900335995,-3.8642733054359217,200.42494419642858,0.007833597342084041,0.08727009657856888,0.07149296087570273,0.07064154026163291,0.28596067609520515,297470.0,1.2532356203986914,-2889300.0,-3386178.59515754,58.29954930242092,0.004867983737610569,25709.849609375,2,0.00362948567507586
2025-10-16 18:30:00+00:00,25546.849609375,25781.5,25508.599609375,25709.849609375,422100,0.0,0.0,0.004867983737610659,0.022443363996540233,0.01678837771903341,0.0327625700462959,0.01125922388639422,0.0048561734175648985,424.5,815.599609375,21.0,-0.0015028618269431156,25351.243024553572,0.014145522745140752,25119.0966796875,0.02351808017703071,25113.91917782738,0.02372908932803012,24929.7301171875,0.03129273716644145,25332.44895390181,0.014897914376929822,25163.552804997747,0.021709843940189977,25023.612009214703,0.027423602951786866,25272.667373511904,25102.29011958211,0.024203349052958026,69.0161116288398,84.1174590857211,144.74245232387693,78.42152130381794,66.32093102005899,93.99812835179111,94.92769564540087,182.77251544475197,4.464449039007641,-6.001871648125124,201.24637276785714,0.007827598209460765,0.08793827775164756,0.07433508219464163,0.0732816002146652,0.13224248927038618,304965.0,1.3840932566032123,-2467200.0,-3298656.824190155,66.39977274315345,0.005184813729964113,25843.150390625,2,0.004077598216993079
2025-10-19 18:30:00+00:00,25824.599609375,25926.19921875,25788.5,25843.150390625,301100,0.0,0.0,0.005184813729964155,0.02051843415891419,0.024410046667017182,0.030525188288220706,0.02037740650629072,0.0051714188632333265,615.80078125,765.5,191.30078125,0.0044632699818731095,25445.721540178572,0.015618690545633584,25205.400251116072,0.025302123082955732,25133.897786458332,0.028218965883945447,24955.109140625,0.035585548634379634,25434.58924124645,0.016063210044531973,25225.334403691133,0.024491884906129913,25055.75076927001,0.031425904121008305,25369.207868303572,25124.332639097967,0.028610421691694796,89.62824862129084,86.39632685455297,179.64382854119322,98.665982751293,80.97784578990021,93.79538078999343,94.6430786120841,211.20459333391082,4.053943533068636,-6.204619209931861,203.47837611607142,0.00787359021792786,0.08779524897370748,0.07423724594325687,0.07348347131082303,-0.2866619284529732,301000.0,1.000332225913618,-2166100.0,-3190794.2695053783,74.9897082645098,0.0009847568259027774,25868.599609375,1,0.0038129716599980355
2025-10-20 18:30:00+00:00,25901.19921875,25934.349609375,25825.80078125,25868.599609375,42500,0.0,0.0,0.0009847568259027106,0.011072718298180462,0.028756620841701386,0.030280775857710163,0.026436027208834645,0.000984272270986046,723.099609375,760.298828125,107.298828125,0.0022461978221531326,25529.04296875,0.01330079788108926,25295.2216796875,0.02266744039440104,25159.68582589286,0.028176575351053907,24980.558125,0.035549305180905155,25521.39131487216,0.013604598989887282,25283.8130587533,0.02312889077540546,25087.627194372166,0.031129783974866952,25457.634449404763,25125.276141329392,0.02958468849712904,103.74339750426005,87.84231116387012,206.97112560841924,120.32701132271825,86.644114285701,95.05043807085785,94.28131573754747,182.56780871722196,3.913954464886312,-4.9495619290668635,200.93889508928572,0.007767675797048403,0.08494559673496829,0.07320071081524533,0.07204179815081187,-0.858850880106277,290400.0,0.14634986225895266,-2123600.0,-3089156.7200286756,80.90472701655197,0.0008814076368377051,25891.400390625,1,0.004186375063251993
2025-10-22 18:30:00+00:00,26057.19921875,26104.19921875,25862.44921875,25891.400390625,448400,0.0,0.0,0.0008814076368377499,0.007061526380294225,0.022423775175930194,0.03374770121624704,0.02868155468424094,0.0008810194252249848,567.849609375,845.25,-155.25,0.007290677200270347,25623.907366071428,0.01043919729852556,25370.5859375,0.02052827847208562,25192.49776785714,0.027742490213080576,25011.1201171875,0.03519555578930434,25595.39313002273,0.011564864782445913,25339.048270741638,0.021798455647646705,25119.14771187228,0.030743586032884913,25537.12494419643,25185.207714323547,0.02803997824087004,104.39696442337275,86.15584578913102,227.8416215231009,141.82993336279478,86.01168816030614,84.31437192984323,91.05339693023153,163.9988870484844,3.2449212239763057,-15.685628070083052,199.49246651785714,0.007704970125527993,0.08440326658324043,0.07433998862660422,0.07236498661755697,9.550588235294118,297860.0,1.5054052239307008,-1675200.0,-2954494.17526404,81.64148805945638,-0.003717450525961164,25795.150390625,0,0.00559568863623863
2025-10-23 18:30:00+00:00,25935.099609375,25944.150390625,25718.19921875,25795.150390625,284900,0.0,0.0,-0.0037174505259611745,-0.0018573586917410845,0.008201959835030914,0.024356860524116675,0.02946294188391385,-0.0037243774174138414,209.849609375,613.349609375,-358.0,0.0016877889218314098,25716.71456473214,0.0030499940299692253,25434.935965401786,0.01416219115759466,25222.29064360119,0.022712439370336058,25035.322109375,0.03035024985619962,25635.344582143185,0.006233807701306446,25380.512099821943,0.0163368764653866,25145.657620842976,0.025829221871041474,25593.733537946428,25219.687638497096,0.022817996811723158,97.88153670951603,80.08214757532386,233.91860126796382,160.2476669438286,73.67093432413523,74.72094193573197,84.6952506454777,115.6563577138745,2.73554795825884,-25.279058064186245,204.39969308035714,0.007923958185358605,0.08374202933404747,0.07593410048516543,0.07380437294590866,-0.3646297948260482,299885.0,0.9500308451573072,-1960100.0,-2859789.968096036,74.08508454709566,0.00662529150002987,25966.05078125,2,0.006045006802982192
2025-10-26 18:30:00+00:00,25843.19921875,26005.94921875,25827.0,25966.05078125,266300,0.0,0.0,0.006625291500029773,0.003767160702417005,0.009965098037040931,0.02692077358592737,0.04319664409807977,0.00660344071508198,256.201171875,680.701171875,46.3515625,0.0018627078112504831,25808.50027901786,0.006104597343078579,25498.393136160714,0.01834067121767199,25265.583519345237,0.027724167200350033,25064.8951171875,0.035952899856521725,25701.48582196455,0.01029376126804862,25433.742889042675,0.02092920002099387,25177.82990164325,0.031306148412547447,25664.54884672619,25267.136809762793,0.027660988134481902,101.13339119144511,79.91447763808227,249.64710828295938,178.12755521165474,71.51955307130464,87.3917554072479,82.14235642427438,118.4947099894619,3.672821476666092,-12.608244592660839,204.14969308035714,0.007862177225185321,0.07987853133662355,0.07515338989607258,0.07304298744100078,-0.06528606528606529,296075.0,0.8994342649666439,-1693800.0,-2748743.3044678424,74.13118763501171,-0.0011496381468049702,25936.19921875,1,0.004854234631116815
2025-10-27 18:30:00+00:00,25939.94921875,26041.69921875,25810.05078125,25936.19921875,395200,0.0,0.0,-0.001149638146805021,0.001730258983643873,0.003600521868214468,0.02809845744206041,0.051977920664528554,-0.0011502994876563522,93.048828125,708.849609375,-163.15234375,-0.0010052188035789735,25858.62862723214,0.00299979525736198,25557.528738839286,0.014816396521751365,25315.36207217262,0.024524126686688765,25091.232109375,0.033675791834042935,25748.428501321643,0.007292511751492386,25479.420737197885,0.017927349536845553,25207.569874863122,0.028905179971887532,25722.922991071428,25337.15745715866,0.023642816389494583,89.11207122236351,77.892243307243,256.74371012339907,193.8507861940036,62.892923929395465,84.66732501712421,82.26000745336805,102.33814411380932,2.9958081395897787,-15.33267498278452,210.36746651785714,0.008110959695504209,0.06846426552565343,0.07474290032258775,0.07391503690537826,0.4840405557641758,301260.0,1.3118236739029367,-2089000.0,-2685910.6088042385,65.09188114061472,0.004538104094678242,26053.900390625,2,0.005297947644405469
2025-10-28 18:30:00+00:00,25982.0,26097.849609375,25960.30078125,26053.900390625,321900,0.0,0.0,0.0045381040946781415,0.01003095527964204,0.007163154714523001,0.03612576368038023,0.057601207128891385,0.004527837947802368,185.30078125,908.400390625,92.251953125,0.001765901814051751,25907.778738839286,0.005640068693602508,25629.510881696428,0.016558626923763805,25381.990699404763,0.026471906761669693,25119.6841015625,0.03719060658905153,25809.522879182317,0.009468501707165821,25531.646160236713,0.020455172655558414,25240.759306853783,0.03221539708396917,25789.10587797619,25418.729526939536,0.02498830096965568,68.6144254967336,82.72654388725009,268.7671388360068,208.83405672240423,59.93308211360255,95.34226308888854,89.13378117108691,106.90939800538608,3.0395102030347863,-4.6577369110188585,208.77106584821428,0.0080130446005439,0.06761925500936417,0.07387936968439869,0.07292749058104568,-0.18547570850202433,297635.0,1.0815260302047773,-1767100.0,-2598404.836537168,71.27111786638278,-0.00675717564781005,25877.849609375,0,0.003503315223436712
2025-10-29 18:30:00+00:00,25984.400390625,26032.05078125,25845.25,25877.849609375,257400,0.0,0.0,-0.0067571756478100875,-0.0033967880837192377,-0.0005233699624415111,0.021888669283117057,0.05147067868180355,-0.006780108726120027,-13.55078125,554.298828125,-198.8515625,-0.0026675468531769464,25912.735770089286,-0.001346294000904123,25679.228655133928,0.007734693160316378,25441.178757440477,0.01716393945806453,25139.702109375,0.02936182365202739,25823.188225220856,0.002116755827258982,25563.119201067468,0.012311893780723657,25265.74324028599,0.02422673116193904,25822.217708333334,25480.26486735991,0.01560363458090963,38.40163351807253,72.02612650077654,261.080393723827,219.2833241226888,41.79706960113819,78.31169949164197,86.10709586588492,78.41309691899878,2.5785507002219332,-21.68830050826221,211.17829241071428,0.008160581176505512,0.07466861378999193,0.0744222589430207,0.07348610301552774,-0.20037278657968316,295355.0,0.8714936263140937,-2024500.0,-2543747.2330574375,64.88972217017884,-0.00601866083739721,25722.099609375,0,0.0034512571260945646
2025-10-30 18:30:00+00:00,25863.80078125,25953.75,25711.19921875,25722.099609375,334400,0.0,0.0,-0.006018660837397216,-0.008254856757123563,-0.0028319579511562054,0.00534677427850494,0.03566548963659377,-0.006036845980053782,-73.05078125,136.798828125,-59.5,-0.0005428900908331217,25891.807198660714,-0.006554489919671793,25710.42508370536,0.0004540775048110688,25494.083519345237,0.008943882601495865,25154.53109375,0.022563271543789502,25802.970502051685,-0.0031341698689401447,25577.57196545906,0.005650561519721609,25283.639568485556,0.017341650504935177,25827.933835565476,25535.02266478994,0.007326288566135163,10.673032406113705,63.37873961611951,239.65823850802917,223.3583069997569,16.299931508272266,63.38809165556444,79.01401807869833,51.10565136924747,2.2930528697976857,-36.611908344339746,216.08189174107142,0.008400631947724325,0.07621019443685531,0.07368526299255482,0.0739763122787884,0.2991452991452992,296630.0,1.1273303441998412,-2358900.0,-2526142.734671015,57.901339624319526,0.0016036793506920993,25763.349609375,2,0.003873196479784602
2025-11-02 18:30:00+00:00,25696.849609375,25803.099609375,25645.5,25763.349609375,23300,0.0,0.0,0.0016036793506921665,-0.011151911110957813,-0.00780639203021849,0.0020809145449256494,0.03491166069975993,0.001602394830084992,-202.701171875,53.5,-129.650390625,-0.000981646147999368,25873.514229910714,-0.0042578143640169,25748.710797991072,0.0005685259933506687,25538.228701636905,0.008815055670781786,25168.7870703125,0.023623011208346374,25795.046323516348,-0.0012287907431455167,25594.46084217869,0.006598645239597333,25302.45172695181,0.01821554240659726,25834.990438988094,25580.778967708797,0.0071370243219199565,-7.172138046268697,66.58925112801333,223.43394894000085,223.3734353878057,0.06051355219514676,67.34057206158818,69.68012106959821,34.57254925380702,1.7367186455171892,-32.659427938316,217.83551897321428,0.008455248338280433,0.07618199919962225,0.07360546722437526,0.07461210268624383,-0.930322966507177,279500.0,0.08336314847942726,-2335600.0,-2507995.8075594897,60.847035181372995,-0.006431586779760341,25597.650390625,0,0.004606096879721877
2025-11-03 18:30:00+00:00,25744.75,25787.400390625,25578.400390625,25597.650390625,305100,0.0,0.0,-0.006431586779760301,-0.010827762854317302,-0.01305313956257148,-0.009499615808800876,0.020735594918190436,-0.006452358545521922,-338.548828125,-245.5,-135.84765625,-0.0007219406504591734,25845.299944196428,-0.009581995724798224,25781.007254464286,-0.007112090774014607,25571.723958333332,0.0010138711153738205,25179.065078125,0.016624338957828905,25755.56713693808,-0.006131363579511043,25594.750801128357,0.0001132884441490609,25314.02814513507,0.011204153043672154,25814.849051339286,25611.64300049266,-0.0005463378459315965,-25.90609216857704,63.30360005878413,194.95818383468213,217.69038507718102,-22.73220124249889,46.38841746883546,59.039027061996045,12.367196969423231,0.0482683767550227,-53.6115825310587,214.92131696428572,0.008396134554716439,0.07835033293051868,0.07337908129991201,0.0745867477452588,12.094420600858369,281315.0,1.0845493485949875,-2640700.0,-2520634.3020776333,60.57163990646149,-0.0034359080045569977,25509.69921875,0,0.004208370205939932
2025-11-05 18:30:00+00:00,25593.349609375,25679.150390625,25491.55078125,25509.69921875,371900,0.0,0.0,-0.0034359080045569534,-0.00825750595210295,-0.020887512568782962,-0.013873978338391879,0.015986682690998677,-0.0034418242922323408,-544.201171875,-358.900390625,-205.65234375,-0.00016801468823775208,25780.106863839286,-0.010489004041661504,25794.303571428572,-0.011033612591650177,25592.297712053572,-0.0032274746969931756,25191.8570703125,0.012616860581193509,25706.393553300462,-0.007651572521933984,25587.01883909396,-0.003021829968945818,25321.70152057095,0.007424370673760444,25778.67464657738,25632.319789370427,-0.004783826498266168,-44.77889572268673,55.783687607077404,163.41031787513202,206.83437163677124,-43.424053761639215,18.264890454670475,43.99795999503139,-14.724791544173524,-0.7784969327553286,-81.73510954519205,212.63197544642858,0.008335338399056178,0.07993398052892997,0.07401738217248419,0.07513675206378603,0.2189446083251394,285510.0,1.302581345662144,-3012600.0,-2567488.1780702397,52.48913929230535,-0.000682032247844455,25492.30078125,1,0.003202737859963553
2025-11-06 18:30:00+00:00,25433.80078125,25551.25,25318.44921875,25492.30078125,305600,0.0,0.0,-0.0006820322478444663,-0.010520713813795712,-0.014898796999937902,-0.015414369379553094,0.01781313230443593,-0.0006822649376453303,-385.548828125,-399.099609375,158.65234375,-0.002975277632603781,25716.692801339286,-0.008725539548288709,25787.660714285714,-0.011453537267615761,25610.583426339286,-0.0046185064635284115,25202.3480859375,0.011504987325933969,25663.57499889037,-0.006673825359396292,25578.40810656269,-0.0033664067346940454,25328.391687656404,0.006471358134968745,25738.407607886904,25644.509857932007,-0.0059353474691161735,-58.18352798116294,46.593162857441754,135.443193486597,192.5561360067364,-57.1129425201394,22.125556792844893,28.926288238783627,-49.22305640902809,-1.357611607222092,-77.87444320702784,207.69991629464286,0.008147554749055893,0.07920798079195165,0.07493384645661753,0.07627469556444584,-0.17827372949717668,289420.0,1.055904913274822,-3318200.0,-2638984.54206355,44.31396368473285,0.003218572887126306,25574.349609375,2,0.002759782133652335
2025-11-09 18:30:00+00:00,25503.5,25653.44921875,25503.5,25574.349609375,243600,0.0,0.0,0.0032185728871263475,-0.0009102703136587564,-0.005744087856115354,-0.00855977879199521,0.015588592393967593,0.0032134043686110675,-147.75,-220.80078125,237.798828125,0.00043931769227502474,25648.185546875,-0.002878797697601395,25777.98214285714,-0.007899475310116864,25635.735770089286,-0.002394554276296866,25219.5940625,0.014066663642397222,25645.729920987298,-0.002783321505459703,25578.039152272897,-0.00014424651068566753,25338.03709635125,0.00932639383726255,25709.966127232143,25667.034177857553,-0.003611035378700144,-68.37005470551743,44.8767483416461,118.533322280633,177.75157326151572,-59.218250980882715,32.56766027676415,24.319369174759856,-24.917955839817836,-1.137479432374646,-67.43233972310858,199.71763392857142,0.007809294741765455,0.07791801585744,0.07450292645217746,0.07602750167110536,-0.20287958115183247,287285.0,0.8479384583253534,-3074600.0,-2680471.728533688,41.76714543826602,0.004715647170584968,25694.94921875,2,0.0027784765231315435
2025-11-10 18:30:00+00:00,25617.0,25715.80078125,25449.25,25694.94921875,297700,0.0,0.0,0.0047156471705849246,0.00726194371840494,-0.0026549494402742235,-0.010440615894341643,0.016199088234996495,0.004704563337770722,-68.400390625,-271.1015625,79.349609375,0.0016677018683346546,25622.05691964286,0.0028449042688394152,25767.396344866072,-0.0028115811604110365,25660.171409970237,0.001355322543412514,25243.4750390625,0.017884787216849354,25655.573780539842,0.001534771295585805,25588.667340134452,0.004153474551949254,25352.03365017081,0.013526156256772894,25698.895070684524,25681.033585985228,0.0005418642017728607,-55.61447810773696,44.34217609826037,113.55452225709087,164.91216306063075,-51.35764080353988,47.91600381794729,34.20307362918546,-19.15623948600752,-0.7587506620388339,-52.08399618192544,203.30343191964286,0.007912194345621874,0.07828841202299255,0.07634384838519201,0.07890612495222955,0.22208538587848925,290525.0,1.0246966698218707,-2776900.0,-2689655.373435241,41.676083025520356,0.007038409025849712,25875.80078125,2,0.004143333739306277
2025-11-11 18:30:00+00:00,25834.30078125,25934.55078125,25781.150390625,25875.80078125,312600,0.0,0.0,0.0070384090258497345,0.015043757850294659,0.010866246955496761,-0.0023287312451061304,0.025704292441169674,0.007013755040664786,278.150390625,-60.3984375,346.55078125,0.00542330561985729,25644.014229910714,0.00903862200594654,25767.910714285714,0.004186993200984194,25688.288132440477,0.00729953852287709,25272.4540625,0.02387368940340616,25699.619180681875,0.006855416779893446,25614.770380235866,0.010190620377980516,25372.573537664113,0.019833512073138944,25713.348995535714,25709.25371355104,0.006478098102519767,-30.458228110786205,50.24575641871487,122.78658964882561,156.48704837826975,-33.70045872944414,70.93242920767301,50.47203110079483,53.755015373963786,0.31265718324444614,-29.067570792199724,212.66434151785714,0.008218657397917082,0.08035388867641648,0.07677079423702367,0.0795201631539926,0.05005038629492775,294440.0,1.0616764026626782,-2464300.0,-2668192.956917599,45.466671063717364,0.0001294494962036954,25879.150390625,1,0.0036773555256674924
2025-11-12 18:30:00+00:00,25906.099609375,26010.69921875,25808.400390625,25879.150390625,385200,0.0,0.0,0.00012944949620363744,0.011918222199412964,0.014482772560620694,-0.006707249102053114,0.029176210082320964,0.00012944111834060272,369.451171875,-174.75,91.30078125,0.0011709329647859178,25660.557198660714,0.00851864557234504,25767.035714285714,0.004351089414492621,25719.326264880954,0.006214164558512375,25297.5360546875,0.022990947999052467,25735.5254226705,0.00558080573820244,25638.80492663488,0.009374284982387331,25392.439296603756,0.019167559616311565,25728.180952380953,25747.72704051536,0.00510426997702874,4.4330808075434645,49.5763158387685,128.88761881301616,150.96716246521905,-22.079543652202887,71.9400681111611,63.59616704559382,61.1894355149766,-0.3346692624037658,-28.059931888710604,209.84640066964286,0.008108705173940094,0.07870878780464298,0.07565537529950023,0.07884171458544643,0.23224568138195778,299095.0,1.2878851201123347,-2079100.0,-2612088.8657825897,44.61081919655507,0.0011940264714483827,25910.05078125,1,0.003968114725389036
2025-11-13 18:30:00+00:00,25767.900390625,25940.19921875,25740.80078125,25910.05078125,518900,0.0,0.0,0.001194026471448284,0.008371355812722747,0.016387300761305124,0.0012443526939476257,0.023160259201653988,0.0011933141887742222,417.75,32.201171875,48.298828125,-0.0042988273695529515,25705.18582589286,0.007969790871955987,25775.24288504464,0.005230130975160353,25755.733444940477,0.00599157219263082,25324.145078125,0.023136248087248703,25770.430494386404,0.005417848448205152,25663.4636406908,0.0096084902650558,25412.73778619773,0.019569437942351643,25747.24962797619,25779.121194452913,0.005078900316635109,30.509877416335502,54.16214456975127,134.66381107056804,147.70649218628887,-13.042681115720825,75.90470438754035,72.92573390212483,40.770085277174054,-0.10081830911098015,-24.095295612331352,207.94977678571428,0.008025834396904796,0.0758454789178919,0.07545019502084399,0.0786051251863008,0.34709241952232617,310545.0,1.67093335909449,-1560200.0,-2511908.9738032953,42.192630667349704,0.003990669040865989,26013.44921875,2,0.005137103464534542
2025-11-16 18:30:00+00:00,25948.19921875,26024.19921875,25906.349609375,26013.44921875,281800,0.0,0.0,0.0039906690408659795,0.005319581746035862,0.0171695318192584,0.011326820663924764,0.016734156895812813,0.003982727442351947,439.099609375,291.349609375,21.349609375,0.001472341286478872,25777.15011160714,0.009166998916472418,25778.628487723214,0.00910912429412635,25788.585751488095,0.00871949588196865,25350.113046875,0.026166990681595562,25819.034239259126,0.007529909046530034,25695.280511423454,0.01238237921493341,25436.29509727821,0.02269018028232917,25779.01047247024,25803.657532434743,0.008130308118201625,50.88252314198056,51.80524106027586,145.9029959040272,147.34579292983653,-1.442797025809341,89.17111260898764,79.00529503589638,90.97505795253133,-0.15525956293881446,-10.828887390884056,201.310546875,0.00773871027952308,0.06866355699712845,0.07317532406852752,0.07714224591845678,-0.4569281171709385,305995.0,0.9209300805568689,-1278400.0,-2394431.928679172,42.40655686236573,-0.003974806902018682,25910.05078125,0,0.005332211095963142
2025-11-17 18:30:00+00:00,26021.80078125,26029.849609375,25876.5,25910.05078125,280000,0.0,0.0,-0.003974806902018679,0.001194026471448284,0.008371355812722747,0.005694180846019137,0.007786944494688752,-0.003982727442351953,215.1015625,146.701171875,-223.998046875,0.000321047871421066,25836.828683035714,0.002834020347952399,25776.7607421875,0.005170938288003964,25804.05003720238,0.0041079111184015756,25373.628046875,0.0211409552226428,25837.2375476573,0.00281815087462009,25714.805081407685,0.0075927349720987716,25454.873751551615,0.01788172411071658,25796.533444940476,25819.661901389743,0.0035007770514372183,64.1202519913861,49.05693072744589,144.79760443845953,146.83615523156112,-2.0385507931015923,75.90470438754035,80.32684046135613,64.7010169796266,0.1244352693947682,-24.095295612331352,195.7177734375,0.007553739477003459,0.06895563315922432,0.0707012051317848,0.07459348925790527,-0.0063875088715400485,298890.0,0.9367994914517015,-1558400.0,-2314809.8402335364,43.564300593063734,0.005503640675154263,26052.650390625,2,0.005168565000178883
2025-11-18 18:30:00+00:00,25918.099609375,26074.650390625,25856.19921875,26052.650390625,250100,0.0,0.0,0.005503640675154298,0.005503640675154298,0.006834555995776093,0.01777506892455416,0.008106596789995146,0.005488550984983714,176.849609375,455.0,-38.251953125,0.00031064501544027397,25905.157366071428,0.005693577632797619,25776.671456473214,0.010706538841440282,25820.373883928572,0.008995861475150631,25399.8610546875,0.025700508145772096,25880.32011625084,0.006658738129979389,25745.51829133653,0.011929536465840258,25478.315972691747,0.02254208710453293,25833.31873139881,25825.365547175537,0.008800837418323068,71.75059184736357,49.95571289729256,153.6569092581558,148.20030603688008,5.456603221275714,97.09072124995231,87.38884608216011,86.35363572701662,1.285084756959383,-2.90927874991544,199.77497209821428,0.007668124705273567,0.06925787441061146,0.07205171486319495,0.07552127224558128,-0.10678571428571426,296340.0,0.8439630154552176,-1308300.0,-2218951.760211295,42.576624424741375,0.005354541588221628,26192.150390625,2,0.0074657274371273796
2025-11-19 18:30:00+00:00,26132.099609375,26246.650390625,26063.19921875,26192.150390625,240400,0.0,0.0,0.005354541588221684,0.006869568520970981,0.012094678352090993,0.02675261538847895,0.012507471843691942,0.005340256999340202,313.0,682.451171875,136.150390625,0.0030495637702406897,25976.186104910714,0.008313933571389473,25799.121512276786,0.015234196178392025,25836.99293154762,0.013746083378136148,25428.2410546875,0.030041768689173617,25942.68617112567,0.009615974916929523,25786.121209453664,0.015746035546535104,25506.309479277363,0.026889068836274524,25888.71592261905,25838.434998176774,0.013689505284401772,75.19262941007766,61.43165246781909,169.9750892820448,152.55526268591302,17.41982659613177,94.12842801190939,89.04128454980071,151.69033714850562,1.6643828840250938,-5.871571987982875,198.728515625,0.007587331038543656,0.07143910753591684,0.07304160938356818,0.07671146166700402,-0.038784486205517776,306235.0,0.7850180416999991,-1067900.0,-2109327.7830483145,48.604208909686086,-0.004734242822780352,26068.150390625,0,0.007094525739218301
2025-11-20 18:30:00+00:00,26109.55078125,26179.19921875,26052.19921875,26068.150390625,235600,0.0,0.0,-0.0047342428227803435,0.0061018641263879125,0.0061018641263879125,0.022589157970337004,0.0068265909658560275,-0.0047454848460117445,158.099609375,575.849609375,-154.900390625,-0.0031536016761938668,26003.664620535714,0.002479872396075967,25823.839425223214,0.00946067551686943,25846.49534970238,0.00857582577148751,25452.2320703125,0.024198990430818943,25967.77901502554,0.0038652275784301893,25811.760225923783,0.009933075561569192,25528.342456192957,0.02114543611119057,25924.586439732142,25840.18748114678,0.008822030012148175,60.63948073759925,62.884023571599926,170.93121221492402,156.23045259171522,14.700759623208796,80.76925504842542,90.66280143676238,112.9899540771136,1.8380593250554733,-19.23074495146685,191.39997209821428,0.007342292001163263,0.0739164287617338,0.0710573509210061,0.07532814170315576,-0.019966722129783676,295595.0,0.7970364857321647,-1303500.0,-2032582.2799008559,49.75542508143704,-0.004167936312968119,25959.5,0,0.006592396514969155
2025-11-23 18:30:00+00:00,26122.80078125,26142.80078125,25912.150390625,25959.5,464700,0.0,0.0,-0.004167936312968079,-0.003575466957424056,-0.002073897171279926,0.015060026804506244,0.006371337514462949,-0.00417664636992243,-53.94921875,385.150390625,-212.048828125,0.0020964429699105946,26015.143136160714,-0.0021388748802757263,25837.850167410714,0.004708202571076075,25849.738188244046,0.00424614790898994,25471.960078125,0.019140259343201193,25966.123212020433,-0.0002550712698369546,25825.191114476165,0.005200692801399773,25545.25059516578,0.01621629834050626,25942.674516369047,25853.729217292665,0.004091122863489455,37.82360058464091,56.953982636116415,161.06510970832096,157.1973840150364,3.8677256932845694,69.06377633141354,81.32048646391614,65.43327123131125,1.763253958397801,-30.936223668478725,196.61788504464286,0.007574024347334706,0.07426174433910147,0.07112184063333749,0.07508750491482137,0.9724108658743633,304585.0,1.5256824860055436,-1768200.0,-2007403.0151483933,44.83191713132742,-0.0028775291800689534,25884.80078125,0,0.006103615957867667
2025-11-24 18:30:00+00:00,25998.5,26032.599609375,25857.5,25884.80078125,260500,0.0,0.0,-0.002877529180069005,-0.011734416792483326,-0.0009745252995904119,0.007388672415101105,-0.0031290857698957897,-0.002881677226487561,-25.25,189.8515625,28.69921875,0.001502340183747703,26011.535993303572,-0.004872269445610378,25858.360909598214,0.0010224883063632679,25854.007254464286,0.0011910543105612909,25489.54609375,0.015506540840164318,25949.858725866347,-0.00250706353755581,25830.61017509197,0.0020979220309043757,25558.56628873771,0.012764193766847952,25948.934598214284,25853.309818361733,0.0012180631071809606,14.226588802989369,60.88230286905885,145.54084545433216,154.86607630289555,-9.325230848563393,61.01603614174923,70.28302250719608,31.579037550476418,1.539680562253034,-38.98396385814304,194.19642857142858,0.0075023342931072445,0.07117052730819631,0.07105376571728778,0.07510450650653312,-0.43942328383903595,304295.0,0.8560771619645382,-2028700.0,-2009431.299419975,45.2505476565469,0.012381783530362669,26205.30078125,2,0.006674331319966417
2025-11-25 18:30:00+00:00,25842.94921875,26215.150390625,25842.94921875,26205.30078125,275300,0.0,0.0,0.012381783530362567,0.0052612244662484375,0.005859303692185236,0.012733905427141812,0.010375520338595345,0.012305756174877891,152.650390625,329.5,177.900390625,-0.001616839273892118,26038.943359375,0.006388793108039028,25908.046735491072,0.011473425565182105,25865.40011160714,0.013141133258182794,25511.372109375,0.027200758504869544,26000.94713694308,0.007859469242816918,25864.67295746997,0.013169616501245535,25583.928425698978,0.024287605297036066,25995.193247767857,25859.095500446536,0.013388143479243983,20.893308078275556,72.41136715390834,157.2863267886205,155.35012640004055,1.9362003885799481,95.54518884172192,75.20833377162823,94.4575992184991,2.4671249963818527,-4.454811158170351,207.38225446428572,0.007913752114330267,0.08374043345131682,0.07493389000807114,0.0740432671188571,0.056813819577735014,298300.0,0.9228964130070368,-1753400.0,-1985047.366141882,52.55859424526001,0.0003911422381892261,26215.55078125,1,0.002270480085521954
2025-11-26 18:30:00+00:00,26261.25,26310.44921875,26141.900390625,26215.55078125,240300,0.0,0.0,0.0003911422381892571,0.009863471224407228,0.0008934123497310598,0.012998896236827928,0.006204460299662706,0.0003910657620054032,23.400390625,336.400390625,-129.25,0.0021350344045671004,26082.58621651786,0.005097829012367301,25959.707449776786,0.009855401181549284,25878.702566964286,0.013016425897475543,25534.299140625,0.02667986447848508,26043.867865804466,0.0065920667517648645,25896.570941449972,0.01231745471325924,25608.697929838232,0.02369713810028051,26036.19378720238,25864.189981667627,0.013584836789066345,23.991648250458923,73.40999607979896,165.51385402445158,157.38287192492277,8.130982099528808,88.98066377270621,81.84729625205914,139.8996566017646,2.0260851970086353,-11.01933622717767,202.79282924107142,0.007735592928534084,0.08239039790080298,0.07533846179678533,0.07476023460531837,-0.12713403559753,294220.0,0.8167357759499667,-1513100.0,-1940099.9979378933,58.924323690935,-0.00048069035837358583,26202.94921875,1,0.002658825128518681
2025-11-27 18:30:00+00:00,26237.44921875,26280.75,26172.400390625,26202.94921875,202500,0.0,0.0,-0.0004806903583736144,0.01229093629843403,0.005171016205794077,0.011304433170465256,0.012562852566282201,-0.0004808059270205712,134.798828125,292.8984375,111.3984375,0.0008353224268574766,26104.057477678572,0.0037883666612359207,26004.607421875,0.007627179047823188,25885.800130208332,0.012251855725778686,25553.5761328125,0.025412219509410867,26075.684136393575,0.0048806037721095845,25924.42351211361,0.010743757002204191,25632.00190195242,0.022274784426965462,26068.626023065477,25874.11173312328,0.012709131390421315,24.084530194892107,71.3041452135477,169.0684717559525,159.71999189112873,9.348479864823759,87.51740623303077,90.68108628248632,122.60494064322874,1.2643026597153435,-12.482593766853109,199.021484375,0.007595384882575696,0.07814029114027181,0.0742815711390877,0.07378094247171185,-0.1573033707865169,291475.0,0.6947422591988998,-1715600.0,-1918719.045753332,53.76610324310373,-0.0010380212747402153,26175.75,1,0.0042429885995554795
2025-11-30 18:30:00+00:00,26325.80078125,26325.80078125,26124.19921875,26175.75,213800,0.0,0.0,-0.0010380212747401751,-0.001127664265206385,0.008330283711165398,0.00623911038806102,0.017636600336453645,-0.001038560391932615,216.25,162.30078125,81.451171875,0.004688463175438536,26101.71456473214,0.00283642038473175,26038.950334821428,0.005253655136613838,25899.985863095237,0.010647269784717821,25570.4861328125,0.023670409081929432,26095.69730911486,0.0030676586234457326,25947.271374648735,0.008805497196691228,25653.325356777816,0.0203647923205455,26091.44503348214,25891.231776501107,0.010988979819689815,26.243358056583293,67.39638631117307,167.7569841893892,161.32739035078083,6.429593838608355,74.3502938032917,83.61612126967624,106.56364113963961,1.1460948481617654,-25.649706196537352,194.38225446428572,0.007426043359379513,0.07442635225216696,0.07338709092708397,0.072445769915673,0.05580246913580256,285445.0,0.7490059380966535,-1929400.0,-1919736.2794911098,47.724956340980114,-0.005484113396941826,26032.19921875,0,0.0057452534402427854
2025-12-01 18:30:00+00:00,26087.94921875,26154.599609375,25997.849609375,26032.19921875,254800,0.0,0.0,-0.005484113396941881,-0.006994000012814472,0.00569440107905983,0.004714326441551897,0.010435351514896496,-0.005499206353098099,147.3984375,122.1484375,-68.8515625,-0.0033542794857834694,26096.578683035714,-0.0024669695237698602,26050.121651785714,-0.0006879980552599266,25914.752511160714,0.004532040486927316,25582.658125,0.017572102615508827,26082.99769104189,-0.0019475703250679812,25954.992087748848,0.002974654384024737,25668.18315528653,0.014181606125421646,26090.544884672618,25899.140869957107,0.005137558402457839,9.857125945774893,55.81580805073531,153.36636056386124,159.73518439339693,-6.3688238295357,49.81169871786357,70.5597995847287,50.43414025180791,0.47143264415517433,-50.18830128196549,189.97502790178572,0.007297694148135846,0.07769899210929083,0.07334375952860733,0.07245558907382452,0.19176800748362965,297020.0,0.8578546899198679,-2184200.0,-1944923.3004919565,40.800010146690205,-0.0017746951904364832,25986.0,0,0.005617265702955376
2025-12-02 18:30:00+00:00,26004.900390625,26066.44921875,25891.0,25986.0,265700,0.0,0.0,-0.0017746951904364927,-0.008279572537382873,-0.008368565699002017,-0.002558295974715241,0.015171299062558985,-0.0017762718275890193,-219.30078125,-66.650390625,-366.69921875,-0.0010486562389756392,26100.364397321428,-0.004381716499450862,26057.753766741072,-0.0027536435942783735,25925.354910714286,0.002339219250597351,25595.837109375,0.015243216658933977,26063.598152833514,-0.0029772617110840117,25957.810988862588,0.001085954865358483,25680.64656096157,0.011890410870830695,26081.995331101192,25915.482956366857,0.0027210391468246034,-0.41122159085924587,53.85058272149139,136.65848288785492,155.11984409228853,-18.461361204433615,41.91439636744972,55.35879629620168,17.213096522946167,-0.10551933547595091,-58.085603632379346,188.05719866071428,0.00723686595323278,0.07382649219623712,0.07270238117564151,0.07264434388630045,0.04277864992150704,295050.0,0.9005253346890327,-2449900.0,-1993016.3194927226,32.390577374252345,0.0018375278996382667,26033.75,2,0.005669895463554935
2025-12-03 18:30:00+00:00,25981.849609375,26098.25,25938.94921875,26033.75,248100,0.0,0.0,0.0018375278996383138,-0.005424868437389541,-0.006934844999710199,-0.006047628326145249,0.020543197187711915,0.0018358417105443499,-181.80078125,-158.400390625,37.5,-0.00015971640979757715,26121.64285714286,-0.0033647522716520636,26066.589425223214,-0.0012598282302108763,25946.121558779763,0.00337732331291654,25612.4651171875,0.01644843168687324,26057.628522266812,-0.000916373577373184,25964.714535329622,0.0026588185507081317,25694.493754649353,0.013203460966778002,26078.794828869046,25943.00332182031,0.0034979249339015775,3.4453519566530884,54.40431154326847,125.82002051619929,149.2598793770707,-23.439858860871396,39.515411374402426,43.74716881990525,27.76829556625375,0.47741789390668077,-60.484588625390465,185.19308035714286,0.0071135768130651846,0.0722033733635887,0.0721918648281,0.07216258532094148,-0.06624012043658256,288860.0,0.8588935816658559,-2201800.0,-2012900.4795410347,41.39457543838007,0.005865433091659864,26186.44921875,2,0.006423048396725964
2025-12-04 18:30:00+00:00,25999.80078125,26202.599609375,25985.349609375,26186.44921875,249300,0.0,0.0,0.005865433091659877,0.005925354162505725,-0.0006297001097950172,0.004538059906526559,0.0272297288289709,0.005848298407896911,-16.5,118.298828125,165.30078125,-0.0013040464301147048,26118.949776785714,0.002584309190880123,26078.94656808036,0.0041222006567250054,25978.347749255954,0.0080105737094076,25632.8041015625,0.02159908510180247,26083.392661563452,0.003951041128879242,25984.87223382238,0.007757474545717968,25713.786125790553,0.018381699631753335,26094.77613467262,25977.047125622987,0.00806104297052521,9.504577019049949,55.95075257725168,128.07563558950278,145.02303061955712,-16.947395030054338,71.13987541446313,50.8565610521051,68.06359733210618,0.5135708886384248,-28.86012458532976,192.29310825892858,0.007343229570858949,0.07386909861115779,0.07173536366327503,0.06994994319991914,0.0048367593712213,286045.0,0.8715411910713319,-1952500.0,-2007148.0529180788,40.900676885504886,-0.008626539459891813,25960.55078125,0,0.0063869113453069596
2025-12-07 18:30:00+00:00,26159.80078125,26178.69921875,25892.25,25960.55078125,320700,0.0,0.0,-0.00862653945989178,-0.0009793434445470872,-0.008221320067237858,4.04777152873681e-05,0.015101114115270597,-0.008663963433110109,-215.19921875,1.05078125,-198.69921875,-0.001017642265180351,26082.52120535714,-0.004676327995549942,26082.5537109375,-0.004677568425224192,26000.645368303572,-0.0015420612252359227,25650.877109375,0.012072634809115624,26058.824285500763,-0.0037712178866580307,25982.66119267944,-0.0008509679307086574,25723.46317110269,0.00921678424752863,26078.990029761906,25995.70106694253,-0.0013521576356802531,-7.768439603435476,51.602058089017966,110.36291579691533,138.09100765502876,-27.72809185811343,24.35563465733974,45.00364048206845,-2.7108167607948985,-0.8842328939050687,-75.64436534245316,202.35379464285714,0.007794664926331197,0.0814787342978949,0.07443052350894581,0.07205578799196191,0.286401925391095,289900.0,1.106243532252497,-2273200.0,-2032486.3335925476,40.44597267632459,-0.004657081109092657,25839.650390625,0,0.004834292798533955
2025-12-08 18:30:00+00:00,25867.099609375,25923.650390625,25728.0,25839.650390625,276000,0.0,0.0,-0.004657081109092687,-0.007455691530225184,-0.007396564020849761,-0.0017442819439316137,0.00563150254328626,-0.004667959097577137,-192.548828125,-45.150390625,22.650390625,-0.0035997376427965265,26030.62137276786,-0.007336397368625137,26067.339425223214,-0.008734648016202572,26013.278738839286,-0.006674604533992967,25669.853125,0.006614656686898823,26014.989506525613,-0.006739926451118666,25969.66021067449,-0.005006219526740151,25728.019532652586,0.004338882665676368,26046.602920386904,26007.16729706002,-0.006441182329532284,-37.916180024865376,43.148474841667436,85.5832561283969,127.58945734970239,-42.00620122130549,18.67685592369962,38.05745533183418,-131.57874041629094,-0.8765485720159404,-81.3231440761331,203.36090959821428,0.007870110722240604,0.08223590425835774,0.07285163872760869,0.07006503227265483,-0.13938260056127216,288815.0,0.955629035888022,-2549200.0,-2081697.1589646859,33.52871505243661,-0.003159887590995579,25758.0,0,0.0053452270423387915
2025-12-09 18:30:00+00:00,25864.05078125,25947.650390625,25734.55078125,25758.0,207900,0.0,0.0,-0.0031598875909956137,-0.016361485865109993,-0.008773955206649697,-0.017069095485064856,-0.004552546305556682,-0.003164890577820058,-228.0,-447.30078125,-35.451171875,0.0009443003390576782,25970.942801339286,-0.008199271122660085,26036.328683035714,-0.010690012652092977,26016.281156994046,-0.009927673960603756,25691.919140625,0.002572048394411638,25963.591605220492,-0.007918457829199019,25950.418373340446,-0.007414846673073881,25729.195237254447,0.0011195360943059643,26005.357663690476,26007.96457713927,-0.009611078037186279,-48.663602161609795,35.49494735902209,58.68026361883312,113.80761860352854,-55.127354984695415,5.018394244520706,16.01696160852003,-138.43871165770975,-0.7762090949363133,-94.98160575531202,204.72516741071428,0.007948022649689662,0.07904788807145315,0.07386795660849335,0.07103657740023775,-0.24673913043478257,283580.0,0.7331264546159788,-2757100.0,-2146021.239063287,27.345933508281206,0.005456587516499728,25898.55078125,2,0.005144725894050094
2025-12-10 18:30:00+00:00,25771.400390625,25922.80078125,25693.25,25898.55078125,206100,0.0,0.0,0.0054565875164998,-0.002388239006268722,-0.005193228741537381,-0.012092059504877017,0.0007496533051574161,0.005441754277616313,-135.19921875,-317.0,92.80078125,0.0005202418908688361,25951.850167410714,-0.0020537798198158115,26024.214425223214,-0.004828719972865467,26017.36449032738,-0.004566708096876957,25717.1921484375,0.007052038642698796,25950.583440426395,-0.0020050670265600065,25945.70313769586,-0.0018173474118475582,25735.836631136626,0.006322473694774194,25986.987276785716,26009.20705016784,-0.004254503749552823,-44.109282928155096,44.39562311903955,48.145727665541926,100.67524041593123,-52.5295127503893,32.45601575955297,18.717088642591108,-116.83724671938542,0.053119976144299565,-67.54398424028894,211.12513950892858,0.008152005928523635,0.08157820463260998,0.07442418365022564,0.07104868941732487,-0.008658008658008698,274625.0,0.7504779244424188,-2551000.0,-2184590.6448667836,33.13320904434646,0.005729990019651497,26046.94921875,2,0.004337452341551861
2025-12-11 18:30:00+00:00,25971.19921875,26057.599609375,25938.44921875,26046.94921875,216300,0.0,0.0,0.005729990019651465,0.008022509011972101,-0.005327182728543267,-0.005953528310789213,0.0052836035967582795,0.0057136360690816825,-139.5,-156.0,-4.30078125,0.0028051159353902197,25960.557198660714,0.0033278184065224843,26030.460797991072,0.0006334279245721001,26025.354910714286,0.0008297411547238055,25745.909140625,0.011692734425523552,25969.85659609112,0.0029685424859251033,25954.9073268826,0.003546223097936673,25748.03712476852,0.011609121601503595,25990.018582589284,26023.97049373392,0.0008829830567788523,-27.22520780393903,52.81576941508849,51.18155658914111,90.77650365057322,-39.59494706143211,55.91633576840845,31.13024859082738,-8.936683689040153,-0.6042730202635,-44.08366423143346,206.0107421875,0.007909208117133136,0.08397559882948796,0.07323804792341423,0.07007949509585246,0.04949053857350805,259495.0,0.8335420721015787,-2334700.0,-2198886.7739270898,41.81550905944549,-0.000754346980714962,26027.30078125,1,0.004379135458993244
2025-12-14 18:30:00+00:00,25930.05078125,26047.150390625,25904.75,26027.30078125,181600,0.0,0.0,-0.0007543469807149705,0.010455034600900692,0.0025712089301359597,-0.005671249868676176,0.0005324769654158068,-0.0007546316435640039,66.75,-148.44921875,206.25,-0.004487989611307174,25959.635881696428,0.002606542705835058,26040.63936941964,-0.0005122219919571068,26030.93824404762,-0.00013973613872523316,25769.729140625,0.00999512409383215,25981.345433122897,0.0017687824614546035,25961.488550006907,0.0025349945214552506,25758.988640708973,0.010416252915962007,25989.59724702381,26025.228577944483,7.962286668533708e-05,-11.445693916962812,54.75698682388653,51.409392707755615,82.9030814620097,-31.49368875425408,52.810112824356246,47.06082145077257,-24.0357344350115,-0.7180852371586783,-47.18988717548566,203.67508370535714,0.007825440118326688,0.082874208855673,0.07353072662545831,0.0702365851280554,-0.1604253351826167,254485.0,0.713598050965673,-2516300.0,-2229116.6049816525,42.788018156038085,-0.006424068837574248,25860.099609375,0,0.005801020321098192
2025-12-15 18:30:00+00:00,25951.5,25980.75,25834.349609375,25860.099609375,264400,0.0,0.0,-0.006424068837574293,-0.0014846843053024639,0.0007913891419142338,-0.0066110284393890995,-0.0019278685440148324,-0.006444791966669916,20.44921875,-172.099609375,-46.30078125,-0.0029123566015191163,25913.014508928572,-0.002042020218656463,26015.98214285714,-0.0059917989113831656,26023.635881696428,-0.006284143886152493,25789.0461328125,0.002755180482309289,25957.096268373316,-0.0037368069985738374,25952.271373585827,-0.003551587561797602,25762.953776735092,0.00377075678052221,25965.525279017857,26023.041737684493,-0.006261455903270773,-14.433659510034976,37.16245171617199,37.6640495433312,73.85527507827399,-36.19122553494279,26.37726714130688,45.034571911357204,-90.47056677321213,-1.3084390101006438,-73.62273285853503,190.87151227678572,0.007380927187441388,0.0848795145377343,0.07343856890170732,0.07031333566096835,0.45594713656387675,253705.0,1.0421552590607162,-2780700.0,-2281648.356888162,34.70590634314115,-0.001606677033445664,25818.55078125,0,0.00417641866530125
2025-12-16 18:30:00+00:00,25902.400390625,25929.150390625,25770.349609375,25818.55078125,206500,0.0,0.0,-0.001606677033445636,-0.008768721264891366,0.0023507563184252955,-0.006443824318864033,-0.0089856350837626,-0.0016079691231565723,60.55078125,-167.44921875,40.1015625,0.0016357547685030248,25892.72879464286,-0.0028648202351002528,25987.625,-0.006505951149825869,26019.278738839286,-0.007714585773265479,25803.864140625,0.0005691643912307748,25929.387170948652,-0.004274547214244582,25940.11495610075,-0.004686339095122497,25765.134051421952,0.0020732176173210333,25939.20109747024,26016.920278294587,-0.007624634081308807,-21.0440603930721,35.571998046224664,23.151249669001118,63.71446999641942,-40.5632203274183,19.808809816374236,32.9987299273458,-112.86445485176984,-1.3646188504626853,-80.19119018346768,190.17522321428572,0.0073658364803491526,0.08238847121215474,0.07240898869456079,0.06939110044993903,-0.21898638426626327,251525.0,0.8209919491104232,-2987200.0,-2348843.7514702417,27.777879849601106,-0.00011619552256893776,25815.55078125,1,0.0041126908081583514
2025-12-17 18:30:00+00:00,25764.69921875,25902.349609375,25726.30078125,25815.55078125,197600,0.0,0.0,-0.00011619552256891819,-0.008135688052314016,-0.0032048125279693362,-0.008381397944975277,-0.01437833869149574,-0.00011620227379163036,-83.0,-218.19921875,-143.55078125,-0.0020857701486136897,25889.285993303572,-0.002848097551730152,25959.953683035714,-0.005562525401579298,26007.98828125,-0.007399168975276993,25818.009140625,-9.52187816500173e-05,25906.619893008923,-0.003515283434698295,25928.79094020523,-0.004367352076553384,25767.111178081876,0.0018799004216400656,25916.25786830357,26001.660466844787,-0.007157607716326117,-22.044034088237087,35.821996534260904,11.277674272660079,53.227110851667554,-41.949436579007475,19.33453959350503,21.84020551706206,-115.03872332871698,-0.8322325581464822,-80.66546040633688,195.01088169642858,0.007554008177042602,0.07952544354065821,0.07232462916068916,0.06931752514499549,-0.043099273607748234,249385.0,0.7923491789802883,-3184800.0,-2428458.6322826,27.84523029148896,0.005843362036054758,25966.400390625,2,0.004949452574637224
2025-12-18 18:30:00+00:00,25911.5,25993.349609375,25880.44921875,25966.400390625,382900,0.0,0.0,0.005843362036054733,0.004110609891520456,-0.0030924476969846904,-0.008403156391567634,-0.0039032305121499133,0.005826355812965194,-80.548828125,-220.048828125,2.451171875,0.003716721737336893,25919.057477678572,0.001826567690094337,25945.000139508928,0.000824831412642139,25997.23828125,-0.0011861987143165142,25836.414140625,0.005031125809196843,25918.57599253214,0.0018451784583627493,25932.209981152482,0.001318453363495284,25774.92644131886,0.007428690426801232,25917.117429315476,25993.059675975226,-0.0010256309061939966,0.34815603952008883,42.97411775770085,13.880082054463855,45.357705092226816,-31.47762303776296,53.62728970375266,30.923546371210648,-29.030513022886513,-0.0754237257561735,-46.372710296051025,193.31068638392858,0.007444647062197912,0.0812740400781517,0.07217678728838729,0.06903445907497749,0.9377530364372471,256750.0,1.4913339824732172,-2801900.0,-2464024.476827114,37.51811103606958,0.007933329106115723,26172.400390625,2,0.004847249457096187
2025-12-21 18:30:00+00:00,26055.849609375,26180.69921875,26047.80078125,26172.400390625,253000,0.0,0.0,0.00793332910611566,0.013705246757380829,0.005574900393802151,0.008160443557615471,0.008201251589013747,0.00790202570190833,145.099609375,211.849609375,225.6484375,0.00344480626518767,25958.178850446428,0.00825256430402012,25955.014508928572,0.00837548681090654,26002.202566964286,0.006545515643237969,25856.2261328125,0.012228167257991775,25969.340872150715,0.007819201860915788,25954.045472922713,0.008413136130553651,25790.51365501714,0.014807255904868498,25947.437462797618,25999.17376879032,0.006662774108714857,21.45559764049696,54.51593218157243,32.19387639001798,42.72493935178505,-10.531062961767077,94.0710234787464,55.677617592001376,80.41280607485479,0.5325794041388378,-5.928976521057279,195.91057477678572,0.007485388113157315,0.08468459350246868,0.07050033147456045,0.06729497699121137,-0.3392530686863411,246165.0,1.027765929356322,-2548900.0,-2472107.8599864366,44.85923918375229,0.0001814888939916057,26177.150390625,1,0.0019497623900962243
2025-12-22 18:30:00+00:00,26205.19921875,26233.55078125,26119.05078125,26177.150390625,216600,0.0,0.0,0.00018148889399149937,0.014007046080056318,0.012260230472393774,0.013061322227581273,0.011294257655124262,0.00018147242687454733,317.05078125,337.5,171.951171875,0.0012531837980266933,25976.77901785714,0.007713480282913839,25968.668108258928,0.008028223915717878,26012.566871279763,0.006327077222315401,25874.0621484375,0.01171397983233919,26010.90277584557,0.006391458851393856,25974.327738168373,0.007808581400109865,25805.67587994294,0.014395069999726982,25977.055580357144,26011.01087353262,0.006387276446123318,31.042140147752466,56.325940174230155,46.55432635217585,43.490816751863214,3.063509600312635,89.56129759882786,79.08653692710898,95.11928864797379,-0.03551007640372069,-10.438702400987063,191.55705915178572,0.0073177200838629875,0.08379528778126877,0.06964379966567283,0.06670924585443128,-0.1438735177865612,243970.0,0.8878140755010826,-2332300.0,-2458792.8257020144,51.85319451638336,-0.0013389838361685454,26142.099609375,1,0.004599860370177427
2025-12-23 18:30:00+00:00,26170.650390625,26236.400390625,26123.0,26142.099609375,188800,0.0,0.0,-0.0013389838361685946,0.006766406437044514,0.01253164172018395,0.0149118568745632,-0.0024117705193531513,-0.0013398810760412456,323.548828125,384.099609375,6.498046875,-0.0002483081581839267,25993.178850446428,0.005729224570237936,25976.407366071428,0.006378566557282349,26024.819196428572,0.004506483294320738,25892.3571484375,0.009645412331745257,26037.142142551456,0.004031067090577958,25989.57972645988,0.005868501319389702,25818.868967371647,0.012519163500609573,26000.179780505954,26012.751392087335,0.004972492733967597,27.910761255034384,53.61612200442433,54.47878378575115,45.68841015864081,8.790373627110341,82.63818219069769,88.75683442275734,84.41768292341658,0.6993257949523806,-17.361817809118214,188.27845982142858,0.007202116992695626,0.07138960303264066,0.06329505243718844,0.06494573526874427,-0.1283471837488458,239645.0,0.7878320015022188,-2521100.0,-2464726.8423018223,45.37004485299693,-0.0038175521330050493,26042.30078125,0,0.004579421421106136
2025-12-25 18:30:00+00:00,26121.25,26144.19921875,26008.599609375,26042.30078125,142200,0.0,0.0,-0.0038175521330050532,-0.004970870360886059,0.00878346551353415,0.0055505036252481155,-0.006608672899747425,-0.0038248575837020187,226.75,143.75,-96.798828125,-0.000797549152001631,26019.207589285714,0.0008875440147452741,25966.11104910714,0.0029341988100861794,26017.057291666668,0.0009702669022225164,25910.2931640625,0.005094794425969283,26038.173870291164,0.0001584946386560612,25994.372549622618,0.0018437925953352552,25827.63099928845,0.008311632683905732,26008.96556919643,26003.592282382786,0.001488582748370396,23.969078806017215,45.01301411102314,52.10540336292979,46.9718087994986,5.133594563431188,64.26411308435343,78.82119762462634,34.140694999089085,0.7842613485920716,-35.735886915462466,182.4462890625,0.007005766909575483,0.07255058391838023,0.06278096137662335,0.0640176841757748,-0.24682203389830504,234740.0,0.6057766039021871,-2663300.0,-2483638.5716064107,39.180734494437125,-0.0038476313101775974,25942.099609375,0,0.0048377180950812775
2025-12-28 18:30:00+00:00,26063.349609375,26106.80078125,25920.30078125,25942.099609375,234300,0.0,0.0,-0.003847631310177624,-0.008979234857212748,-0.0009358548310289816,-0.0040254084458967165,-0.009954971373540844,-0.0038550524856079535,-24.30078125,-104.849609375,-251.05078125,0.0008082553189829517,26036.857421875,-0.00363937210104262,25964.793108258928,-0.0008740103874237407,26004.035807291668,-0.0023817917486215067,25922.664140625,0.0007497481217427216,26018.959018107933,-0.002953977085687385,25989.620464145562,-0.0018284551263885842,25832.119964389884,0.004257476549997501,26005.76404389881,25993.689530576172,-0.0019847094480560375,23.011047977008758,49.30085300765178,41.658867630088935,45.90922056561668,-4.250352935527744,45.81596803938446,64.23942110481187,-4.223217776110088,0.7147278879377004,-54.18403196043143,174.75348772321428,0.0067362892886300854,0.07362497625493536,0.06401149697461042,0.06493960285575336,0.6476793248945147,236330.0,0.9914103160834385,-2897600.0,-2523063.4695486575,40.2515810942604,-0.0001252789885528583,25938.849609375,1,0.004572757409815045
2025-12-29 18:30:00+00:00,25940.900390625,25976.75,25878.0,25938.849609375,396900,0.0,0.0,-0.00012527898855285713,-0.007774815452356032,-0.008923552206302698,-0.0033983997272095667,-0.009050376421879003,-0.00012528683662081574,-233.55078125,-88.451171875,-209.25,-4.6226742170343764e-05,26054.471540178572,-0.004437700094022923,25971.878766741072,-0.0012717276891176428,25991.459635416668,-0.0020241274164525184,25929.7351171875,0.0003515073388257065,26002.937136361346,-0.0024646264631669914,25985.00493189369,-0.0017762291228984347,25836.30544066381,0.003968995061878716,26002.304910714287,25979.280006288565,-0.0015562554814366363,21.81272358742337,54.12677209819754,32.74025567267381,43.275427587028105,-10.535171914354294,45.21760705942562,51.76589606105451,-35.7359494666315,0.15560263763551566,-54.78239294039027,165.1962890625,0.006368682171733138,0.07360613641456079,0.06240859483558995,0.0639940300426791,0.6939820742637643,245485.0,1.6167993971118333,-3294500.0,-2596533.6153059285,38.76371792684227,0.007353834224439075,26129.599609375,2,0.005051292388649205
2025-12-30 18:30:00+00:00,25971.05078125,26187.94921875,25969.0,26129.599609375,246300,0.0,0.0,0.0073538342244390265,0.003352193374091428,-0.0018164995249838611,0.010421460244580683,0.003741535235134652,0.007326926621050068,-47.55078125,269.5,186.0,0.0012414263685526126,26077.785714285714,0.00198689780094711,25998.42159598214,0.005045614515810691,25989.26199776786,0.005399830576920156,25938.1301171875,0.007381776994811971,26028.269630964078,0.003893073947965133,25998.149902573812,0.00505611773506119,25847.80717277013,0.010901986180928996,26023.33435639881,25980.844262297473,0.005725577874826433,20.980994841732944,64.17239370580324,40.596155071594694,42.73957308394143,-2.1434180123467357,80.3367938062406,57.123456301683575,76.65084995173454,0.3173131330309525,-19.663206193575288,167.76771763392858,0.00642060039732599,0.0760145974908459,0.06364714110851565,0.06444881382832539,-0.3794406651549509,245060.0,1.005059985309716,-3048200.0,-2639549.461467269,45.70857992419722,0.0006487344669804322,26146.55078125,1,0.004098943575698884
2025-12-31 18:30:00+00:00,26173.30078125,26197.55078125,26113.400390625,26146.55078125,425600,0.0,0.0,0.0006487344669803274,0.007881057237214328,0.0001702683388675741,0.012704043800870535,0.006178356855614631,0.0006485241297397655,4.451171875,328.0,52.001953125,0.0016724776700871777,26074.092912946428,0.0027789219186065174,26016.135881696428,0.005012846648195763,25994.70731026786,0.005841322588085367,25944.198125,0.007799534033584367,26051.925861021264,0.003632166033848189,26011.640891544375,0.005186519768903727,25859.522608396794,0.011099515532432718,26043.084914434523,25995.263221364607,0.00581981257881819,14.469289244879143,60.442998413625425,47.64065799728269,43.71979006660968,3.9208679306730048,82.38586979395805,69.3134235532081,102.68651055941744,0.45817275099807053,-17.614130205845907,157.38197544642858,0.0060192251269824484,0.07566656244033437,0.062375636456125615,0.06268169924724501,0.7279740154283394,253055.0,1.6818478196439444,-2622600.0,-2637935.227041815,49.11836455227337,0.006960765170238605,26328.55078125,2,0.00607435994885822
2026-01-01 18:30:00+00:00,26155.099609375,26340.0,26118.400390625,26328.55078125,357500,0.0,0.0,0.006960765170238581,0.01502384175642657,0.01099173235131734,0.019871743366893124,0.011323792432899493,0.00693665088228735,286.25,513.0,281.798828125,0.00032695815966403256,26095.721540178572,0.00892212314240633,26036.25027901786,0.011226674313685243,26011.01925223214,0.012207577332464489,25953.3971484375,0.014454895082398552,26107.25084506701,0.0084765698807692,26040.450881517612,0.011063552664399429,25877.91587007731,0.01741387959660775,26084.740234375,26012.365832557698,0.012155178453493268,14.348156037823118,61.531595515264996,67.13546048325225,48.402924149938194,18.73253633331405,98.13439248394329,86.95235202804732,148.53996189323007,1.8114824728097931,-1.8656075158937695,161.84988839285714,0.0061473147435108025,0.0791362349032564,0.06359833107345612,0.06284313506499313,-0.16000939849624063,258525.0,1.38284498597814,-2265100.0,-2602427.11018069,51.10819263011564,-0.002972058760474052,26250.30078125,0,0.0036734633752690915
2026-01-04 18:30:00+00:00,26333.69921875,26373.19921875,26210.05078125,26250.30078125,338800,0.0,0.0,-0.0029720587604740167,0.004619327264076878,0.011880348025632426,0.01093337491350943,0.0024383436626558286,-0.002976484097528138,308.201171875,283.900390625,21.951171875,0.00019554579903677372,26111.178850446428,0.005328060123229118,26052.178850446428,0.007604812324561862,26021.331194196428,0.008799303361721597,25960.57515625,0.011160215952697667,26135.86083230361,0.00437865619505211,26059.528145129647,0.0073206481352195915,25892.519199927225,0.013817951762830676,26113.280301339284,26024.137014317963,0.008690538587604177,13.749552818198707,58.713649878165114,75.40192441974432,53.80272420389942,21.599200215844895,81.00189606644243,87.17405278144793,143.38585748235403,1.6722472289712311,-18.998103933402994,163.33189174107142,0.006222096009571422,0.07750093912032968,0.06248781042334319,0.06289059751718491,-0.05230769230769228,263000.0,1.2882129277566492,-2603900.0,-2602567.3854015768,57.848064131732336,-0.002727647317136396,26178.69921875,0,0.0055424370257532345
2026-01-05 18:30:00+00:00,26189.69921875,26273.94921875,26124.75,26178.69921875,383000,0.0,0.0,-0.0027276473171363724,0.0012295479342174787,0.00924673271895271,0.00024066681049461636,0.008403074316033265,-0.0027313741255683985,239.849609375,6.298828125,-68.3515625,-0.0023086044996209728,26130.66434151786,0.0018382570226436593,26074.935965401786,0.003979425049629682,26020.96214657738,0.006061923125058615,25968.2461328125,0.008104247197178718,26144.42850959289,0.0013108226536500585,26070.361879095133,0.004155574830809479,25903.741945763413,0.010614577367326874,26130.14968377976,26037.071919877995,0.005439448003516632,20.247145936097986,63.45435320086828,75.30741198343821,58.10366175980719,17.203750223631026,69.93345651716784,83.0232483558512,85.70937103300594,1.4067042015766054,-30.066543482677577,160.20675223214286,0.006119736924032943,0.07123318223779625,0.05917757923438558,0.060667832486934865,0.1304604486422669,266115.0,1.439227401687235,-2986900.0,-2639170.4915538076,56.06846698577963,-0.0014496220164682432,26140.75,1,0.0055636943548276726
2026-01-06 18:30:00+00:00,26143.099609375,26187.150390625,26067.900390625,26140.75,338200,0.0,0.0,-0.001449622016468255,-0.007132970698248364,0.0004267340790402585,-0.001390540608195323,0.011652619320431823,-0.0014506737349826563,11.150390625,-36.400390625,-228.69921875,-0.001359869299751192,26159.04296875,-0.0006992980886897264,26097.9501953125,0.0016399680575367834,26029.543061755954,0.004272335399057889,25971.7401171875,0.006507453179875601,26143.692807674313,-0.00011256281566502406,26076.760799177395,0.0024538784289734835,25913.03637926289,0.0087876085767908,26138.924888392856,26053.622090945846,0.0033441764354304195,24.711805552560183,63.647855768762255,71.34787154777587,60.75250371740093,10.59536783037494,64.06712317176671,71.667491918459,49.336525874141024,0.6714431216963791,-35.932876828078705,157.38169642857142,0.00602055015363237,0.06907344143485339,0.05775667791039419,0.05878518251598259,-0.11697127937336815,269225.0,1.2561983471074334,-3325100.0,-2704497.1114058257,54.23452134397824,-0.01009536415844993,25876.849609375,0,0.005485374687227923
2026-01-07 18:30:00+00:00,26106.5,26133.19921875,25858.44921875,25876.849609375,328500,0.0,0.0,-0.010095364158449915,-0.014226548296991215,-0.010314980898681547,-0.01014646887447701,0.004614085308447757,-0.010146667926064248,-269.701171875,-265.25,-280.8515625,-0.0013102148943698513,26150.18582589286,-0.010452553505268088,26102.328683035714,-0.00863827424743323,26031.314453125,-0.005933808837357842,25970.553125,-0.003608067767135589,26090.324168014453,-0.008182135157260895,26058.587054649903,-0.006974186470423631,25911.61729024768,-0.0013417796536290816,26109.444810267858,26056.878665895223,-0.0069090798951237705,11.076388887546296,52.12650772972363,46.38070333267751,57.87814364045625,-11.497440307778739,3.5746266391382715,45.858402109357606,-47.73522033652351,-1.1292459875245358,-96.42537336066746,164.97112165178572,0.006375239804771732,0.07788963026551227,0.059451047915798604,0.058593477094233966,-0.0286812536960378,275255.0,1.1934388112840777,-3653600.0,-2794887.862700509,52.553055134184206,-0.007479613285493556,25683.30078125,0,0.004370669831118227
2026-01-08 18:30:00+00:00,25840.400390625,25940.599609375,25623.0,25683.30078125,348800,0.0,0.0,-0.007479613285493514,-0.018923722426406164,-0.024507615529659854,-0.013785264328813551,-0.008311275863197576,-0.007507725861466694,-645.25,-359.0,-375.548828125,-0.0014085647712228963,26086.428850446428,-0.015453555237765447,26082.107282366072,-0.015290424841772177,26027.757347470237,-0.013234200765810614,25963.1411328125,-0.010778370387888987,26008.919490661563,-0.012519501608994678,26024.470120704456,-0.013109559498120845,25902.663701659538,-0.008468739853788671,26053.574423363094,26045.842493541917,-0.013919369756681727,-18.109374997804924,40.461616011010626,10.851184073468175,48.47275172705864,-37.62156765359047,8.037969081118778,25.22657296400793,-152.9383416887962,-1.8865674911347372,-91.96203091874793,174.95689174107142,0.006812087481714626,0.07991141923241576,0.06216546717908108,0.06186866511757221,0.061796042617960456,282390.0,1.2351712171110831,-4002400.0,-2909889.018633794,43.940638600677005,0.004164153963733427,25790.25,2,0.0033702681910626944
2026-01-11 18:30:00+00:00,25669.05078125,25813.150390625,25473.400390625,25790.25,275800,0.0,0.0,0.004164153963733375,-0.01340818453946424,-0.017525543234102825,-0.0058534047614297036,-0.009855250862362608,0.00415550786875295,-460.05078125,-151.849609375,185.19921875,-0.0005548352262573121,26035.528738839286,-0.009420924049580557,26054.81082589286,-0.010154010622480981,26022.600167410714,-0.008928783669423146,25961.389140625,-0.006592064072457172,25965.18559252925,-0.006737313388569701,26003.177382458598,-0.008188514016068968,25898.2553212023,-0.004170370546693763,26014.660119047618,26029.950465953414,-0.009208640879548645,-43.40066024305581,36.20347062063686,-8.577432472335204,37.06271488717987,-45.640147359515076,35.21338319976464,15.60865964000724,-154.64738649338804,-1.3459118228162794,-64.78661680012422,183.91768973214286,0.007131287588609483,0.07849776238138367,0.0675784439096214,0.06880853051899342,-0.20928899082568808,285365.0,0.9664815236626743,-3726600.0,-2987671.0168591468,37.7411309969561,-0.0022469428853927357,25732.30078125,0,0.00562788228065945
2026-01-12 18:30:00+00:00,25897.349609375,25899.80078125,25603.30078125,25732.30078125,339500,0.0,0.0,-0.002246942885392733,-0.00558602883685777,-0.017051971672460975,-0.007962913977894726,-0.01133425254041387,-0.002249471049361169,-446.3984375,-206.548828125,13.65234375,0.004152716990916949,25950.350167410714,-0.00840256045695055,26023.03585379464,-0.011172219651007226,26007.61690848214,-0.010585980568728653,25961.5931640625,-0.008831984283995682,25918.6086302734,-0.007188188674826553,25978.55223689418,-0.009479029216048764,25891.747300027702,-0.006158198476528679,25971.658779761903,26014.60621097879,-0.010851804845296428,-70.39964750830171,34.53396764745362,-28.32426422505887,23.985319064732124,-52.30958328979099,28.773141565899646,24.008164615594364,-114.19521282559977,-1.190371014465752,-71.22685843398922,196.91768973214286,0.007652548888112659,0.07874448819418475,0.07094184306089124,0.07245501530236209,0.2309644670050761,293260.0,1.1576757825820052,-4066100.0,-3090378.5390630374,39.43171204475386,-0.0025921184600641006,25665.599609375,0,0.00556914347053343
2026-01-13 18:30:00+00:00,25648.55078125,25791.75,25603.94921875,25665.599609375,393100,0.0,0.0,-0.00259211846006413,-0.000689209382616518,-0.018176616609125618,-0.017757639111834034,-0.0075212393972948766,-0.002595483815978393,-475.150390625,-464.0,-28.751953125,-0.003254664272423774,25866.821428571428,-0.0077791474979665804,25989.000139508928,-0.012443746523448434,25990.393043154763,-0.012496672645175464,25959.6381640625,-0.011326758594599539,25868.006826093722,-0.007824615869303898,25950.101998028797,-0.01096344009265924,25882.87876313936,-0.00839470584986808,25924.000613839286,25998.547353242287,-0.012806397963067451,-84.5296980116395,33.79032022271008,-48.79353626949887,9.429547997885926,-58.2230842673848,21.360243283522713,28.448922683062346,-126.41483306704976,-1.065835087226584,-78.63975671636615,202.23200334821428,0.007879496541134231,0.07608843191477678,0.07162638619594543,0.07377982786458001,0.15787923416789407,299695.0,1.3116668613089932,-4459200.0,-3220742.4877237002,37.71181448246756,0.0011201764399651254,25694.349609375,1,0.007129586663884941
2026-01-15 18:30:00+00:00,25696.05078125,25873.5,25662.400390625,25694.349609375,434000,0.0,0.0,0.0011201764399650926,-0.0037184746415797054,-0.00705263595665373,-0.01729486905015709,-0.004810540023230003,0.0011195495104741853,-182.5,-452.201171875,292.650390625,0.0011864586192592112,25797.62862723214,-0.004003430677659857,25964.146484375,-0.01039113206214389,25982.500186011905,-0.011090178950216037,25961.5721484375,-0.010293002963557871,25833.27538274998,-0.00537778393628481,25926.85178087845,-0.008967620653230058,25875.485462991743,-0.007000288125059688,25884.713876488095,25986.03368778028,-0.0112246478977833,-89.41252366340454,37.56208450296897,-61.98121623287079,-4.852604848265417,-57.12861138460538,24.555401923579765,24.896262257667384,-98.87813251411725,-0.9426015558979212,-75.4445980763091,207.62486049107142,0.008080564935385951,0.07611460792777762,0.07255230142889414,0.07536364198373047,0.10404477232256415,311070.0,1.395184363648049,-4025200.0,-3297357.488892872,44.3599207381302,-0.0042363247573810724,25585.5,0,0.007211032139993547
2026-01-18 18:30:00+00:00,25653.099609375,25653.30078125,25494.349609375,25585.5,443100,0.0,0.0,-0.004236324757381116,-0.005704922482367647,-0.0038079521819640583,-0.028222243883592957,-0.008911325704392348,-0.004245323404225256,-97.80078125,-743.05078125,84.69921875,-0.0016054113307833121,25718.307198660714,-0.005163916801943503,25938.67508370536,-0.013615771914549683,25971.402529761905,-0.014858748168092389,25963.0881640625,-0.014543268569458364,25783.720306199983,-0.007687808580219148,25895.81980079859,-0.011983393581886395,25864.113484050893,-0.010772203123168681,25834.227678571428,25963.290744251088,-0.014550957656811102,-81.3205623849241,37.33126650522338,-80.29026520009575,-19.940136918631485,-60.350128281464265,12.458296884923543,19.457980697342016,-148.34721958855266,-2.0823113155540374,-87.54170311496532,208.58914620535714,0.008152631224926188,0.07742654069565676,0.07230512252287895,0.07493381440353553,0.020967741935483897,323345.0,1.370362925049092,-4468300.0,-3408875.823284027,42.58344865060964,-0.013796877137441129,25232.5,0,0.008549611933267505
2026-01-19 18:30:00+00:00,25580.30078125,25585.0,25171.349609375,25232.5,409800,0.0,0.0,-0.013796877137441155,-0.016874712298433847,-0.021626389817857472,-0.0387729188222099,-0.028263462766674796,-0.013892938636022806,-557.75,-1017.80078125,-459.94921875,-0.00020320958159894458,25626.257254464286,-0.015365382878753213,25888.221540178572,-0.02532895275022527,25943.638206845237,-0.027410889759385222,25957.8921484375,-0.027944955787988925,25673.476244959988,-0.01717633563731126,25835.518000725988,-0.02334065841873267,25839.344327813604,-0.023485283531763997,25740.071000744047,25924.278184886844,-0.0266845688027721,-90.41141886530366,29.900707043859484,-121.87951706671811,-40.32801294824881,-81.5515041184693,5.0880235054325365,14.033907437978622,-191.7144258232382,-3.4958751878868917,-94.91197649448426,231.11774553571428,0.00915952622751234,0.0870841702036903,0.07968262756589493,0.07924106161191345,-0.07515233581584291,324690.0,1.262126951861772,-4878100.0,-3548801.935352215,42.55485639970304,-0.002972357079163777,25157.5,0,0.0069524976435612505
2026-01-20 18:30:00+00:00,25141.0,25300.94921875,24919.80078125,25157.5,395600,0.0,0.0,-0.0029723570791637677,-0.02089368353496368,-0.02233771422681463,-0.039008783829052374,-0.038777505138143153,-0.0029767833055262707,-574.80078125,-1021.19921875,-17.05078125,-0.003626275636579664,25551.14285714286,-0.015406076328707146,25818.78585379464,-0.025612585252432585,25905.119140625,-0.02885989971968659,25949.55515625,-0.030522879929184524,25570.28099596799,-0.016142998038741276,25773.88000065999,-0.023914909227643687,25812.60533456601,-0.02537927985474311,25642.641462053572,25868.716017330007,-0.027493286363865947,-95.64379470642028,20.388102289577247,-159.05765437456648,-64.07394123351234,-94.98371314105414,16.35471819817726,11.30034619617779,-201.45132358292935,-4.447836080989025,-83.64528180175394,240.5498046875,0.009561753142700604,0.07985578017884415,0.08531536558840458,0.08753521809050027,-0.034651049292337754,331820.0,1.1922126454101585,-5273700.0,-3713077.9415091467,36.66700315106657,0.0052628596094604,25289.900390625,2,0.006628303221727791
2026-01-21 18:30:00+00:00,25344.150390625,25435.75,25168.5,25289.900390625,486400,0.0,0.0,0.00526285960946038,-0.011553403661253459,-0.014638240464593166,-0.03254878338896172,-0.03389406359210734,0.005249059162526262,-375.69921875,-850.849609375,199.1015625,0.007419274197555106,25479.66434151786,-0.007447662902828756,25757.596540178572,-0.018157600567429023,25863.09533110119,-0.0221626581481484,25941.4541796875,-0.025116317094230144,25514.204874899395,-0.008791357025397815,25729.88185429317,-0.017100018809248402,25792.107101470287,-0.01947133318226019,25572.12340029762,25818.868620909696,-0.020487661099769672,-81.90943286044195,25.619700569107692,-175.81134726533855,-86.4214224398776,-89.38992482546095,25.464428736510552,15.635723480040127,-134.4876976970282,-3.658626233002846,-74.53557126342064,254.4140625,0.01005990765366168,0.08361458993080265,0.08774261845743195,0.09070814698158973,0.22952477249747227,345310.0,1.4085893834525458,-4787300.0,-3815384.8042225614,37.215045172665164,-0.009539381186706124,25048.650390625,0,0.006790049944507618
2026-01-22 18:30:00+00:00,25344.599609375,25347.94921875,25025.30078125,25048.650390625,393900,0.0,0.0,-0.009539381186706164,-0.007286222505696993,-0.025130008292344796,-0.03200541144892499,-0.04182713841232055,-0.009585172530157553,-645.69921875,-828.19921875,-270.0,0.0021628878684818746,25382.0,-0.013133307437356665,25666.17508370536,-0.024059864435054895,25809.357235863095,-0.029474071682073295,25924.911171875,-0.0337999530814435,25421.09397804452,-0.014650966152014272,25667.951721232428,-0.024127415281645567,25762.951936339097,-0.027725920052916554,25477.59724702381,25772.05362231222,-0.028069289405051736,-90.88520621793982,14.762384617504452,-206.17892605707675,-110.37292316331744,-95.80600289375931,8.865401671722339,16.89484953547006,-148.9734029651865,-4.3166729510975115,-91.13459832820887,261.6318359375,0.010444947406643949,0.08808025965952154,0.09142914400035845,0.09207573056905773,-0.19017269736842102,355565.0,1.1078143236820241,-5181200.0,-3945462.441915651,30.183167922924284,0.005060152863462813,25175.400390625,2,0.006658312359855937
2026-01-26 18:30:00+00:00,25063.349609375,25246.650390625,24932.55078125,25175.400390625,618700,0.0,0.0,0.005060152863462841,0.0007115329673059723,-0.016028594687420572,-0.019775510747270908,-0.033288164433196044,0.0050473933153695125,-410.099609375,-507.900390625,235.599609375,0.0005868267759248584,25311.971540178572,-0.005395516083635877,25589.396484375,-0.016178423512362695,25763.32393973214,-0.022820174542789645,25910.836171875,-0.02838332874985529,25371.955260560615,-0.007746934279091276,25623.174327540844,-0.017475349899740603,25739.910699252272,-0.021931323508579566,25412.160621279763,25713.24861819027,-0.0209171635817639,-95.36191339332312,21.176107051979173,-217.5104601411258,-131.8004305588791,-85.7100295822467,18.87530216751524,17.735044191916053,-135.75034647294467,-3.692891785335015,-81.12469783241092,272.4140625,0.010820644687797407,0.09138536185852826,0.09459740531757876,0.09613918159810875,0.5707032241685708,379390.0,1.630775718917205,-4562500.0,-4004227.92363797,22.549691588461883,0.006647346488174181,25342.75,2,0.013263797540129532
2026-01-27 18:30:00+00:00,25258.849609375,25372.099609375,25187.650390625,25342.75,574900,0.0,0.0,0.006647346488174222,0.002089751582991184,0.004369364906370743,-0.01735151850020844,-0.023103357800630997,0.006625350304204862,110.25,-447.5,520.349609375,0.003314712674086094,25261.743024553572,0.0032067057038656535,25529.68582589286,-0.007322292454662967,25730.01199776786,-0.015050983956068095,25899.49015625,-0.02149618208278239,25366.114208448493,-0.0009210795258782704,25597.68120685531,-0.009959152346464441,25724.33576986983,-0.01483364908946479,25379.274423363095,25675.17309128122,-0.012947258041819835,-74.93364635034473,28.678546733972198,-210.5598646141989,-147.55231736994307,-63.00754724425582,33.37273437581646,20.371146071684688,-86.87415510678998,-2.0640055394590187,-66.62726562410464,275.80691964285717,0.01088306989742022,0.09557409152846175,0.09464150546325549,0.09647082073320296,-0.07079359948278652,396420.0,1.4502295545128867,-3987600.0,-4002644.311862925,31.727820537749807,0.003004819548983437,25418.900390625,2,0.013234709942536687
2026-01-28 18:30:00+00:00,25345.0,25458.150390625,25159.80078125,25418.900390625,582400,0.0,0.0,0.0030048195489833507,0.014781235484789823,0.010390555127695489,-0.012179260350219434,-0.020045191925630923,0.003000314101836464,261.400390625,-313.400390625,151.150390625,8.878278797683406e-05,25237.94308035714,0.007170049860707222,25478.125139508928,-0.002324533244092023,25705.097749255954,-0.011133875522384547,25887.5991796875,-0.01810514701688681,25376.671444883796,0.0016640852931764818,25581.42840537983,-0.00635335963962993,25712.357911860232,-0.011413092577552315,25364.50303199405,25638.994387235944,-0.008584345910247792,-48.15580281402825,31.94065615947025,-196.64002368581714,-157.3698586331179,-39.27016505269924,41.13237613878077,31.126804227370837,-69.85435742112683,-1.0294642144206567,-58.86762386113682,288.59974888392856,0.011353746403222013,0.09665920990902517,0.09758393788549276,0.10024715352869669,0.013045747086449788,405695.0,1.4355611974512839,-3405200.0,-3945744.853590266,40.13016542861259,-0.003865234077404724,25320.650390625,0,0.013798427457806841
2026-01-29 18:30:00+00:00,25247.55078125,25370.69921875,25213.650390625,25320.650390625,508400,0.0,0.0,-0.003865234077404689,0.005769520950859919,0.0012159003999636653,-0.013440138707065286,-0.030959112686126167,-0.003872723399525638,30.75,-344.94921875,-230.650390625,-0.0067410315451013935,25250.535993303572,0.002776748871391049,25438.396623883928,-0.004628681398432628,25675.659691220237,-0.013826686631020348,25875.811171875,-0.021454816529709254,25365.467234032036,-0.00176684478127431,25557.72131312939,-0.009275902166700361,25696.996832596105,-0.014645541828207065,25343.506398809524,25605.09530004035,-0.011108918208747707,-28.0524515959263,34.827331199038355,-191.3308602953657,-164.16205896556747,-27.168801329798242,39.268227816335425,37.924446110310896,-70.19205928917101,-1.8208416334660649,-60.73177218356661,283.0961216517857,0.011180444312622839,0.09189413433678506,0.09683751529577803,0.09993961212039282,-0.12706043956043955,418800.0,1.2139446036294146,-3913600.0,-3942683.4389626216,39.026231068504536,-0.00917235522852094,25088.400390625,0,0.013438012001568387
2026-02-01 18:30:00+00:00,24796.5,25108.099609375,24679.400390625,25088.400390625,449200,0.0,0.0,-0.00917235522852089,-0.010036385529392011,0.0015869118447546793,-0.023582975555408114,-0.040469980131521255,-0.00921468029121448,39.75,-605.94921875,9.0,-0.02070051055319837,25240.664620535714,-0.006032496853780391,25395.903738839286,-0.012108383752612558,25626.078776041668,-0.020981687839004583,25856.526171875,-0.029707230435521027,25310.05386535063,-0.008757526787766505,25515.0557747199,-0.016721710815055635,25673.130305459985,-0.02277594932436446,25296.840234375,25542.786812214577,-0.017789226560520472,-15.249447599161682,34.107167268719124,-203.51791621116354,-172.03323041468667,-31.484685796476867,33.51359137063246,37.97139844191623,-122.58366055480556,-2.5023039956619697,-66.48640862928559,306.21400669642856,0.012205401776465669,0.09531883228519147,0.10333577262569667,0.10549710030177073,-0.11644374508261213,419980.0,1.069574741654362,-4362800.0,-3982694.5400138004,38.481851493614734,0.025475932330218904,25727.55078125,2,0.011591960168033086
2026-02-02 18:30:00+00:00,26308.05078125,26341.19921875,25641.30078125,25727.55078125,637300,0.0,0.0,0.025475932330218942,0.012142554787257342,0.021932139392333738,0.005552003331965372,-0.022826930543704882,0.025156829049839922,552.150390625,142.05078125,512.400390625,0.04861411535351248,25303.186104910714,0.0167711953182414,25391.425223214286,0.013237758616574048,25606.126395089286,0.004742005264177547,25847.2341796875,-0.004630414132725713,25393.55324853051,0.01315284747473481,25534.37350258627,0.007565381568659069,25675.264441765477,0.002036447944016785,25341.05984002976,25539.62472991904,0.007358215060646602,36.38794191478126,48.69583163353848,-159.76053095332827,-169.578690522415,9.818159569086731,63.073241651457444,45.28502027947513,65.75204016017035,0.24137823708731265,-36.92675834848237,371.43178013392856,0.01443712164022275,0.13352459272140174,0.11683168044902871,0.11418524281214548,0.41874443455031174,433970.0,1.4685346913381077,-3725500.0,-3958199.821917248,46.090922333274705,0.0018831648283174059,25776.0,2,0.004291382381469779
2026-02-03 18:30:00+00:00,25675.05078125,25818.55078125,25563.94921875,25776.0,429800,0.0,0.0,0.0018831648283172964,0.017983329904653456,0.017095619062651002,0.021539680967006758,-0.018068394156793177,0.0018813938963879184,433.25,543.5,-118.900390625,-0.002040613987953314,25407.093191964286,0.014519835277826134,25394.54659598214,0.015021075591016704,25579.814453125,0.007669545345393426,25841.391171875,-0.0025304818707348065,25470.04259882441,0.012012441674899281,25556.3395478057,0.008595145317403354,25679.21485581389,0.003769007141750404,25392.336476934524,25519.92204604467,0.010034433235857357,62.900357736483464,50.91256744094053,-119.79215148119329,-159.6213827141707,39.829231232977406,65.98870999395446,54.191847672014795,36.99937224326575,0.3177756661145661,-34.01129000598536,368.4390345982143,0.014293879368334884,0.13374370115684922,0.11798714646832249,0.11570838401075668,-0.32559234269574766,438520.0,0.9801149320441462,-3295700.0,-3895104.600782272,40.37647756359935,-0.005167567456160769,25642.80078125,0,0.004304747561033132
2026-02-04 18:30:00+00:00,25755.900390625,25757.650390625,25579.5,25642.80078125,343800,0.0,0.0,-0.00516756745616076,0.02209787718599099,0.008808421575450254,0.019290501093113477,-0.020470781723034293,-0.005180965509696233,223.900390625,485.30078125,-209.349609375,-0.0007797800036855688,25473.864676339286,0.006631742260436002,25392.918108258928,0.009840644227092177,25550.885881696428,0.0035973273090860935,25835.0571875,-0.007441686885176021,25504.59423530953,0.0054188882467742045,25564.199659937,0.00307465605646076,25677.786852889818,-0.0013625033901969326,25425.437034970237,25495.935516661266,0.0057603402900338295,68.46467276106151,49.53675961077562,-97.73832004028009,-147.24477017939256,49.506450139112474,57.97334637137881,62.34509933893025,32.33231571539556,0.2239580279845919,-42.026653628561014,369.06040736607144,0.014392359497481796,0.1344697606306291,0.11828986804132437,0.1157332129473326,-0.20009306654257797,436560.0,0.7875206157229229,-3639500.0,-3870761.3054696745,40.678860986192454,0.0019849016468285676,25693.69921875,2,0.004489892216843903
2026-02-05 18:30:00+00:00,25605.80078125,25703.94921875,25491.900390625,25693.69921875,375500,0.0,0.0,0.0019849016468285186,-0.001315770894315782,0.014732987595892144,0.01596680184136634,-0.01710168152214453,0.001982934332408332,373.048828125,403.798828125,149.1484375,-0.0014429001073491526,25524.00027901786,0.006648602800386136,25392.871651785714,0.011846929763972527,25527.79064360119,0.00649913568569591,25831.23515625,-0.005324404221016038,25542.415231997627,0.005922853629082398,25575.972347101815,0.004603026232999533,25678.41086723728,0.000595377634222179,25465.541183035715,25477.139849459647,0.008500144465585984,80.38514045742807,49.986902850334346,-75.28557594793892,-132.85293133310185,57.56735538516293,61.036198302583855,61.666084889305715,33.86824266394891,1.8277983503417485,-38.96380169735597,369.12820870535717,0.014366487501962004,0.13486942023079815,0.11920435727726161,0.11678244880656688,0.09220477021524132,438425.0,0.8564748816787344,-3264000.0,-3812974.5144725624,34.432897100042226,0.0067565810988132885,25867.30078125,2,0.007744179993137531
2026-02-08 18:30:00+00:00,25888.69921875,25922.25,25780.900390625,25867.30078125,359400,0.0,0.0,0.006756581098813275,0.003542084933659151,0.031046235650641796,0.032682415134485554,-0.00036901045796322585,0.006733857702297746,778.900390625,818.650390625,405.8515625,0.007589409307698713,25588.057477678572,0.010913032527577018,25413.00027901786,0.017876696857679366,25514.76925223214,0.013816763362929646,25824.47515625,0.001658334767343183,25607.392341848103,0.010149742540443672,25602.456750206195,0.01034447723621922,25685.81831484562,0.007065473413377001,25528.79840029762,25474.764220770136,0.015408839786623238,79.51817654760049,55.5304954988508,-42.987881705244945,-114.87992140753047,71.89203970228553,71.48280348497946,63.49744938631405,95.62628900721099,2.82142812779478,-28.517196514960375,371.1675502232143,0.014348909202472412,0.1327604111418676,0.11763458542092659,0.11618688039212806,-0.042876165113182374,439970.0,0.8168738777643912,-2904600.0,-3726462.655951366,40.427189737542776,0.002622987606970613,25935.150390625,2,0.00818730058564442
2026-02-09 18:30:00+00:00,25922.650390625,25989.44921875,25870.44921875,25935.150390625,460900,0.0,0.0,0.0026229876069705504,0.01140084547974829,0.00806915555779586,0.030178268794601726,0.009805967368448965,0.0026195535786092045,207.599609375,759.75,-571.30078125,0.0021397520306841683,25675.843191964286,0.01009926710963317,25463.189592633928,0.018535022734448958,25517.545479910714,0.01636540281834862,25818.8671484375,0.004503808843314484,25672.943951603484,0.0102133374152881,25632.701626607904,0.011799332291338662,25695.596043307556,0.009322778382477987,25598.41841517857,25487.663506007855,0.017556999075715486,81.12660457770855,65.52785031359846,-11.781025562620925,-94.26014223854857,82.47911667592764,75.56570499066372,69.36156892607569,109.40079664069734,2.551413766102335,-24.434295009276106,350.31026785714283,0.01350716161583389,0.13001149514078017,0.11508240010086093,0.11338382792965228,0.2824151363383416,445575.0,1.0343937608707827,-2443700.0,-3604294.783955998,47.150249774715846,0.0007209990483324657,25953.849609375,1,0.008079568210413854
2026-02-10 18:30:00+00:00,25997.44921875,26009.400390625,25899.80078125,25953.849609375,331400,0.0,0.0,0.0007209990483325601,0.010125065620568696,0.006899814143971117,0.024113389800830554,0.006343467371390243,0.0007207392533858182,177.849609375,611.099609375,-29.75,0.002402100130004154,25799.47879464286,0.0059834857890303465,25520.071707589286,0.016997518923769234,25530.428757440477,0.01658494872754953,25813.88515625,0.0054220607350578594,25729.125083157785,0.00873424671421532,25661.896897768547,0.011376895198726655,25705.72363413373,0.00965255749158457,25663.839750744046,25498.618036109947,0.017853186106806168,86.03226272105333,68.04759919184794,14.29472277491368,-72.54916923585611,86.84389201076979,76.69094460652546,74.57981769405622,107.00851882254321,3.613764432948269,-23.309055393414358,330.91392299107144,0.012750090178203336,0.12930391383593345,0.11192514915238386,0.10934621541683584,-0.2809720112822738,448355.0,0.7391464353023816,-2112300.0,-3462200.0426268554,52.67916299412202,-0.0056504292362096155,25807.19921875,0,0.008390111428773484
2026-02-11 18:30:00+00:00,25906.69921875,25906.69921875,25752.400390625,25807.19921875,419400,0.0,0.0,-0.00565042923620962,-0.002323457055231848,0.0064110952193727755,0.015275988424275466,0.0029106778339298423,-0.005666453301894332,164.3984375,388.298828125,-13.451171875,-0.0018167012344853309,25810.85714285714,-0.000141720365460759,25557.021623883928,0.009788996485891885,25531.235863095237,0.010808852228483408,25806.514140625,2.6546713022394477e-05,25744.73991027623,0.002426099804909588,25675.106199675953,0.005144789589057643,25709.703068824565,0.003792192763348344,25702.12341889881,25504.363140916583,0.011873892955498512,79.46049031023374,61.64826127264005,22.862930650186172,-53.46674925864765,76.32967990883382,67.86614655378061,73.3742653836566,72.82878685663036,2.5095880038525578,-32.13385344615921,325.4281529017857,0.012609975617398112,0.13076578992553414,0.10994061881541546,0.10711256514320874,0.2655401327700664,452350.0,0.927158173980323,-2531700.0,-3373580.9909481076,45.71408233336417,-0.013023482576552116,25471.099609375,0,0.010221823212934682
2026-02-12 18:30:00+00:00,25571.150390625,25630.349609375,25444.30078125,25471.099609375,453500,0.0,0.0,-0.01302348257655217,-0.017892735313296826,-0.008663587421952723,0.0059417596479158785,-0.007578237132981447,-0.013109031702560043,-222.599609375,150.44921875,-386.998046875,-0.009146627114556917,25767.299944196428,-0.011495202658520273,25587.19656808036,-0.004537306711051861,25518.797712053572,-0.001869135968582126,25795.2921484375,-0.012567895614321426,25690.011850095983,-0.008521297771225317,25656.560146012227,-0.007228581523858168,25700.346070414776,-0.008919975645918132,25690.66715029762,25497.017848609594,-0.0010165204177399964,40.01165298336559,59.12280316938787,2.504002959587524,-42.27259881500062,44.776601774588144,47.6410986306203,64.06606326364214,0.889267139054446,0.5064549402688933,-52.35890136931952,328.3031529017857,0.01288924145155226,0.13869777050291546,0.10993378199487429,0.10676311012650473,0.08130662851692905,455370.0,0.9958934492829985,-2985200.0,-3336592.3251435263,45.25790008485946,0.008309432803093396,25682.75,2,0.008699899535715186
2026-02-15 18:30:00+00:00,25423.599609375,25697.0,25372.69921875,25682.75,275800,0.0,0.0,0.008309432803093486,-0.010445448881582275,-0.007134520250515308,0.02369021540317484,-0.00045144592298873576,0.008275099528577884,-184.55078125,594.349609375,38.048828125,-0.001864858633057015,25773.006975446428,-0.003501996314687322,25623.43582589286,0.002314840777410543,25519.614397321428,0.0063925575104179086,25789.2271484375,-0.004128745224687685,25688.559480076787,-0.00022615048077305117,25658.941041829297,0.0009279010436123729,25699.65602843773,-0.000657830922679364,25703.407607886904,25487.753767853083,0.007650585215275131,-5.8398437492921405,60.568691223779645,3.408532334935444,-33.13637258501341,36.544904919948856,60.37732079198004,58.628188658793654,20.516552313951724,1.0380055994566257,-39.62267920795979,329.0318080357143,0.01281139317385021,0.1420125757012513,0.11186362313371306,0.10719674110986689,-0.39184123484013234,447460.0,0.6163679435033286,-2709400.0,-3276859.7227489045,52.12400035064503,0.0016606629206373927,25725.400390625,2,0.008176439546129389
2026-02-16 18:30:00+00:00,25637.94921875,25764.400390625,25570.30078125,25725.400390625,344100,0.0,0.0,0.00166066292063749,-0.00316961276702854,-0.00808747961129308,-8.358318455126135e-05,0.00546795609329509,0.0016592855446634625,-209.75,-2.150390625,-25.19921875,-0.001744391907019235,25777.535714285714,-0.0020225099962452478,25650.767996651786,0.0029095578730021915,25521.09300595238,0.00800543239370504,25783.06015625,-0.0022363429816154726,25695.92766218643,0.0011469805187045332,25664.982800810725,0.00235408651091572,25700.665611268603,0.0009624178505925811,25717.002883184523,25490.9847637109,0.009196020831953288,-9.76670349208215,58.407870353719034,7.480675885879464,-25.012962890834835,32.4936387767143,62.943840270941074,56.987419897847154,44.447121690291915,1.5984976442384085,-37.05615972899875,328.8461216517857,0.012782935023690163,0.14121145306241512,0.1122398903613244,0.1076359000352181,0.24764321972443804,442510.0,0.7776095455469916,-2365300.0,-3190044.5110585326,50.33814347858795,0.0036520021971839754,25819.349609375,2,0.00953965384677231
2026-02-17 18:30:00+00:00,25752.650390625,25828.05078125,25645.150390625,25819.349609375,310200,0.0,0.0,0.003652002197183979,0.013672358293939535,-0.0051822755400191545,0.0016817818658829697,0.023257687877737077,0.0036453498285502696,-134.5,43.349609375,75.25,0.0010592643685316378,25770.685546875,0.0018883495517215375,25679.371512276786,0.005450993885550806,25532.228701636905,0.011245430670910309,25775.7181640625,0.0016927344190678035,25720.612051624146,0.0038388494625506025,25679.01614704384,0.005464908060634945,25705.31988570415,0.004436035971459071,25739.480431547618,25508.226435894096,0.012196973955158749,-4.381878682128796,58.73066971861466,18.08037644988508,-16.394295022690855,34.474671472575935,68.59730548946851,63.97282218412988,58.18796109996831,2.91349471217428,-31.402694510471314,320.59974888392856,0.012417034268264699,0.13132947858716912,0.10779569779111585,0.10540144225678037,-0.0985178727114211,437530.0,0.7089799556601817,-2055100.0,-3081954.557624387,48.03900922780334,-0.014136684522350191,25454.349609375,0,0.009342291449893795
2026-02-18 18:30:00+00:00,25873.349609375,25885.30078125,25388.75,25454.349609375,298200,0.0,0.0,-0.014136684522350174,-0.008893143866019027,-0.013672526273933672,-0.007349086922392445,0.011799646601411196,-0.014237559265090531,-352.849609375,-188.451171875,-218.349609375,0.0020914546964572074,25701.99972098214,-0.009635441377931363,25688.921456473214,-0.009131245447406518,25542.79296875,-0.0034625563258959746,25765.594140625,-0.01207985073238589,25667.35956317432,-0.008298865073169515,25658.59191634667,-0.00795999669964524,25695.4779140834,-0.00938407549821172,25709.477511160716,25528.037105590567,-0.002886532008347279,-31.568707908631403,52.61121325604254,-2.937868139000784,-13.703009645952843,10.765141506952059,46.633154725708,59.39143349537253,6.194832721186838,-1.0619012054349761,-53.36684527423182,341.40694754464283,0.013412518991209543,0.14159235039144982,0.11080498428456842,0.10356665489769962,-0.03868471953578334,432660.0,0.6892247954513921,-2353300.0,-3012558.885469684,49.823363573304995,0.004592550680687785,25571.25,2,0.006753650033788607
2026-02-19 18:30:00+00:00,25406.55078125,25663.55078125,25379.75,25571.25,296600,0.0,0.0,0.004592550680687868,-0.005992147382910207,0.003931922538127797,-0.004765729438470423,0.011124978945322272,0.00458203709696536,100.150390625,-122.44921875,453.0,-0.001877825552745355,25647.342633928572,-0.002966881794135952,25723.410714285714,-0.0059152620146598256,25562.49534970238,0.0003424802695453572,25760.2261328125,-0.007335965602094618,25648.13765053946,-0.0029977868797751903,25650.651742133337,-0.0030955058347663855,25690.60623117817,-0.004645909485519107,25693.78798363095,25541.61026923804,0.001160448791189003,-45.36234742716146,59.875242767356696,-10.04628652044994,-12.971665020852264,2.9253785004023243,20.500855059348993,45.24377175817518,-7.872125361732309,-0.7943435754189636,-79.49914494054777,315.87486049107144,0.012352734437740005,0.1413208344647187,0.11105266584365758,0.10305995944996171,-0.005365526492287054,423170.0,0.7009003473781207,-2056700.0,-2921524.705901142,51.142660356168236,0.005543334799824021,25713.0,2,0.008223942868124943
2026-02-22 18:30:00+00:00,25678.400390625,25771.44921875,25609.349609375,25713.0,313700,0.0,0.0,0.00554333479982394,-0.004118988703587845,0.0011778333706475852,-0.005965090155902408,0.02652237142579339,0.00552802706402003,30.25,-154.30078125,-69.900390625,0.004190268001173028,25633.885602678572,0.003086320917073825,25722.37137276786,-0.0003643277142705342,25582.64295014881,0.005095527076901469,25759.3261328125,-0.0017984217666893218,25661.11012043157,0.0020221213862104855,25656.31976557576,0.0022092114123198193,25691.484418190794,0.0008374596601343635,25692.399888392858,25566.300505237592,0.005738002443190751,-36.05655513030964,49.62639487568656,-4.193380277760298,-11.216008072233873,7.022627794473575,53.44748781399681,40.19383253301795,33.22074855457511,0.2737580007302747,-46.552512185846126,240.68917410714286,0.009360602578739684,0.1370582000079199,0.10847965304472268,0.10247425409021828,0.057653405259608936,419160.0,0.7484015650348298,-1743000.0,-2809284.257720081,47.9409859370646,-0.011214156627970288,25424.650390625,0,0.007409551021071145
2026-02-23 18:30:00+00:00,25641.80078125,25641.80078125,25327.599609375,25424.650390625,439100,0.0,0.0,-0.011214156627970318,-0.0011667639993072632,-0.011690780140767076,-0.019683710806031596,0.009900537672990373,-0.011277509359324957,-300.75,-510.5,-331.0,-0.0027689969567921764,25627.25,-0.007905632066452393,25697.274972098214,-0.010609085273408,25600.547712053572,-0.00687084211662188,25749.848125,-0.012629112715397338,25613.81817447026,-0.007385380131799293,25635.25891330751,-0.008215580088140705,25681.02033867841,-0.009982856781873177,25652.703757440475,25594.656284958288,-0.006642241741421311,-37.12247474297505,41.96822669727064,-22.562230205534433,-13.485252498893985,-9.076977706640449,14.234477859049486,29.39427357746511,-50.921872054601636,-1.04713932328067,-85.76552214080385,250.03194754464286,0.009834233458597684,0.14324195853069047,0.10838065843625212,0.1010742929122727,0.3997449792795664,410180.0,1.0705056316738968,-2182100.0,-2749552.423651502,47.89368511671566,0.002275335490801135,25482.5,2,0.008264719263564176
2026-02-24 18:30:00+00:00,25512.599609375,25652.599609375,25428.19921875,25482.5,414200,0.0,0.0,0.002275335490801167,-0.0034706946277557327,-0.013046401806058316,-0.018161067297112643,0.005514397608783472,0.0022727508349003555,-336.849609375,-471.349609375,-36.099609375,0.0034592105456217655,25598.64285714286,-0.004537070882663864,25685.82491629464,-0.007915841401132015,25615.17150297619,-0.005179411075220431,25738.559140625,-0.009948464450787084,25587.55453957621,-0.004105688936147356,25621.37173937046,-0.005420152393989962,25673.235227357687,-0.007429341322531493,25624.067094494047,25611.87042909319,-0.005051190206952979,-26.421809235012844,46.20481793971361,-32.08187620785611,-17.20457724068641,-14.8772989671697,22.719303773865075,30.133756482303806,-37.45038058285422,-1.4875954182622304,-77.28069622598825,252.2783203125,0.009900061623172376,0.14159730169134693,0.10888183492071422,0.1020475532175696,-0.056706900478251,402145.0,1.0299767496798393,-1767900.0,-2656061.7166370736,55.33649623649582,0.0005513894339252429,25496.55078125,1,0.011481829638111798
2026-02-25 18:30:00+00:00,25556.30078125,25572.94921875,25400.94921875,25496.55078125,405200,0.0,0.0,0.0005513894339252978,-0.008417890512581239,0.001657915936671861,-0.012037278236465943,0.0030548288648095667,0.000551237474627977,42.201171875,-310.6484375,379.05078125,0.002896135828509648,25565.950055803572,-0.0027145196795773227,25671.74288504464,-0.0068243167041336554,25622.49534970238,-0.0049153904306919755,25727.944140625,-0.008993853457945613,25569.35378791097,-0.002847275972042347,25610.024379541326,-0.004430827421701739,25666.306425549545,-0.006613949100621453,25598.830543154763,25625.314199452405,-0.005024852269134379,-19.38443023754936,45.24955149786964,-38.053822848334676,-21.374426362216063,-16.679396486118613,24.78013761805912,20.577973083657906,-54.080504466400754,-1.6911396416406648,-75.21986238179421,249.41768973214286,0.0097824090745464,0.1412459945117555,0.10691440820144847,0.0991953935658112,-0.021728633510381457,393285.0,1.0302960957066731,-1362700.0,-2532884.4102906855,55.039943690949734,-0.012468368500212268,25178.650390625,0,0.011226768396570679
2026-02-26 18:30:00+00:00,25459.849609375,25476.400390625,25141.30078125,25178.650390625,438900,0.0,0.0,-0.012468368500212268,-0.009675649270312503,-0.015353164564696709,-0.011481609480352373,-0.00560807079634007,-0.012546750821351201,-392.599609375,-292.44921875,-434.80078125,-0.0014394563480323137,25474.42159598214,-0.011610517013810398,25622.553571428572,-0.017324704954409645,25611.054873511905,-0.016883509290126886,25714.31515625,-0.020831383700871453,25491.21310845378,-0.012261586629830125,25570.808562367114,-0.015336166268877509,25647.182659474074,-0.018268371815723782,25533.084877232144,25626.160539608172,-0.0174630198031998,-52.32619159719278,34.48531074767014,-67.65861194302852,-30.631263478378557,-37.02734846464996,4.30245665032004,17.267299347414756,-139.38140979654355,-2.9868371375241156,-95.69754334956477,258.46763392857144,0.010265349012701604,0.14767681577896946,0.10978242625763564,0.10070551825843098,0.08316880552813433,389810.0,1.1259331469177263,-1801600.0,-2463238.275977287,47.32538785158594,-0.012429227421638295,24865.69921875,0,0.011861585714898502
2026-03-01 18:30:00+00:00,24659.25,24989.349609375,24603.5,24865.69921875,519200,0.0,0.0,-0.012429227421638323,-0.024204877121554058,-0.03295223354917742,-0.031813212418841386,-0.008876658870536014,-0.012507116341135643,-847.30078125,-817.05078125,-454.701171875,-0.020628603303470647,25390.328683035714,-0.02066257080934202,25546.164202008928,-0.02663667930253849,25589.390531994046,-0.028280912448430406,25695.258125,-0.03228451343879885,25366.110330513024,-0.01972754613311986,25506.707712947376,-0.025130977365297954,25616.536250033918,-0.02931063840775485,25432.170963541666,25611.038048561073,-0.029102249912627807,-84.61817391651091,28.302447537046007,-115.0469748084688,-47.51440574439661,-67.53256906407219,18.649914353694115,15.910836207357766,-295.5324936636715,-3.648206812446059,-81.35008564623476,290.82491629464283,0.011695826999923428,0.15071087526908092,0.1086498430547696,0.10063278024929921,0.1829573934837092,393310.0,1.3200783097302349,-2320800.0,-2449672.725884212,38.09040891298791,-0.015491187895474108,24480.5,0,0.014270974283640402
2026-03-03 18:30:00+00:00,24388.80078125,24602.44921875,24305.400390625,24480.5,599000,0.0,0.0,-0.015491187895474101,-0.03985051899636549,-0.037135235927300836,-0.048391876189366245,-0.04847141462679916,-0.015612430100429392,-944.150390625,-1244.900390625,-96.849609375,-0.01917896751282084,25234.507254464286,-0.029880007041978733,25440.924944196428,-0.03775118028542753,25560.442894345237,-0.04225055484402859,25668.557109375,-0.04628453030345974,25188.988264410422,-0.028126904382714663,25413.41610267943,-0.03670959067093047,25571.985808856116,-0.04268287246108469,25290.08240327381,25499.373971984754,-0.039956822983345186,-126.0922243113154,23.977834304964674,-181.59167570237696,-74.32985973599268,-107.26181596638428,10.934849030016407,11.295740011343531,-313.5970339522124,-3.8891120704123696,-89.06515096992115,323.01771763392856,0.013194898700349884,0.12544944956123139,0.0958103931830725,0.09403382469664476,0.15369799691833586,391395.0,1.5304232297295532,-2919800.0,-2494446.7519904776,30.31452312510713,0.01165827457057658,24765.900390625,2,0.014420076805446979
2026-03-04 18:30:00+00:00,24615.94921875,24854.19921875,24529.400390625,24765.900390625,504300,0.0,0.0,0.011658274570576665,-0.016392856392083766,-0.028121244358873754,-0.0408007651117398,-0.0391876012327359,0.011590840491558407,-716.599609375,-1053.44921875,227.55078125,0.005532943312023629,25099.20731026786,-0.0132795795310433,25366.546456473214,-0.023678669340300086,25514.65001860119,-0.029345870996870162,25644.547109375,-0.034262516510917565,25104.37068965334,-0.01348252474489735,25354.55103794721,-0.02321676477099421,25540.37461598431,-0.03032352645581711,25200.079129464284,25437.441709518556,-0.026399719223425,-126.54374472371859,32.467952701843075,-208.89143383774717,-101.2421745563436,-107.64925928140357,29.147407186698477,19.57739019013634,-188.18110662825634,-3.5699043497092964,-70.85259281323823,335.3212890625,0.013539636507196022,0.13440784455549853,0.09756881317481197,0.09596450399364939,-0.15809682804674452,395120.0,1.2763211176351457,-2415500.0,-2486928.01370567,38.7496091329701,-0.01273731893044407,24450.44921875,0,0.01102039514383218
2026-03-05 18:30:00+00:00,24656.400390625,24700.900390625,24415.75,24450.44921875,433400,0.0,0.0,-0.012737318930444053,-0.016699711371352843,-0.04102914043060668,-0.039439247359722596,-0.046498491825114785,-0.012819134056590225,-1046.1015625,-1003.900390625,-329.501953125,-0.004421401938669116,24960.035714285714,-0.02041609640983145,25293.64285714286,-0.033336188193813676,25451.52855282738,-0.03933277846159591,25610.1080859375,-0.045281295311058165,24973.586395472674,-0.020947619154031056,25272.359963474737,-0.0325221208431893,25497.63244354375,-0.041069821957483946,25077.932831101192,25378.24457180976,-0.03655868909429301,-158.9626867441998,32.695284171470334,-253.06380011801957,-131.6064996686788,-121.45730044934078,9.180884376357909,16.421046864357606,-179.1559250202477,-4.956001277008601,-90.8191156235788,334.4107142857143,0.013677078539287343,0.1393951444449356,0.09956637579394376,0.09750339798527757,-0.14059091810430302,399600.0,1.0845845845845818,-2848900.0,-2521401.536209892,39.00890020682496,-0.017275692308183883,24028.05078125,0,0.012159905992756691
2026-03-08 18:30:00+00:00,23868.05078125,24078.150390625,23697.80078125,24028.05078125,526900,0.0,0.0,-0.017275692308183932,-0.01848202523437026,-0.04569742982743086,-0.06034899423180329,-0.06482711669188113,-0.017426658301668632,-1150.599609375,-1543.19921875,-104.498046875,-0.023819539358539057,24752.257254464286,-0.029258199192465164,25175.450055803572,-0.04557611768648492,25374.635695684523,-0.05306814768038164,25567.12609375,-0.060197431140928064,24784.47927262814,-0.03052024951008378,25159.24094690885,-0.04496121993687516,25440.001790120466,-0.055501214996719735,24909.18722098214,25273.2394699123,-0.049269057500311464,-194.80170189137084,23.81639961962921,-318.4834632992279,-168.98189239478862,-149.50157090443926,15.097142857135957,17.80847814006412,-214.60251377011582,-6.93781545711171,-84.90285714281833,365.00697544642856,0.015190869154115579,0.1479696431458847,0.10370035164944505,0.10252662371108369,0.2157360406091371,407170.0,1.2940540806051495,-3375800.0,-2602772.818475616,32.71357989867718,0.00971984079154881,24261.599609375,2,0.014741542824779607
2026-03-09 18:30:00+00:00,24280.80078125,24303.80078125,24079.94921875,24261.599609375,444300,0.0,0.0,0.009719840791548862,-0.02036270732320722,-0.02429449516221438,-0.0564461708328472,-0.062074554490776146,0.009672907019832675,-604.099609375,-1451.400390625,546.5,0.010518955628195189,24575.83565848214,-0.012786383074574012,25070.89285714286,-0.03228019250767344,25306.440476190477,-0.04128754764220881,25529.51609375,-0.0496647284546594,24679.903339977514,-0.016949164056283477,25077.637188951227,-0.03254044922285286,25393.789939895156,-0.04458532315183772,24787.340494791668,25190.614650175812,-0.03687941138801436,-185.2024147502785,28.15678630497959,-347.47806823978317,-204.68112756378753,-142.79694067599564,25.773660714273934,16.683895982589277,-141.69615854543738,-4.685839623891453,-74.22633928568035,370.83914620535717,0.015285024572825148,0.15098500613079346,0.10491429657769659,0.10422602781019633,-0.156765989751376,411415.0,1.0799314560723332,-2931500.0,-2634080.1690969863,33.58396635339325,-0.016270567743087452,23866.849609375,0,0.014175066371005936
2026-03-10 18:30:00+00:00,24231.849609375,24299.0,23834.30078125,23866.849609375,407400,0.0,0.0,-0.01627056774308744,-0.02386866613998495,-0.0250669059302302,-0.06127127639184449,-0.07974894111266251,-0.016404386958885315,-613.650390625,-1557.80078125,-9.55078125,-0.001226217581651252,24388.435546875,-0.02138660909583484,24931.428571428572,-0.042700279248078774,25211.18089657738,-0.053322821041866864,25486.0070703125,-0.0635312332948192,24517.292593857015,-0.026529967858072625,24967.56559080793,-0.04408583517802502,25333.909926933582,-0.05790895766937375,24626.801395089286,25089.499716298164,-0.04873154589562741,-201.33912034596563,23.264411885437298,-397.72480352666025,-243.28986275636208,-154.43494077029817,7.727946428567896,16.199583333325936,-140.88571062774653,-6.66529946961894,-92.2720535713864,390.96763392857144,0.016381199878805174,0.15619847445042548,0.11227523894148336,0.10935853008002526,-0.08305199189736667,408740.0,0.9967216323335103,-3338900.0,-2701205.8672782257,27.864257774498256,-0.009540396930332975,23639.150390625,0,0.01380832594449364
2026-03-11 18:30:00+00:00,23674.849609375,23833.150390625,23556.30078125,23639.150390625,501000,0.0,0.0,-0.009540396930332928,-0.016185265886339506,-0.04549602405840758,-0.0723378636073776,-0.08918519809538727,-0.009586198057198514,-1126.75,-1843.349609375,-513.099609375,-0.008044631073745633,24213.214285714286,-0.023708702542146923,24801.771484375,-0.046876534383134646,25101.847563244046,-0.058270498573211614,25439.9480859375,-0.07078621737863766,24341.66415321061,-0.02886054783123456,24846.80057260948,-0.048603850562382575,25267.448768646973,-0.06444253208667339,24454.49763764881,24970.29709331164,-0.053309205641895986,-206.01014044220076,24.17335919557749,-450.72346767134513,-284.7765837393587,-165.9468839319864,3.7401380409732745,12.41391506127171,-150.10720377932032,-8.065373971823277,-96.25986195898159,377.68178013392856,0.01597696084220085,0.1562442114087886,0.11465210261736043,0.11273708354597305,0.22974963181148755,417220.0,1.200805330521065,-3839900.0,-2809652.927537442,27.10021536654064,-0.020645868112229408,23151.099609375,0,0.019989237565672956
2026-03-12 18:30:00+00:00,23462.5,23492.400390625,23112.0,23151.099609375,519800,0.0,0.0,-0.02064586811222946,-0.04577192014869824,-0.05314215692931257,-0.09199092034048106,-0.1029208782735801,-0.020861973679950938,-1299.349609375,-2345.451171875,-172.599609375,-0.007472789322202118,24023.299944196428,-0.03630643320640461,24628.90359933036,-0.060002833012651,24968.383277529763,-0.07278339362044921,25384.1930859375,-0.08797181257652482,24103.55124444349,-0.039514992019610215,24692.645939588165,-0.062429370023146774,25184.45468396964,-0.08073849920954722,24234.408054315478,24822.217394837582,-0.0673234690874179,-214.3929397888278,18.855436010305553,-526.0430136659379,-333.0298697246746,-193.0131439412633,1.4702145504159307,4.31276633998571,-164.61215476378854,-8.942308925861383,-98.52978544954647,395.0638950892857,0.017064584480008377,0.16630664366034573,0.11913885189691728,0.11561567219748152,0.0375249500998005,422240.0,1.2310534293292885,-4359700.0,-2957276.458248162,26.331039988648826,0.011131271353117254,23408.80078125,2,0.01827201128856006
2026-03-15 18:30:00+00:00,23116.099609375,23502.0,22955.25,23408.80078125,540300,0.0,0.0,0.011131271353117311,-0.01919184289597553,-0.025771961514382324,-0.07029167893899446,-0.08096622681205101,0.011069774688696974,-619.25,-1769.849609375,680.099609375,-0.0015118072398524558,23829.428571428572,-0.017651610441170484,24464.317940848214,-0.04314517012696959,24854.173828125,-0.058154137686095876,25329.777109375,-0.07583865897556351,23964.601151804796,-0.02319255668116618,24575.932743375604,-0.047490851082352306,25114.82119758848,-0.06792882986967967,24071.727678571428,24688.261442944764,-0.051824656209655755,-199.11709540936624,21.206873155432845,-558.5019033563913,-378.1242764510179,-180.37762690537335,16.81468281580761,7.341678469065616,-139.2323315274244,-8.137738521534068,-83.18531718415531,419.81752232142856,0.017934174682612377,0.1734974620203662,0.1283388411714451,0.1258072979734966,0.0394382454790303,426580.0,1.2665854001594044,-3819400.0,-3039383.4622245277,28.36852612817934,0.007362598835607535,23581.150390625,2,0.019998673651024635
2026-03-16 18:30:00+00:00,23493.19921875,23656.80078125,23346.599609375,23581.150390625,458800,0.0,0.0,0.007362598835607637,-0.0024535568766888005,-0.02804634606561829,-0.05165946940902366,-0.0818292281541112,0.007335627211391066,-680.44921875,-1284.548828125,-61.19921875,0.003605414830459744,23705.243024553572,-0.005234818044262771,24332.63936941964,-0.030883989500089082,24764.176246279763,-0.04777166193171628,25278.4691015625,-0.06714483792978264,23887.910999568838,-0.012841667442136807,24485.49798403464,-0.03693400861192476,25054.677244374227,-0.05881244605056859,23953.972005208332,24598.83339008824,-0.0413711895732933,-172.74103007165428,26.27596801637766,-563.8192765442836,-415.26327646967104,-148.5560000746126,23.204273871261154,13.829723745828241,-104.44486694802953,-7.512390232931028,-76.79572612870177,414.44614955357144,0.017575315143162924,0.17262557443326176,0.12856736352251674,0.1278339730590868,-0.15084212474551173,435730.0,1.0529456314690266,-3360600.0,-3069975.5134412395,35.05453604638561,0.008339304375208979,23777.80078125,2,0.022347052852798352
2026-03-17 18:30:00+00:00,23632.900390625,23862.25,23618.44921875,23777.80078125,382900,0.0,0.0,0.008339304375208911,0.027070039110419497,-0.00373106755111996,-0.028704447162026914,-0.07570726129824423,0.008304724491583992,-89.048828125,-702.69921875,591.400390625,0.0021945494237029127,23669.493024553572,0.004575837622887393,24210.875139508928,-0.017887596204739824,24673.464378720237,-0.03630068253579624,25227.4541015625,-0.05746332208063183,23865.888955905073,-0.0036909655792760226,24421.16187469058,-0.026344409686228563,25004.60365758504,-0.04906308026853474,23879.993526785714,24519.062272417294,-0.030232048963844144,-145.67971378705565,28.818884261720598,-545.8728081197623,-441.3851827996893,-104.48762532007305,31.422662136197182,23.813872941088658,-76.34081339076836,-5.563640575018809,-68.57733786376461,418.2426060267857,0.01758962529270468,0.17720165672950913,0.12941778905402393,0.12853113141150602,-0.1654315605928509,437670.0,0.8748600543788679,-2977700.0,-3061187.3693039785,34.461459978837496,-0.032620779262169594,23002.150390625,0,0.024011323969164933
2026-03-18 18:30:00+00:00,23197.75,23378.69921875,22930.349609375,23002.150390625,550100,0.0,0.0,-0.03262077926216955,-0.01737168829898883,-0.026946822938806902,-0.07121687369249285,-0.10911193586871282,-0.03316469831760482,-637.0,-1763.75,-547.951171875,-0.024394635424289324,23489.571707589286,-0.020750540837097667,24032.703683035714,-0.04288128818140929,24543.785807291668,-0.06281163911594288,25162.49109375,-0.08585559732841835,23693.14124284906,-0.029164172244682016,24292.160830684617,-0.05310398070599339,24926.076078488568,-0.07718526100158445,23718.830226934522,24389.5426048289,-0.05688471640009983,-135.0227798657885,23.939028983976286,-587.4666568043176,-470.601477600615,-116.86517920370261,2.8200844138199295,19.149006807092764,-120.15223906164628,-7.494455763060605,-97.1799155861408,466.48911830357144,0.020280239472465947,0.20184567890211824,0.13499431238494577,0.13508487344755954,0.4366675372159834,449665.0,1.223355164400162,-3527800.0,-3105626.6674655043,33.961185690980315,0.004884308965338754,23114.5,2,0.020851853925084124
2026-03-19 18:30:00+00:00,23110.150390625,23345.150390625,23067.599609375,23114.5,663300,0.0,0.0,0.004884308965338757,-0.019789127455398625,-0.0015809015551113692,-0.05463904596589242,-0.09192337047626697,0.004872419427371909,-36.599609375,-1335.94921875,600.400390625,0.004695213193806998,23382.093191964286,-0.011444364273436324,23885.26436941964,-0.03226945105143657,24414.983444940477,-0.053265792617603565,25101.207109375,-0.07914787128436178,23577.41299427925,-0.01963374838416538,24185.100755167834,-0.04426695451905552,24855.033879332153,-0.07002741930597002,23596.40306919643,24265.701987965855,-0.047441528315839594,-117.1693234285586,27.466347012777675,-604.3972912730787,-497.3606403351078,-107.03665093797093,8.943680943414792,14.395475831143978,-102.36882125025153,-5.579951389881514,-91.05631905653664,465.61411830357144,0.02014381095431661,0.20257067533668932,0.13102908667384827,0.1344726144185406,0.20578076713324855,467920.0,1.417550008548467,-2864500.0,-3082662.22294498,42.231678935607206,-0.026037751600726817,22512.650390625,0,0.022138372853368345
2026-03-22 18:30:00+00:00,22824.349609375,22851.69921875,22471.25,22512.650390625,550300,0.0,0.0,-0.026037751600726855,-0.053207207944253376,-0.03828262707685559,-0.0630679701995438,-0.11961087586156327,-0.02638273543442679,-896.150390625,-1515.400390625,-859.55078125,-0.012552743543013582,23221.164620535714,-0.030511571727289955,23717.189453125,-0.05078759710886561,24274.902529761905,-0.07259564222662676,25028.6451171875,-0.10052460749601799,23364.460473548403,-0.03645751135095653,24033.059812936666,-0.06326324796533762,24763.175703304423,-0.090881934516138,23413.38787202381,24131.753767156646,-0.06709431034951058,-149.08779196425198,25.836668400814133,-658.7851100090193,-529.6455342698902,-129.1395757391291,1.7373593318408864,4.5003748963585455,-135.51359577494435,-9.098195359183729,-98.26264066811716,470.47837611607144,0.02089840014181418,0.21279168096520332,0.13374447789348803,0.13550831902408014,-0.17036031961405096,480605.0,1.1450151371708552,-3414800.0,-3114294.3921883153,42.34314225421357,0.01775668315652736,22912.400390625,2,0.02082268116767309
2026-03-23 18:30:00+00:00,22878.44921875,23057.30078125,22624.19921875,22912.400390625,538100,0.0,0.0,0.017756683156527453,-0.0039018091124463083,-0.02835951549954363,-0.05561048077920849,-0.10891765291389566,0.017600874978779452,-668.75,-1349.19921875,227.400390625,0.016248590093919563,23187.06473214286,-0.011845584798713046,23605.18233816964,-0.029348722565230165,24148.29064360119,-0.051179202338432414,24969.3561328125,-0.08237920638587672,23274.048456963723,-0.015538683225113774,23931.18168363561,-0.04257129073184125,24690.59627927778,-0.0720191553310158,23306.082663690475,24012.489004004532,-0.04581318551342286,-119.06964171536528,33.945248025920904,-662.0002373946263,-556.1164748948374,-105.88376249978887,18.512790249732,9.731276841662568,-105.13147880662451,-6.290472679518189,-81.48720975022603,469.36063058035717,0.020485004738848032,0.22579822873186536,0.13907092678523705,0.14274138364482059,-0.02216972560421593,491825.0,1.094088344431452,-2876700.0,-3091666.3548370474,50.37895619452604,0.01719805962740734,23306.44921875,2,0.018854870146259552
2026-03-24 18:30:00+00:00,23064.400390625,23465.349609375,23063.19921875,23306.44921875,505400,0.0,0.0,0.01719805962740728,0.008304277347552347,-0.019823177376087853,-0.023480283313339845,-0.08331289277653386,0.0170518470014907,-471.3515625,-560.400390625,197.3984375,0.006633962282807643,23172.44308035714,0.0057829956870817595,23500.93582589286,-0.00827569627795711,24033.69298735119,-0.03025934337198637,24921.8191015625,-0.06481749491196488,23280.52860932098,0.0011134029584981648,23874.387823191464,-0.0237886143363118,24636.31600239434,-0.053979936915691376,23266.25158110119,23910.62879786577,-0.025268243015410537,-76.23945180052316,35.3828259515422,-625.5409550412442,-570.0013709241188,-55.5395841171254,37.45875237935882,19.236300653643912,-63.99345882255544,-3.003163132412984,-62.54124762059633,482.16420200892856,0.020688016329017102,0.23867271784526842,0.14144941697609908,0.14533280469348542,-0.06076937372235647,495140.0,1.0207214121258614,-2371300.0,-3023060.035328757,50.168275904937744,-0.020889051129389984,22819.599609375,0,0.0175086223403738
2026-03-26 18:30:00+00:00,23173.55078125,23186.099609375,22804.55078125,22819.599609375,612600,0.0,0.0,-0.02088905112938999,0.013634521632238439,-0.007936248487637187,-0.03466921474364937,-0.10449918142352599,-0.0211103140979646,-182.55078125,-819.55078125,288.80078125,-0.005702217281261262,23063.65011160714,-0.010581607900360425,23384.44656808036,-0.02415481405817607,23909.64295014881,-0.045590113706276796,24862.40609375,-0.08216447260462235,23188.342809331785,-0.01590209369374919,23778.497985571787,-0.04032628035541111,24565.072222275932,-0.0710550572417224,23175.406752232142,23785.529288728274,-0.04060997203921705,-72.2344276006719,34.20835339600157,-628.6843242582108,-581.7379615909372,-46.94636266727366,19.009001711657746,24.99351478024953,-88.71277071991624,-5.943548748709598,-80.99099828828768,493.0033482142857,0.021604382051108515,0.2443913808937836,0.14459708629285664,0.1456828742058666,0.21210922041946967,505060.0,1.212925197006294,-2983900.0,-3019330.5081545897,49.14737238159096,-0.02139385559374287,22331.400390625,0,0.014468231321404916
2026-03-29 18:30:00+00:00,22549.650390625,22714.099609375,22283.849609375,22331.400390625,698600,0.0,0.0,-0.02139385559374285,-0.02535744793625927,-0.033879149857232504,-0.03540649181164868,-0.12414033638434852,-0.021626021374847804,-783.099609375,-819.69921875,-600.548828125,-0.011829708819215419,22857.021484375,-0.022996044961907665,23263.257254464286,-0.040057024416063666,23759.59058779762,-0.06011005079801518,24794.3880859375,-0.09933649851634446,23016.95432559043,-0.029784737166689088,23646.943658758442,-0.055632697701553956,24477.477248485702,-0.0876755735925924,23035.000595238096,23628.859310525913,-0.05490992615639644,-122.93142359621032,33.777918540386295,-662.9272512172829,-597.9758195162063,-64.95143170107656,2.3540559748203176,19.607270021945638,-128.9764584480633,-6.433397134018076,-97.64594402513018,477.51060267857144,0.021382922446682516,0.24967270191398322,0.1495437537177064,0.15101935692285914,0.14038524322559587,519730.0,1.344159467415771,-3682500.0,-3082489.5073779617,48.26715607793433,0.015583438293735253,22679.400390625,2,0.013992290331917706
2026-03-31 18:30:00+00:00,22899.0,22941.30078125,22618.599609375,22679.400390625,518000,0.0,0.0,0.015583438293735208,-0.02690451995667109,0.007406946632522615,-0.031159237820043928,-0.09926068161820811,0.0154632634032261,166.75,-729.400390625,949.849609375,0.025417107724836636,22810.91434151786,-0.005765395850594469,23150.243024553572,-0.020338561173166424,23625.440569196428,-0.04004328197819361,24734.6641015625,-0.08309244477702789,22949.44353859734,-0.011766871275905203,23558.98517983722,-0.03733542775709062,24406.96443053038,-0.07078160189983809,22957.153013392857,23516.635702489224,-0.03560183193106859,-122.40881469475852,35.19620799997797,-654.4403449747588,-609.2687246079169,-45.17162036684192,19.62884671486595,13.663968133781347,-91.08715546355742,-4.060002090348325,-80.37115328508443,501.3784877232143,0.022107219727486593,0.26038626296862705,0.14992872978956467,0.15203647106998217,-0.2585170340681363,523685.0,0.9891442374709969,-3164500.0,-3090300.0304848226,48.57456605939743,0.001485895489720719,22713.099609375,1,0.017511565679537783
2026-04-01 18:30:00+00:00,22383.400390625,22782.30078125,22182.55078125,22713.099609375,495100,0.0,0.0,0.0014858954897207788,-0.004667040694099067,-0.008698380695701724,-0.03681121433308465,-0.08656903594135934,0.0014847926393626724,-199.30078125,-868.05078125,-366.05078125,-0.013051491437240319,22753.571428571428,-0.0017787018325222431,23067.83231026786,-0.015377808201551133,23508.033389136905,-0.033815409677323785,24675.0391015625,-0.07951109962225687,22902.174752752875,-0.008255772450393153,23482.08649161338,-0.03274780895270914,24340.538359112525,-0.06686124709843087,22898.867224702382,23406.543062098615,-0.029626051608041774,-97.25361688635982,38.4227847246784,-637.644793061394,-614.9439382986122,-22.700854762781773,31.58594242363871,17.85628170444167,-104.07420408457321,-1.8919187744439305,-68.41405757630176,511.0249720982143,0.022499129616252923,0.2598650319824054,0.15688395921937445,0.1592828461589861,-0.04420849420849415,522480.0,0.9475960802327343,-2669400.0,-3050214.313295792,48.18542929954685,0.01123362266767345,22968.25,2,0.01691368808321007
2026-04-05 18:30:00+00:00,22780.30078125,22998.349609375,22542.94921875,22968.25,426400,0.0,0.0,0.01123362266767347,0.028518122385300826,-0.014510971430084618,-0.03404649524561465,-0.06177365658381162,0.01117099412238686,-338.19921875,-809.55078125,-138.8984375,0.0029586966565875164,22818.657087053572,0.006555728164708441,23019.91085379464,-0.002244181314287027,23417.678664434523,-0.019191853764612084,24622.6941015625,-0.06719183915205473,22915.389802202302,0.002306755340143299,23435.37408328489,-0.01993243554059766,24286.72312934341,-0.054287814882295296,22885.589583333334,23321.328771347475,-0.015139736453664305,-30.377143830493004,43.30478666391046,-596.8654002240073,-611.3282306836912,14.462830459683914,46.77618528240041,32.6636581403017,-66.51163377268053,-1.8819878274279385,-53.22381471754005,521.3715122767857,0.022699662023739856,0.262027839497077,0.1604986208208271,0.16340552355302648,-0.13875984649565742,513850.0,0.8298141480976923,-2243000.0,-2973336.7596485736,54.457503469808586,0.006765878576948614,23123.650390625,2,0.019208721013273547
2026-04-06 18:30:00+00:00,22838.69921875,23153.849609375,22719.30078125,23123.650390625,477000,0.0,0.0,0.0067658785769486585,0.019588260374980626,0.013324106752735876,0.005282114843033092,-0.06631093455506532,0.006743092740219248,304.05078125,121.5,642.25,-0.0056404289072956955,22848.83565848214,0.012027515810891115,23017.9501953125,0.004592076810298285,23353.06677827381,-0.00982382270504333,24580.517109375,-0.0592691647725463,22957.041919886844,0.007257401511900449,23407.035565770355,-0.012106837465559095,24241.112433707392,-0.04609780372655298,22899.42152157738,23237.68072795855,-0.004907130736000993,-0.6350089435257228,49.70659168671312,-545.717236210683,-598.2060317890896,52.48879557840655,56.02786492183929,44.79666420929281,-41.390647673836945,-1.940108910809821,-43.97213507810118,514.7571149553571,0.022261066322125003,0.25894208023318666,0.16310958799677214,0.16523883687053922,0.11866791744840532,512485.0,0.9307589490424092,-1766000.0,-2858352.3063487094,61.24996660848301,0.037783792956159856,23997.349609375,2,0.019569408124654165
2026-04-07 18:30:00+00:00,23855.150390625,24025.150390625,23828.5,23997.349609375,639300,0.0,0.0,0.03778379295615997,0.05654226072560853,0.07460119784737662,0.03819462282874375,-0.018531340889538228,0.03708747109816642,1665.94921875,882.849609375,1361.8984375,0.03163427865595735,22947.535714285714,0.04574843713766143,23059.989397321428,0.04064877029659053,23316.46912202381,0.029201697898076213,24557.3141015625,-0.022802350854479198,23165.103457784477,0.035926718527597025,23460.70047882532,0.022874386510070885,24231.553107262986,-0.009665228508104893,23030.008110119048,23228.00323276098,0.033121502907701224,88.74442338991649,55.559011447464755,-429.7280847192087,-564.5104423751134,134.78235765590466,98.49121962744718,67.09842327722897,107.25529264944753,0.9233352997814505,-1.5087803724985478,540.0964006696429,0.022506502153830436,0.2942114541397019,0.16216972865567703,0.16447062547035815,0.34025157232704406,522780.0,1.222885343739238,-1126700.0,-2693433.039077404,61.86048581585717,-0.009261439434677153,23775.099609375,0,0.011703805904841158
2026-04-08 18:30:00+00:00,23909.05078125,23990.75,23682.80078125,23775.099609375,466600,0.0,0.0,-0.009261439434677166,0.03512891096949056,0.04831253030847016,0.0560773252746698,-0.010527328004167003,-0.009304593215623836,1095.69921875,1262.44921875,-570.25,-0.0036795241792243914,23084.035714285714,0.029936875147944197,23073.842912946428,0.030391846692996088,23284.309616815477,0.021078142347199458,24527.0180859375,-0.03065674245144294,23287.102688102583,0.020955673524887003,23489.2822179662,0.012167991714543556,24213.65297009091,-0.018111821510682368,23125.356138392857,23218.58735661088,0.023968394123927844,108.18247578655027,51.814798515597296,-351.6855519584351,-521.9454642917777,170.25991233334264,86.42945651466407,80.3161803546502,88.74626748552191,3.3603346018683444,-13.570543485281656,540.4069475446429,0.022729955138927234,0.28958771507435765,0.1609514672801608,0.16299848527835037,-0.27013921476615044,519765.0,0.8977133897049611,-1593300.0,-2588658.4639271754,55.52546440803493,0.011587753764504306,24050.599609375,2,0.010008858094954456
2026-04-09 18:30:00+00:00,23880.55078125,24074.05078125,23856.349609375,24050.599609375,481300,0.0,0.0,0.011587753764504383,0.040086630055858885,0.05888672277243634,0.04967612294413781,-0.008696870915241184,0.011521129932275736,1337.5,1138.19921875,241.80078125,0.004435361937807152,23329.635602678572,0.030903354813378213,23093.328543526786,0.04145227761532461,23285.383370535714,0.032862514078575315,24507.0570703125,-0.018625551800359935,23439.802072357066,0.026058135436998038,23540.311071730634,0.021677221515443188,24207.25872065107,-0.0064715758642434566,23255.590364583335,23211.905010179467,0.03613208820334613,156.9259259069046,52.51548212028006,-264.55609692411235,-470.4675908182447,205.91149389413232,98.7601812383829,94.56028579349805,121.5597662349874,4.04983715578948,-1.2398187615642402,541.6820591517857,0.022522601014097535,0.2905253595947057,0.16090767948769463,0.1621942026349637,0.031504500642949074,521615.0,0.9227111950384845,-1112000.0,-2448024.3245055396,56.14553425307097,-0.008646321593950644,23842.650390625,0,0.009354248893789866
2026-04-12 18:30:00+00:00,23589.599609375,23907.400390625,23555.599609375,23842.650390625,488800,0.0,0.0,-0.008646321593950623,-0.0064465126886164015,0.03806996138691465,0.02300655783479999,-0.0010139259745657325,-0.008683917902558702,874.400390625,536.201171875,-463.099609375,-0.01916792127794941,23495.81417410714,0.014761617279901048,23153.3642578125,0.02977045258465575,23265.433407738095,0.024810067913667026,24480.4020703125,-0.02605151981800484,23520.371736010653,0.013702107187400933,23567.796464357394,0.011662266630792903,24192.960354767696,-0.014479830455045828,23355.49994419643,23207.244216431347,0.027379647849085895,206.9259127484871,58.656567980893,-209.86593624851594,-418.34725990429894,208.481323655783,87.76630237240933,90.9853133751521,89.59814801155876,5.90778951799383,-12.23369762753781,516.5069754464286,0.02166315266902957,0.2861868161099381,0.15873111972233092,0.16096444748172886,0.015582796592561898,525685.0,0.9298344065362318,-1600800.0,-2367336.29360025,56.49592892288454,0.016300637062472655,24231.30078125,2,0.00705892409898585
2026-04-14 18:30:00+00:00,24163.80078125,24280.900390625,24145.80078125,24231.30078125,460300,0.0,0.0,0.016300637062472756,0.0191881918212915,0.04790119085497313,0.06186353818824375,0.025049563154344145,0.01616920800628811,1107.650390625,1411.701171875,233.25,0.013469575964225176,23712.700055803572,0.021870167641220618,23233.1357421875,0.04296299260413461,23282.788225446428,0.04073878723712631,24458.1730859375,-0.00927593013142637,23662.557545058524,0.024035577519819846,23628.11503862036,0.025528305649591732,24194.463900904255,0.001522533439741431,23499.224813988094,23229.293086065554,0.04313552252631709,237.1959700890941,60.88288473453833,-133.62243519927506,-361.4022949632942,227.77985976401914,97.63625617226151,94.72091326101793,149.6675831768169,5.7562733198595515,-2.3637438276908376,523.310546875,0.021596469442528327,0.2893196078800795,0.15721524866539113,0.15880434042087344,-0.05830605564648117,523650.0,0.8790222476845204,-1140500.0,-2250494.741828798,55.418952425004214,-0.0014258739785333826,24196.75,1,0.006661180474630761
2026-04-15 18:30:00+00:00,24385.19921875,24400.94921875,24102.80078125,24196.75,508000,0.0,0.0,-0.0014258739785333319,0.006076787813973361,0.008309267226206618,0.08353034636189216,0.04516633802575698,-0.0014268915041919185,199.400390625,1865.349609375,-908.25,0.006351224760458552,23888.200055803572,0.012916416618901064,23353.428571428572,0.036111247048458715,23309.34058779762,0.038070978836136624,24433.730078125,-0.009698890728810782,23769.39603604682,0.017979167973181612,23679.809126018507,0.021830449360061604,24194.553551849185,9.078275183328878e-05,23627.706715029763,23276.937781869947,0.039516031994828865,210.19632520600314,68.45104431050814,-75.12092336355272,-304.1460206433459,229.02509727979316,90.79519642192734,92.06591832219941,128.37849854391817,3.8199760628217714,-9.204803578027581,498.66043526785717,0.020608570790202674,0.27770973180275826,0.1555389446259781,0.15832872612252086,0.10362806865087992,523060.0,0.9712078920200341,-1648500.0,-2193161.9092736742,62.682088588218626,0.006480241406387221,24353.55078125,2,0.007962032904193755
2026-04-16 18:30:00+00:00,24165.900390625,24371.900390625,24096.05078125,24353.55078125,498600,0.0,0.0,0.006480241406387144,0.02142800327374217,0.024330126114252115,0.07381810637802588,0.0403587526259237,0.0064593349128548826,578.451171875,1674.150390625,379.05078125,-0.001274948469319174,24063.90011160714,0.012036730052047325,23456.36788504464,0.03824901197842093,23366.600167410714,0.04223766430581285,24414.3880859375,-0.0024918627685179577,23886.226985087455,0.019564571518736862,23741.058367403188,0.025798867277448224,24200.788737315885,0.006312275421774204,23761.056343005952,23324.032765737717,0.04413979459952438,193.35498208935763,66.67709358392986,-15.922002214610984,-246.5012169575989,230.57921474298792,97.86339384757258,95.43161548058715,114.65176709240365,6.722077504132623,-2.136606152382337,479.4603794642857,0.01968749377743333,0.27624757929605087,0.1492085552304754,0.15123817213627683,-0.018503937007874005,520975.0,0.9570516819425098,-1149900.0,-2093803.632199991,62.638148985999116,0.00046394992773288163,24364.849609375,1,0.008234121114243778
2026-04-19 18:30:00+00:00,24391.5,24480.650390625,24241.25,24364.849609375,415900,0.0,0.0,0.00046394992773279853,0.005511418034492843,0.01306620230281097,0.07272235090794155,0.03323413852877888,0.0004638423362418336,314.25,1651.75,-264.201171875,0.0015582622464735557,24116.40011160714,0.010302097187725397,23531.967912946428,0.03539362706551695,23412.126302083332,0.04069358310299432,24399.9170703125,-0.00143719590670919,23981.951509944964,0.015966094305179385,23797.7666621279,0.023829250672902064,24207.22249700448,0.006511573659060564,23882.187239583334,23356.618598075635,0.04316682258888241,157.1471748546892,63.43830517446715,31.541697250679135,-190.8926341159433,222.43433136662244,94.96101993235867,94.5398700672862,110.95540881301571,9.105784604549818,-5.03898006759782,457.0640345982143,0.018759156815083663,0.2755971702458996,0.14802139828875682,0.14981977050949072,-0.16586442037705573,518830.0,0.8016113177726794,-734000.0,-1964298.5243714205,62.27652022878584,0.008690798564113597,24576.599609375,2,0.00978663909565343
2026-04-20 18:30:00+00:00,24374.55078125,24601.69921875,24354.900390625,24576.599609375,425800,0.0,0.0,0.008690798564113589,0.01569837310279265,0.030783038241360527,0.0700249087054956,0.03359431073856478,0.00865325096320232,733.94921875,1608.349609375,419.69921875,0.00039816260024304963,24230.90011160714,0.014266886338334854,23657.467912946428,0.038851651402876615,23459.528645833332,0.04761693981179047,24376.898046875,0.008192246696687116,24100.881129830974,0.01973863432549708,23868.56965733218,0.02966369423084766,24221.707873960186,0.014651804788560345,24021.471465773808,23389.235638681275,0.05076540289884477,130.42693864159807,73.98373897009374,85.26064472632424,-135.6619783474898,220.92262307381404,98.96246096407675,97.262291581336,115.40251592943117,8.365297080491436,-1.0375390358819032,438.84263392857144,0.017856116830790233,0.275710936057098,0.14796292625071164,0.1492385180640611,0.023803798990141845,520975.0,0.8173136906761346,-308200.0,-1806574.8553836662,69.96321932935415,-0.008076788618238306,24378.099609375,0,0.007670555956874229
2026-04-21 18:30:00+00:00,24470.849609375,24515.94921875,24352.900390625,24378.099609375,440500,0.0,0.0,-0.00807678861823835,0.0010080184341700882,0.006058231435870365,0.05424961879109658,0.05981828635077502,-0.00810958257469758,146.798828125,1254.44921875,-587.150390625,-0.004302873533393784,24277.68582589286,0.004136052513499575,23803.660714285714,0.024132376191386137,23488.114304315477,0.0378908793413002,24348.9400390625,0.0011975704184953124,24156.32482573978,0.00918081642116766,23914.890562063345,0.01936906406113491,24227.84088319214,0.006201903294118706,24117.555691964284,23448.323541849535,0.03965213401572193,81.52626524685203,80.33765701342044,110.54175007361118,-86.4212326632696,196.9629827368808,90.75709427706799,94.89352505783448,93.26760835197942,7.330571470362793,-9.242905722890663,416.5532924107143,0.01708719297588335,0.2473838289502727,0.14279834535693578,0.14307057557121178,0.0345232503522781,515495.0,0.8545184725361045,-748700.0,-1705824.8691566505,72.11436430743913,-0.008411190019346098,24173.05078125,0,0.009045771948431579
2026-04-22 18:30:00+00:00,24202.349609375,24310.19921875,24134.80078125,24173.05078125,467500,0.0,0.0,-0.008411190019346093,-0.007871947957815428,-0.000979438096025298,0.0073216907173099255,0.04579596276147013,-0.008446763696540498,-23.69921875,175.701171875,-170.498046875,-0.007209339645671364,24324.885881696428,-0.006241965581457118,23910.350027901786,0.010986905379538505,23543.87146577381,0.026723698198523316,24319.5450390625,-0.006023725262014286,24159.670016841825,0.000553847151010215,23938.359672898496,0.009803976193790627,24225.69225174343,-0.002172960423437975,24166.807700892856,23501.221939918134,0.028586974883663335,68.02191181835424,73.11974760033539,112.73197737477676,-46.59059065566033,159.32256803043708,82.28101959945057,90.66685828019844,65.28134417989365,5.245505344333798,-17.718980400508094,390.36746651785717,0.016148870494270932,0.25053949745998394,0.14134913211824873,0.141036724824053,0.061293984108967026,505705.0,0.9244520026497643,-1216200.0,-1659193.9292369694,64.94558924280923,-0.011380506539678661,23897.94921875,0,0.008873704187705642
2026-04-23 18:30:00+00:00,24100.55078125,24206.0,23813.650390625,23897.94921875,438400,0.0,0.0,-0.011380506539678703,-0.027613681364045295,-0.01870780842565145,0.005167154350283365,0.061534239820198344,-0.011445760055327719,-455.6015625,122.849609375,-431.90234375,-0.002999207698526499,24277.264229910714,-0.01562428977040026,23994.98214285714,-0.004043883989137377,23581.178571428572,0.013433198275561161,24283.6300390625,-0.015882338006800483,24107.32585722346,-0.008685187221241017,23934.685995248634,-0.001534876058366718,24212.839583782905,-0.013005098552909784,24165.154259672618,23570.810144144587,0.013878991541012704,19.015427712341562,67.06464470840501,91.21784873751676,-19.028902777024907,110.24675151454167,65.81663630840762,79.61825006164207,37.42885901131994,3.3485146810509203,-34.18336369154381,375.5531529017857,0.015714869483742823,0.23331536560804225,0.14111076503701384,0.14272853136783017,-0.06224598930481284,500110.0,0.8766071464277841,-1654600.0,-1658756.412166782,65.21497768869415,0.008149234824183234,24092.69921875,2,0.007140261368778521
2026-04-26 18:30:00+00:00,23945.44921875,24130.69921875,23936.19921875,24092.69921875,430300,0.0,0.0,0.008149234824183171,-0.01170724524052913,-0.011169795627233525,0.0017504598662310134,0.051513538869892406,0.008116209111611542,-272.150390625,42.099609375,183.451171875,0.0019876182498007053,24262.399832589286,-0.006994386994288057,24075.299944196428,0.0007227022962912659,23656.418991815477,0.018442361334800775,24248.1380078125,-0.006410339177895354,24104.400529528768,-0.00048544292833306227,23949.05083374876,0.005998082596192377,24208.128196918868,-0.0047681909658572556,24178.183203125,23630.193804663177,0.01957264582381601,0.5648411194601539,66.48148360177919,88.85814283951913,2.5485063462839026,86.30963649323523,72.9600285539586,73.68589482060561,41.93761418765035,0.39733391781626576,-27.039971445988282,359.64955357142856,0.014927740155055706,0.2277319780257115,0.13629315704417327,0.13544935728805488,-0.01847627737226276,494720.0,0.8697849288486399,-1224300.0,-1617379.6110080408,65.34847592993717,-0.00402611592496495,23995.69921875,0,0.00645442654730508
2026-04-27 18:30:00+00:00,24049.900390625,24181.80078125,23957.05078125,23995.69921875,554100,0.0,0.0,-0.004026115924964935,-0.007336747194423787,-0.02363632072206645,0.006419119754621727,0.029573359439304836,-0.004034242549507945,-580.900390625,153.048828125,-308.75,-0.0017764231286999295,24211.278180803572,-0.008904071914075563,24137.58914620536,-0.0058783802556213105,23708.00465029762,0.012134912772963285,24209.348984375,-0.00882509338697553,24082.660267373016,-0.003610940305495498,23953.291596021598,0.0017704298617332373,24199.797648755382,-0.008433889942706645,24167.569773065476,23671.186226883565,0.01370919854865023,-39.73517728895465,63.004592059080096,78.2588502659928,17.69057513022568,60.568275135767124,42.07052611725188,60.28239699320605,37.79225184330089,0.9278598744040755,-57.92947388265253,344.66392299107144,0.01436357073194767,0.22209397233801692,0.13271793480434022,0.13235910527210604,0.2877062514524751,497155.0,1.1145417425149076,-1778400.0,-1632714.8861501322,57.626325614920475,0.007582657634449142,24177.650390625,2,0.008156944929482761
2026-04-28 18:30:00+00:00,24096.900390625,24334.69921875,24059.94921875,24177.650390625,531100,0.0,0.0,0.007582657634449097,0.01170398218335622,-0.008222512089207878,-0.0022140945345581198,0.05951247193189446,0.0075540537904852266,-200.44921875,-53.650390625,380.451171875,0.004217471262346804,24184.53543526786,-0.000284687901542987,24150.4677734375,0.0011255524092745053,23749.490420386905,0.01802817503278044,24173.825,0.0001582451525564992,24101.658292023414,0.003152982159187477,23973.68785007645,0.008507766590774665,24198.9291288287,-0.0008793256135598125,24172.911272321428,23744.79138189865,0.018229640419427474,-42.28019780632293,53.387709506766555,83.57734586062725,30.867929276305993,52.709416584321254,59.463819284002426,58.164791318404305,51.441396548666916,0.5282645061392562,-40.53618071590198,304.4853515625,0.012593670048291915,0.2063786771881697,0.13018743253567727,0.13302360188995097,-0.041508752932683635,493080.0,1.0771071631378253,-1247300.0,-1596008.7065167862,56.971844465712074,-0.007449012061355412,23997.55078125,0,0.007748726126302421
2026-04-29 18:30:00+00:00,23996.94921875,24087.44921875,23796.849609375,23997.55078125,505500,0.0,0.0,-0.007449012061355398,-0.003949264324271007,-0.0072601510495368116,-0.008232478277041322,0.07461020632295279,-0.007476894502422098,-175.5,-199.19921875,24.94921875,-0.007473892994377165,24101.81417410714,-0.004325956216571794,24166.35714285714,-0.006985180290486126,23805.583333333332,0.008063967399104264,24137.63203125,-0.005803437960220623,24080.836789868736,-0.0034586011003476503,23975.85720745586,0.0009048091005226485,24191.031938727574,-0.007998053078827977,24152.522340029762,23850.128265867676,0.006181204299571721,-57.57709910918257,54.24695149433714,72.42488957168462,39.179321335381715,33.2455682363029,42.24752288538035,47.927289428878225,15.870352730728662,0.6496777333358073,-57.75247711452406,309.21763392857144,0.012885383043762928,0.1898115659865178,0.1263182229324417,0.12953693439930936,-0.04820184522688764,483425.0,1.0456637534260722,-1752800.0,-1610941.2106580446,56.617101316292235,0.005073434414612298,24119.30078125,2,0.0074073314081622085
2026-05-03 18:30:00+00:00,24063.55078125,24290.19921875,24004.75,24119.30078125,419100,0.0,0.0,0.005073434414612388,0.00515098815722026,0.009262366426251,-0.00961872057607105,0.06348935006325007,0.005060607910890723,221.3515625,-234.25,396.8515625,0.0027502806682907412,24064.842912946428,0.00226296379746044,24171.26436941964,-0.0021498084409428356,23890.72144717262,0.009567703285261133,24110.5960546875,0.00036103323794883443,24088.52958814499,0.0012774209813185655,23988.897532346236,0.005435983405570204,24188.218952159827,-0.0028492453721430306,24146.248158482143,23922.481949295594,0.00822735836405107,-51.19752208975383,51.3934191790189,72.57410598836577,45.85827826597853,26.715827722387246,53.885993917084875,51.86577869548922,38.905914007302535,-0.46221208267391134,-46.11400608281953,308.76743861607144,0.012801674535112975,0.18465992705836437,0.12521719153620536,0.12969880964822045,-0.17091988130563796,478480.0,0.8758986791506419,-1333700.0,-1584537.285833469,56.22660943709507,-0.0035863394542201598,24032.80078125,0,0.009952292291076963
2026-05-04 18:30:00+00:00,24052.599609375,24081.69921875,23882.05078125,24032.80078125,363300,0.0,0.0,-0.0035863394542201554,-0.005991054012062569,-0.002486165495868775,-0.01362819116261793,0.05810308564535527,-0.0035927857866665616,-59.8984375,-332.048828125,-281.25,-0.0027654687206707823,24044.807198660714,-0.00049933515006026,24184.846540178572,-0.006286819255849763,23955.169084821428,0.003240707513008478,24077.5970703125,-0.0018604966654969977,24077.383826765992,-0.001851656551922757,23992.888736792032,0.0016634947502908457,24182.124121928067,-0.006174947243061104,24127.786346726192,23996.93230271074,0.0014947109941718798,-46.06853692623412,54.05653828589519,64.96367319814817,49.67935725241246,15.284315945735713,29.316181448846447,41.81656608377056,0.4008928354129028,-0.6775671061195955,-70.6838185510293,290.35672433035717,0.01208168481789591,0.1861365725207288,0.11295984768348366,0.11752438744725652,-0.13314244810307807,471890.0,0.7698828116722102,-1697000.0,-1595248.0205159956,57.2703859499662,0.012405896433536392,24330.94921875,2,0.01226961048035119
2026-05-05 18:30:00+00:00,24171.0,24356.5,23997.900390625,24330.94921875,429200,0.0,0.0,0.01240589643353629,0.013893019355979197,0.013971253637736769,-0.009995296116200425,0.05932969289127388,0.012329573885162747,335.25,-245.650390625,395.1484375,0.005750441657129494,24106.66434151786,0.009303853658668815,24191.964285714286,0.00574508673186909,24032.209542410714,0.012430803576844424,24049.708046875,0.011694161580956632,24128.096905162798,0.008407306816800304,24023.62150787912,0.012792730303799977,24187.96040023481,0.0059115698946570275,24147.26670386905,24059.869905571024,0.011266865292409447,-2.712726220209905,52.21121574360104,82.04467758531973,56.152421318993916,25.892256266325816,66.3601750132037,49.854116793045016,51.04861928941698,-0.09280602530206888,-33.639824986672046,284.6674107142857,0.011699807029924778,0.18687835016153145,0.1092790027920181,0.11311422439281063,0.18139278832920458,472030.0,0.9092642416795523,-1267800.0,-1564062.4947525673,57.06439263361264,-0.0001766814802970047,24326.650390625,1,0.008754848901281488
2026-05-06 18:30:00+00:00,24398.5,24482.099609375,24284.0,24326.650390625,440600,0.0,0.0,-0.00017668148029703623,0.008596833351661282,0.006162716293464765,-0.0021104688049684572,0.052024657857988155,-0.0001766970903084699,149.0,-51.44921875,-186.25,0.0027763315209231956,24140.0859375,0.0077284088220737,24201.24288504464,0.0051818621950961916,24096.89527529762,0.009534635591121164,24019.8540625,0.012772614160215136,24167.807602255238,0.006572494741100685,24051.169588128745,0.011453946199448702,24193.399223387365,0.005507748870147098,24165.224851190476,24127.94337171849,0.00823555558984835,28.98726851500491,52.9217387481017,94.14932233925356,63.75180152304585,30.39752081620771,65.8260593132119,53.83413859175403,92.18931427631236,-0.156780030915111,-34.17394068666386,277.5210658482143,0.011408108448631871,0.18662337248853733,0.1030076840277959,0.1079593966070498,0.02656104380242308,470210.0,0.937028136364601,-1708400.0,-1577808.9238237513,56.624660815136444,-0.006186630612244079,24176.150390625,0,0.012258136627249951
2026-05-07 18:30:00+00:00,24233.650390625,24253.80078125,24126.650390625,24176.150390625,335900,0.0,0.0,-0.006186630612244115,0.00596474837368266,0.007442409894369062,0.00012822582482652223,0.007450855371967657,-0.0062058471093194715,178.599609375,3.099609375,29.599609375,-0.003822967753745353,24165.864676339286,0.0004256298884179405,24188.571428571428,-0.0005135085378277176,24147.014322916668,0.0012066116050082182,23994.290078125,0.0075793162418166665,24169.476159929192,0.00027614296030431274,24062.53147926477,0.004721818710476646,24192.722798573155,-0.0006850162375742133,24161.87918526786,24142.545466105137,0.0013919379200110025,37.07016781958072,45.99854266550327,90.55439361553726,69.11231994154414,21.44207367399312,47.12691375275338,59.77104935972301,16.367630487131457,-1.629392288253043,-52.87308624712237,272.10323660714283,0.011255027463456194,0.13474501107394113,0.10212326331212672,0.10746247497549004,-0.23763050385837492,455040.0,0.7381768635724316,-2044300.0,-1622236.6453643464,50.05266954605144,-0.014903149402549921,23815.849609375,0,0.012322190338541568
2026-05-10 18:30:00+00:00,23970.099609375,23997.44921875,23799.099609375,23815.849609375,390100,0.0,0.0,-0.014903149402549887,-0.021170551331308185,-0.012581259076585583,-0.0034354248820055444,0.0017139780976536123,-0.015015317164036516,-303.451171875,-82.099609375,-482.05078125,-0.00852289458498296,24114.178850446428,-0.01237152809231537,24149.35714285714,-0.013810203373499398,24138.37146577381,-0.01336137596755874,23959.1820703125,-0.005982360354241668,24098.750849818356,-0.01173924915056237,24040.105854729336,-0.009328421709516284,24177.94345782029,-0.014976205444311923,24112.182942708332,24147.671276146702,-0.013741352653722153,2.8970170451033916,39.30116211598499,57.96395245176609,66.88264644358854,-8.918693991822451,2.3606894727489154,38.437887512904744,-120.28542990898224,-2.30637338024394,-97.63931052712684,281.93540736607144,0.01183814190928872,0.14143528163771485,0.09991850103935779,0.10431408178281491,0.16135754688895498,451215.0,0.864554591491859,-2434400.0,-1699585.5362820276,43.530476022488614,-0.018319683541890227,23379.55078125,0,0.010866704822811839
2026-05-11 18:30:00+00:00,23722.599609375,23757.55078125,23348.400390625,23379.55078125,447500,0.0,0.0,-0.018319683541890175,-0.03893259426049023,-0.027181600927248306,-0.029600188464769306,-0.02790154254047883,-0.018489566950081734,-653.25,-713.1484375,-349.798828125,-0.003915459726588492,24025.893136160714,-0.02690190750652656,24063.853655133928,-0.028436961248636324,24119.535807291668,-0.03067990329307787,23912.5130859375,-0.022288008908645466,23954.910836104686,-0.02401845946291241,23980.055393503942,-0.025041835909044255,24146.633941092045,-0.031767705665037345,24009.54209449405,24123.43757358751,-0.030836682793166828,-42.18684237704132,28.549419119320675,-3.034891757190053,52.89913880343283,-55.93403056062288,2.6680160927400887,17.385206439414137,-228.9806318982752,-3.282581115559692,-97.33198390717426,297.69614955357144,0.012733185181312634,0.14892591048520834,0.1047861845626222,0.10712184696442513,0.14714175852345557,449525.0,0.9954952449808109,-2881900.0,-1812186.9137789775,36.50959108863921,0.001413578405942025,23412.599609375,1,0.005629612717716112
2026-05-12 18:30:00+00:00,23362.44921875,23582.94921875,23262.55078125,23412.599609375,415400,0.0,0.0,0.0014135784059419176,-0.03158281070033753,-0.037744092970581566,-0.02430017162906306,-0.018037037586186244,0.001412580244529267,-918.349609375,-583.099609375,-265.099609375,-0.0007314752391955464,23924.93582589286,-0.021414319363120687,23994.88936941964,-0.02426724087283011,24089.154854910714,-0.02808547039572731,23872.2720703125,-0.01925549690383806,23846.44859075875,-0.018193442085622062,23928.46850403767,-0.021558792806802608,24117.84828102471,-0.029241774118156025,23922.708221726192,24110.09218926977,-0.028929486225903394,-82.8482349436615,31.60810062666563,-48.15504960030739,32.688301122684784,-80.84335072299217,12.303634316599696,5.7774466273629095,-224.53489586823076,-2.0309257707945125,-87.6963656833183,304.60323660714283,0.013010227043952818,0.14667282705752174,0.10407586178505336,0.10863326752959168,-0.07173184357541895,445855.0,0.9316930392167837,-2466500.0,-1874502.4458000273,36.76267963884552,0.011831236369372762,23689.599609375,2,0.005622426928276245
2026-05-13 18:30:00+00:00,23530.25,23777.19921875,23426.55078125,23689.599609375,428700,0.0,0.0,0.011831236369372666,-0.005301091586936368,-0.026187361228141248,-0.020186030212399952,-0.022355430967790357,0.011761794478008175,-637.05078125,-488.05078125,281.298828125,0.005025088738026544,23875.907087053572,-0.007803158095701741,23960.35714285714,-0.011300229452666816,24081.866722470237,-0.016288899760798236,23836.4140625,-0.006159250831104069,23815.078794482,-0.005268896491582,23906.753149977427,-0.009083355620904244,24101.054215469823,-0.017072058442601422,23882.002920386905,24081.323874526963,-0.01626672466983052,-85.39069075143412,41.03640452346457,-60.859959026114666,13.978649092924893,-74.83860811903956,35.0169520298107,16.662867479716837,-132.13449402800543,-1.6731193367544033,-64.9830479701073,313.267578125,0.01322384435746281,0.14046004695192155,0.10813614423490184,0.1131893524150153,0.03201733269138174,444275.0,0.9649428844747038,-2037800.0,-1890054.5938190725,43.954686406432785,-0.0019459851637490906,23643.5,0,0.0014405478058270814
2026-05-14 18:30:00+00:00,23731.400390625,23839.30078125,23610.30078125,23643.5,408900,0.0,0.0,-0.0019459851637491088,0.01128974723336773,-0.022032059778696267,-0.014753621504017378,-0.022864640912519274,-0.0019478810528585342,-532.650390625,-354.05078125,104.400390625,0.0017645203776874244,23777.700055803572,-0.00564394602878388,23942.182198660714,-0.01247514517191374,24053.87620907738,-0.017060710112181337,23799.353046875,-0.0065486253583459265,23780.7630355856,-0.005772019820398327,23882.821045434026,-0.010020635542959443,24083.110912902383,-0.018253908911196576,23839.755301339286,24054.672565564746,-0.01709325140236327,-97.4946995883508,44.84450164044441,-73.79784882238528,-3.5766504901371405,-70.22119833224814,31.236897610354763,26.1858279855884,-99.46448704460269,-1.4677597661950204,-68.76310238956323,301.59974888392856,0.012756138003422327,0.14048854784115417,0.10691103205563984,0.11257231008739908,-0.04618614415675293,439320.0,0.9307566238732565,-2446700.0,-1943068.4420267798,50.83364571800142,0.00027276920718167786,23649.94921875,1,0.0016083735775118896
2026-05-17 18:30:00+00:00,23482.19921875,23695.650390625,23317.099609375,23649.94921875,392000,0.0,0.0,0.0002727692071817778,0.010137687114418537,-0.00696596566345864,-0.019459584121313656,-0.028891128395195143,0.0002727320124251536,-165.900390625,-469.3515625,366.75,-0.006822204041279555,23681.028459821428,-0.001312410950569863,23910.557198660714,-0.010899285104292765,24027.838076636905,-0.01572712687182303,23768.7790234375,-0.004999407187484062,23754.600272218482,-0.004405506818435896,23861.650879371842,-0.008872045848464209,24066.124179798368,-0.017292978210330046,23800.790904017857,24019.48210443236,-0.01538471496078409,-95.42096747580754,40.28820745153804,-82.57890344826956,-19.377101081763627,-63.20180236650593,31.765717662595726,32.6731891009204,-121.1888898927865,-2.1825990671103295,-68.23428233732227,312.0140904017857,0.013193013123021995,0.1377364018560686,0.10963474776475536,0.11633900947610556,-0.04133039863047194,433990.0,0.9032466185856797,-2054700.0,-1953700.0189766104,44.08645053996045,-0.0013509212410769249,23618.0,1,0.005786237734297501
2026-05-18 18:30:00+00:00,23675.30078125,23782.30078125,23587.19921875,23618.0,442000,0.0,0.0,-0.0013509212410769411,-0.003022406902422503,0.010199050485659056,-0.017259776961727313,-0.030652748584486633,-0.0013518345578153919,238.44921875,-414.80078125,404.349609375,0.0010719499761081882,23601.29268973214,0.0007078981006462664,23883.578683035714,-0.0111197189734527,23992.811848958332,-0.015621839212421834,23743.8250390625,-0.005299274184150686,23727.280217774787,-0.004605678222357639,23839.500799428944,-0.009291335472689136,24048.550682551377,-0.017903394189311722,23761.78327752976,23984.983286627692,-0.015300543771163697,-95.36972589332218,41.47172706960207,-91.06623260303968,-33.714927386018836,-57.351305217020844,29.145960420149418,30.716191897699982,-82.81160794685098,-1.5816229944038227,-70.8540395797686,309.89634486607144,0.0131211933637928,0.137556138289518,0.10903789038200803,0.11546024141377383,0.12755102040816335,435295.0,1.0154033471553752,-2496700.0,-2005414.3028836,52.3341777904871,0.0017359640951816412,23659.0,2,0.006644585484739429
2026-05-19 18:30:00+00:00,23457.25,23690.900390625,23397.30078125,23659.0,344100,0.0,0.0,0.0017359640951817301,0.0006555712986655582,0.010524264487329127,-0.02761705730050923,-0.03733631275113303,0.0017344590510618102,246.400390625,-671.94921875,7.951171875,-0.0068062494707423656,23578.885602678572,0.003397717715392075,23846.5322265625,-0.007864129877701931,23959.19996279762,-0.012529632177357256,23727.3950390625,-0.0028825346798457088,23713.62417421983,-0.0023034932922320304,23823.091635844496,-0.0068879236311039736,24033.27418519642,-0.01557316669848269,23731.839453125,23942.94634791457,-0.01185929015537766,-65.1620238767817,37.49301763439934,-93.40740236700367,-45.65342238221581,-47.75397998478786,32.50785943185213,31.139845838199108,-91.61859420146135,-1.9084333556129132,-67.49214056806588,306.65345982142856,0.012961387202392984,0.1328437421001485,0.11015444627663462,0.11681211144170288,-0.22149321266968325,431210.0,0.7979870596693008,-2152600.0,-2019431.988323257,44.78560829916389,-0.00018178203854769855,23654.69921875,1,0.006762791831532556
2026-05-20 18:30:00+00:00,23830.05078125,23859.900390625,23596.599609375,23654.69921875,348200,0.0,0.0,-0.00018178203854768427,0.00020084609721848778,-0.0014732368296840326,-0.027622017872791726,-0.02967419127070936,-0.00018179856290503812,-34.900390625,-671.951171875,-281.30078125,0.007229839860095218,23618.192522321428,0.001545702381503946,23822.042829241072,-0.007024738041594592,23915.299944196428,-0.010896820280510724,23705.171015625,-0.002129147131726279,23701.839183125863,-0.001988873690840909,23807.783234290448,-0.006429998712351917,24018.428108080876,-0.015143742450343205,23706.26171875,23908.77811969057,-0.010627013211156456,-26.483585855375726,40.966391311295,-94.52026262518484,-55.42679043080962,-39.093472194375224,32.15520596273202,31.269675271577867,-52.541090897711726,-1.5732729861222539,-67.84479403718599,298.26060267857144,0.012608936597348118,0.13089091086264282,0.11176417371246093,0.11808887489599379,0.011915140947398983,426595.0,0.8162308512757983,-2500800.0,-2065276.5608638993,52.26093175371852,0.0027310244743587054,23719.30078125,2,0.010336595062475046
2026-05-21 18:30:00+00:00,23671.19921875,23835.650390625,23671.0,23719.30078125,336100,0.0,0.0,0.002731024474358801,0.0042891346113134166,0.003205988167995333,-0.018896706133667895,-0.018770903354571766,0.0027273020029192283,75.80078125,-456.849609375,110.701171875,0.0006975358193064871,23662.006975446428,0.002421341767966793,23793.47140066964,-0.003117267681148482,23883.928571428572,-0.006892827102803493,23690.548046875,0.001213679578796923,23705.33150275069,0.0005892884686167708,23799.739374923134,-0.003379809854467811,24006.697624675744,-0.011971527609458691,23692.56277901786,23885.562985012668,-0.006960782287902719,14.011797662443014,39.13336460291096,-89.16160670067984,-62.17375368478367,-26.98785301589617,37.452374965736915,34.03848012010703,-37.064120380088134,-2.513870017979505,-62.54762503418109,290.2822265625,0.012238228657733222,0.12901915558080768,0.11167496797651895,0.11791706612230893,-0.034750143595634664,420025.0,0.8001904648532806,-2164700.0,-2074745.4598292424,51.484635975713985,0.01317064277657584,24031.69921875,2,0.010407912102460943
2026-05-24 18:30:00+00:00,23940.25,24054.44921875,23922.849609375,24031.69921875,351200,0.0,0.0,0.01317064277657587,0.015752957384082222,0.016141683708028598,0.009063275630109446,0.005596714545491599,0.013084663968970206,381.75,215.849609375,305.94921875,0.009315165771018428,23710.878348214286,0.013530535049110143,23793.392717633928,0.010015658714339088,23877.19754464286,0.006470678722587323,23690.621015625,0.014397182872497426,23770.605045950553,0.010983909424885027,23820.82663345285,0.008852446161587134,24007.67807934532,0.0010005607091734335,23724.326488095237,23885.937794943417,0.0061023948508077686,52.90432974947961,49.97334578423109,-59.026469788877876,-61.544296905602515,2.5178271167246393,63.06827736302281,44.225286097163924,35.12301933447774,-1.2124610957070197,-36.931722636895195,297.2749720982143,0.01237011870830433,0.13200525132450042,0.10674490206949537,0.11264000868836078,0.04492710502826536,415665.0,0.8449111664441297,-1813500.0,-2049864.939845505,58.02805824298976,-0.004910181295375655,23913.69921875,0,0.0072973522603678636
2026-05-25 18:30:00+00:00,24004.099609375,24089.80078125,23885.44921875,23913.69921875,387900,0.0,0.0,-0.004910181295375682,0.010949198618205314,0.012520078700567261,0.022846822100978104,-0.0074296366038012485,-0.004922275842741698,295.69921875,534.1484375,-86.05078125,-0.0011484668280745249,23749.47823660714,0.006914719578543147,23763.58914620536,0.006316809789172988,23877.94754464286,0.0014972674699237655,23683.6630078125,0.009712864554001076,23799.223880510446,0.004810045017194642,23829.26959575259,0.00354310578669416,24003.99263383178,-0.0037615998496230516,23740.367354910715,23880.849264391945,0.0013755773085940845,49.41984953104675,38.93967225715023,-44.15675887748148,-58.06678929997831,13.910030422496831,53.39256801226866,51.30440678034281,25.761344070815753,-1.08557883548227,-46.60743198764934,286.2572544642857,0.011970429662334641,0.12984351048586346,0.10689549269261821,0.11334023810640227,0.1044988610478359,413545.0,0.9379874016128815,-2201400.0,-2064296.8503364092,50.52151128265282,-0.0002738525756761741,23907.150390625,1,0.007314161452128372
2026-05-26 18:30:00+00:00,23880.349609375,23983.19921875,23858.25,23907.150390625,531600,0.0,0.0,-0.00027385257567613674,0.00791969422317429,0.010488625496639647,0.02112327505280409,-0.0036901957854100775,-0.0002738900801400246,248.150390625,494.55078125,-47.548828125,-0.0013945817863616097,23786.221261160714,0.0050839991832473215,23733.624860491072,0.007311379157373679,23869.111886160714,0.0015936288139123988,23684.4690234375,0.009401999553679251,23820.80918253336,0.003624612725370592,23836.349668013718,0.0029702837723633337,24000.19489880406,-0.003876823024620226,23759.508854166666,23872.110530811275,0.0014678157496170522,40.79261363141908,38.893278588204915,-32.52590318334114,-52.95861207665088,20.432708893309737,65.02896437572254,60.49660325033801,14.726683888059181,0.3833614284079793,-34.97103562417657,281.0322265625,0.01175515366618904,0.12911212866820307,0.10561439672337332,0.11174636895614296,0.37045630317092026,412420.0,1.2889772561951378,-2733000.0,-2127982.8645900846,41.63012002913557,-0.015033175629578004,23547.75,0,0.007422061866840166
2026-05-28 18:30:00+00:00,23902.150390625,24002.80078125,23484.75,23547.75,1198000,0.0,0.0,-0.015033175629577955,-0.02013795255777895,-0.004521267328786216,-0.005987843260924719,-0.026053002688352533,-0.015147319219471595,-106.94921875,-141.849609375,-355.099609375,-0.00020914244978190714,23776.185546875,-0.009607745801975986,23688.739118303572,-0.00595173586907496,23847.78097098214,-0.012581085483265923,23682.641015625,-0.005695775886481426,23766.19734602669,-0.009191514437340165,23810.113334557922,-0.011018987220741936,23982.451961596056,-0.018125834768360702,23734.725539434523,23827.102170252318,-0.011724135325237818,24.241437812718207,35.01951358943796,-51.71286047359172,-52.70946175603905,0.9966012824473296,34.475577969133305,50.96570345237484,-48.20908242125516,0.719428787677502,-65.52442203074582,303.75013950892856,0.01289932751574633,0.13591759586922447,0.11283626980656254,0.11680172690024211,1.253574115876599,445765.0,2.6875147218826005,-3931000.0,-2299698.782248172,36.094010071815624,-0.007013425513053264,23382.599609375,0,0.004237087428754377
2026-05-31 18:30:00+00:00,23654.5,23733.69921875,23357.94921875,23382.599609375,421700,0.0,0.0,-0.007013425513053284,-0.022209011015685176,-0.014195240196168024,-0.0110347618002834,-0.025625580605312392,-0.007038135182494777,-336.701171875,-260.900390625,-229.751953125,0.004533341826713612,23736.699776785714,-0.014917834860809324,23657.79268973214,-0.01163223822130151,23809.921409970237,-0.01794721592051458,23687.271015625,-0.012862241752079173,23689.477798696353,-0.012954198143541495,23771.24845045038,-0.016349534265542583,23958.92833994033,-0.0240548626544596,23693.906938244047,23803.431178515526,-0.01767944990721934,-3.823206018055099,38.61214641380279,-79.33044665713533,-58.0336587362583,-21.296787920877023,14.511795482001194,38.00544594228569,-93.3056763359535,-0.12813613396432047,-85.48820451787792,303.6572265625,0.01298646137022074,0.13566411283232613,0.11497775414987176,0.11691188800329168,-0.6479966611018364,441575.0,0.9549906584385417,-4352700.0,-2495222.707748346,35.95363276856726,0.00431736306319528,23483.55078125,2,0.005444539643975086
2026-06-01 18:30:00+00:00,23229.150390625,23556.94921875,23229.150390625,23483.55078125,511900,0.0,0.0,0.00431736306319519,-0.01771853200627005,-0.022809391566965154,-0.007035889843183152,-0.02635855847422508,0.004308069989399964,-548.1484375,-166.3984375,-211.447265625,-0.006562538867084293,23712.25,-0.00964477089900749,23665.221261160714,-0.007676686302902356,23785.445219494046,-0.012692402242553228,23688.766015625,-0.008662976967210148,23648.29239520708,-0.006966321762431501,23745.094116886707,-0.011014626193909033,23940.286082736788,-0.019078105412287365,23670.674683779762,23765.906167024885,-0.011880690927183751,-21.77806712698986,53.318657977316114,-92.01102101994547,-64.82913119299575,-27.181889826949728,29.559086174347765,26.1821532084941,-104.2353388849744,-0.8697860306741902,-70.44091382553604,293.6821986607143,0.012505868528842189,0.13522161371493654,0.11609131018125281,0.11607625895330471,0.21389613469290958,446215.0,1.147204822787219,-3840800.0,-2623372.9260580274,35.609629394927154,-0.003319394609491451,23405.599609375,0,0.005701331110674339
2026-06-02 18:30:00+00:00,23415.94921875,23459.650390625,23151.5,23405.599609375,450100,0.0,0.0,-0.0033193946094914883,-0.006036686758819854,-0.021247219208001655,-0.008993157364086679,-0.026097714435528108,-0.003324916021661275,-508.099609375,-212.400390625,40.048828125,-0.0028786772123903987,23667.435546875,-0.011063130899053456,23664.721261160714,-0.010949702256201151,23751.459449404763,-0.014561624761059318,23685.255,-0.011807151353235977,23599.753838040666,-0.008226959908060508,23714.230979840188,-0.013014605901728227,23919.317985742207,-0.021477133113636533,23636.058463541667,23735.18665850312,-0.013886010414417026,-44.58279408129636,49.78285157522661,-107.11571241080674,-73.28644743655795,-33.82926497424879,27.08082679375145,23.717236150033482,-118.54169083348698,-1.0061978582908198,-72.91917320614198,294.51450892857144,0.012583079000060844,0.1351650626153827,0.1181386885751275,0.11891532726023879,-0.12072670443445987,450555.0,0.9989901343898059,-4290900.0,-2782185.0283382153,35.431328281102935,0.0004678868329702419,23416.55078125,1,0.005662799982045425
2026-06-03 18:30:00+00:00,23282.44921875,23465.30078125,23247.30078125,23416.55078125,412500,0.0,0.0,0.00046788683297016576,0.0014519844859930409,-0.020521040833347715,-0.01024765284881013,-0.03758170013339812,0.0004677774080569192,-490.599609375,-242.44921875,17.5,-0.005261578112943,23579.557198660714,-0.006913039801271815,23645.2177734375,-0.009670750101712729,23722.114211309523,-0.012880952656143634,23678.03,-0.011043115442880502,23563.113226682533,-0.006219994956632555,23687.169143604715,-0.011424681468438266,23899.601624781728,-0.02021166926191889,23602.969066220237,23695.193482788014,-0.011759460910939849,-60.82616529144868,39.855157649888355,-116.85558269668763,-82.0002744885839,-34.855308208103736,28.247954871850162,28.2959559466498,-103.81842558119862,-0.9868876898684783,-71.75204512804326,284.04310825892856,0.01213001483063655,0.12541612737286545,0.11555461878268186,0.11556335856398064,-0.0835369917796045,449720.0,0.9172373921551167,-3878400.0,-2886586.454210766,35.22753014923185,-0.002128902884361472,23366.69921875,0,0.005541456857435242
2026-06-04 18:30:00+00:00,23478.94921875,23516.349609375,23282.650390625,23366.69921875,366200,0.0,0.0,-0.0021289028843615165,-0.0049758898723824,-0.007688665849178822,-0.012175170664259216,-0.039460885755358444,-0.0021311722194751305,-181.05078125,-288.0,309.548828125,0.0026647151445532593,23501.41434151786,-0.0057322134238475915,23625.4462890625,-0.010952050054278852,23676.19754464286,-0.013072129733217017,23685.3209765625,-0.01345228794356531,23523.83042509603,-0.006679660731544322,23658.035514072468,-0.012314475356551072,23878.703491211854,-0.021441879063922677,23565.83325892857,23649.557480892072,-0.01196040401054432,-77.14411036522831,39.744350498758386,-127.131610468281,-91.02654168452332,-36.10506878375767,22.934993026765174,26.087924897455604,-95.86608219927753,-1.0640222764416518,-77.06500697312825,284.37876674107144,0.012170258369777231,0.12525504513094596,0.1162162036735187,0.11618092667445527,-0.11224242424242425,446000.0,0.8210762331838547,-4244600.0,-3015921.0776192644,34.75263328835588,-0.010429338627102706,23123.0,0,0.011331997458311868
2026-06-07 18:30:00+00:00,23080.69921875,23267.30078125,23070.150390625,23123.0,375700,0.0,0.0,-0.010429338627102713,-0.012074017076742827,-0.011102256109749131,-0.02513989711371989,-0.0435615419993991,-0.01048410529877786,-259.599609375,-596.30078125,-78.548828125,-0.01223964058092101,23389.39285714286,-0.011389472944847899,23587.807059151786,-0.019705395163957258,23618.880859375,-0.020995103973275257,23685.4909765625,-0.02374833509337338,23443.664340076823,-0.013678081012644207,23609.39592188406,-0.020601794450538627,23849.068060183938,-0.03044429486098365,23498.840420386903,23608.662664683787,-0.020571375498124645,-99.56761625476621,33.39537036323743,-153.17422961447664,-103.45607927051398,-49.71815034396266,5.183110785899246,18.78868622817154,-164.99657628225677,-2.2655226340926387,-94.81688921400269,278.521484375,0.012045214045538552,0.12801918724374806,0.11708848457805611,0.11743626840527893,0.02594210813762965,447990.0,0.8386347909551534,-4620300.0,-3168719.0702269534,34.87410246765437,0.005150698844224365,23242.099609375,2,0.009062719077676884
2026-06-08 18:30:00+00:00,23259.05078125,23279.400390625,23104.44921875,23242.099609375,402600,0.0,0.0,0.005150698844224255,-0.007449908976973951,-0.010281714810682852,-0.032856586718551295,-0.02409109939013665,0.005137479368527299,-241.451171875,-789.599609375,18.1484375,0.005883785894996069,23345.728515625,-0.00443888080770913,23560.95703125,-0.013533296693002366,23574.402250744046,-0.014095909530793885,23700.0799609375,-0.019324000269928348,23403.35139393646,-0.006890115088526673,23576.0053480196,-0.014162948036175023,23825.26537583849,-0.024476779471882093,23452.74609375,23579.316256853555,-0.014301375146131551,-83.60135205215606,38.77174784312276,-162.33159224765768,-115.23118186594272,-47.100410381714966,16.863546597028634,14.993883469897694,-129.6727779459716,-1.744260645884407,-83.13645340287329,277.08217075892856,0.011921563688985825,0.12122339948282368,0.11685577137078305,0.11796643588015081,0.07159968059622046,448615.0,0.897428752939601,-4217700.0,-3268622.0159196244,34.395747853650235,-0.0011681556778996222,23214.94921875,1,0.009049567079161424
2026-06-09 18:30:00+00:00,23233.94921875,23425.349609375,23184.599609375,23214.94921875,380000,0.0,0.0,-0.0011681556778996294,-0.006494284818723273,-0.008145503375552754,-0.02921965328777454,-0.007040407407314597,-0.0011688385035597795,-190.650390625,-698.75,50.80078125,-0.00035067359498416764,23321.778459821428,-0.004580664431551286,23529.239118303572,-0.013357418740713575,23545.787946428572,-0.014050866695618062,23706.1309375,-0.020719607094255618,23365.67095889917,-0.006450563324900276,23543.182063540546,-0.013941736673686086,23801.331408893842,-0.02463652894328022,23406.61171875,23570.55734122151,-0.015086962829240635,-67.38696863661303,36.625417084030396,-169.82207456285687,-126.14936040532555,-43.67271415753132,14.200830937366954,12.082496106764955,-96.34931073882191,-2.1263340228758616,-85.79916906253497,273.3071986607143,0.01177289668331304,0.10299820619846534,0.1129991234708554,0.11711816063402958,-0.05613512170889223,445240.0,0.8534722846105453,-4597700.0,-3395200.8715463267,40.02950949121194,-0.0022980713363745446,23161.599609375,0,0.008227401054365467
2026-06-10 18:30:00+00:00,23104.400390625,23327.44921875,23072.05078125,23161.599609375,363000,0.0,0.0,-0.0022980713363744965,0.0016693166706309714,-0.010887648409736883,-0.031185263365489213,-0.010720723208348604,-0.0023007159547660506,-254.951171875,-745.55078125,-64.30078125,-0.00476196726011825,23275.78543526786,-0.0049057775605646165,23494.017717633928,-0.014149053271948884,23535.409319196428,-0.015882864187814122,23703.2339453125,-0.02285065140002081,23324.856688994336,-0.0069992747135016915,23508.492749525496,-0.014756077467258428,23776.243887344084,-0.025851193354229886,23357.593117559525,23561.92526383793,-0.016990362628699067,-45.4802188497061,35.57431996140268,-178.01120106122835,-136.52172853650612,-41.48947252472223,8.968683736182951,13.344353756859524,-115.02659447460569,-3.6206329042937386,-91.03131626371898,272.7427455357143,0.01177564374376396,0.10300597628727276,0.11166558100432901,0.11529940248798401,-0.044736842105263186,442620.0,0.8201165785549663,-4960700.0,-3544296.026637153,34.58152618659025,0.019916620139797326,23622.900390625,2,0.006815972715081796
2026-06-11 18:30:00+00:00,23412.55078125,23645.349609375,23313.900390625,23622.900390625,351900,0.0,0.0,0.019916620139797336,0.016384095570109336,0.010964371539024187,0.003191404300835643,-0.0028155485888248233,0.019720878993895297,256.201171875,75.150390625,511.15234375,0.010834794492061463,23306.82840401786,0.013561346963563698,23487.131975446428,0.005780544654004572,23545.423642113095,0.00329052259536869,23719.2999609375,-0.004064182773996417,23384.46542932047,0.010196297282278695,23518.893444170906,0.004422272106507938,23770.23041688451,-0.006198089950144248,23374.777473958333,23557.160055977885,0.0027906731749878116,-12.197009152561979,47.711077370526574,-145.5996429638144,-138.33731142196777,-7.262331541846635,54.209757097297526,25.79309059028249,-5.25045290087857,-1.2160344807589676,-45.7902429026044,294.37123325892856,0.01246126548354496,0.11867060133785526,0.1112282121006555,0.11397865787264334,-0.03057851239669418,438780.0,0.8019964446875409,-4608800.0,-3645677.357433615,34.70963060979393,0.009778646829145282,23853.900390625,2,0.005966554320915493
2026-06-14 18:30:00+00:00,23984.849609375,24011.400390625,23817.80078125,23853.900390625,398900,0.0,0.0,0.009778646829145199,0.027523263818252985,0.03160923715024011,0.020156047194215265,0.008898868214308298,0.009731145278463154,730.900390625,471.30078125,474.69921875,0.015321963550827487,23369.30691964286,0.020736321904985547,23474.432059151786,0.016165176244392135,23553.247488839286,0.012764817332648734,23749.7499609375,0.004385327418553736,23478.352421581378,0.015995499270996603,23549.348621121277,0.012932492291126883,23773.511592325314,0.0033814440070197233,23423.679929315476,23565.949520325423,0.012218937753864317,21.840711802908196,45.60861364470941,-100.11936647195034,-130.6937224319643,30.574355960013946,76.8645809588547,46.68100726411174,104.96970272854716,-0.2227367090177311,-23.13541904104722,298.1820591517857,0.012500348130445114,0.12347139982884163,0.11066228508372716,0.11286361841289788,0.1335606706450696,438280.0,0.9101487633476296,-4209900.0,-3699412.847201842,35.17637060108285,0.005669932287180826,23989.150390625,2,0.004829068584937661
2026-06-15 18:30:00+00:00,23923.900390625,24002.599609375,23888.19921875,23989.150390625,327300,0.0,0.0,0.005669932287180934,0.03572943126583694,0.03214213835262392,0.021529947241994085,0.014342575061686569,0.005653918723145327,747.05078125,505.599609375,16.150390625,0.0029345305737718385,23458.228515625,0.022632649973818024,23479.821428571428,0.021692199133753788,23569.70703125,0.017795866483145562,23775.9449609375,0.008967274698766951,23580.512015390104,0.017329495431149908,23589.33060016707,0.01694917915369246,23781.968015788047,0.008711742219962758,23492.30904017857,23581.299659868157,0.017295515371908318,65.20578176819053,51.847794995851395,-52.55653598433855,-115.06628514243914,62.50974915810059,97.63612217785112,76.23682007800113,108.73828843837533,1.8744907289442991,-2.363877822042641,294.20689174107144,0.012264164714063226,0.12483482432431574,0.10569404256650122,0.10704472991295748,-0.1794936074204061,435045.0,0.7523359652449729,-3882600.0,-3716859.2427064283,40.6486606247927,0.004024687267071011,24085.69921875,2,0.007202459226068693
2026-06-16 18:30:00+00:00,24044.5,24108.19921875,23969.69921875,24085.69921875,352700,0.0,0.0,0.004024687267071059,0.01959110949427134,0.03750815872113655,0.029057132512110062,0.01980265978279272,0.004016609878660483,870.75,680.099609375,123.69921875,0.0023072767677770035,23595.756975446428,0.020763997688795575,23492.57491629464,0.025247309184653812,23590.45703125,0.020993327379962904,23803.396953125,0.011859747000855103,23681.549456062083,0.017066018565961887,23634.455020038247,0.019092642429417158,23793.879043355184,0.01226450613046632,23573.092745535716,23596.51386985771,0.02073125511633973,101.8387126349623,54.18803434430197,-6.99137440163031,-93.45130299427737,86.45992859264706,97.83247190388728,90.77772501353104,119.40198410249423,3.0069351617049023,-2.167528096016396,295.1748046875,0.012255189355586693,0.12509779144037175,0.10494623918171206,0.10608733897265173,0.07760464405743961,430580.0,0.8191276882344726,-3529900.0,-3699053.6005439116,47.52348900631085,0.003416997800335034,24168.0,2,0.008185635703061005
2026-06-17 18:30:00+00:00,24073.80078125,24189.25,24036.94921875,24168.0,340000,0.0,0.0,0.0034169978003351087,0.013167641527439544,0.0434512472194557,0.03209051690702869,0.021514011581216463,0.0034111731281746415,1006.400390625,751.44921875,135.650390625,-0.0004940042384460621,23728.028459821428,0.018542271260486555,23536.878487723214,0.026814155182300452,23616.647507440477,0.023345925469980225,23827.391953125,0.014294810256408066,23778.839564849666,0.016365829547274537,23682.959109125677,0.020480586426693752,23808.550453419688,0.01509749815653595,23663.149423363095,23618.206305978612,0.023278384772267482,135.1111768565185,66.72234321699715,35.3528045381172,-67.69048148779845,103.04328602591565,98.10115204911483,97.85658204361776,119.9234888844082,2.914589983114719,-1.8988479507958018,269.0498046875,0.011132481160521717,0.12536913232506539,0.1024123783923252,0.10396577925744738,-0.03600793875815145,430375.0,0.7900087133313952,-3189900.0,-3650562.7814444914,61.39152353708649,-0.00640931771867759,24013.099609375,0,0.007993569870438571
2026-06-18 18:30:00+00:00,23991.19921875,24047.19921875,23901.900390625,24013.099609375,447900,0.0,0.0,-0.006409317718677587,0.0009983354291429603,0.016517837026686744,0.027663316267892535,0.015151340006932523,-0.006429945583083175,390.19921875,646.400390625,-616.201171875,-0.007315490783266827,23842.049944196428,0.007174285163352817,23581.914202008928,0.018284580448915455,23633.50939360119,0.0160615255843708,23845.1809375,0.007042038066941876,23825.691573754735,0.007865796257796643,23712.971881875616,0.01265668972216707,23816.571988947348,0.008251717355413178,23726.645572916666,23633.777479107022,0.016050000073128127,145.1825020867792,67.09316264971034,55.76883602750968,-42.998617984736825,98.7674540122465,84.25963255190305,93.39775216830174,78.82978218284448,2.595532736348454,-15.74036744800759,261.21763392857144,0.010878130611117696,0.12812842761642318,0.10047701340807154,0.10259620510823901,0.3173529411764706,435360.0,1.0288037486218278,-3637800.0,-3649347.278449778,60.99317951090869,0.003739658049598091,24102.900390625,2,0.007713249624994479
2026-06-21 18:30:00+00:00,24106.599609375,24168.05078125,24073.150390625,24102.900390625,252800,0.0,0.0,0.0037396580495980825,0.0007141653525926106,0.010438544469560274,0.042377736047441994,0.016172467009577085,0.003732682912776634,249.0,979.900390625,-141.19921875,0.0038937080810464214,23976.521484375,0.005270944174798385,23626.153459821428,0.020178779064239417,23654.85230654762,0.018941064533864953,23847.291953125,0.010718551943022315,23881.133337128787,0.009286286809153013,23748.41992812556,0.01492648620717746,23827.800553719022,0.011545330685715728,23796.110398065477,23643.658069797304,0.019423488508925706,133.93877576238452,66.89300268973764,78.29235508868805,-18.74042337005185,97.0327784587399,92.28401040867598,91.5482650032313,97.06848820368931,2.931044865602246,-7.715989591234669,248.87137276785714,0.010325370338610666,0.12838158589179285,0.09973776223779743,0.10168943159101439,-0.43558830096003576,431195.0,0.5862776701956178,-3385000.0,-3624171.347168847,68.85955100397739,-0.011567105067506382,23824.099609375,0,0.007376130849213743
2026-06-22 18:30:00+00:00,24071.30078125,24135.5,23784.94921875,23824.099609375,340100,0.0,0.0,-0.011567105067506356,-0.014229575911329007,-0.006880226209032503,0.02504076696088342,-0.008638573888817058,-0.011634524429481118,-165.05078125,582.0,-414.05078125,-0.0013110293310297871,24005.264229910714,-0.007546870503094647,23656.046316964286,0.007104031255222553,23659.842726934523,0.006942433402293033,23848.271953125,-0.001013588900592521,23869.726591578034,-0.0019114999925943946,23755.299899148235,0.0028961836103458087,23827.65541864671,-0.00014923034638683909,23822.503218005953,23639.714124201102,0.007799818737449363,101.4229140239016,60.28759086197354,72.80624809857181,-0.4310890763271171,73.23733717489893,67.37105548364862,81.30489948140924,56.7095733210108,1.9574882457422629,-32.62894451626202,250.19280133928572,0.010501668706960161,0.12687319525936494,0.10384433867979503,0.10512765801498015,0.34533227848101267,430640.0,0.7897547835779287,-3725100.0,-3633783.599819433,70.21102286091144,0.008292056551520712,24021.650390625,2,0.0056039760998953594
2026-06-23 18:30:00+00:00,23795.80078125,24090.05078125,23789.25,24021.650390625,395600,0.0,0.0,0.008292056551520766,0.00035608819307375583,-0.0026592056781619133,0.03474921113432594,0.0045141979451828185,0.008257866325424086,-64.048828125,806.701171875,101.001953125,-0.0011878236151205044,24029.228515625,-0.0003153711320807495,23699.267717633928,0.013603064737362471,23659.364211309523,0.015312591499913748,23847.69296875,0.0072945178430024625,23900.111351387426,0.005085291756622436,23779.51358019158,0.010182580464350294,23835.263064606646,0.00781981409280585,23871.25042782738,23640.186466693667,0.016136248521929214,71.0303030216933,63.624665661822945,83.43735197413844,16.342599133765994,67.09475284037245,85.02370942033909,81.5595917708879,67.75460585954333,3.886391863620469,-14.976290579571558,256.10714285714283,0.010661513205482495,0.1292852602608187,0.10569449163542323,0.10594443990701784,0.16318729785357244,431025.0,0.9178121918682189,-3329500.0,-3604804.2093604393,70.17117274622744,0.0014299437722399674,24056.0,1,0.005252534197551791
2026-06-24 18:30:00+00:00,24125.849609375,24261.599609375,24039.0,24056.0,448800,0.0,0.0,0.0014299437722400388,-0.001945840121516773,-0.004634227077126796,0.03861565719592952,0.006226154390753802,0.0014289223762208004,-112.0,894.400390625,-47.951171875,0.0043377210581110525,24038.778459821428,0.0007164066263747946,23748.503487723214,0.012948037438895195,23666.140438988095,0.016473305481177036,23851.9599609375,0.008554434914222942,23931.289081109942,0.0052112077401000705,23804.64870926507,0.010558916193419353,23843.91941501423,0.008894535386334937,23918.81473214286,23648.163192301676,0.01724602474965466,27.903001364462934,65.62968329790078,93.55585117751252,31.7852495425153,61.77060163499722,82.74373711105113,78.37950067167962,94.92157562380709,3.501836771651507,-17.256262888864935,256.55357142857144,0.010664847498693081,0.12933397548433725,0.10692719907697966,0.10748385299132542,0.134479271991911,426885.0,1.051337011138829,-2880700.0,-3535841.903707064,70.71949769665643,-0.004562271366810775,23946.25,0,0.005387011467706229
2026-06-28 18:30:00+00:00,24061.75,24120.0,23924.55078125,23946.25,588500,0.0,0.0,-0.004562271366810755,0.005127177632221258,-0.002783880900943836,0.01368797243471942,0.016923060589652872,-0.004572710289054184,-66.849609375,323.349609375,45.150390625,0.00023902560691718328,24018.85714285714,-0.003022922465681536,23807.307059151786,0.005836146881417097,23668.00232514881,0.011756280527128501,23846.2589453125,0.004193154780244936,23934.281264887955,0.0005000666190717216,23817.521553877334,0.005404779243359384,23847.932379131318,0.004122689518975356,23945.18093377976,23669.477922040744,0.011693205860764583,0.24881628784862833,69.87420197419834,91.66230096730578,43.7606598274734,47.901641139832385,73.48998192257498,80.41914281798842,63.305163199386776,3.1501287138690763,-26.510018077340945,249.33217075892858,0.010412159346825418,0.11763608289362182,0.0978300719702867,0.09971943716143661,0.3112745098039216,396410.0,1.484574052117753,-3469200.0,-3529495.0557349627,67.73120721065035,-0.0033616954637991333,23865.75,0,0.004294366287320189
2026-06-29 18:30:00+00:00,24032.05078125,24035.55078125,23829.19921875,23865.75,449000,0.0,0.0,-0.0033616954637991636,-0.0064899949874319685,-0.009839081055873278,0.000496757728545516,0.020662817594981453,-0.003367358657511833,-237.150390625,11.849609375,-170.30078125,0.0035830571070625426,23975.678571428572,-0.004585003552707283,23851.853515625,0.0005826165402993119,23683.145182291668,0.007710328011874937,23839.6389453125,0.001095278948955385,23920.575011910365,-0.002291960451747695,23821.905958070303,0.0018404926124243016,23848.63110936146,0.0007178143919471792,23952.973325892857,23692.500730446573,0.007312409590043077,-19.527922451336682,65.34155498303649,82.71251318475697,51.55103049893012,31.161482685826854,66.72271032374381,74.31880978579,42.03900826212094,3.0401630392572465,-33.27728967617213,251.57505580357142,0.010541259160242643,0.11507854035083846,0.09354788700105855,0.09604036889180784,-0.23704333050127446,397775.0,1.1287788322544123,-3918200.0,-3566514.574236395,59.80265367265432,0.00587032083110734,24005.849609375,2,0.0034163249261809497
2026-06-30 18:30:00+00:00,23897.650390625,24049.900390625,23895.099609375,24005.849609375,352100,0.0,0.0,0.0058703208311072785,-0.002084735227178225,0.00762882975558421,0.0006961154721230045,0.022241050043506183,0.005853157634003401,181.75,16.69921875,418.900390625,0.0013366598839340336,23974.64285714286,0.0013016566051928672,23908.34640066964,0.004078207964337663,23712.823753720237,0.012357273798266179,23832.684921875,0.007265848899007298,23937.62993140329,0.00284989274908164,23838.62810818891,0.007014728382319949,23854.796540734544,0.006332188513220442,23973.50613839286,23723.331614253286,0.011908866752592279,-20.954847956214223,68.431593349376,85.93401566213288,58.42762753157067,27.506388130562208,78.5002520322007,72.90431475950652,51.7235352912668,1.6210931444386112,-21.49974796771523,247.5322265625,0.010311329554685745,0.11579350608583035,0.08971257370625953,0.09342117056678147,-0.21581291759465482,389785.0,0.9033184960939983,-3566100.0,-3566475.0909757856,59.67838362966544,0.007075342557701797,24175.69921875,2,0.011768906836133833
2026-07-01 18:30:00+00:00,24062.19921875,24194.55078125,24058.80078125,24175.69921875,372900,0.0,0.0,0.007075342557701703,0.009581843451479832,0.006412916082781717,0.00373665714175897,0.032902366195589394,0.007050429763556748,154.048828125,90.0,-27.701171875,0.002347328267564896,23985.04268973214,0.007948976013266372,23980.782087053572,0.008128055665108967,23745.783203125,0.018104941494134587,23828.9019140625,0.014553641873141716,23985.243788872634,0.00794052508091307,23869.270936421737,0.012837773015541754,23867.380959480248,0.012917976203303263,24009.153180803572,23766.02460137035,0.017237826866341375,-5.160998000216175,72.41597554665515,101.02793640609525,66.9476893064756,34.080247099619655,90.93590150478222,78.71962128690893,77.94220247201298,1.3490407139096594,-9.064098495112257,242.76813616071428,0.010041824807797906,0.116378349017961,0.0860098765100358,0.08785608293886554,0.059074126668560156,385925.0,0.966249919025715,-3193200.0,-3530925.0823114254,66.33845335672015,0.003935786500487399,24270.849609375,2,0.011241092233895312
2026-07-02 18:30:00+00:00,24375.650390625,24378.150390625,24252.349609375,24270.849609375,326600,0.0,0.0,0.003935786500487426,0.01697409925835136,0.008931227526396635,0.004255611112835123,0.036482692780229975,0.003928061555321314,214.849609375,102.849609375,60.80078125,0.00827075031277338,24048.864118303572,0.009230601910319138,24027.06417410714,0.010146284768763588,23786.98558407738,0.020341544479746464,23822.7869140625,0.018808156112414823,24042.36495297311,0.00950341852179677,23905.778088508396,0.015271267034896485,23883.203259476122,0.0162309195164202,24047.82885044643,23809.950654545682,0.019357409073055155,21.2837752499454,67.08860629037815,119.29268682336988,77.41668880985446,41.875998013515414,81.91156957568694,83.78257437088998,104.44017248126559,1.1742775970093413,-18.088430424144487,222.67536272321428,0.009174601067001511,0.11656385380905501,0.08440044190790565,0.08607361925452134,-0.12416197371949589,381630.0,0.855802740874667,-2866600.0,-3467656.0268531945,66.24941585984126,0.00657166941277534,24430.349609375,2,0.012322425895863343
2026-07-05 18:30:00+00:00,24306.849609375,24458.650390625,24287.099609375,24430.349609375,329400,0.0,0.0,0.006571669412775316,0.01768319001024743,0.020216092681526243,0.01737593258627479,0.04551992477275091,0.0065501701327115155,484.099609375,417.25,269.25,0.0014832608078990752,24107.24972098214,0.013402602625036484,24068.239118303572,0.015045159277814898,23835.26171875,0.02496670259579526,23823.8319140625,0.02545844419572429,24119.961884253487,0.012868499818158243,23953.466408587177,0.01990873440417137,23904.65997908,0.021991094236648107,24101.600241815475,23855.50858171964,0.02409678358715992,44.53593223365895,65.79874270345238,144.96686237168615,90.92672352222081,54.040138849465336,95.79920854639555,89.54889320895491,119.8484687593403,1.4309337150431807,-4.200791453456011,208.33970424107142,0.008527905149630513,0.1167469347228583,0.08303776477539723,0.0841375960776585,0.008573178199632547,379790.0,0.8673214144658867,-2537200.0,-3379041.16715289,65.85503211174905,-0.0012955357222089999,24398.69921875,1,0.011726490787142742
2026-07-06 18:30:00+00:00,24464.44921875,24530.900390625,24348.94921875,24398.69921875,412600,0.0,0.0,-0.0012955357222089736,0.009224138585702146,0.02233113221876537,0.012272333342922215,0.0551701430934568,-0.0012963756541323145,532.94921875,295.798828125,48.849609375,0.0013957888413481028,24156.20675223214,0.01003851593940515,24097.492606026786,0.012499500161600608,23884.40457589286,0.021532654968347442,23828.3448828125,0.023935961089302314,24175.709351152793,0.009223715604711509,23993.94211860198,0.016869137140837095,23924.034066910193,0.019840514794129373,24145.661588541665,23920.91282666636,0.019973585270165614,66.9022648277492,61.900286597493036,160.905095673108,104.92239795239826,55.98269772070975,82.27750329240372,86.66276047149542,130.84031937594548,0.9545647912528569,-17.722496707462227,210.71484375,0.008636314660088946,0.107740731524389,0.08257171906964088,0.08338588666051121,0.2525804493017607,381635.0,1.0811377363187311,-2949800.0,-3338161.0559954722,66.44090629516711,-0.0211752451582732,23882.05078125,0,0.011911153986393168
2026-07-07 18:30:00+00:00,24259.55078125,24300.0,23805.19921875,23882.05078125,420500,0.0,0.0,-0.02117524515827318,-0.01601916844208129,-0.005157027563675642,0.002432460106580381,0.027534137734134267,-0.021402656722269202,-123.798828125,57.951171875,-656.748046875,-0.005703108852338366,24147.03543526786,-0.01097379654443317,24082.9462890625,-0.00834181604697305,23920.549851190477,-0.0016094558937807789,23828.0269140625,0.0022672404803947897,24116.977637172236,-0.009741140015825479,23983.770178842708,-0.004241176296895769,23922.387663550973,-0.001686156200972794,24116.936011904763,23962.50775389382,-0.0033576190551568214,33.3208385902372,45.24375157344267,130.34451882182475,110.00682212628355,20.337696695541197,13.017147255871764,63.69795303155703,10.169033312493262,-0.5457389102481027,-86.98285274399417,243.21484375,0.010184001616014477,0.13651558459138433,0.09210211901386992,0.0898131014061617,0.0191468734852156,382530.0,1.0992601887433637,-3370300.0,-3341221.9078054274,59.201275712467826,0.003381200414471839,23962.80078125,2,0.006038516284286468
2026-07-08 18:30:00+00:00,23928.94921875,24134.69921875,23925.69921875,23962.80078125,384800,0.0,0.0,0.0033812004144717633,-0.019138032635668045,-0.008806299068069179,-0.002449857042210901,0.032214223492506466,0.003375497008972435,-212.8984375,-58.849609375,-89.099609375,0.0019637525240009286,24160.899832589286,-0.008199158670078723,24068.289202008928,-0.004382879891193856,23954.868954613095,0.0003311154259258342,23825.4289453125,0.005765765487488647,24086.14226598779,-0.005120848468621566,23981.863869970643,-0.0007948960441107322,23923.972491696033,0.00162298671625051,24100.916610863096,23998.909315382836,-0.001504590631945504,18.486255784796278,45.20405871485825,111.35723474948827,110.2769046509245,1.0803300985637776,23.842252577031196,39.71230104176891,2.798341189286597,-0.5812562268625852,-76.15774742283476,250.38253348214286,0.010448800862962872,0.13633804251670034,0.09133228261406405,0.08868009284237846,-0.08489892984542213,382770.0,1.0053034459335868,-2985500.0,-3307343.630871577,59.518398047722805,0.01018660596494208,24206.900390625,2,0.005996576528265735
2026-07-09 18:30:00+00:00,24124.69921875,24228.44921875,24120.349609375,24206.900390625,313100,0.0,0.0,0.01018660596494203,-0.007861026786936454,-0.0026348158296567448,0.006272879557075228,0.04513076811961203,0.010135072168571098,-63.94921875,150.900390625,148.94921875,0.006756240181518045,24189.62137276786,0.0007143153499952223,24082.13211495536,0.005180948060331966,24002.10472470238,0.008532404481671939,23829.65296875,0.015831007793932313,24110.293890915233,0.004006856994230366,24002.321735484675,0.008523286096855818,23935.06770341874,0.011357088710779893,24119.398102678573,24045.32953722669,0.006719427702089092,21.782591537763725,54.348233817248875,114.68446267999752,111.1584162567391,3.526046423258421,56.565521683387246,31.141640505430086,63.611886863191,1.6067796371173177,-43.4344783164787,250.35030691964286,0.01034210505598601,0.13875832942272212,0.08877890940468039,0.08485313819277575,-0.18633056133056136,380275.0,0.8233515219249206,-2672400.0,-3246872.808883808,66.807070521559,0.00016935705558518026,24211.0,1,0.006260251267675845
2026-07-12 18:30:00+00:00,24039.400390625,24259.80078125,24000.19921875,24211.0,322700,0.0,0.0,0.0001693570555851842,0.013773910028206604,-0.00897857021623738,0.011056010857649845,0.024895317664227035,0.0001693427162979961,-219.349609375,264.75,-155.400390625,-0.0069195145721698235,24194.66434151786,0.0006751760740118538,24089.853515625,0.005028942342734369,24052.076171875,0.006607488974728469,23830.3199609375,0.01597460880451843,24130.435112732186,0.003338725012268896,24021.29248680425,0.00789747318134339,23945.888577794478,0.011071271017746001,24136.58048735119,24074.143243345337,0.005684802789087307,15.16543034327961,52.5223928616501,116.31135411210562,112.18900382781241,4.122350284293205,57.115103147907206,45.84095913610856,40.606586280549664,0.7882456296545308,-42.88489685195873,257.82533482142856,0.01064909895590508,0.12211057627992943,0.0866145093199405,0.08256467935702419,0.030661130629191957,378815.0,0.8518670063223451,-2349700.0,-3161427.7794663026,61.30748918671241,-0.0065651653690471275,24052.05078125,0,0.006663624206501798
2026-07-13 18:30:00+00:00,24068.0,24157.099609375,24023.69921875,24052.05078125,355800,0.0,0.0,-0.006565165369047166,0.003724522889237303,-0.014207660596660232,0.007806198474801684,0.008306833992770324,-0.0065868108566920726,-346.6484375,186.30078125,-127.298828125,-0.005906406179009297,24163.407366071428,-0.004608480216982232,24106.1357421875,-0.0022436180363344226,24072.511904761905,-0.0008499787472472377,23831.4099609375,0.009258403958227667,24114.75824643575,-0.002600377102889549,24024.088695390226,0.0011639186907072105,23950.051801459398,0.004258820842482783,24131.540122767856,24083.82683947531,-0.0013193940662795996,-10.613636362349862,55.63413529687328,103.58078887672309,110.46736083759455,-6.886571960871464,35.43459082225784,49.70507188451745,-7.90201331068793,-0.01641677232291252,-64.56540917760732,246.16462053571428,0.01023466243167938,0.12075966100395662,0.08569476368009991,0.08210339243329592,0.10257204834211331,376660.0,0.9446184888228085,-2705500.0,-3118006.0861837976,61.10609145078596,0.0010996658451519125,24078.5,1,0.005760295431670833
2026-07-14 18:30:00+00:00,24085.849609375,24220.349609375,24010.55078125,24078.5,306900,0.0,0.0,0.0010996658451518648,-0.0053042888000121025,0.008225810276906165,0.003026361982898962,0.0037245841524224943,0.001099061655563571,196.44921875,72.650390625,543.09765625,0.0014052368520420216,24113.143136160714,-0.0014366910180515023,24110.196428571428,-0.0013146482926976422,24083.207124255954,-0.0001954525504708644,23830.5939453125,0.010402848340935023,24107.506597148604,-0.001203218467729608,24029.035177627477,0.002058543841101712,23955.08898571589,0.005151766055124752,24127.855357142857,24090.0108544525,-0.0004778268686571051,-26.921072702965795,51.534944549230964,94.53620064243296,107.28112879856224,-12.744928156129276,37.66023700133954,43.403310323834866,2.9121321956863953,0.5522785404812631,-62.339762998522666,239.66448102678572,0.009953463921206709,0.11921494991246988,0.08708514545606966,0.08431874762998086,-0.13743676222596968,375640.0,0.8170056437014142,-2398600.0,-3049491.2208329597,60.48179675872384,-0.00023880225097078306,24072.75,1,0.007043436647344713
2026-07-15 18:30:00+00:00,24142.099609375,24186.5,24050.0,24072.75,264300,0.0,0.0,-0.00023880225097083763,-0.0057102143653711135,0.004588329208830677,-0.004258376058474234,-0.0005376310080265068,-0.00023883076876853854,109.94921875,-102.94921875,-86.5,0.0026413443268890236,24066.578962053572,0.0002564152535413246,24111.39285714286,-0.0016026804163414134,24087.188058035714,-0.0005994081999495368,23831.3929296875,0.010127694634744767,24100.555277718882,-0.0011537193810877578,24033.009252388612,0.0016535901598521705,23959.7031431388,0.004718207741800391,24122.8625,24092.161634773303,-0.0008057240802039483,-31.9739977865284,50.45934556073613,85.91395971080783,103.00769498101137,-17.09373527020354,36.86789984896375,36.654242557520384,1.4230233949957973,0.8673517488450658,-63.13210015089845,232.27525111607142,0.009648887273621076,0.11836443756320707,0.08705478283636345,0.08412079588004041,-0.13880742913000976,371220.0,0.711976725391949,-2662900.0,-3012673.0093250587,53.99730386121879,0.010865014643113064,24334.30078125,2,0.007322321851050826
2026-07-16 18:30:00+00:00,24127.599609375,24367.30078125,24099.05078125,24334.30078125,387800,0.0,0.0,0.010865014643113069,0.01173496607698965,0.0052629782652529045,0.0026142954571517496,0.006881031994786513,0.010806414450711182,127.400390625,63.451171875,17.451171875,0.002278493706576844,24131.186104910714,0.008417102891512814,24139.110770089286,0.008086048115847132,24099.026227678572,0.00976282408046831,23831.4599609375,0.02109987475113538,24147.304378425106,0.007743986653514921,24060.399391376013,0.011383908696550983,23974.39324659414,0.01501216447707074,24152.58355654762,24099.444151573567,0.009745313136655406,-12.740661825055003,59.82383725027412,99.04401606397005,102.21495919760312,-3.170943133633074,72.90901310414408,49.14571665148247,93.47647593195997,1.3682130698124357,-27.09098689571812,239.35393415178572,0.009836071983469615,0.12403328101210283,0.08918581003043932,0.0855394907313182,0.46727203934922446,373610.0,1.0379807820989775,-2275100.0,-2942427.9608179103,63.90396179005768,-0.0039368618852535986,24238.5,0,0.0021337664591320254
2026-07-19 18:30:00+00:00,24190.05078125,24266.099609375,24135.849609375,24238.5,353100,0.0,0.0,-0.003936861885253551,0.006644932200926101,0.0011358473421172466,-0.007852921159236304,0.009386559598370203,-0.003944631725234211,27.5,-191.849609375,-99.900390625,-0.005927846511667234,24170.571707589286,0.0028103717707836525,24165.735770089286,0.0030110496366832495,24102.383370535714,0.005647434420559347,23829.696953125,0.017155192853653693,24165.543502740085,0.0030190298534621906,24076.590355796376,0.006724774638392196,23984.750374178686,0.010579623379965769,24165.835453869047,24111.704817290036,0.005258656891777993,11.646819758689274,59.36394199307055,100.56016295246809,101.88399994857613,-1.3238369961080423,59.70787950223095,56.49493081844628,55.65215116497362,0.2597682105562054,-40.29212049763125,238.78962053571428,0.009851666585626355,0.1225419132797621,0.08898777650978426,0.08516252892933114,-0.08947911294481692,368870.0,0.9572478108818799,-2628200.0,-2912501.488359062,65.08286836105802,-0.0020958714957608764,24187.69921875,0,0.00681585448179883
2026-07-20 18:30:00+00:00,24216.05078125,24262.19921875,24135.650390625,24187.69921875,315600,0.0,0.0,-0.002095871495760848,0.004775076331121397,0.005639786758048437,-0.008648002014707834,0.003518200164739582,-0.002098070908085292,135.6484375,-211.0,108.1484375,-0.0009261801988571517,24167.828683035714,0.0008221895303417667,24178.725027901786,0.000371160631416973,24110.69763764881,0.003193668729889831,23829.9279296875,0.015013527951831177,24169.97464594207,0.0007333302193142287,24086.691161519433,0.004193521499205827,23992.70915239717,0.008127054978005326,24168.763913690476,24115.1440235649,0.0030086983977453546,33.194825858771,54.782875817530126,96.5495585864519,100.81711167615128,-4.2675530896993905,52.707645353693536,61.774845986689535,41.06618342202673,-0.34259365437655886,-47.292354646168675,234.67522321428572,0.009702254897909377,0.12224338074266151,0.08929031386000057,0.08556203783445243,-0.10620220900594735,372010.0,0.8483642912824901,-2943800.0,-2915482.2989915325,58.354135798609995,-0.007915147985699731,23996.25,0,0.006849546619163626
2026-07-21 18:30:00+00:00,24150.44921875,24166.30078125,23961.400390625,23996.25,304700,0.0,0.0,-0.0079151479856997,-0.013891945541762762,-0.003415910459538596,0.004781801186004353,0.0072258928332074035,-0.007946639050547172,-82.25,114.19921875,-217.8984375,-0.0015400389951567915,24137.15011160714,-0.005837479195167246,24165.9072265625,-0.007020519650758669,24105.619047619046,-0.004537076911527975,23833.5359375,0.00682710542517428,24135.229716753656,-0.005758375552447161,24078.46923774494,-0.003414637240146914,23992.848009165908,0.0001417918720108858,24144.433909970237,24121.305574672635,-0.005184444692908252,7.711345222129264,45.333280508733324,77.03476496821895,96.06064233456482,-19.025877366345867,26.32637077822505,46.24729854471653,-52.501458336653286,-1.776886603409061,-73.67362922163714,237.36077008928572,0.009891577646060357,0.1181998034183421,0.08561226064255217,0.08214621279302929,-0.034537389100126714,370240.0,0.8229796888504731,-3248500.0,-2947198.270516149,51.437007884653475,-0.005277924285044538,23869.599609375,0,0.0077137762651834025
2026-07-22 18:30:00+00:00,23904.80078125,23990.75,23807.19921875,23869.599609375,344000,0.0,0.0,-0.0052779242850445884,-0.015219604786806062,-0.008439018833535816,-0.003889410621312983,-0.006329739163523085,-0.005291901730381726,-203.150390625,-93.201171875,-120.900390625,-0.003810979580142572,24111.08565848214,-0.010015560996614761,24137.246512276786,-0.011088543292029745,24107.785714285714,-0.00988004903202538,23843.3369140625,0.0011014689515631301,24082.103695277925,-0.008824149608847687,24059.481089711306,-0.007892168564578805,23988.014738585873,-0.004936428900070306,24104.92622767857,24118.748801940605,-0.010330104376954563,-21.004471798800804,39.733379708747805,50.76434262523253,87.00138239269836,-36.23703976746583,8.874229933860994,29.302748688593212,-136.7408790519247,-2.168556629315607,-91.12577006600121,236.40359933035714,0.009903961658305219,0.11595569221329462,0.08294595358474303,0.0809241760242298,0.1289793239251722,367660.0,0.9356470652233017,-3592500.0,-3008655.5780860395,44.487400333467974,-0.004279518395644957,23767.44921875,0,0.006530375938967279
2026-07-23 18:30:00+00:00,23666.349609375,23823.599609375,23606.30078125,23767.44921875,333900,0.0,0.0,-0.004279518395644999,-0.017374533898380395,-0.023294343552158647,-0.01815396291072413,-0.01199496097647157,-0.00428870174406507,-566.8515625,-439.451171875,-363.701171875,-0.008515015053715573,24066.649832589286,-0.012432167165789662,24089.896484375,-0.0133851660937659,24095.68089657738,-0.013622012975528364,23850.43390625,-0.0034793785230989318,24019.17279997234,-0.010480110340128787,24032.93273780573,-0.011046655102483332,23979.365110357016,-0.008837427122516988,24055.619921875,24100.921680559055,-0.013836502447042752,-36.57453440213237,32.5258118888288,21.454842761067994,73.89207446637229,-52.4372317053043,17.428996926437915,17.54319921284134,-187.9236096239895,-0.47986483049424655,-82.57100307345394,241.79631696428572,0.010173423102279056,0.11660047021150265,0.08291860059605183,0.08059097604505285,-0.0293604651162791,361915.0,0.9225923214014315,-3926400.0,-3096059.808744512,37.613523376429434,0.009613989195766861,23995.94921875,2,0.004936177178282966
2026-07-26 18:30:00+00:00,23928.400390625,24011.599609375,23891.55078125,23995.94921875,319400,0.0,0.0,0.009613989195766948,-1.2534510600570314e-05,-0.010006839583720062,-0.008882358483747077,0.002075448922065126,0.009568068885288541,-242.55078125,-215.05078125,324.30078125,0.006771916093882713,24055.678292410714,-0.0024829511325629556,24061.12862723214,-0.002708909024673481,24092.821335565477,-0.004020787580924439,23856.5608984375,0.0058427667301209395,24014.528083727877,-0.0007736510546074449,24029.570599709754,-0.0013991669480834827,23980.0154675489,0.0006644595881375664,24043.093619791667,24103.536051801286,-0.00446352903657226,-32.0739030895466,40.381622988904816,16.47497998702238,62.40865557050231,-45.93367558347993,51.20215998679212,25.835128949030363,-68.77052217547995,0.13833290107697274,-48.79784001307648,246.23911830357142,0.010261695257762687,0.12095197080569663,0.08178523079740023,0.07943637140634419,-0.04342617550164718,348460.0,0.9166044883200342,-3607000.0,-3144720.779340273,36.2844070610669,-0.00044172494608871974,23985.349609375,1,0.006849332432943269
2026-07-27 18:30:00+00:00,23971.25,24041.150390625,23954.599609375,23985.349609375,437800,0.0,0.0,-0.0004417249460887396,0.004849264415584864,-0.008365806418584087,-0.002773201024795724,0.005011349292395995,-0.0004418225352921867,-202.349609375,-66.701171875,40.201171875,-0.0010293078437880443,24005.828125,-0.0008530643274777318,24068.50711495536,-0.0034550337992788915,24094.68322172619,-0.004537665481843733,23863.397890625,0.005110408807201075,24008.692388857304,-0.000972263674515502,24025.55050967932,-0.0016732561565289722,23980.224649581294,0.00021371608767622844,24032.989750744047,24109.103251203647,-0.005133066980517564,-37.09338172951056,53.25330226525929,11.54007615422961,52.234939687247774,-40.694863533018165,49.809307243692764,39.48015471897428,-58.89468574493129,-0.9152381249761098,-50.190692756175835,210.02845982142858,0.008756531100940356,0.1202757309642721,0.0800629674171138,0.07846482954009945,0.37069505322479657,347900.0,1.2584075883874641,-4044800.0,-3230442.6098792944,45.353950913658984,0.011042140877174454,24250.19921875,2,0.008640849190545008
2026-07-28 18:30:00+00:00,24176.650390625,24283.55078125,24136.75,24250.19921875,424200,0.0,0.0,0.011042140877174367,0.020311392928912264,0.010582871021513673,0.007130810422160794,0.010178752818628567,0.010981621540740824,253.94921875,171.69921875,456.298828125,0.007975734536519723,24007.499441964286,0.010109331768283738,24089.035574776786,0.006690331934332761,24112.990327380954,0.005690247850065937,23875.402890625,0.0156980106196304,24056.993754835843,0.008031155757992894,24045.973119594833,0.008493151769713,23990.81188758791,0.01081194468855288,24057.215364583335,24122.290968746962,0.005302491797680071,-23.203835224460143,58.11081346207567,28.669791834756325,47.52191011674949,-18.852118281993164,84.61214684614374,61.8745380255429,52.885767843933465,0.16190664883729866,-15.387853153724851,213.2822265625,0.008795071110079112,0.124782080571291,0.0799228942513666,0.07861348968368952,-0.031064412973960676,351505.0,1.2068107139300972,-3620600.0,-3267600.456557457,45.846060109583256,0.00276085038605514,24317.150390625,2,0.008146578040758513
2026-07-29 18:30:00+00:00,24249.55078125,24342.94921875,24187.099609375,24317.150390625,400600,0.0,0.0,0.0027608503860552247,0.013385641424179084,0.01874982356529431,0.010152574617565469,0.005850965078407988,0.002757046238807193,447.55078125,244.400390625,193.6015625,-2.67394710513804e-05,24025.99246651786,0.012118455648101989,24096.910574776786,0.009139753212959116,24127.81417410714,0.007847217951514138,23889.3858984375,0.017906048066955966,24109.025081993677,0.00863267211857342,24070.625598779392,0.010241727654062255,24003.60947594231,0.013062240285025627,24087.630673363095,24130.283666717063,0.0077440748931466,-7.995015255764914,53.457086512434714,47.104622197453864,47.438452532890366,-0.3338303354365024,93.40993552878658,75.94379653954105,75.53183774106633,1.1021912924849213,-6.590064471082011,205.439453125,0.008448335838075612,0.12270573271742681,0.08019520635517444,0.07943924619097147,-0.055634134842055594,352890.0,1.1351979370342,-3220000.0,-3263067.079742461,46.840542815645904,0.0027326071386891693,24383.599609375,2,0.008234668670273091
2026-07-30 18:30:00+00:00,24361.44921875,24429.400390625,24299.69921875,24383.599609375,411700,0.0,0.0,0.0027326071386892803,0.016603885558722054,0.025924127783090833,0.002025898692062933,0.004645490446961942,0.0027288803554812308,616.150390625,49.298828125,168.599609375,0.0018217113195169745,24081.328125,0.012552110199486243,24109.239118303572,0.011379890079696605,24137.714192708332,0.010186773059933582,23903.877890625,0.020068782184422214,24163.93998746994,0.009090389316434029,24099.07778156081,0.011806336756665375,24018.51104980242,0.015200299419708175,24125.85587797619,24136.37157992807,0.01024296583387525,27.323574281199832,55.20850892232681,66.3118529266576,51.213132611643815,15.098720315013779,94.43557247151143,90.81921828214728,114.06294864839488,1.2671038867661495,-5.564427528367075,196.16085379464286,0.008044786534274248,0.1223092111391235,0.08023969379494855,0.0800426638174594,0.027708437343983983,357145.0,1.1527530834814959,-2808300.0,-3219755.929290798,54.3535926469014,0.016023112999476227,24774.30078125,2,0.0085644034610373
2026-08-02 18:30:00+00:00,24572.69921875,24774.30078125,24515.150390625,24774.30078125,342300,0.0,0.0,0.01602311299947612,0.021612258017854602,0.032436789868341975,0.02210536053179868,0.01407884771910961,0.015896097912767627,778.3515625,535.80078125,162.201171875,0.007755196624139419,24210.571149553572,0.02328444166864684,24160.82840401786,0.025391197974407934,24161.688058035714,0.025354715355267475,23926.269921875,0.03544350465592797,24286.012146225956,0.020105756024663114,24160.461690623462,0.025406761612702944,24048.149862800365,0.03019570830157186,24214.530766369047,24150.986181700213,0.025809074414611766,78.56071126993876,69.12077684309511,111.77160748883762,63.32482758708258,48.446779901755036,99.99999999991438,95.9485026667375,233.22800454112186,2.9142943006094892,-0.0,210.689453125,0.00850435517778359,0.13291912281639304,0.08194985765244717,0.08118748850887662,-0.16856934661161038,357790.0,0.9567064479163728,-2466000.0,-3147969.6503107217,61.47940547241548,-0.006434102501316179,24614.900390625,0,0.003051586423707282
2026-08-03 18:30:00+00:00,24703.900390625,24703.900390625,24427.94921875,24614.900390625,296500,0.0,0.0,-0.006434102501316152,0.012244444567599988,0.02624730477157322,0.01766191848226062,0.008861176160934514,-0.006454890555102032,629.55078125,427.201171875,-148.80078125,-0.002841670134168972,24331.635602678572,0.011641830930397149,24199.142717633928,0.017180677755501333,24170.47619047619,0.018387068448568907,23944.1819140625,0.028011751621739706,24351.789795105768,0.010804569098740401,24201.77429971451,0.01707007452405445,24070.37537369545,0.022622207110429813,24275.073697916665,24153.020861947094,0.019123054267947682,109.15802555495054,63.26670601978676,133.39877312172757,77.33961669401158,56.05915642771599,86.35270628203223,93.59609291781936,175.55456642522924,1.1531032343908372,-13.64729371788215,220.44321986607142,0.008955681979928791,0.13519115813595178,0.08388886676007813,0.0837199990652596,-0.1338007595676307,351985.0,0.8423654417091614,-2762500.0,-3111258.2550430335,55.33842009731023,0.00039610154196331634,24624.650390625,1,0.0023297072754548454
2026-08-04 18:30:00+00:00,24669.19921875,24677.599609375,24497.94921875,24624.650390625,355500,0.0,0.0,0.00039610154196334513,0.009885775074707226,0.015441158585842718,0.02618744139709328,0.03109446572142871,0.00039602311445705957,374.451171875,628.400390625,-255.099609375,0.0022059332868833554,24421.450055803572,0.008320567957967352,24238.56417410714,0.01592859270642275,24181.235770089286,0.018337136478532346,23956.0409375,0.0279098476609443,24406.361914209614,0.008943917048459706,24240.217580706372,0.015859296998414537,24092.11164886916,0.02210427834294117,24331.808054315476,24185.28849904237,0.01816649371786525,120.41127418574139,63.62311001017632,149.60069749938702,91.79183285508668,57.80886464430034,87.18746655600413,91.18005761265027,156.8887444671123,1.5931282489633602,-12.812533443910262,223.525390625,0.00907730209684888,0.10840139370785283,0.07318898142712779,0.07655293205917633,0.1989881956155144,348735.0,1.0193986838143547,-2407000.0,-3044186.0402770303,61.44226724770996,0.0004609043862535802,24636.0,1,0.002160695216736585
2026-08-05 18:30:00+00:00,24641.0,24677.05078125,24604.150390625,24636.0,344000,0.0,0.0,0.0004609043862535689,-0.005582429246789089,0.013112128857743377,0.03210780252568579,0.028093511476202426,0.0004607982024527352,318.849609375,766.400390625,-55.6015625,0.0006639529542812878,24514.40011160714,0.004960345259898011,24260.114118303572,0.015493986543650128,24217.138113839286,0.01729609354299924,23970.486953125,0.02776385178058344,24452.289531367693,0.0075130170692864475,24276.197800642156,0.014821192441771575,24113.44060381547,0.021670876618984994,24384.799497767857,24217.654577585603,0.01727439876863943,114.50756259133915,58.49664358604971,161.49504358587728,105.73247500124481,55.762568584632476,88.15917968742453,87.23311750848698,146.3964839777898,1.853424656870482,-11.840820312489862,207.69321986607142,0.008430476532962453,0.10824414287551849,0.07108188699847647,0.07381365203258505,-0.03234880450070321,346695.0,0.9922265968646765,-2063000.0,-2950739.7507268367,61.14389699729972,-0.0026526063230638093,24570.650390625,0,0.0018585236960015747
2026-08-06 18:30:00+00:00,24538.900390625,24630.400390625,24522.75,24570.650390625,254800,0.0,0.0,-0.0026526063230638552,-0.0017976916135258314,0.007671171781301833,0.033794168001897384,0.015026707018667818,-0.0026561307171494536,187.05078125,803.201171875,-131.798828125,-0.003941370732870436,24560.178850446428,0.0004263625375994239,24283.83914620536,0.011810786700275404,24246.083333333332,0.013386370607967109,23983.756953125,0.024470454676764238,24475.961703219153,0.003868640119394765,24302.966217913323,0.01101446507852035,24131.37039937663,0.018203690216437148,24426.20433407738,24232.358884569312,0.013960320894351367,86.75468222854151,59.51746948458822,163.76050209567984,117.33808042013182,46.42242167554802,82.5641788847752,85.97027504273463,106.58761069520666,2.393708977965207,-17.435821115139184,201.607421875,0.008205213076163245,0.10394298414159885,0.07105600413626281,0.07410489114707225,-0.2593023255813953,343780.0,0.7411716795625087,-2317800.0,-2890459.774467138,62.324338827742736,0.0005352072662275789,24583.80078125,1,0.0018343115714468425
2026-08-09 18:30:00+00:00,24581.25,24620.94921875,24511.099609375,24583.80078125,269500,0.0,0.0,0.0005352072662276885,-0.0016588909376171745,-0.007689419842039524,0.024497949930676777,0.015397991873528527,0.000535064093901079,-190.5,587.8515625,-377.55078125,0.0004313931135922995,24598.27176339286,-0.0005882926362490972,24312.13211495536,0.011174201629462022,24264.03097098214,0.013178758741705567,24004.47796875,0.02413394755987447,24497.529518825322,0.003521631124411075,24328.49663276211,0.010494037191927071,24149.11276729323,0.018000164981028972,24466.19921875,24249.33796562113,0.013792657601747029,65.90719696170822,61.6002278811337,164.71825143845126,126.81411462379572,37.904136814655544,83.69006849307902,84.80447568842627,92.68863795587113,2.9920953160624495,-16.30993150683535,200.41462053571428,0.008152304125754298,0.10392322781897104,0.06792506907756855,0.0716554490477652,0.05769230769230771,341120.0,0.7900445590994348,-2048300.0,-2810254.081660744,62.86207474840859,-0.004559976852135068,24471.69921875,0,0.001429213974790927
2026-08-10 18:30:00+00:00,24575.099609375,24576.849609375,24429.25,24471.69921875,271800,0.0,0.0,-0.00455997685213505,-0.006669133838691388,-0.005817662050322192,0.020276944772358085,0.017447511703540197,-0.004570405260858804,-143.201171875,486.349609375,47.298828125,-0.00035393924448151267,24610.857421875,-0.005654341932894448,24346.0927734375,0.005159203428713464,24276.445219494046,0.008042940285967264,24026.2599609375,0.018539683601887624,24492.363458810258,-0.0008437013477694271,24341.5150496701,0.005348236082028924,24161.763216369967,0.01282754075538798,24487.474832589287,24268.21737308706,0.00838470508709835,29.563328594901414,64.60266918717059,154.648918998304,132.38107549869738,22.267843499606613,74.0923319776763,80.11552645184354,62.27871177351238,2.9630861667914776,-25.907668022238095,195.28976004464286,0.007980228847165855,0.10227298524346781,0.06811286108489246,0.07131287641146669,0.008534322820037188,336920.0,0.8067196960702814,-2320100.0,-2763572.7405501967,63.22163473946679,-0.0014608711753292826,24435.94921875,1,0.001782079112183264
2026-08-11 18:30:00+00:00,24472.44921875,24473.30078125,24265.94921875,24435.94921875,317600,0.0,0.0,-0.0014608711753293369,-0.005482198058802568,-0.0076631005468748015,0.007659730888164518,0.014845161399173579,-0.0014619392880015388,-188.701171875,185.75,-45.5,3.06476470348788e-05,24562.521484375,-0.0051530648311294705,24386.546316964286,0.002025826090484369,24294.726097470237,0.005812912675498851,24045.3079296875,0.01624605058936171,24481.080610798206,-0.0018435212385313421,24350.099974131906,0.0035256218540905826,24172.515608620164,0.010898063502992708,24499.455691964286,24281.53660648194,0.006359260320734158,4.121120054214274,68.4232328758106,142.14560818054815,134.33398203506755,7.811626145480602,71.03154430644604,76.2713149257338,29.310854818559662,1.8336428202480677,-28.968455693468346,196.59695870535714,0.008045398889374751,0.10260498562192939,0.06800302964685621,0.07109438370491136,0.16850625459896973,337455.0,0.9411625253737508,-2637700.0,-2751584.860497797,63.477558915585156,-0.001641008868369684,24395.849609375,0,0.0016689996904272384
2026-08-12 18:30:00+00:00,24431.599609375,24431.599609375,24311.400390625,24395.849609375,295800,0.0,0.0,-0.0016410088683697088,-0.007645326023726584,-0.009747945714604689,0.003236366822830572,0.01342179889605477,-0.0016423567982678559,-240.150390625,78.69921875,-51.44921875,-0.00017800042617793272,24531.228515625,-0.005518635406447981,24431.432059151786,-0.0014564209617608528,24309.837983630954,0.003538140640919052,24065.1129296875,0.013743408587103625,24464.034410513566,-0.0027871445892530622,24354.25903188128,0.0017077332321740364,24181.2738047282,0.008873635292315938,24500.69613095238,24292.771193890163,0.004243172368525739,-21.293705279405476,71.30167994942923,127.5308447329553,132.9733545746451,-5.442509841689798,57.12815951565321,67.41734526659187,22.248279301477197,1.7114613990847702,-42.87184048423351,186.68624441964286,0.0076523772448529185,0.1029057323602883,0.0677450161580864,0.07096265553109823,-0.06863979848866497,339030.0,0.8724891602513026,-2933500.0,-2768910.111878959,63.8687652208715,-0.0012235527703666935,24366.0,1,0.0045678001863971775
2026-08-13 18:30:00+00:00,24361.900390625,24405.19921875,24296.80078125,24366.0,267700,0.0,0.0,-0.001223552770366676,-0.0043192431308167745,-0.008329058749828033,-0.0007217806089726553,0.0013026558286985956,-0.0012243019222044982,-204.650390625,-17.599609375,35.5,-0.001391598132206569,24494.278459821428,-0.005237078529659105,24457.8642578125,-0.0037560212471598915,24323.802269345237,0.0017348328270182678,24084.1019140625,0.0117047372969673,24444.427528410855,-0.0032084011098111698,24355.326392619343,0.0004382453024276038,24188.517969248664,0.007337449569128851,24491.97185639881,24296.819742910626,0.0028472967993910772,-44.65535563431787,64.49642841769708,112.24602311039052,128.8278882817942,-16.581865171403678,50.18906947314142,59.44959109841357,13.89123085329403,0.47752507187841686,-49.810930526736584,176.98967633928572,0.0072637969440728254,0.09574468938628372,0.0642072561382917,0.06886660551806095,-0.09499661933739012,333025.0,0.8038435552886396,-3201200.0,-2810080.577414296,57.81737293180096,-0.0032155302214150867,24287.650390625,0,0.004672145219733944
2026-08-16 18:30:00+00:00,24343.44921875,24360.099609375,24226.94921875,24287.650390625,225400,0.0,0.0,-0.003215530221415075,-0.006068879371021518,-0.012046566487427524,-0.019643355222090153,0.002027781860469924,-0.0032207111479826242,-296.150390625,-486.650390625,-91.5,-0.000925501980218299,24444.514229910714,-0.006417138741655424,24479.457170758928,-0.007835418032187237,24321.58082217262,-0.001395075089719682,24102.5209375,0.00768091659810392,24413.072100853686,-0.005137481661895996,24349.174028801674,-0.0025267238266027895,24192.40551518499,0.003936974162417349,24469.276674107143,24301.142862567063,-0.0005552196461857036,-43.58760784404325,61.24545903624196,92.74146726666731,121.61060407876883,-28.869136812101516,23.66876413027112,43.66199770635527,-6.523751466119601,-0.12131355658914678,-76.33123586957203,180.73967633928572,0.007441628705634019,0.09537661179612605,0.06424525996782557,0.06887112126674114,-0.15801270078446017,326640.0,0.6900563311290697,-3426600.0,-2868796.712898649,50.8791876887063,-0.005465740730986531,24154.900390625,0,0.004516127177559184
2026-08-17 18:30:00+00:00,24223.849609375,24269.650390625,24154.900390625,24154.900390625,227000,0.0,0.0,-0.00546574073098649,-0.009876647979392583,-0.012945518220584873,-0.01868786762083341,-0.0013560127330992655,-0.005480732544386898,-316.798828125,-460.0,-20.6484375,-0.002626881572481148,24385.12137276786,-0.009441043110818758,24472.65011160714,-0.012983870546632083,24317.59988839286,-0.006690606742218455,24123.1589453125,0.0013158079911696197,24361.43775880795,-0.008478045106687876,24331.51278896743,-0.007258586832402099,24190.934725986557,-0.0014895801162592788,24426.002436755953,24302.52808642364,-0.0060745818407717716,-55.8185369250523,46.068536527842106,65.81349368806332,110.45118200062774,-44.63768831256442,0.0,24.6192778678042,-36.26513106889213,-0.9379223019314196,-99.99999999983855,168.92173549107142,0.006993269802786118,0.09714789754815917,0.0640721931686209,0.06840744896442498,0.00709849157054121,322210.0,0.7045094813941197,-3653600.0,-2943539.8830987774,43.39009862281743,-0.0031711829954277036,24078.30078125,0,0.004028331929336354
2026-08-18 18:30:00+00:00,24152.05078125,24172.849609375,24025.650390625,24078.30078125,238700,0.0,0.0,-0.003171182995427735,-0.01180740452885165,-0.014636158976200964,-0.022187101165221157,0.003419316820336471,-0.0031762218518000007,-357.6484375,-546.349609375,-40.849609375,-0.00011797230909326674,24312.907087053572,-0.009649455121246639,24455.589425223214,-0.015427501558562607,24312.390438988095,-0.009628409774247965,24139.88296875,-0.0025510557602834317,24304.81036329636,-0.009319537106465672,24308.493515538572,-0.009469642129053277,24186.517708545907,-0.004474266556266844,24373.422526041668,24307.13779791622,-0.00941439582762512,-65.77435815701051,40.22430593813069,37.85555701749763,95.93205700400172,-58.07649998650409,7.032707293584026,10.233823807951735,-68.42802988612969,-2.8093628399261523,-92.96729270628241,168.30385044642858,0.006989855803175338,0.09344275031958223,0.06281163088927258,0.06791190933117214,0.05154185022026425,318910.0,0.748487033959422,-3892300.0,-3033897.989470322,35.446152141830325,0.006377062464664031,24231.849609375,2,0.004670365269195048
2026-08-19 18:30:00+00:00,24225.44921875,24265.150390625,24184.55078125,24231.849609375,253900,0.0,0.0,0.006377062464663963,-0.002297496067035776,-0.006722454951393786,-0.016404870540063343,0.015176207641862671,0.006356815035648365,-164.0,-404.150390625,193.6484375,0.006111246754363155,24278.64285714286,-0.0019273419870785753,24444.750139508928,-0.008709458223907859,24323.609468005954,-0.0037724606108171,24160.2209765625,0.0029647341753199124,24290.21821251209,-0.0024029674260818454,24301.52588770552,-0.0028671565173513493,24188.29543014705,0.0018006303649518627,24343.59055059524,24326.774269625275,-0.0039020652388259956,-58.22523410489526,44.202483285105004,27.76869768707911,82.2993851406172,-54.53068745353809,27.54279184675001,11.525166380111363,-35.277066807592675,-1.556174411316634,-72.45720815311643,172.38588169642858,0.007114020781547254,0.0935603558434761,0.06105359235070866,0.06572958606366593,0.06367825722664433,314405.0,0.8075571317250019,-3638400.0,-3091469.609520768,32.85849392515051,0.0008315663455258515,24252.0,1,0.004154179719513227
2026-08-20 18:30:00+00:00,24284.05078125,24284.05078125,24206.80078125,24252.0,259300,0.0,0.0,0.000831566345525836,0.00401987206756127,-0.004678650578675225,-0.012968740572963489,0.02038715963123794,0.0008312207857896257,-114.0,-318.650390625,50.0,0.002154238026254581,24252.364397321428,-1.5025228693486196e-05,24407.442940848214,-0.006368669640032574,24341.819010416668,-0.0036899054412584233,24182.028984375,0.002893513016224095,24282.574570009674,-0.0012591156642604978,24297.023534277745,-0.0018530473172660396,24190.793648572657,0.0025301506150027468,24317.890531994046,24355.408611897645,-0.004245817163056146,-48.85248315906165,22.16471881355389,21.15687384345074,70.0708828811839,-48.914009037733166,33.372592609608006,22.649363916647363,-43.15948973198638,-1.5133225638275818,-66.62740739024457,149.99651227678572,0.006184913090746311,0.09164122170614941,0.05824187953099154,0.06273226010857202,0.02126821583300509,310675.0,0.8346342641023551,-3379100.0,-3118862.9800425996,31.324524484729125,-0.0013586186190829622,24219.05078125,1,0.004623780969852166
2026-08-23 18:30:00+00:00,24285.05078125,24313.0,24144.30078125,24219.05078125,236300,0.0,0.0,-0.0013586186190829297,0.005845512159629029,-0.0028244646259186768,-0.014837006012438647,0.009297467687824357,-0.001359542378144627,-68.599609375,-364.75,45.400390625,0.0013628064180273229,24227.107421875,-0.0003325465349497403,24379.16796875,-0.006567787206898807,24363.32384672619,-0.005921731631686681,24193.9519921875,0.0010373993083314288,24269.86981225774,-0.002093914446218906,24289.93510218431,-0.002918258967597368,24191.901771422752,0.0011222354523329461,24292.771577380954,24370.668781213975,-0.00622133111426319,-36.21096380032459,25.617458464724265,13.107138295385084,58.67813396402414,-45.57099566863906,29.664947063747572,30.193443840035215,-61.518624744017984,-1.6924387836904655,-70.33505293609905,137.30705915178572,0.005669382354905543,0.08611213351033568,0.05914619438792734,0.06391502525176802,-0.08870034708831465,306520.0,0.7709121753882267,-3615400.0,-3166152.2200385425,31.850682645977642,0.004768973030496234,24334.55078125,2,0.004864446832663046
2026-08-24 18:30:00+00:00,24175.75,24334.55078125,24115.44921875,24334.55078125,239500,0.0,0.0,0.004768973030496282,0.0042382720894431625,0.007437430406242784,-0.005604369205180371,0.014558936082320395,0.004757637503542181,179.650390625,-137.1484375,248.25,-0.0017878810214775626,24222.614676339286,0.004621140467550294,24358.44656808036,-0.0009810061886980546,24379.447730654763,-0.0018415900926380682,24203.565,0.005411838349019903,24282.806006056195,0.002130922397555614,24293.991073008463,0.0016695366405480696,24197.495850239506,0.0056640129978215124,24286.82261904762,24394.082938149357,-0.002440434307380883,-19.960805974011482,34.19072332782325,15.864671546387399,50.1154414804968,-34.2507699341094,47.42097104488143,36.81950357274569,-56.047662655470084,-0.9609009351460832,-52.579028954965054,140.125,0.005758273545282039,0.08735248806984548,0.06173258709117865,0.06566268655366768,0.013542107490478239,296605.0,0.8074712159269034,-3375900.0,-3186128.199082491,29.633096569057756,-0.005210730306462086,24207.75,0,0.00364228529940072
2026-08-25 18:30:00+00:00,24341.94921875,24378.599609375,24207.75,24207.75,244800,0.0,0.0,-0.00521073030646213,-0.0018245917862443894,0.005376177493837231,-0.009338668070847822,-0.0017504688669600643,-0.005224353506780909,129.44921875,-228.19921875,-50.201171875,0.00030403016544280166,24211.200334821428,-0.00014250986211802942,24327.857282366072,-0.004937026757926876,24390.038225446428,-0.007473880268717107,24207.9369921875,-7.724416482113937e-06,24267.794804844954,-0.0024742587996897103,24286.15097546224,-0.0032282174125265227,24197.897973759525,0.0004071438870912571,24266.72974330357,24401.15584430282,-0.007926093564455772,-12.196575124784252,29.27052016523946,7.729176055898279,41.638188395577096,-33.90901233967882,30.111551777544253,35.73248996205777,-56.168609464081605,-1.529669006823378,-69.88844822229039,147.12137276785714,0.006077449278344789,0.08072231775714889,0.062198052403325536,0.06548059771178827,0.022129436325678542,287635.0,0.8510786239504898,-3620700.0,-3227515.989646063,27.597304709569315,-0.004829048161229359,24090.849609375,0,0.0037847319536895075
2026-08-26 18:30:00+00:00,24277.599609375,24297.44921875,24090.849609375,24090.849609375,323400,0.0,0.0,-0.00482904816122931,-0.005293402001297687,-0.005818788176427447,-0.01250212658643346,-0.009306221231302092,-0.004840745688108582,-141.0,-305.0,-270.44921875,0.0028854234439382887,24202.050223214286,-0.004594677426651214,24293.585797991072,-0.00834525583427166,24382.450148809523,-0.011959443684077354,24208.04,-0.004840969802800889,24232.405765750966,-0.005841605565058223,24268.396305817943,-0.007315963288450675,24193.699998685624,-0.00425112278470047,24235.128720238095,24395.780475976782,-0.01249932818923518,-11.414167717471683,27.879170988575098,-8.05825671221828,31.69889937401802,-39.7571560862363,10.952351267891299,29.49495803010568,-98.37003363234079,-1.5562859201995292,-89.04764873194073,153.78920200892858,0.006383718486585663,0.0816756501055014,0.06334435105972683,0.06507451768874443,0.321078431372549,283775.0,1.1396352744251568,-3944100.0,-3295762.085870248,27.117260855582742,0.0035200411203845467,24175.650390625,2,0.0035393792577119473
2026-08-27 18:30:00+00:00,24122.599609375,24188.30078125,24076.849609375,24175.650390625,296100,0.0,0.0,0.0035200411203846205,-0.00652982633841892,-0.003148177856465484,-0.007812099210990686,-0.008528241198237474,0.0035138602759443318,-76.349609375,-190.349609375,64.650390625,0.0013179277823245847,24215.95731026786,-0.0016644776469673746,24264.432198660714,-0.0036589279035596166,24375.712053571428,-0.008207418208203978,24208.1930078125,-0.0013442811356054968,24221.054690725774,-0.0018745798100260837,24259.96485898222,-0.0034754571512085313,24192.99217091854,-0.0007168100651222974,24219.403999255952,24384.370169558653,-0.00855957227856595,-3.595657091315004,32.34873274516576,-13.570761297352874,22.644967239743842,-36.215728537096716,27.213391256231322,22.759098100555644,-92.87442718164787,-1.065229043467069,-72.78660874358725,153.90359933035714,0.006366058279450987,0.08212979759217055,0.06309240661564328,0.0645837698086049,-0.08441558441558439,277995.0,1.065127070630763,-3648000.0,-3329308.553882605,26.95776555407278,-0.003939914685270957,24080.400390625,0,0.002666850591027095
2026-08-30 18:30:00+00:00,24117.55078125,24128.69921875,23993.599609375,24080.400390625,710900,0.0,0.0,-0.003939914685270995,-0.005260695825716977,-0.005724848255916792,-0.00853314325044785,-0.02800887890850856,-0.003947696595902393,-138.650390625,-207.25,-62.30078125,-0.0024032283903943226,24194.321707589286,-0.004708597262660463,24236.482282366072,-0.006439956505347633,24361.273995535714,-0.011529512165996462,24209.5390234375,-0.00533420453348885,24192.92383070562,-0.004651088924514334,24243.64081640429,-0.006733329660156867,24188.57680698546,-0.004472210879691581,24194.866424851192,24328.85528651104,-0.010212354546076134,-4.789917402618057,32.827208346287364,-25.3333131939944,13.049311152996193,-38.382624346990596,18.094761142763584,18.753501222295423,-116.93394267031796,-1.2930446112799618,-81.90523885702795,155.86788504464286,0.00647281118736377,0.0553325584272532,0.06017814773571236,0.06313820864090719,1.4008780817291457,296425.0,2.3982457619971247,-4358900.0,-3427364.8820842616,24.145139730989143,-0.001021561476385465,24055.80078125,1,0.0031248473903292325
2026-08-31 18:30:00+00:00,24077.55078125,24143.150390625,23952.55078125,24055.80078125,334200,0.0,0.0,-0.0010215614763854353,-0.00145486060862543,-0.011454906338964732,-0.0041026710014280265,-0.02271386844969492,-0.0010220836259459925,-278.75,-99.099609375,-140.099609375,-0.00011833729210371825,24166.29324776786,-0.004572172711181507,24209.32882254464,-0.006341689289281901,24327.059709821428,-0.011150502025606593,24208.59703125,-0.006311652418467454,24165.499220814494,-0.004539465068033969,24226.56444957208,-0.007048612636658433,24183.369904015442,-0.005275076355022606,24170.775558035715,24300.670235436093,-0.010076654339722938,-14.517150671641017,33.15166582370583,-36.22265103245809,3.194918715905338,-39.41756974836343,21.55312651612271,22.287092971705892,-115.15433565220827,-1.2730822406221263,-78.44687348366854,154.67131696428572,0.0064296889706883485,0.05205772240882825,0.05773601221337973,0.06038757921000076,-0.5298916865944577,298310.0,1.120311085783242,-4693100.0,-3547911.0837905225,24.075241686901265,-0.005875986577431866,23914.44921875,0,
2026-09-01 18:30:00+00:00,23858.0,23914.44921875,23786.80078125,23914.44921875,318900,0.0,0.0,-0.005875986577431824,-0.010804307956748471,-0.012115986874038254,-0.006804947076148871,-0.02884106619216753,-0.005893318113157999,-293.30078125,-163.8515625,-14.55078125,-0.008222581449218069,24122.778738839286,-0.00863621568413481,24174.94308035714,-0.01077536607806078,24293.704892113095,-0.015611273580844576,24210.4040234375,-0.012224281940977938,24115.289220401595,-0.008328326474379406,24198.190337679167,-0.011725716467621135,24172.823994789345,-0.010688646725555502,24131.45827752976,24259.66068169692,-0.014229855374991187,-37.15051556788748,30.421334078607842,-55.61729790267782,-8.567524607811293,-47.049773294866526,20.641778788419657,20.09655548243534,-179.8950612916771,-1.5365882078862587,-79.35822121141864,164.9892578125,0.006899145211470483,0.05431027819474179,0.05675394663767953,0.0589873466494601,-0.04578096947935373,296480.0,1.075620615218561,-5012000.0,-3687348.1234295205,23.979475841611077,-0.0017144446700388216,23873.44921875,0,
2026-09-02 18:30:00+00:00,23997.94921875,24025.400390625,23873.44921875,23873.44921875,239100,0.0,0.0,-0.0017144446700387839,-0.008594174869101079,-0.009024189439146957,-0.014790467768764137,-0.030952702599853832,-0.001715916012232434,-217.400390625,-358.400390625,75.900390625,0.0034916129255667225,24056.907087053572,-0.007625995629433771,24139.760881696428,-0.011032075431548409,24257.933407738095,-0.01584983281656763,24207.44,-0.01379703022087362,24066.92122007128,-0.008038917797259406,24168.668417776513,-0.012214955078342722,24161.083807493684,-0.011904871115693098,24091.259095982143,24223.478827593408,-0.014450014027079724,-48.68798663130381,30.147899275749978,-73.44937396450405,-21.543894479149845,-51.905479485354206,14.641535836490652,18.94548038034436,-146.38322164668068,-1.165192848339069,-85.35846416334037,168.10016741071428,0.007041302070363708,0.05383848067143086,0.058001476829577535,0.059552374316124985,-0.2502351834430856,291235.0,0.8209864885745161,-5251100.0,-3836276.8735790905,29.887081958498584,0.0010157727849796525,23897.69921875,1,
2026-09-03 18:30:00+00:00,23910.900390625,24005.75,23895.849609375,23897.69921875,231400,0.0,0.0,0.0010157727849795517,-0.006572284329159794,-0.011497153846284358,-0.01460913661759855,-0.027388415087773454,0.0010152572368944724,-277.951171875,-354.30078125,-60.55078125,0.0015687373672667545,24012.614118303572,-0.004785605556621759,24111.9072265625,-0.008883909754617513,24222.776227678572,-0.013420303514058153,24204.273984375,-0.012666141765825924,24033.076819807025,-0.005632970013454434,24144.03485422865,-0.010202753473721658,24150.755000091973,-0.01047817268408373,24058.984207589285,24196.474622987695,-0.01234788988449717,-52.43619791031076,33.5664888227915,-84.64887089084004,-34.164889761487885,-50.48398112935216,18.739212081776646,18.007508902229002,-128.09499969969926,-0.7500594171521798,-81.26078791805438,167.61802455357142,0.007013981681636207,0.05442743235186617,0.05807464945890436,0.05970689429922238,-0.032204098703471296,290065.0,0.7977522279489053,-5019700.0,-3948983.8380001294,35.398822892857325,-0.006073741081573132,23752.55078125,0,
