timestamp,open,high,low,close,volume,return_1,return_3,return_5,return_10,return_20,log_return,momentum_5,momentum_10,acceleration_5,gap,sma_7,close_to_sma_7,sma_14,close_to_sma_14,sma_21,close_to_sma_21,sma_50,close_to_sma_50,ema_9,close_to_ema_9,ema_21,close_to_ema_21,ema_50,close_to_ema_50,wma_14,vwap_20,close_to_vwap,trend_slope_10,rsi_14,macd,macd_signal,macd_hist,stoch_k,stoch_d,cci_20,roc_12,williams_r_14,atr_14,atr_pct,hist_vol_20,parkinson_vol_20,garman_klass_vol_20,vol_change_1,vol_ma_20,rel_volume_20,obv,obv_ema_20,mfi_14,target_return_1,target_price_1,target_direction,target_volatility
2026-08-27 21:00:00+00:00,109.03,109.15,108.21,108.73,107292.572,-0.002751536274419819,0.0031368207399207204,-0.0019276666054708347,0.045983645983646015,0.0717594874322327,-0.0027553287086322206,-0.20999999999999375,4.780000000000001,-2.039999999999992,0.0,108.55142857142857,0.0016450398757514527,106.73285714285714,0.018711603067563944,104.9604761904762,0.035913745309683776,100.479,0.08211666119206887,107.80117555565508,0.008616088271289589,105.35541250434024,0.032030509068423196,102.01647727202177,0.06580821948998644,107.73438095238095,105.49250491938383,0.03068933743738039,0.5067340066725843,80.96514735178634,2.5989871920174323,2.378351480287698,0.2206357117297344,85.47008545964958,89.86533499559361,94.5557814201227,4.147509578504332,-14.529914528140402,1.855714285714286,0.01706717820010318,0.14035739148998763,0.15901383098143423,0.16364642308733085,-0.2694250533426428,226380.64515,0.4739476377448584,2037041.3210000002,1404695.0742640255,80.23380672684405,0.004322634047640935,109.2,2,0.007439979909432734
2026-08-27 22:00:00+00:00,108.73,110.6,108.73,109.2,221968.471,0.004322634047640994,-0.0017369046530760768,0.00942872989462007,0.045676529732835425,0.07937135514480587,0.004313318301146616,1.019999999999996,4.769999999999996,1.2299999999999898,0.0,108.83714285714287,0.003333945869289142,107.05714285714285,0.020016012810061327,105.3295238095238,0.03674635610656283,100.72939999999998,0.08409262836784422,108.08094044452407,0.010353902833034348,105.70492045849112,0.033064492422075015,102.29818404566798,0.06746762925120395,108.06333333333333,105.78009748521401,0.03233030216512793,0.35340067335783726,75.795454424871,2.5704984339714514,2.4167808710244487,0.15371756294700267,81.333333322489,85.59739005936343,103.45119982485086,4.899135446638826,-18.666666664177665,1.7514285714285711,0.016038723181433446,0.13840044556760028,0.1615576247233535,0.16689712268667609,1.0688148942873696,232155.22879999998,0.9561209202452349,2259009.7920000004,1486058.3807150708,78.59260747372679,-0.0005494505494505703,109.14,1,0.007107071033097909
2026-08-27 23:00:00+00:00,109.19,110.03,108.86,109.14,106376.499,-0.0005494505494505475,0.0010088966339538707,0.006919457514530825,0.02904016594380532,0.07973882073605076,-0.0005496015527187791,0.75,3.0799999999999983,-0.269999999999996,-9.157509157429982e-05,108.86571428571429,0.0025194866545709483,107.39571428571428,0.01624166965945219,105.70904761904764,0.03245656316273239,100.9684,0.08093225207014339,108.29275235561927,0.007823678186612665,106.0172004168101,0.02945559372331148,102.566490553681,0.0640902248947913,108.34104761904761,105.9742429065036,0.02987289181447166,0.25292929289863514,77.55813940862632,2.514098427707836,2.436244382361126,0.07785404534670981,80.53333332259564,82.4455840349114,89.65399325481873,4.99278499273696,-19.466666664071028,1.7071428571428566,0.015641770726839057,0.13825074720151564,0.16200543169306228,0.16750896414093677,-0.5207585179969096,231714.4285,0.45908448467635904,2152633.2930000005,1549541.705694588,74.21603539613649,-0.0002748763056624623,109.11,1,0.0071054695895227575
2026-08-28 00:00:00+00:00,109.15,110.0,108.67,109.11,218282.215,-0.0002748763056624748,0.0034948956129863262,-0.002559648962427996,0.02162921348314617,0.07933524582055584,-0.00027491409107855113,-0.28000000000000114,2.3100000000000023,-1.0300000000000011,9.162543522002464e-05,108.99857142857142,0.0010222938701593383,107.75357142857145,0.012588246992027765,106.09142857142858,0.028452547667511537,101.2062,0.07809600597514686,108.45620188449543,0.006028222491092122,106.2983640152819,0.026450416342131394,102.82309876726215,0.061142888203622105,108.56961904761906,106.25134129029486,0.026904683507645737,0.1639730639531883,80.07202867694991,2.43886653188639,2.436768812266179,0.0020977196202109916,79.30555554454092,80.39074072987519,80.37300273362915,4.481470841669231,-20.694444441570177,1.664285714285713,0.015253283056277699,0.13839260032011422,0.1630863684580386,0.16895486998592354,1.0519778057369606,236522.89295,0.9228798628221712,1934351.0780000004,1586190.2173427225,75.18878767913675,-0.011547979103656908,107.85,0,0.007886808067262564
2026-08-28 01:00:00+00:00,109.11,109.75,107.72,107.85,156286.345,-0.011547979103656902,-0.01236263736263743,-0.010822709346051562,0.006063432835820892,0.05693845550764398,-0.011615174831842014,-1.1800000000000068,0.6499999999999915,-0.9000000000000057,0.0,108.92142857142856,-0.009836710603883702,108.03214285714286,-0.0016860061489480595,106.41333333333334,0.013500814434154419,101.4312,0.06328230366925273,108.33496150759635,-0.004476500483713848,106.43942183207446,0.013252403513969668,103.02023214893815,0.04688174109365706,108.58247619047619,106.50007149662723,0.012675376498717578,-0.0028282828279404958,70.65677955622934,2.2516179920617674,2.3997386482252967,-0.14812065616352932,58.7706146838424,72.869834516993,53.41213415020782,1.6877239298351072,-41.22938530116509,1.6978571428571425,0.015742764421338894,0.14698224792376383,0.16481081232366493,0.1706102518754133,-0.2840170464643672,235239.18505000003,0.6643720729043536,1778064.7330000005,1604463.9807386538,70.39146973978282,-0.012331942512749173,106.52,0,0.006805121348954716
2026-08-28 02:00:00+00:00,107.84,107.97,106.16,106.52,179579.305,-0.012331942512749161,-0.024005864027854207,-0.020325577117630944,-0.022214062786855115,0.05173775671406,-0.012408611889433877,-2.210000000000008,-2.4200000000000017,-1.0300000000000011,-9.272137227536564e-05,108.51142857142857,-0.018352247294388387,108.18142857142857,-0.01535779840729529,106.62666666666668,-0.0010003751406685284,101.6284,0.048132215010291066,107.97196920607709,-0.013447649577386098,106.44674712006768,0.0006881645697354895,103.157477947019,0.03259600874185161,108.38085714285714,106.68721685165833,-0.0015673560206306174,-0.1301010100852413,60.155490685891436,1.9731569652241205,2.3144223116250617,-0.3412653464009412,36.64596272722889,58.24071098520407,0.5884377529841764,-0.262172284641741,-63.35403725724316,1.7671428571428578,0.016589775226495195,0.15242591009800505,0.16687388396896405,0.17201813231340582,0.1490402760394709,236214.62865,0.7602378651412081,1598485.4280000005,1603894.594763544,65.58118047915745,0.003098009763424693,106.85,2,0.006258997818047852
2026-08-28 03:00:00+00:00,106.51,107.34,105.86,106.85,125224.855,0.0030980097634247805,-0.02071304188433698,-0.021520146520146555,-0.012294324274357615,0.04960707269155207,0.0030932208194252163,-2.3500000000000085,-1.3300000000000125,-0.14000000000000057,-9.387908373917598e-05,108.2,-0.012476894639441141,108.23785714285715,-0.01282228953417453,106.89190476190477,-0.0003920293309182097,101.8248,0.04935143501338227,107.74757536486169,-0.008330353252163098,106.4834064727888,0.0034427291476764673,103.30228273341042,0.034343067478099516,108.20333333333333,106.8045804237735,0.00042525869251912644,-0.2610774410457962,54.393770771800554,1.7588281611179895,2.203303481523647,-0.44447532040565774,30.42671613535683,41.947764515476045,-16.80954130778542,-0.3264925373103951,-69.57328384609029,1.7185714285714297,0.016083962831589572,0.15214246725507785,0.16798364233228713,0.17373430964396078,-0.30267658068951764,236957.40860000002,0.5284698872251233,1723710.2830000005,1615305.6126908255,60.174182661010185,-0.0005615348619559014,106.79,1,0.006014910883278536
2026-08-28 04:00:00+00:00,106.84,107.66,106.26,106.79,94686.547,-0.0005615348619558702,-0.009828465461288682,-0.021531977276892045,-0.014761509364332404,0.020351614752532,-0.000561692581702654,-2.3499999999999943,-1.5999999999999943,1.4210854715202004e-14,-9.35891436583745e-05,107.92285714285715,-0.010496915786311064,108.23714285714287,-0.013370113243283873,107.12952380952382,-0.003169283288557457,102.015,0.046806842130600386,107.55606029188937,-0.007122427967362107,106.51127861162618,0.002616825110019702,103.4390559595512,0.03239534631606428,108.01028571428571,107.17253363478241,-0.0035693252907728758,-0.3622222221783169,49.93983144414474,1.5660767828454567,2.075858141788009,-0.5097813589425524,19.620253160417832,28.89764400766785,-15.788722331041754,-1.9735634293925608,-80.37974681848512,1.6235714285714289,0.015203403207755645,0.1183796482221229,0.1558282591461135,0.1686299504330435,-0.2438677848738574,215330.8216,0.439725935639116,1629023.7360000005,1616612.1006250328,53.61399490430071,0.0038393107968910625,107.2,2,0.005999973755821719
2026-08-28 05:00:00+00:00,106.78,107.47,106.63,107.2,80746.387,0.003839310796891038,0.006383777694329851,-0.01750526991109891,-0.02002011152756189,0.026819923371647514,0.0038319594532477273,-1.9099999999999966,-2.1899999999999977,0.4399999999999977,-9.364172675261235e-05,107.63714285714285,-0.004061264035212869,108.23714285714287,-0.00958213446655888,107.25047619047618,-0.0004706383809994371,102.21779999999998,0.04874102162198051,107.4848482335115,-0.00265012453559977,106.5738896469329,0.005874894452435414,103.58654396113742,0.03488345011475001,107.872,107.33396084513076,-0.0012480751113135452,-0.34289562285406,49.99999991586538,1.4299202695795543,1.9466705673463183,-0.516750297766764,28.270042188128784,26.10567049463448,-13.466218555939342,-0.9058975781021861,-71.72995779077417,1.576428571428572,0.014705490404980096,0.11801437568586273,0.15244287014625282,0.16415469114655787,-0.1472242936475443,205656.4031,0.3926276341648203,1709770.1230000006,1625484.2932321725,48.74616414534104,0.003171641791044808,107.54,2,0.005729070132243392
2026-08-28 06:00:00+00:00,107.21,107.85,107.19,107.54,92925.7,0.003171641791044788,0.006457650912494284,-0.0028743625405655004,-0.01366596349628535,0.0330451488952932,0.0031666227448304248,-0.30999999999998806,-1.4899999999999949,1.6000000000000085,9.32835820885972e-05,107.40857142857143,0.0012236320591485599,108.13714285714286,-0.005522088353362578,107.39999999999998,0.0013035381750346878,102.43599999999998,0.04982623296448711,107.4958785868092,0.0004104474866426367,106.66171786084809,0.008234277084206555,103.74158145285753,0.036614234079629354,107.77904761904762,107.5642366416173,-0.0002253224898329278,-0.3001346800982999,39.88439298289286,1.3340720581082195,1.8241508654986986,-0.49007880739047915,35.443037967206294,27.777777771917638,-1.9137915883394627,-0.7842051849729239,-64.55696201169665,1.4364285714285725,0.013357156141112285,0.11709189334355792,0.14780684363456642,0.15814999711532773,0.15083415435046033,196673.64175,0.47248680185686104,1802695.8230000006,1642361.5817814893,43.08446344976047,-0.011065649990701245,106.35,0,0.004992698978803262
2026-08-28 07:00:00+00:00,107.54,107.55,106.27,106.35,103741.433,-0.011065649990701254,-0.0041202359771514985,-0.0015959444235824627,-0.02188908304975634,0.023088023088023046,-0.01112732973528595,-0.1700000000000017,-2.3800000000000097,0.13999999999998636,0.0,107.0142857142857,-0.006207448938668436,108.00642857142857,-0.015336388706879466,107.50714285714287,-0.010763404424855176,102.6212,0.03633557198672065,107.26670286944736,-0.00854601516515821,106.63337987349826,-0.0026575156281436925,103.84387237627489,0.024133611029258432,107.54076190476191,107.67503744714993,-0.01230589260568402,-0.3316498316096316,37.55102033663741,1.1488454302248812,1.6890897784439352,-0.540244348219054,10.337552740435019,24.683544298590032,-57.03094393720464,-2.77904744489644,-89.66244723846793,1.3921428571428578,0.013090200819273791,0.12517002605736796,0.14655815096606695,0.15462639461414213,0.11639119210293813,194377.40725,0.5337113734960547,1698954.3900000006,1647751.3730403953,33.21393482344878,-0.002914903620122126,106.04,0,0.0041895190106961714
2026-08-28 08:00:00+00:00,106.35,106.88,105.77,106.04,88857.89,-0.0029149036201221445,-0.010820895522388074,-0.007580720636406024,-0.028937728937728946,0.015417025758881486,-0.002919160225421313,-0.8099999999999881,-3.1599999999999966,-0.6399999999999864,0.0,106.75571428571429,-0.00670422459815207,107.83857142857143,-0.01667836846063984,107.60666666666668,-0.014559197075634573,102.806,0.03145730793891944,107.02136229555789,-0.009169779514098465,106.57943624863478,-0.005061353931083682,103.92999502818567,0.020302175240379847,107.27857142857141,107.73842575547536,-0.015764345390699895,-0.3150841750459823,34.22818785514167,0.9659032524789808,1.5444524732509444,-0.5785492207719636,5.590062110644093,17.12355093942847,-99.59479623626036,-2.7423644868133277,-94.40993786865197,1.3500000000000003,0.012731044888601181,0.12527514701966538,0.14724165930710312,0.1557226323118307,-0.1434676827724175,193161.64775,0.46001828538449885,1610096.5000000007,1644165.1946555958,35.30441038196115,-0.0010373443983402435,105.93,1,0.004852462268399094
2026-08-28 09:00:00+00:00,106.04,106.62,105.52,105.93,107712.34,-0.0010373443983402453,-0.014971173516830971,-0.00805318850079595,-0.02941176470588225,-0.0012257212898358905,-0.0010378828124200546,-0.8599999999999994,-3.2099999999999937,-0.05000000000001137,0.0,106.67142857142856,-0.00695058256321313,107.59142857142857,-0.015442016092481898,107.67809523809522,-0.016234455431382182,102.98560000000002,0.02859040487185972,106.80308983644633,-0.008174761964051445,106.52039658966797,-0.0055425684522816005,104.0084265957078,0.018475170398866772,107.02409523809524,107.84684344233789,-0.017773755643993205,-0.26707070703833363,23.62804873006209,0.8027901131911079,1.3961200012389772,-0.5933298880478692,8.070866140143746,7.999493663740952,-117.319779083361,-2.5751862411241104,-91.92913384017122,1.3107142857142864,0.012373400223750712,0.11244586257662001,0.14231773168356157,0.15313327483598746,0.21218655991043667,185364.17805,0.5810849816459422,1502384.1600000006,1630662.2389741107,26.848441145752133,0.002548853016142698,106.2,2,0.007397533837444975
2026-08-28 10:00:00+00:00,105.94,106.22,104.53,106.2,169794.089,0.002548853016142605,-0.0014104372355429051,-0.009328358208955279,-0.026670332691778875,-0.00561797752808979,0.002545610199433596,-1.0,-2.9099999999999966,-0.14000000000000057,9.440196355986503e-05,106.57857142857144,-0.0035520407479058638,107.38928571428572,-0.011074528584153108,107.68476190476188,-0.013788040930630845,103.1734,0.0293350805534243,106.68247186915707,-0.004522503656873284,106.49126962697088,-0.0027351502896756585,104.09437065077809,0.020228080885043964,106.83857142857143,107.93050871526947,-0.016033545434485735,-0.16168350166390247,28.129829923675743,0.6873847748522905,1.25437295596164,-0.5669881811093493,27.51235584390247,13.724428031563434,-132.03104639388752,-2.747252747227589,-72.48764413962306,1.336428571428572,0.012584073177175026,0.10985064474834177,0.1357977586766498,0.1454031735459803,0.5763661712297774,166622.9944,1.019031554506735,1672178.2490000005,1634616.1446908622,26.59026603199453,-0.003389830508474571,105.84,0,0.008667522281943087
2026-08-28 11:00:00+00:00,106.19,107.05,105.56,105.84,190058.87,-0.003389830508474523,-0.0018860807242550015,-0.015808071415287395,-0.018636995827538194,-0.012686567164179152,-0.0033955890011381604,-1.7000000000000028,-2.009999999999991,-0.7000000000000028,-9.416195856789975e-05,106.44285714285715,-0.005663669306080232,107.18285714285715,-0.012528655968321548,107.63904761904762,-0.0167137080717959,103.3668,0.023926444467431314,106.51397749532566,-0.0063275967264381635,106.43206329724624,-0.005562828332916451,104.16282670368876,0.016101457202828986,106.632,107.89835112528024,-0.019076761635321206,-0.13225589223986037,27.871362880520763,0.5604160935343572,1.1155815834761833,-0.5551654899418261,21.581548596115127,19.054923526720447,-92.68292674656371,-3.0236393622592637,-78.4184513874104,1.375714285714285,0.012998056365280487,0.10931951769049097,0.13581193716139728,0.14547299305234654,0.11934915472823082,159199.64185,1.1938398088801907,1482119.3790000007,1620092.6431964943,35.1974546377387,-0.008975812547241144,104.89,0,0.00862543712401539
2026-08-28 12:00:00+00:00,105.84,106.01,104.55,104.89,247139.169,-0.008975812547241113,-0.00981780421032763,-0.013728255759285268,-0.015302290649643169,-0.03717642739122451,-0.009016337833187713,-1.4599999999999937,-1.6299999999999955,0.2400000000000091,0.0,106.11285714285715,-0.011524118525989027,106.875,-0.018573099415030887,107.5290476190476,-0.024542648497851857,103.515,0.013283099067639635,106.18918199626054,-0.012234598400937484,106.29187572476931,-0.01318892638969059,104.1913433035441,0.006705515777964141,106.32628571428572,107.62137858188616,-0.025379516763786397,-0.23185185182374823,19.258202529298828,0.378769222490007,0.9682191112789481,-0.5894498887889411,6.5454545442644525,18.54645299476068,-133.44854327103303,-3.867656493411532,-93.45454543755373,1.346428571428572,0.012836577094248597,0.09323089806002048,0.12904662910874762,0.13980161399879312,0.3003295715690617,154862.065,1.5958664182864823,1234980.2100000007,1583415.2686063522,23.328248962724444,0.0027648012203261153,105.18,2,0.007840235502465376
2026-08-28 13:00:00+00:00,104.88,105.61,104.65,105.18,189939.29,0.002764801220326074,-0.009604519774011222,-0.008110147114296473,-0.01562938699110894,-0.02773155851358844,0.002760986187685623,-0.8599999999999994,-1.6699999999999875,0.5999999999999943,-9.533797311383142e-05,105.77571428571427,-0.00563186256629315,106.59214285714287,-0.013248095209252006,107.35,-0.020214252445084055,103.678,0.01448716217505664,105.98734559700844,-0.00761737726757076,106.19079611342664,-0.00951867911732619,104.23011415438552,0.009113353211898104,106.10028571428572,107.38544854174665,-0.020537685242044044,-0.2674747474423263,22.651933657855395,0.25527074264057603,0.8256294375512737,-0.5703586949106977,11.882998169674147,13.33666710335124,-118.97613796154592,-2.4756606397545027,-88.11700181204432,1.3314285714285714,0.012658571700094245,0.09257274062651674,0.12507071631741676,0.13543519038236868,-0.23144805103718702,150735.47055,1.260083570953491,1424919.5000000007,1568320.4335009854,22.43626412178861,0.010743487355010415,106.31,2,0.00977070818596739
2026-08-28 14:00:00+00:00,105.17,106.7,103.63,106.31,615367.188,0.010743487355010517,0.004440665154950896,0.0035872746153120527,-0.004494802884165261,-0.019189962173632225,0.010686186139315752,0.37999999999999545,-0.480000000000004,1.2399999999999949,-9.507510933552043e-05,105.77000000000001,0.005105417415097727,106.39214285714286,-0.0007720763482730117,107.26095238095238,-0.00886578349189056,103.86380000000001,0.02355199790472174,106.05187647760675,0.0024339363994687817,106.20163283038787,0.0010203908049529462,104.31167830519394,0.019157219280282706,106.06266666666667,107.02824687482908,-0.0067108160302986695,-0.21656565653940604,33.213429200840764,0.2457460562327043,0.7096527612875598,-0.46390670505485554,43.79084966604733,20.73976745999531,-88.27818084551348,-0.19714607585244298,-56.209150317612796,1.4557142857142864,0.013693107757507227,0.10160478446313653,0.13557393022125427,0.14693082267799695,2.2398098781984492,171118.58325,3.5961447103670805,2040286.6880000005,1613269.6005961297,43.93514913236557,-0.010064904524503879,105.24,0,0.007066671922144891
2026-08-28 15:00:00+00:00,106.31,107.94,105.21,105.24,365591.73,-0.010064904524503926,0.0033368290590141125,-0.009039548022598987,-0.018283582089552275,-0.037937654264558085,-0.01011589812842196,-0.960000000000008,-1.960000000000008,-1.3400000000000034,0.0,105.6557142857143,-0.003934612420357992,106.2057142857143,-0.009092865597676261,107.11095238095238,-0.017467423632652097,104.0376,0.011557360031262159,105.88950118208541,-0.006133763733218587,106.11421166398897,-0.008238403228673356,104.34808307753927,0.0085475161224515,105.90904761904763,106.82951951952617,-0.014879029004906908,-0.1936700336465589,33.98773000296585,0.1501270448734715,0.5977476180047422,-0.4476205731312707,37.096774185000704,30.923540673574063,-53.953249047060964,-1.5067852129011996,-62.90322579195783,1.5057142857142867,0.01430743334948669,0.09902452433905447,0.1425586812576152,0.15554494454818707,-0.40589661403916133,180421.56769999999,2.0263194398570676,1674694.9580000006,1619119.6346345935,54.323822590816455,-0.0007601672367920781,105.16,1,0.007653259594173074
2026-08-28 16:00:00+00:00,105.25,105.72,103.0,105.16,586611.729,-0.0007601672367920642,-0.00019015021867285764,-0.006424792139077873,-0.022131299981402397,-0.03549481794001652,-0.0007604563104114905,-0.6800000000000068,-2.3800000000000097,0.28000000000000114,9.50209045981575e-05,105.5457142857143,-0.0036544760563797956,106.10857142857142,-0.008939630566989888,106.90952380952383,-0.01636452719239985,104.2312,0.008910959482295939,105.74360094566833,-0.005519019027569106,106.02746514908088,-0.008181513609261495,104.37992295685146,0.007473439537443729,105.76961904761906,106.42866657690917,-0.01192034644143986,-0.12404040402536934,40.1449274547784,0.06711924913761891,0.49162194423131755,-0.42450269509369865,43.7246963474241,41.53744006615738,-128.84922434233977,-1.5263601460668095,-56.275303632332985,1.5707142857142864,0.014936423409084727,0.09896503647022695,0.15078174860856258,0.1660949079738417,0.6045541538918293,202409.1312,2.898148544594895,1088083.2290000005,1568544.7388598705,47.23505096613464,-0.004659566375047498,104.67,0,0.007595201568709555
2026-08-28 17:00:00+00:00,105.16,105.26,104.3,104.67,191449.136,-0.004659566375047497,-0.01542658263568808,-0.0020974354085232516,-0.015796897038081736,-0.037340200496643106,-0.004670455994887973,-0.21999999999999886,-1.6799999999999926,0.46000000000000796,0.0,105.32714285714285,-0.006239064682765582,105.95285714285714,-0.012107810751298045,106.70190476190477,-0.019042816212322827,104.4058,0.0025305107570410064,105.52888075653468,-0.008138821812277685,105.90405922643717,-0.011652614974719052,104.39129852717102,0.002669776856485547,105.57780952380952,106.29169932167403,-0.01525706458743284,-0.14020202018502703,34.56090644704638,-0.0377685594774988,0.3857438434895543,-0.4235124029670531,33.80566800935113,38.209046180591976,-112.82705674072359,-2.360074626843657,-66.19433197040595,1.5335714285714295,0.014651489715838137,0.09944231956394287,0.15091933338844604,0.1660597580277079,-0.6736356834760799,206616.9594,0.926589649542578,896634.0930000006,1504553.2487779781,52.35450141428335,-0.014808445590904721,103.12,0,0.008709762460446527
2026-08-28 18:00:00+00:00,104.67,104.72,102.28,103.12,236491.444,-0.014808445590904773,-0.020144431774990368,-0.019585472523293457,-0.027536778574122955,-0.0556776556776557,-0.014919185235860517,-2.0600000000000023,-2.9200000000000017,-1.8400000000000034,0.0,104.93857142857142,-0.017329866452317152,105.6907142857143,-0.02432299093693831,106.43476190476191,-0.031143602385250997,104.5492,-0.013670118948651203,105.04710460522776,-0.018345147278942753,105.6509629331247,-0.023955890820444293,104.34144368296823,-0.0117062179690341,105.20009523809524,105.95300229897126,-0.026738291860296064,-0.2506397306093506,28.538011649177506,-0.24316193022180244,0.259962688747283,-0.5031246189690854,14.840989396671272,30.790451251148838,-175.4897669943698,-4.110098567936489,-85.15901058566088,1.6078571428571442,0.015592097971698526,0.10654346686585549,0.15485843449645068,0.168085690654664,0.23527036444813199,207343.10804999998,1.1405802016962623,660142.6490000006,1424133.1916562659,47.235849069666706,0.002812257564003026,103.41,2,0.004155416994333546
2026-08-28 19:00:00+00:00,103.11,103.88,103.01,103.41,151546.785,0.002812257564003051,-0.01664130848231271,-0.02727871319725339,-0.023789294817332274,-0.052501374381528354,0.0028083105659516966,-2.9000000000000057,-2.5200000000000102,-0.8400000000000034,-9.69743987578369e-05,104.72714285714285,-0.012576900516869615,105.41999999999999,-0.019066590779557243,106.15904761904763,-0.02589555653218281,104.678,-0.012113338046083106,104.71968368418221,-0.012506566464806251,105.44723903011337,-0.0193199845613052,104.30491647971459,-0.00857981109529061,104.896,105.7758807508247,-0.02236692083307364,-0.3123232322853755,27.5207591476523,-0.3781776830246315,0.13233461439290012,-0.5105122974175316,19.96466430742667,22.87044057114969,-159.5857206586894,-2.76445698163832,-80.03533567490548,1.6100000000000005,0.01556909389792507,0.10815754780081717,0.1542180803731707,0.16714773035918806,-0.35918702834763017,209601.62235000002,0.7230229580329356,811689.4340000006,1365805.2147366216,48.29130488044713,0.00435161009573545,103.86,2,0.004518501476342583
2026-08-28 20:00:00+00:00,103.4,104.31,102.82,103.86,89759.229,0.004351610095735481,-0.007738607050730928,-0.013112884834663552,-0.02203389830508473,-0.0481165795985703,0.004342169219289248,-1.3799999999999955,-2.3400000000000034,1.5200000000000102,-9.670244657087518e-05,104.53857142857143,-0.0064911105947969665,105.15714285714286,-0.012335280532419054,105.90761904761905,-0.01933401077290813,104.8184,-0.009143432832316216,104.54774694734579,-0.006578304816894654,105.30294457283033,-0.01370279414948977,104.28746877462775,-0.004098946686945148,104.68800000000002,105.54205777008032,-0.01593732210270797,-0.29279461275912305,28.454332506046697,-0.4437521026504925,0.017117270984221597,-0.4608693736347141,27.915194341357726,20.906949348485224,-130.78636587459576,-2.055827989418567,-72.08480564097442,1.6692857142857156,0.016072460179757782,0.11073291357874332,0.15508521674345582,0.16797300225635942,-0.40771274692498427,203175.47304999997,0.44178181378177717,901448.6630000006,1321580.7812378956,48.18994718985761,-0.004043905257076851,103.44,0,0.004239924355585527
2026-08-28 21:00:00+00:00,103.86,104.03,103.27,103.44,57741.634,-0.004043905257076874,0.003103180760279267,-0.0163560289083301,-0.02267573696145131,-0.0408901251738526,-0.004052103952570886,-1.7199999999999989,-2.4000000000000057,-0.3400000000000034,0.0,104.12857142857142,-0.006612704074569436,104.94928571428571,-0.014381095631086173,105.63761904761907,-0.020803375420716648,104.95120000000001,-0.014399073092881427,104.32619755787664,-0.00849448727752696,105.13358597530029,-0.016108895740340013,104.25423470503452,-0.0078100875933761185,104.45904761904761,105.39925669706142,-0.01858890430958282,-0.29387205383643344,31.274131217781473,-0.5235753419283071,-0.09102125159828414,-0.432554090330023,20.49469964302209,22.79151943060216,-122.35245721764741,-2.3506088926427857,-79.50530033931007,1.6321428571428587,0.015778643243687936,0.10563232106580998,0.1507040937356563,0.16411718647515622,-0.3567053255325979,198248.2375,0.2912592552052308,843707.0290000007,1276068.995310477,48.89996464496157,0.0067672080433101595,104.14,2,0.0037728244894675387
2026-08-28 22:00:00+00:00,103.45,104.21,103.41,104.14,75169.774,0.006767208043310102,0.007059278599748531,-0.0050635330085029295,-0.0071503479836019235,-0.022343221930153923,0.00674441327115095,-0.5300000000000011,-0.75,1.1899999999999977,9.667440061783103e-05,103.97142857142856,0.0016213245396932243,104.81357142857144,-0.006426376082643416,105.46095238095238,-0.01252551158620518,105.09540000000001,-0.009090787988731388,104.28895804630132,-0.0014283204002647671,105.04325997754572,-0.00859893321789708,104.24975491268022,-0.0010528073928911825,104.35114285714285,105.30141977436809,-0.011029478774793898,-0.2905723905371701,38.35784307144484,-0.5243077904573425,-0.17767855937009586,-0.3466292310872467,32.86219080691482,27.09069493043155,-89.80114808448445,-1.9397363464977446,-67.13780917541735,1.6100000000000014,0.015459957749035351,0.10272505979825579,0.1472506023406727,0.16134173742822927,0.3018296988270197,193027.76095,0.38942467979759066,918876.8030000007,1242050.6912809077,51.402980205510616,9.602458229311615e-05,104.15,1,0.0019553427080300644
2026-08-28 23:00:00+00:00,104.13,104.39,103.98,104.15,47355.357,9.6024582293186e-05,0.0027922202965531273,0.009988363072148898,-0.009792736261646673,-0.025269068788020488,9.601997222810106e-05,1.0300000000000011,-1.0300000000000011,1.5600000000000023,-9.602458229219408e-05,103.82714285714285,0.003109563973057351,104.68642857142858,-0.005124146259870143,105.34809523809524,-0.01137272805337457,105.2132,-0.010105195925890379,104.26116643704106,-0.0010662305136122947,104.96205452504155,-0.007736648531780328,104.2458429553202,-0.0009193935470439118,104.26266666666666,105.24154938652997,-0.010371848313545444,-0.25508417505325537,38.957816309502554,-0.5181089077896814,-0.24576462905401297,-0.27234427873566847,33.03886925211337,28.798586567350096,-67.12768083742633,-1.5967498110204366,-66.96113073021877,1.5607142857142864,0.014985254783478646,0.10164131857212812,0.14448913790953039,0.157998665294418,-0.37002129339912604,189134.28605,0.25037954772240917,966232.1600000006,1215782.259730345,53.85334854992557,-0.0023043686989919258,103.91,0,0.0019482685886787821
2026-08-29 00:00:00+00:00,104.14,104.59,103.86,103.91,50051.928,-0.0023043686989919765,0.004543696829079735,0.004835122328594954,-0.02257548678393384,-0.026968817304991233,-0.0023070278424257833,0.5,-2.4000000000000057,-0.5300000000000011,-9.601536245712049e-05,103.71857142857142,0.0018456537608461056,104.52285714285713,-0.005863379165129869,105.20809523809524,-0.012338358898573348,105.2974,-0.013176013842571836,104.19093314963284,-0.002696330104143401,104.86641320458324,-0.009120300536152232,104.23267264334686,-0.0030956957656440094,104.15914285714287,105.18443826442368,-0.012116224466662516,-0.13656565654910277,35.74097129509667,-0.5264931574626956,-0.3019103347357495,-0.22458282272694613,28.79858656735001,31.566548875459404,-64.05295784434036,-0.9343121365150737,-71.20141341498214,1.492142857142858,0.014359954355966684,0.10167088765019683,0.1425533541633915,0.15546881723830408,0.05694331477640424,186902.5551,0.2677969168116511,916180.2320000007,1187248.7332798361,55.96441219712905,0.0025021653353864415,104.17,2,0.0018146694430122396
2026-08-29 01:00:00+00:00,103.91,104.37,103.8,104.17,64108.716,0.002502165335386497,0.0002880737468791139,0.002984787213556661,-0.010167236792094192,-0.028264925373134298,0.0024990401318021696,0.3100000000000023,-1.0699999999999932,-0.18999999999999773,0.0,103.86857142857143,0.002902019035016366,104.40357142857144,-0.002237197687523554,105.08333333333333,-0.008691514670813342,105.33940000000001,-0.011101259357741821,104.18674651970628,-0.00016073560472440424,104.80310291325749,-0.006040879474488924,104.23021489262737,-0.0005777105294162919,104.11209523809522,105.12442293551767,-0.009078983825614192,-0.04922558921962231,39.47036563019104,-0.5063213512810307,-0.3427925380448058,-0.16352881323622492,33.39222614251024,31.743227320657876,-57.66087562710789,-0.96025860428827,-66.60777383982192,1.4264285714285734,0.013693276100747625,0.10087398005824151,0.14204904190150935,0.15497157856791668,0.2808440865654567,186070.67155,0.344539606730944,980288.9480000007,1167538.2775388993,51.90899086794735,-0.002111932418162608,103.95,0,0.0021224238658476276
2026-08-29 02:00:00+00:00,104.17,104.41,103.66,103.95,68283.045,-0.002111932418162654,-0.001920307249159925,0.00493039443155463,-0.011506276150627603,-0.03338292728287151,-0.0021141656923355256,0.5100000000000051,-1.2099999999999937,0.20000000000000284,0.0,103.9457142857143,4.123031252523713e-05,104.33642857142857,-0.003703678348164994,104.92857142857143,-0.009326072157841677,105.4066,-0.013818869027045514,104.13939721576503,-0.001818689380070047,104.72554810296135,-0.007405529185595315,104.21922607330866,-0.0025832668639920557,104.05161904761903,105.04339167876857,-0.010408952541268304,0.033265993261961106,43.47222213769293,-0.5022970432893459,-0.37469343909371383,-0.12760360419563205,29.505300348143987,30.565371019334748,-58.52594691708145,-2.2199228670659394,-70.49469963418817,1.375714285714287,0.013234384662828788,0.09942183184239223,0.14227747025942503,0.15533977604616145,0.0651132835042274,184838.53879999998,0.36941995670006694,912005.9030000006,1143201.860916147,55.262817633228835,-0.0007696007696007532,103.87,1,0.00229422700665085
2026-08-29 03:00:00+00:00,103.94,104.24,103.82,103.87,60285.896,-0.0007696007696007534,-0.0003849485131363073,-0.0025926637219128024,-0.0076430686920798685,-0.023319228960977822,-0.0007698970643018787,-0.269999999999996,-0.7999999999999972,-0.7800000000000011,-9.620009619921996e-05,103.94714285714288,-0.0007421354259650164,104.24285714285713,-0.0035768123886184217,104.75380952380954,-0.008437015587487667,105.455,-0.015030107628703842,104.08551777261204,-0.002070583662568568,104.64777100269214,-0.00743227490879565,104.20553093317892,-0.003219895625222166,103.98942857142859,104.97808441341293,-0.010555388008783202,0.090909090898072,40.62947059101393,-0.49980167898486627,-0.39971508707194436,-0.10008659191292191,28.091872786556284,30.32979975907017,-55.260925526953386,-1.3017863929940825,-71.90812719577588,1.3371428571428592,0.01287323440001912,0.09303955513950068,0.1402337561740542,0.15469481897487117,-0.11711763879305614,182665.76195000001,0.3300339119736153,851720.0070000007,1115441.6843527046,57.98108914724773,0.0,103.87,1,0.0025223841335837616
2026-08-29 04:00:00+00:00,103.88,104.05,103.46,103.87,64174.212,0.0,-0.0028799078429490033,-0.002688430148823806,0.0072730799069045116,-0.020463975858166727,0.0,-0.28000000000000114,0.75,-0.010000000000005116,9.627418888894417e-05,104.00857142857141,-0.0013323077768185932,104.06857142857143,-0.0019080825828940117,104.63571428571429,-0.007317905659019381,105.50900000000001,-0.015534219829440858,104.04241421808963,-0.0016571531849170944,104.57706454790194,-0.00676118182272463,104.19237285736799,-0.0030940158912225986,103.93971428571429,104.92647458714255,-0.01006871327078719,0.04451178450639,29.180887302298274,-0.4921508758519053,-0.41820224482793655,-0.07394863102396876,28.091872786556284,28.563015307085518,-63.80928777847179,-1.2267021681130896,-71.90812719577588,1.1600000000000017,0.011167805911127697,0.09288667796100254,0.13898617863463614,0.1532612314854722,0.0644979382905746,181431.57804999998,0.3537102674723699,851720.0070000007,1090325.3341286376,43.83964552054608,0.001444112833349297,104.02,1,0.0024865695199762367
2026-08-29 05:00:00+00:00,103.88,104.2,103.82,104.02,47055.05,0.0014441128333493314,0.0006734006734006037,0.0010586084111250393,0.005898849240885795,-0.01803077504012096,0.0014430711052063287,0.10999999999999943,0.6099999999999994,0.39000000000000057,9.627418888894417e-05,103.99142857142859,0.0002747479187817013,103.98142857142857,0.00037094536111862504,104.5395238095238,-0.004969640099618518,105.5678,-0.014661667667464393,104.03793137447171,-0.00017235420038294266,104.52642231627449,-0.004844921552345159,104.18561313747121,-0.0015895969940791952,103.9332380952381,104.8813192364254,-0.008212322677555074,0.01858585858360598,37.651821755642615,-0.46858228791751344,-0.4282782534458519,-0.04030403447166153,50.58139533413319,35.58838030241525,-40.629586311189485,-0.620999331225562,-49.41860463679703,0.9921428571428592,0.009538000933794666,0.09329619602029351,0.13743747963617528,0.15130086233040058,-0.26676076677030325,178398.71355000001,0.26376339304045243,898775.0570000007,1072082.450592577,33.623716595493605,-0.004133820419150093,103.59,0,0.002418235646804639
2026-08-29 06:00:00+00:00,104.02,104.02,103.32,103.59,44181.919,-0.004133820419150114,-0.0026956772889188407,-0.0055678218297013915,-0.0025996533795493715,-0.02457627118644068,-0.0041423882749157025,-0.5799999999999983,-0.269999999999996,-0.6899999999999977,0.0,103.91142857142857,-0.0030932937391436838,103.86928571428572,-0.0026888190513918164,104.42809523809525,-0.008025572391954224,105.6178,-0.01919941524989916,103.94834509957738,-0.0034473381873530847,104.441293014795,-0.008150923741113071,104.16225575953116,-0.005493887928529263,103.88104761904762,104.82751489003702,-0.01180524875862367,-0.008282828281824042,35.16068043624777,-0.47907889522910807,-0.43843838180250316,-0.04064051342660491,43.959731528872595,40.87766654985402,-69.36869829592476,0.4557796741615991,-56.04026843757036,0.8478571428571452,0.008184739288048658,0.0930417337258818,0.13389282713620865,0.14664370859554182,-0.06105892991294237,172118.10504999998,0.2566953603583132,854593.1380000007,1051369.1827266174,48.35948153794972,0.0014480162177815568,103.74,1,0.0017602461879860822
2026-08-29 07:00:00+00:00,103.59,103.98,103.58,103.74,35304.732,0.001448016217781456,-0.0012515644555695093,-0.0020202020202021442,0.0029002320185613772,-0.019841269841269882,0.0014469688532432923,-0.21000000000000796,0.29999999999999716,0.36999999999999034,0.0,103.88714285714286,-0.0014163721620854464,103.80285714285715,-0.0006055434752633345,104.31095238095239,-0.005473561192900931,105.65180000000001,-0.018095290378222786,103.90667607966192,-0.0016040940385056341,104.37753910435909,-0.006108010495587158,104.14569671013778,-0.003895472621043999,103.86380952380951,104.73966895735266,-0.009544320383045736,-0.0535353535288648,40.60606049121509,-0.4698773323509613,-0.4447261719121948,-0.025151160438766473,59.83606554924731,51.4590641374177,-54.463507841880244,0.3191180736841767,-40.163934409769084,0.807857142857145,0.007787325456423344,0.09313491307215614,0.13077453758841476,0.14283947397290067,-0.20092352711071693,164380.39815,0.21477458624831658,889897.8700000007,1035990.9624669397,40.88317188644478,-0.002699055330634289,103.46,0,0.0016974319226543623
2026-08-29 08:00:00+00:00,103.73,103.73,103.11,103.46,47755.559,-0.0026990553306343035,-0.0053835800807536804,-0.003947241744488461,-0.006529671595928654,-0.013633330155400913,-0.002702704347885139,-0.4100000000000108,-0.6800000000000068,-0.20000000000000284,-9.639483323592164e-05,103.78571428571429,-0.0031383344803552894,103.82714285714285,-0.003536097084405691,104.19761904761906,-0.007079039371090492,105.69539999999999,-0.021149453996851794,103.81734086372956,-0.003442015185065897,104.29412645850826,-0.007997827747587602,104.11880664307357,-0.006327450960187069,103.81809523809525,104.68663082212058,-0.011717167822442478,-0.06794612793789293,54.61956500959935,-0.4796495855677989,-0.4517108546433157,-0.027938730924483235,36.158192069966944,46.651329716028954,-89.63844508710044,-0.3851338340036148,-63.84180787353587,0.6785714285714306,0.006558780481005914,0.08854423874414333,0.12802853235081899,0.14064328310971147,0.35266737048166785,154411.21765,0.30927519209288284,842142.3110000007,1017529.186136755,49.39472971983402,-0.0012565242605837566,103.33,1,0.0011581409730393123
2026-08-29 09:00:00+00:00,103.47,103.63,103.3,103.33,55674.403,-0.0012565242605837579,-0.0025098947774881974,-0.005198806200057859,-0.007873259721555503,-0.017588895227229617,-0.001257314349105421,-0.5400000000000063,-0.8200000000000074,-0.12999999999999545,9.665571235171526e-05,103.69714285714284,-0.0035405301151362235,103.82142857142857,-0.004733402132737343,104.12333333333333,-0.007619169574469866,105.726,-0.02266235363086978,103.71987269098365,-0.003758900593153002,104.20647859864387,-0.00841097991624166,104.08787304922754,-0.007281088824457293,103.75180952380953,104.63317788942197,-0.012454729137508742,-0.08033670032696318,48.86363616929238,-0.49221018754032286,-0.45981072122271716,-0.03239946631760571,28.81355930575517,41.602605641656474,-88.29917715099593,-0.10634184067955918,-71.18644063774765,0.6400000000000026,0.00619374818536542,0.08762023127490266,0.12672247961662056,0.13910454800579447,0.16582036030611635,147697.9733,0.3769476436004665,786467.9080000006,995523.3501237307,36.53222030354034,0.0011613277847672945,103.45,1,0.006315203828295237
2026-08-29 10:00:00+00:00,103.33,103.6,103.03,103.45,44071.654,0.0011613277847672965,-0.0027954501638711715,-0.005479715439338562,-0.0044269079010681445,-0.02690245508418776,0.0011606539652885262,-0.5699999999999932,-0.45999999999999375,-0.029999999999986926,0.0,103.63714285714286,-0.0018057508339362283,103.79214285714285,-0.0032964234837165626,104.04095238095239,-0.0056799978030083655,105.7018,-0.021303326906246624,103.66589815278692,-0.002082634276381209,104.13770781694897,-0.006603830940385266,104.06285841984608,-0.00588930987622485,103.70228571428571,104.37370274177631,-0.008849956622241606,-0.09218855217737847,43.5736675203664,-0.48686923253258385,-0.4652224234846905,-0.021646809047893345,26.92307690581861,30.63160942718024,-95.43355544358008,-0.662569617815798,-73.07692303007882,0.5742857142857157,0.005551336049107437,0.07669222466906576,0.11101178038848142,0.12137340562083715,-0.20840365365031388,119133.1966,0.369935964599137,830539.5620000006,979810.6083976612,26.954309315575586,0.0004833252779120073,103.5,1,0.007082135713676524
2026-08-29 11:00:00+00:00,103.44,103.71,103.41,103.5,19678.887,0.0004833252779119501,0.0003866228494104895,-0.0008688097306690512,-0.006431794182586215,-0.016533637400227952,0.0004832085138716423,-0.09000000000000341,-0.6700000000000017,0.47999999999998977,-9.6665055581522e-05,103.5842857142857,-0.0008136920933872953,103.79642857142858,-0.0028558648453085424,103.90714285714287,-0.003918333677009252,105.6838,-0.0206635264816305,103.63271852222955,-0.0012806623634002555,104.07973437904452,-0.005570098564314533,104.04078554063643,-0.005197822544506029,103.66333333333333,104.0503966202617,-0.0052897118909129215,-0.07555555554639787,51.063829533725716,-0.47314775231247097,-0.4668074892502466,-0.006340263062224349,30.128205108892057,28.621613773488615,-61.87729398465164,-0.6240998559709694,-69.87179482700537,0.5414285714285724,0.005231193926795567,0.06961014415413548,0.09684771814095487,0.10557702333024134,-0.5534797264472988,101837.55445,0.1932380162336057,850218.4490000006,967468.4979788365,31.08334120996109,0.0011594202898551165,103.62,1,0.007317331022457421
2026-08-29 12:00:00+00:00,103.51,104.01,103.38,103.62,43934.773,0.001159420289855051,0.002806542146520874,-0.0011567379988431936,-0.0031746031746031633,-0.014644351464435101,0.0011587486812184486,-0.11999999999999034,-0.3299999999999983,-0.029999999999986926,9.661835748703862e-05,103.52714285714285,0.0008969352412670417,103.75928571428572,-0.0013423927634575081,103.83000000000001,-0.0020225368390444512,105.6742,-0.01943899267730965,103.63017481778365,-9.81839295498859e-05,104.03794034458593,-0.004017191643718093,104.02428414688599,-0.003886440076926987,103.63980952380953,103.81295230634308,-0.001858653492213855,-0.05892255891541689,38.39285690290185,-0.44743265809657373,-0.46293252301951204,0.015499864922938311,37.820512796269064,31.623931603659912,-28.143077222005868,-0.2790876720211733,-62.179487139628364,0.529285714285716,0.00510794937541602,0.06996609607591416,0.08037256047784158,0.08424352143353735,1.2325842411717698,74703.70665,0.5881203888026808,894153.2220000006,960486.090742757,27.958603166821177,0.0017371163867978441,103.8,2,0.00739452533717039
2026-08-29 13:00:00+00:00,103.61,103.97,103.51,103.8,36495.595,0.0017371163867978545,0.003383276945384095,0.003286294219988495,-0.0006739193222298212,-0.008311837202636951,0.0017356093451459686,0.3400000000000034,-0.07000000000000739,0.45999999999999375,-9.650646593233553e-05,103.55714285714286,0.0023451510552952347,103.73428571428572,0.0006334866554597139,103.76523809523808,0.0003350053004232651,105.67119999999998,-0.017707757648084625,103.66413985422693,0.0013105799745485988,104.01630940416904,-0.0020795719960267035,104.01548869014536,-0.0020716980985900782,103.6452380952381,103.67849602901427,0.001171930300286699,-0.03286195285796956,42.73858896334407,-0.4078275824790154,-0.4519115349114127,0.04408395243239732,49.35897432733366,39.10256407749826,6.480117791690576,-0.3551886339603078,-50.64102560856377,0.5328571428571445,0.005133498486050202,0.06887467408152112,0.07853417814063814,0.08235183258470709,-0.16932323742744726,66956.0296,0.5450680874900542,930648.8170000006,957644.4456243992,26.790233713762618,0.015221579961464338,105.38,2,0.007384762818382209
2026-08-29 14:00:00+00:00,103.8,105.5,103.79,105.38,151794.134,0.015221579961464338,0.018164251207729354,0.019839349656440408,0.014537402522383669,0.02191621411947242,0.01510689404935144,2.049999999999997,1.509999999999991,1.7099999999999937,0.0,103.79142857142857,0.015305420210714966,103.83928571428571,0.014837489251791777,103.79904761904761,0.01523089486080255,105.69019999999999,-0.0029349930267617975,104.00731188338156,0.0131979962922642,104.1402812765173,0.011904315105305338,104.06899893759064,0.012597421670049503,103.86466666666666,103.88262773347498,0.014414077687294526,0.08989898988809321,69.59999974016014,-0.24611047101251415,-0.41075132213163307,0.16464085111911891,95.1417003663392,60.773729163313966,265.45798290202106,1.3756613756481346,-4.858299593174964,0.6028571428571438,0.0057207927771059305,0.06808407136429723,0.06967944808229591,0.07024977050945619,3.159245355501122,62721.16410000001,2.420142166972273,1082442.9510000006,969530.0175649326,42.82589094602421,-0.003321313342190115,105.03,0,0.0024424788788233857
2026-08-29 15:00:00+00:00,105.39,105.51,104.65,105.03,92382.648,-0.003321313342190102,0.013607411696583638,0.015273078782020333,0.009709671217073668,0.015665796344647598,-0.0033268411464556545,1.5799999999999983,1.0100000000000051,-0.46999999999999886,9.489466691886715e-05,104.01571428571428,0.009751273845891112,103.90071428571427,0.010868892692782284,103.89,0.010973144672143878,105.6696,-0.006052828817313102,104.21184950670525,0.007850839392637966,104.2211647968339,0.007760757661220343,104.10668525376356,0.008868928484054246,104.02342857142857,104.03085151609521,0.009604347838492906,0.18222222220013476,61.19791644354937,-0.1445245805927584,-0.3575059738238581,0.2129813932310997,80.64516125780425,75.0486119838257,241.92212020943876,1.1167805911127646,-19.354838701873177,0.6235714285714289,0.0059370792018041685,0.06949659580983769,0.06955702471760526,0.06996781867724026,-0.39139513783846214,59762.95725,1.5458178820292308,990060.3030000005,971485.2828444629,52.784480861041104,-0.0015233742740169151,104.87,0,0.001831311888204623
2026-08-29 16:00:00+00:00,105.03,105.39,104.84,104.87,132739.086,-0.001523374274016942,0.010308285163776576,0.013236714975845443,0.012356405058403297,0.009724629308684785,-0.001524535788370238,1.3700000000000045,1.2800000000000011,-0.20999999999999375,0.0,104.23571428571428,0.006085109298920678,103.96642857142857,0.00869099228451387,103.95952380952382,0.008757987311827425,105.631,-0.007204324488008173,104.34347960536421,0.00504603063480434,104.28014981530355,0.005656399475216709,104.13661916538068,0.007042487460127655,104.15266666666666,104.1649586380739,0.0067685080581564635,0.2193939393673469,62.16931193905562,-0.07605102450214929,-0.30121498395951635,0.22516395945736706,74.19354835718003,83.32680332710783,191.89880179814782,0.9627418888903172,-25.806451602497376,0.6092857142857143,0.0058099143156279615,0.06862280530326217,0.06341851072120006,0.06203622408247649,0.43684002216520157,61911.9501,2.1439978192513416,857321.2170000005,960612.5146687998,48.82849605741127,0.0,104.87,1,0.001881225327030769
2026-08-29 17:00:00+00:00,104.87,105.15,104.37,104.87,61198.348,0.0,-0.004839628012905606,0.012063308241652138,0.010892616155774082,0.013824439288476542,0.0,1.25,1.1300000000000097,-0.12000000000000455,0.0,104.43857142857144,0.004130931374520997,104.03785714285713,0.007998462098197908,104.00761904761904,0.008291517104894345,105.5844,-0.0067661510601303935,104.44878368429137,0.0040327546271651795,104.33377255936685,0.005139538497209974,104.16537919811086,0.006764443304548193,104.27314285714286,104.22329495543381,0.006204995196481915,0.2504377104073551,63.51351327319226,-0.02153697315478098,-0.24527938179856928,0.2237424086437883,74.19354835718003,76.34408599072144,128.1115164418074,0.8171505479636965,-25.806451602497376,0.635,0.006055115857670877,0.06654686495605462,0.06347843249908634,0.06276108136891106,-0.5389575908334943,62084.7858,0.9857221412850395,857321.2170000005,950775.2482241523,48.751013489240144,0.0024792600362352523,105.13,2,0.0025728832988503834
2026-08-29 18:00:00+00:00,104.87,105.3,104.75,105.13,76082.809,0.002479260036235331,0.0009521089212605194,0.012813102119460407,0.016141503962884274,0.009506433647013646,0.002476191741425768,1.3299999999999983,1.6700000000000017,0.0799999999999983,0.0,104.67142857142858,0.004381056366820329,104.12785714285714,0.009624157114443962,104.08809523809524,0.010009835990479566,105.5082,-0.003584555513186863,104.5850269474331,0.005210813330244759,104.40615687215168,0.006932954430338294,104.20320746485162,0.008894088365294307,104.4187619047619,104.29287235321151,0.008026700462763539,0.261279461247791,65.90909067607905,0.04215964226729341,-0.18779157698539675,0.22995121925269016,84.67741932069423,77.68817201168476,141.89025833284714,1.4866299835747907,-15.322580638983194,0.6321428571428568,0.006012963541680242,0.06300383233054796,0.0623237520926568,0.0626325225594521,0.24321671232040432,62130.437549999995,1.2245658005992712,933404.0260000005,949120.8461075664,56.66917380860846,0.002092647198706353,105.35,2,0.0024748189521199703
2026-08-29 19:00:00+00:00,105.13,105.88,105.12,105.35,81612.375,0.0020926471987063877,0.004577095451511193,-0.0002846840007592055,0.01954901771024864,0.011521843494959105,0.002090460662458533,-0.030000000000001137,2.019999999999996,-1.3599999999999994,0.0,104.91857142857144,0.004112032460508282,104.22285714285714,0.010814737649986701,104.14571428571428,0.011563468766177988,105.4516,-0.0009634751867116414,104.73802155794647,0.005842944452689569,104.49196079286517,0.00821153321859378,104.24817972113195,0.010569204007253566,104.58171428571428,104.3712648912719,0.009377438414091289,0.2533333333026257,66.50124046376754,0.10913380372598169,-0.12840650084312105,0.23754030456910274,81.40350874336711,80.09149214041379,160.44523677428504,1.5519568150997494,-18.59649122154517,0.6592857142857126,0.006258051393255383,0.0632403635087395,0.06363731258855607,0.0642737497481602,0.07267825771259329,63843.28844999999,1.2783234852307914,1015016.4010000005,955396.6132401791,58.3365524935046,-0.0011390602752728081,105.23,1,0.0029892407119076103
2026-08-29 20:00:00+00:00,105.36,105.52,105.07,105.23,35687.088,-0.001139060275272774,0.00343282158863345,0.0019042178425212608,0.017206379893668355,0.01270330093350025,-0.0011397094974771,0.20000000000000284,1.7800000000000011,0.23000000000000398,9.492168960522254e-05,105.12285714285714,0.0010192156116556055,104.34,0.008529806402065082,104.19714285714285,0.009912528448724516,105.3884,-0.0015030117166452597,104.83641724635719,0.003754256049347581,104.55905526624106,0.006416897436994675,104.286682477166,0.009045426514852512,104.71599999999998,104.4067250537893,0.00788526740761837,0.21979797977133753,72.04301048155884,0.15079009770387586,-0.07256718113372168,0.22335727883759754,77.19298242905535,81.09130349770555,116.11106571459344,1.7108061086244946,-22.807017535856932,0.6414285714285697,0.006095491508338631,0.06266801485834352,0.06252815087396635,0.06287682116805196,-0.5627245500452596,63125.04645,0.5653395919204023,979329.3130000005,957675.9179792098,58.83812885413613,-0.0017105388197282791,105.05,0,0.00294214662439933
2026-08-29 21:00:00+00:00,105.23,105.4,104.76,105.05,54734.274,-0.001710538819728269,-0.0007609626177114137,0.001716410794316614,0.014975845410627908,0.008447729672650395,-0.0017120034617114457,0.1799999999999926,1.5499999999999972,-0.020000000000010232,0.0,105.0757142857143,-0.00024472149334275043,104.43357142857143,0.0059025901632051535,104.25142857142858,0.007660052619965914,105.30160000000002,-0.0023893274176046263,104.87913379708576,0.0016291725219927291,104.60368660567369,0.00426670807506545,104.3166164976693,0.007030361288031723,104.81066666666668,104.45070532210094,0.005737583830049152,0.15508417506537672,67.46666641479128,0.16734941523408509,-0.024583861860160323,0.1919332770942454,70.87719295758696,76.49122804333648,82.3695060609933,1.664569824816949,-29.12280700732533,0.6585714285714265,0.00626912354655076,0.06279056233272576,0.0627858367089981,0.06335922833725612,0.533727660827916,62656.32435000001,0.8735634362183762,924595.0390000006,954525.358076428,53.832407619526265,0.004378867206092413,105.51,2,0.002793044091405949
2026-08-29 22:00:00+00:00,105.04,105.56,104.9,105.51,24460.831,0.004378867206092485,0.0015187470336972542,0.006102793935348627,0.01823972206137814,0.015007215007215136,0.004369307862991502,0.6400000000000006,1.8900000000000006,0.46000000000000796,-9.519276534884067e-05,105.14428571428572,0.0034782136111950693,104.58,0.008892713711905852,104.31523809523809,0.011453378495476061,105.23119999999999,0.002649404359138438,105.00530703766862,0.004806356712480588,104.68607873243063,0.007870399555870102,104.36341585070188,0.010986456699801701,104.95419047619048,104.49342866225025,0.009728567152541669,0.10626262624974632,76.08142466535908,0.21511128036192417,0.023355166584256577,0.1917561137776676,87.01754382911696,78.36257307191975,94.39403517704993,1.9913001449783367,-12.982456135795317,0.6607142857142837,0.006262101087176775,0.06353083631889439,0.06232693686135997,0.06212519556410338,-0.5530984662370784,60465.213650000005,0.40454386122887026,949055.8700000006,954004.4544501016,57.86819605048788,0.0009477774618519032,105.61,1,0.0016669522349988032
2026-08-29 23:00:00+00:00,105.52,105.78,105.42,105.61,46744.536,0.0009477774618518175,0.0036111375083149877,0.004565775706268482,0.017437379576108025,0.016751708866852733,0.0009473286043821605,0.480000000000004,1.8100000000000023,-0.1599999999999966,9.477774618421123e-05,105.25,0.003420427553411677,104.74285714285715,0.008278777959549935,104.39428571428573,0.01164541025770208,105.1688,0.004195160541869829,105.1262456301349,0.004601651727985082,104.77007157493694,0.008016873639857041,104.41230150361554,0.01147085620300705,105.09152380952382,104.56287005223967,0.010014357364398702,0.051380471374243605,79.23076894635128,0.2580573424380077,0.0702956017550068,0.1877617406830009,90.52631575771018,82.80701751480468,105.97200836026386,2.0386473429754712,-9.473684207202094,0.6628571428571409,0.0062764619150730465,0.06327703869157017,0.06215616179145533,0.06187681722573403,0.9109954195750751,59788.14565,0.7818361899638415,995800.4060000005,957985.0212643777,63.59265863034849,-0.003408768109080574,105.25,0,0.0015289698800831882
2026-08-30 00:00:00+00:00,105.61,105.71,105.23,105.25,48518.091,-0.003408768109080529,0.0019038553069967712,-0.0009492168960606451,-0.0012336306699562982,0.01328583806681416,-0.0034145911958922293,-0.09999999999999432,-0.12999999999999545,-0.5799999999999983,0.0,105.30428571428571,-0.0005155128674675738,104.87142857142858,0.0036098624165299895,104.46,0.00756270342707681,105.08980000000001,0.0015244105517230463,105.15099650410792,0.0009415364493218859,104.81370143176085,0.004162610062187746,104.44515242504238,0.007705935184761518,105.15914285714287,104.63899759693662,0.005839146179621175,0.0673400673319047,71.73913019218662,0.26004576893707565,0.10824563519142058,0.15180013374565507,74.79999997008018,84.11461985230244,79.52659295435654,1.57305539469626,-25.199999989919817,0.6564285714285693,0.006236851034891519,0.06500930452864641,0.06172976190348701,0.06081779866389928,0.03794143982945952,59005.33959999999,0.822266108947184,947282.3150000005,956965.7159058657,63.219244235930155,-9.501187648460918e-05,105.24,1,0.0006674491182808368
2026-08-30 01:00:00+00:00,105.26,105.39,105.01,105.24,49372.241,-9.501187648464082e-05,-0.002558999147000418,9.502993442933594e-05,0.0019994287346472017,0.011728513747356173,-9.501639039889663e-05,0.009999999999990905,0.20999999999999375,0.10999999999998522,9.501187648370644e-05,105.32000000000001,-0.0007595898214892984,104.99571428571429,0.0023266255765319386,104.52523809523808,0.006838175332390266,105.01180000000001,0.002173089119487655,105.16879720328635,0.0006770334795722781,104.85245584705531,0.0036960903758542947,104.47632291817797,0.007309570824126329,105.20828571428572,104.68787761495919,0.005273985848354183,0.058518518511424866,71.21951195193341,0.25784244760230024,0.13816499767359652,0.11967744992870372,74.39999997023997,79.90877189934344,58.34053579298936,1.3872832369808525,-25.59999998976002,0.6621428571428548,0.006291741325889045,0.06499517914253435,0.061718707986178324,0.06087335907674269,0.01760477344419842,59121.19915,0.8351021581063308,897910.0740000005,951341.369057688,59.114088750219466,-0.00019004180919798578,105.22,1,0.0017053121663438678
2026-08-30 02:00:00+00:00,105.24,105.49,105.18,105.22,44830.246,-0.00019004180919801605,-0.003692832118170619,0.001618277010947189,0.0033374654333937492,0.015735109566560324,-0.0001900598694308068,0.1700000000000017,0.3499999999999943,0.1600000000000108,0.0,105.30142857142857,-0.0007732902823114712,105.11,0.001046522690504737,104.58238095238096,0.006096811353943717,104.93400000000001,0.0027255227094865496,105.17903776262908,0.00038945248256572754,104.88586895186846,0.003185663154315708,104.50548672530824,0.006837088626389624,105.2381904761905,104.74995508323573,0.004487304232123771,0.033804713800616046,69.99999975500008,0.25158238162659075,0.16084847446419537,0.09073390716239538,72.15189870373341,73.78396621468453,60.895558177029095,-0.15183146707010653,-27.8481012540725,0.6392857142857105,0.006075705324839714,0.06265823381479099,0.0603437252052737,0.059634244015005174,-0.09199491268788063,59153.61549999999,0.7578614700228974,853079.8280000004,941983.127052194,59.182949308873226,-0.0014255844896408068,105.07,1,0.003077799748805323
2026-08-30 03:00:00+00:00,105.22,105.34,104.96,105.07,31642.027,-0.0014255844896408076,-0.0017102137767222025,-0.0041702208321486856,0.0019071231047962378,0.012820512820512775,-0.001426601601977332,-0.44000000000001194,0.19999999999998863,-0.6100000000000136,0.0,105.27857142857144,-0.001981138476133053,105.20071428571428,-0.0012425227965471948,104.65285714285713,0.003985967211286488,104.8784,0.0018268776029970624,105.15723021010326,-0.0008295217545018715,104.90260813806223,0.001595688276080408,104.52762450078636,0.005188824502601843,105.23285714285716,104.78940632943484,0.0026776911940921853,-0.004713804713233554,65.99496198389687,0.23184492387780153,0.1750477643469166,0.05679715953088493,61.24401910945231,69.26530592780857,41.68065608660307,0.038084356850053507,-38.755980842700794,0.6335714285714259,0.0060299936096449595,0.06308574241475715,0.060276076628890264,0.05954171731083365,-0.29418127663185256,58970.48025,0.5365740089932448,821437.8010000004,930502.6198091279,55.59542637281463,0.000380698581897842,105.11,1,0.0030571739026753002
2026-08-30 04:00:00+00:00,105.07,105.13,104.68,105.11,37178.984,0.0003806985818979314,-0.0012352717597871044,-0.004734400151500839,-0.00019024065442785343,0.01594819253817903,0.0003806261345792796,-0.5,-0.01999999999999602,-0.05999999999998806,0.0,105.28714285714285,-0.0016824737791728786,105.18142857142857,-0.000679098700198612,104.71809523809523,0.003742474125507737,104.85019999999999,0.002477820738515853,105.14778416808262,-0.00035934345532060764,104.92146194369295,0.0017969446175505673,104.55046275565749,0.005351839002806115,105.2207619047619,104.85066250655429,0.002473398710542514,-0.02424242423948611,44.44444418838599,0.2169298795004977,0.18342418737763283,0.03350569212286486,49.006622484101534,60.80084676576241,22.755311820006046,0.2288547725733826,-50.993377449673304,0.5435714285714255,0.005171453035546133,0.06185597709826924,0.05961122895660381,0.05888188719329593,0.17498743048288268,58441.6515,0.6361727132231942,858616.7850000004,923656.3498273062,44.843931364168775,-0.00028541527923129235,105.08,1,0.003018125831447287
2026-08-30 05:00:00+00:00,105.12,105.27,104.91,105.08,23861.491,-0.0002854152792313158,-0.001330545523664739,-0.0016152019002375617,-0.0025628856193640193,0.0169360301945225,-0.0002854560179239398,-0.1700000000000017,-0.269999999999996,0.3299999999999983,9.513842640957071e-05,105.22571428571428,-0.0013847782996962254,105.18500000000002,-0.0009982411940772918,104.79523809523809,0.002717317217223155,104.81479999999999,0.002530177036043355,105.1342273344661,-0.0005157914395763328,104.9358744942663,0.001373462664002471,104.5712289221023,0.004865306481879658,105.20723809523811,104.92566794466332,0.0014708703633566893,-0.0290235690200517,51.18483378360768,0.20037900564933864,0.186815151031974,0.013563854617364646,47.01986751852976,52.42350303736119,30.929513206713715,0.20024792600170804,-52.98013241524507,0.5078571428571398,0.004833052368217613,0.06152320485146278,0.05967074567549572,0.059035041761935435,-0.358199487108093,56851.005900000004,0.4197197678783654,834755.2940000003,915189.5826056581,39.80153519958742,0.0031404644080700256,105.41,2,0.003968241479546538
2026-08-30 06:00:00+00:00,105.07,105.42,104.89,105.41,25097.341,0.0031404644080699207,0.0032359379461310844,0.0016153553781832475,0.0017105388197280469,0.018946350894151642,0.0031355434497585912,0.1700000000000017,0.1799999999999926,0.3400000000000034,-9.516558812247764e-05,105.19714285714285,0.0020234118253970226,105.22357142857142,0.0017717377284932727,104.89428571428573,0.004916514586066864,104.78720000000001,0.005943474012036205,105.18938186757288,0.0020973422270202857,104.97897681296936,0.0041058048012264205,104.60412190554929,0.007704075898372879,105.2372380952381,104.99444014914032,0.0039579224410876985,-0.019057239054929554,61.8421048834255,0.2114530616844803,0.19174273316247528,0.01971032852200502,68.87417213981831,54.96688738081653,48.75111190344358,0.26633691619645944,-31.125827793956518,0.5064285714285687,0.004804369333305799,0.062056047409531044,0.05947870057471941,0.058388090618899394,0.05179265620911955,55902.29025,0.448950139390748,859852.6350000004,909919.397119405,50.38746559570315,-0.00531258893843091,104.85,0,0.003595872230346734
2026-08-30 07:00:00+00:00,105.42,105.44,104.72,104.85,28505.888,-0.0053125889384308955,-0.0024735990866711077,-0.0035164417411138738,-0.0019038553069966602,0.01304347826086949,-0.005326750919168881,-0.37000000000000455,-0.20000000000000284,-0.5400000000000063,9.486765961398585e-05,105.13999999999999,-0.002758227125710803,105.22214285714287,-0.0035367352064345154,104.96095238095238,-0.0010570824524212435,104.7402,0.0010483080994588942,105.12150549405831,-0.002582777831992527,104.96725164815396,-0.0011170307530378445,104.61376418376305,0.0022581714564798103,105.18742857142855,105.02006439998922,-0.0016193515111539714,-0.058787878780753776,49.64788707920037,0.17304723023983115,0.18800363257794647,-0.014956402338115321,14.166666654860203,43.35356877106941,-2.884402031670558,-0.4746084480258699,-85.83333326180646,0.5021428571428542,0.004789154574516596,0.06591941579169566,0.06093389209584347,0.05925071983672019,0.13581307278727262,56343.64030000001,0.5059291137069021,831346.7470000003,902436.2875842236,53.07935381831379,-0.0009537434430137751,104.75,1,0.00460628754959848
2026-08-30 08:00:00+00:00,104.84,105.08,104.47,104.75,47694.827,-0.0009537434430137992,-0.0031404644080700317,-0.0030455886551822298,-0.007203108710074901,0.010905230650453568,-0.0009541985456818123,-0.3199999999999932,-0.7600000000000051,0.05000000000001137,-9.537434430038657e-05,105.06999999999998,-0.0030455886551530734,105.19500000000001,-0.00423023907976403,105.02047619047619,-0.0025754614746085185,104.68440000000001,0.0006266454218523731,105.04720439524665,-0.0028292461180173135,104.94750149832177,-0.0018819075776000899,104.61910676479195,0.0012511408217341811,105.12447619047619,105.06183659109281,-0.0029681243085777436,-0.06781144780322838,42.910447537035076,0.13300793517362308,0.1770044930970818,-0.04399655792345872,19.85815601428512,34.29966493632121,-88.45315865597573,-0.45614368525652615,-80.14184391479289,0.5064285714285687,0.004834640299987914,0.0661319320186575,0.06082131384622139,0.059106233637585694,0.6731570333820156,56531.643,0.8436837224065672,783651.9200000003,891123.4906714404,42.586993877827176,-0.0014319809069212952,104.6,1,0.005082026254260047
2026-08-30 09:00:00+00:00,104.75,104.97,104.47,104.6,43552.099,-0.0014319809069213152,-0.007684280428801871,-0.004852059746931814,-0.009563488306031709,0.007707129094412402,-0.0014330071714246603,-0.5100000000000051,-1.0100000000000051,-0.19000000000001194,0.0,104.98142857142857,-0.0036332956849164733,105.14142857142858,-0.00514952648808276,105.06714285714285,-0.004446136484110707,104.6494,-0.0004720523959003454,104.95776351619733,-0.003408642716922203,104.91591045301979,-0.0030110824149807733,104.61835747989815,-0.00017547092441695563,105.04514285714285,105.08898065778165,-0.004653015518052717,-0.06828282827455176,35.63218371691558,0.08815654519101201,0.15923490351586783,-0.07107835832485582,9.923664114561724,14.64949559456901,-156.22859441552575,-0.4283674440701753,-90.07633580910239,0.4878571428571407,0.0046640262222990125,0.0663342797711738,0.06093833725843689,0.059326576258135665,-0.08685906335292914,56884.4682,0.7656237348809255,740099.8210000002,876740.2840360651,30.50733146404788,0.0046845124282983664,105.09,2,0.005807712791536359
2026-08-30 10:00:00+00:00,104.6,105.24,104.5,105.09,46764.554,0.004684512428298371,0.002288984263233207,9.516558812339149e-05,-0.001520190023752921,-0.002751945340671802,0.004673574246682703,0.010000000000005116,-0.1599999999999966,0.5200000000000102,0.0,104.98428571428572,0.001006953421590913,105.13142857142857,-0.0003940645722323342,105.12857142857145,-0.0003668976763113757,104.63040000000001,0.004392604826088805,104.98421081295787,0.0010076675932688868,104.93173677547253,0.0015082493570520892,104.63685326500018,0.004330660956019605,105.03828571428572,105.11163377628596,-0.0002058171441972902,-0.05212121211489398,47.65100648754562,0.09110025337906791,0.14560797348850785,-0.05450772010943994,47.328244238680995,25.703354789175943,-63.897184918647504,-0.3980665339740508,-52.671755684983125,0.5085714285714259,0.004839389366891107,0.04067255224236902,0.05221309356033175,0.05617371317511712,0.07376119805385262,51632.989199999996,0.9057107621419505,786864.3750000002,868180.673651678,38.34633326918363,0.00028546959748787835,105.12,1,0.006816376986044185
2026-08-30 11:00:00+00:00,105.1,105.32,104.93,105.12,42799.764,0.00028546959748787515,0.0035322195704057258,-0.002751162128830198,-0.0011402508551880963,0.0008568980291345785,0.0002854288587952512,-0.28999999999999204,-0.11999999999999034,-0.29999999999999716,9.515653249496382e-05,104.98571428571428,0.001279085589864084,105.13642857142858,-0.00015625955391150774,105.11619047619048,3.624107563476643e-05,104.6142,0.004834907689349753,105.01136865036631,0.0010344722769431653,104.94885161406594,0.0016307790252131841,104.6558001957845,0.004435490468207927,105.03676190476189,105.11668207016822,3.156425570523719e-05,-0.032727272723305105,51.236748863139866,0.09476156032552296,0.13543869085591087,-0.040677130530387906,49.61832057281079,35.62340964201783,0.18365472809306088,-0.4639712148426808,-50.381679350853325,0.490714285714282,0.004668134376994044,0.038900982262310424,0.049843276677113385,0.05363781669250413,-0.08478194831067976,49153.845,0.8707307434443661,829664.1390000002,864512.4322562801,47.100976534328346,0.009417808219178033,106.11,2,0.006859497446398363
2026-08-30 12:00:00+00:00,105.11,106.19,105.08,106.11,113046.112,0.009417808219178037,0.014435946462715066,0.012017167381974225,0.008458467971868444,0.011824163249737785,0.009373737149198515,1.2600000000000051,0.8900000000000006,1.5499999999999972,-9.512937595043746e-05,105.13285714285715,0.009294362235450247,105.17928571428571,0.008848836340585902,105.16761904761904,0.008960751996727195,104.6124,0.014315702536082624,105.23109492029306,0.00835214230512674,105.05441055824176,0.010048025933789624,104.71282763908707,0.013342895922123442,105.16657142857143,105.20756632437305,0.008577649946164669,0.04680134679567469,58.9285711830356,0.17552456080692025,0.14345586484611275,0.0320686959608075,95.34883715386705,64.09846732178627,196.81057862243264,0.817102137759457,-4.651162787993414,0.5228571428571394,0.004927501110660747,0.05065807436057186,0.053495101200906434,0.05454427899902308,1.6412788631264412,48169.196299999996,2.3468548508873015,942710.2510000002,871959.8435652058,54.59229835941638,0.009612666101215682,107.13,2,0.006643872362478612
2026-08-30 13:00:00+00:00,106.11,107.48,105.87,107.13,173924.212,0.009612666101215694,0.019411932629174844,0.02272076372315035,0.019605976967735916,0.021550491084199486,0.0095667583889678,2.3799999999999955,2.0600000000000023,1.1199999999999903,0.0,105.37857142857142,0.016620348403556823,105.28785714285713,0.017496251772185847,105.27523809523808,0.017618216195021776,104.6382,0.023813483029870394,105.61087593623445,0.014384163091956318,105.2431005074925,0.01792896145581756,104.80761871206406,0.022158515921385586,105.42666666666666,105.49261821617654,0.0155212924988988,0.16505050503049915,67.7570091241592,0.31816765735723607,0.17839822334833744,0.13976943400889863,88.37209299389605,77.77975024019129,364.0524384157684,1.7958950969042584,-11.627906972881357,0.6121428571428537,0.005714019015561837,0.059827929240916754,0.0603738396267359,0.06012867493882497,0.5385244916693819,53805.4895,3.2324622193056487,1116634.4630000002,895262.1882732814,62.34573390790422,-0.003733781387099706,106.73,0,0.004702935664965363
2026-08-30 14:00:00+00:00,107.12,107.25,106.63,106.73,91819.259,-0.0037337813870996772,0.015315829528158353,0.02036328871892934,0.015412425078489278,0.015219252354228274,-0.0037407693485930695,2.1300000000000097,1.6200000000000045,-0.2499999999999858,-9.334453467653842e-05,105.64714285714287,0.010249753221543692,105.39357142857143,0.012680361366458006,105.36380952380952,0.01296641116482023,104.675,0.019632194888754475,105.83470074898757,0.008459411182419174,105.37827318862955,0.012827376749076205,104.88300621355174,0.01761003858594596,105.61895238095238,105.63859571559261,0.010331491790513857,0.23427609424769777,67.12962941207992,0.3943903950264769,0.22159665768396536,0.17279373734251152,75.08305645346081,86.26799553374128,264.5682557674035,1.4350883862247235,-24.916943513316586,0.6221428571428547,0.005829128240766659,0.061919800465097326,0.060606290972798495,0.06016256177432432,-0.4720731636835014,54592.312,1.6819082327928945,1024815.2040000003,907600.570723445,70.48163603638467,-0.004122552234610679,106.29,0,0.005669302686588354
2026-08-30 15:00:00+00:00,106.73,106.84,105.98,106.29,108377.103,-0.004122552234610666,0.0016963528413911355,0.011418783899514784,0.011515036162923487,0.008922638822971063,-0.004131073380383235,1.2000000000000028,1.210000000000008,-0.9300000000000068,0.0,105.86714285714287,0.003994224567142132,105.46857142857142,0.007788372974949297,105.41904761904763,0.008261812268419173,104.69720000000001,0.015213396346652855,105.92576059919006,0.0034386290808403838,105.46115744420868,0.007859221118656343,104.93818244047128,0.012882037101058952,105.73847619047618,105.7232178267985,0.005361000022953095,0.25279461276397197,61.05263139900289,0.41451487160463785,0.26018030046809987,0.15433457113653798,60.46511625898183,74.64008856877955,144.86916494404286,1.161130674777198,-39.53488370779558,0.6564285714285693,0.006175826243507323,0.06404313462351625,0.061107491799805264,0.060351536225232046,0.1803308388711784,55930.54839999999,1.9377085707244395,916438.1010000003,908442.2402735932,65.57268731807666,0.005833098127763574,106.91,2,0.006774910493999077
2026-08-30 16:00:00+00:00,106.29,107.15,106.13,106.91,131120.854,0.0058330981277636695,-0.002053579762904878,0.017028158295281592,0.014230148942225629,0.015965028984129992,0.005816151479918202,1.789999999999992,1.5,0.5899999999999892,0.0,106.19714285714285,0.006712583066470762,105.58928571428571,0.01250803314718412,105.49333333333334,0.013428968655079893,104.7092,0.021018210434030467,106.12260847935205,0.007419639716015127,105.59287040382607,0.012473660306081885,105.01550861927633,0.018040110509524088,105.93066666666668,105.84517808221877,0.010060183534709864,0.3170370369986088,65.79439235119224,0.47501678491681787,0.30314759735784347,0.1718691875589744,81.06312289665655,72.20376520303306,156.41184971872755,1.712491675371394,-18.936877070120854,0.7071428571428565,0.0066143752421311585,0.06648134561675312,0.06377217916945209,0.0628202860958474,0.2098575286700548,60702.236699999994,2.160066269847975,1047558.9550000003,921691.4511999177,68.75885348138726,-0.004583294359741791,106.42,0,0.00480364624137912
2026-08-30 17:00:00+00:00,106.9,106.9,105.26,106.42,154916.375,-0.004583294359741807,-0.0029045254380212215,0.0029214965601733756,0.014973772055317136,0.01304140885292715,-0.004593829857185248,0.3100000000000023,1.5700000000000074,-1.4799999999999898,-9.353661958560815e-05,106.38714285714286,0.0003088450537763876,105.68571428571428,0.0069478237360792025,105.55000000000001,0.00824253908092608,104.73280000000001,0.01610956643939511,106.18208678348165,0.0022406153780085746,105.66806400347824,0.007116019429388796,105.07058671263805,0.012842921407107766,106.04142857142855,105.91850161847941,0.00473475713735324,0.2898989898638509,61.86291724673458,0.4779169530683447,0.3381014684999437,0.13981548456840098,64.78405313462322,68.77076409675385,77.94793696591941,1.2752188808405511,-35.21594683215419,0.7978571428571409,0.007497248100447694,0.0686666516889629,0.07060129900731135,0.07165343785755954,0.18147777622009698,65711.34174999999,2.357528713831165,892642.5800000003,918924.8920380208,60.796101752014906,0.0024431497838752593,106.68,2,0.004843200224903819
2026-08-30 18:00:00+00:00,106.41,106.86,106.03,106.68,72918.283,0.002443149783875276,0.003669206886819154,-0.004200504060487109,0.018424821002386738,0.011088996303667997,0.0024401701455903464,-0.44999999999998863,1.9300000000000068,-0.7599999999999909,-9.39672993789809e-05,106.61,0.0006565988181160378,105.79785714285715,0.008338003065065592,105.62761904761904,0.009963122920498418,104.7632,0.018296501061266863,106.28166942678533,0.0037478765186816205,105.76005818498021,0.00869838605234189,105.13370095920126,0.014707929300273566,106.174,105.96155018192896,0.006780287914160746,0.2499663299360316,63.28257176210568,0.49548355828029855,0.3695778864560147,0.12590567182428386,73.42192688590647,73.0897009723954,100.47255917655454,1.2048192770970136,-26.578073080870933,0.8249999999999987,0.007733408323887001,0.06761071872250331,0.07128872041667635,0.07304237725136127,-0.5293055172508394,68134.21435,1.070215363832091,965560.8630000004,923366.4130820188,65.41897760009078,-0.008061492313460945,105.82,0,0.006417465930403974
2026-08-30 19:00:00+00:00,106.69,106.82,105.45,105.82,84855.095,-0.008061492313460983,-0.01019549153493593,-0.008526187576126776,0.011663479923518238,0.0019884480636302992,-0.008094161837828021,-0.9100000000000108,1.2199999999999989,-0.46000000000002217,9.373828271369672e-05,106.56857142857143,-0.007024317005752025,105.85071428571428,-0.0002901660694616324,105.64238095238096,0.0016813237832779813,104.78620000000001,0.00986580293960578,106.18933554142826,-0.003478085059499233,105.7655074408911,0.0005152205140114603,105.16061464707573,0.006270269103417859,106.17695238095239,105.97765032411218,-0.0014875808590636994,0.12080808079343701,55.48961412806309,0.43499604318105867,0.38266151780102353,0.052334525380035135,44.85049832396967,61.01882611483311,43.4072545314297,0.9251311397145899,-55.14950164280774,0.8971428571428552,0.008478008477928343,0.07417058090246109,0.07606894334960772,0.07738813548759521,0.16370122154412226,70039.7423,1.2115278014093833,880705.7680000004,919303.494502779,59.9592577933463,-0.009922509922509896,104.77,0,0.008800540055204992
2026-08-30 20:00:00+00:00,105.82,106.03,104.42,104.77,132243.037,-0.00992250992250987,-0.015504604397669652,-0.014300498635807846,-0.0030450090398707053,-0.004560570071258985,-0.009972066111112059,-1.5200000000000102,-0.3200000000000074,-0.6099999999999994,0.0,106.23142857142857,-0.013757026438105068,105.80499999999999,-0.009782146401306313,105.60238095238095,-0.007882217662766715,104.8192,-0.0004693796556311214,105.90546843314263,-0.010721527886435116,105.67500676444645,-0.008564056839430205,105.14529642562178,-0.003569312545366149,106.03285714285715,105.91608064494562,-0.010820648176897,-0.052121212114894934,45.71045567829136,0.29888763627218395,0.36590674149525565,-0.0670191052230717,11.437908492993953,43.23677790095669,-52.54997126892805,0.019093078758763808,-88.56209147432631,0.9742857142857123,0.009299281419074287,0.08150960394044243,0.08219668377356186,0.08310295553865965,0.55845723818941,74225.9896,1.7816271323918895,748462.7310000004,903032.9455977525,53.001398355659816,-0.003054309439725047,104.45,0,0.008650561955752506
2026-08-30 21:00:00+00:00,104.77,104.79,103.38,104.45,129683.486,-0.003054309439725067,-0.02090363704536935,-0.023010008418295702,-0.0063736681887367475,-0.007506651463321856,-0.0030589833622987157,-2.4599999999999937,-0.6700000000000017,-0.9399999999999835,0.0,105.90571428571427,-0.013745379987460058,105.77642857142857,-0.01253992585427779,105.56428571428572,-0.010555517964579618,104.84,-0.0037199542159126343,105.61437474651412,-0.011024775266602801,105.56364251313313,-0.010549489261741153,105.11802989912681,-0.006355045844766175,105.85219047619047,105.79658751778487,-0.01272808083290752,-0.23791245788362012,47.22991680592541,0.16331680309545504,0.3253887538152956,-0.16207195071984054,26.097560969244622,27.461989262069405,-127.32297704090105,-0.14340344168122127,-73.90243900636513,1.0235714285714275,0.009799630718636935,0.0821258870095013,0.08678126694709946,0.08907684831462344,-0.01935490183880162,78241.55185,1.6574758927151614,618779.2450000003,875961.1645884428,49.16802985605068,-0.006031594064145616,103.82,0,0.008929274403251149
2026-08-30 22:00:00+00:00,104.46,104.75,103.33,103.82,100572.012,-0.006031594064145662,-0.01890001890001891,-0.024431497838752203,-0.021581377815474534,-0.013305455236647057,-0.006049857603491967,-2.6000000000000085,-2.2900000000000063,-0.14000000000001478,9.573958831876653e-05,105.55285714285715,-0.016416961034938723,105.71,-0.017879103206717636,105.49666666666668,-0.015893077190282132,104.8392,-0.009721554532944647,105.2554997972113,-0.013638240281632309,105.40512955739375,-0.015038447977198348,105.06712676582772,-0.011869809370493593,105.59133333333334,105.69685287657508,-0.017756941909604234,-0.3795286194826166,43.99999992051609,0.004982767950210132,0.2613075566422785,-0.2563247886920684,11.807228912817395,16.447566125018646,-133.6905498179666,-1.2084879626871494,-88.19277106308621,1.0814285714285705,0.01041637999824845,0.0845438887203777,0.09131385615635437,0.09418116539617338,-0.2244809643688943,81028.64015,1.2411909148891072,518207.23300000036,841889.3615800197,47.38946665240197,-0.01993835484492384,101.75,0,0.01009735805907822
2026-08-30 23:00:00+00:00,103.82,103.82,100.31,101.75,306193.112,-0.01993835484492379,-0.028825045337405708,-0.04621297337832775,-0.050219359656492046,-0.03159798229751587,-0.020139806076378476,-4.930000000000007,-5.3799999999999955,-2.3299999999999983,0.0,104.8157142857143,-0.02924861321202561,105.50642857142857,-0.035603788529813045,105.33142857142857,-0.03400151901448761,104.8054,-0.029153077989978116,104.55439983776904,-0.026822399077357253,105.07284505217613,-0.03162420367026782,104.93704336324625,-0.03037100399506895,105.06333333333333,105.1026694051817,-0.03189899385166815,-0.540202020136542,35.263702120610986,-0.2842531030946418,0.15219542469489444,-0.43644852778953624,20.083682005567095,19.329490629209694,-254.60611086366762,-3.205859969528107,-79.9163179804859,1.2964285714285697,0.012741312741187501,0.10882956777705136,0.11685256451070436,0.1194810392205476,2.0445161224377215,94756.19440000001,3.231378317151968,212014.12100000033,781901.2434295417,40.27487528386177,0.0038329238329238386,102.14,2,0.004918338635059639
2026-08-31 00:00:00+00:00,101.75,102.62,101.12,102.14,116407.851,0.0038329238329237736,-0.02211584490186691,-0.03477603477603475,-0.0430057153565071,-0.028256112643896825,0.003825596896793423,-3.6799999999999926,-4.590000000000003,1.2500000000000142,0.0,104.2042857142857,-0.01980998862106199,105.2957142857143,-0.029970016416066697,105.19190476190477,-0.029012734095684896,104.76539999999999,-0.025059800277333216,104.07151987021524,-0.018559543212258514,104.80622277470557,-0.02543954647055187,104.82735538821699,-0.025636012453419378,104.61447619047618,104.91981312116633,-0.02649464422825052,-0.6344107743338766,34.58725177803322,-0.47651194105746697,0.026453951544422163,-0.5029658926018892,25.52301254874153,19.137974489041998,-212.3218145206198,-3.741400433477132,-74.47698743731146,1.3507142857142844,0.013224146129832193,0.11033469533392706,0.12064928721301914,0.12431915083985619,-0.6198221108252755,98717.63775000001,1.179200127284233,328421.9720000003,738712.7413886329,38.57740961939915,-0.006070099862933273,101.52,0,0.007318658646957355
2026-08-31 01:00:00+00:00,102.14,102.26,101.4,101.52,95435.193,-0.006070099862933276,-0.022153727605470963,-0.031020330247208183,-0.0448772226926335,-0.03387894937190716,-0.006088597813365678,-3.25,-4.77000000000001,0.4299999999999926,0.0,103.46714285714286,-0.018818948734406118,105.03857142857143,-0.03349789873075952,105.02095238095238,-0.033335751595736006,104.7128,-0.03049101924472953,103.5612158961722,-0.019710234941611386,104.50747524973234,-0.028586235028306328,104.69765517691437,-0.030350776925371744,104.11104761904761,104.76891819457673,-0.03101032491823418,-0.7369696968803675,32.28346452244398,-0.6711704387086144,-0.11307092650618515,-0.5580995122024293,16.8758716852334,20.82752207984733,-185.136995185247,-5.236628395358568,-83.1241283008196,1.384285714285714,0.013635596082270275,0.11145829603210138,0.12176642885437884,0.12510374203442484,-0.1801653223544175,102296.32285000001,0.9329288711573571,232986.7790000003,690548.3640182869,34.918399218216294,-0.0006895193065405159,101.45,1,0.006223334348894996
2026-08-31 02:00:00+00:00,101.51,102.35,101.18,101.45,87015.463,-0.000689519306540487,-0.0029484029484029284,-0.028721876495931054,-0.0510709942942662,-0.03756759320747549,-0.0006897571343083756,-3.0,-5.459999999999994,0.25,-9.85027580761663e-05,102.84285714285714,-0.01354354771482868,104.7057142857143,-0.031093950391276742,104.84809523809524,-0.0324096992925454,104.6636,-0.03070408432319637,103.13897271693777,-0.016375698462275122,104.22952295430211,-0.02666732875189386,104.57029615036872,-0.029839220746319697,103.63257142857141,104.63496768434806,-0.03043884616016411,-0.7336026935137722,24.78354974599891,-0.8216160372819274,-0.25477994866133363,-0.5668360886205939,15.899581587740649,19.432821940571852,-154.50930532001988,-4.947062681486489,-84.10041839831234,1.3885714285714275,0.013687249172575062,0.1100735266083053,0.12374301453015255,0.12795614502624672,-0.08822458188982751,105392.22894999999,0.8256345260643544,145971.31600000028,638683.8832546406,28.697457333167577,0.004829965500246376,101.94,2,0.0059900054436575504
2026-08-31 03:00:00+00:00,101.46,102.21,101.29,101.94,72820.862,0.0048299655002463915,-0.001958096729978487,-0.01810826430360235,-0.04209735012215754,-0.027753934191702356,0.0048183386400718715,-1.8799999999999955,-4.480000000000004,1.1200000000000045,9.857072449376377e-05,102.43857142857142,-0.00486702832354707,104.33500000000001,-0.022954904873504146,104.68285714285713,-0.026201588471050686,104.619,-0.02560720328023012,102.89917817355023,-0.009321533860291402,104.02138450391101,-0.02000919824147068,104.46714728172681,-0.024190832691998516,103.26380952380951,104.5346152567961,-0.02482063238476022,-0.6632996632192634,20.20665898014998,-0.8910350556822948,-0.3820309700655259,-0.5090040856167689,23.48703169690383,18.75416165662595,-123.81107660819944,-4.0925769121827855,-76.51296828868695,1.3392857142857122,0.013137980324431765,0.1117652930953484,0.12438049221398333,0.12894453628287142,-0.16312733979246896,107607.97764999999,0.6767236369486712,218792.17800000028,598694.1970399129,23.831223739001345,-0.004806749068079212,101.45,0,0.005903234602618391
2026-08-31 04:00:00+00:00,101.95,102.0,100.9,101.45,99617.654,-0.004806749068079208,-0.000689519306540487,-0.0029484029484029284,-0.049025121859767595,-0.03150357995226727,-0.004818338640071852,-0.29999999999999716,-5.230000000000004,1.5799999999999983,9.809691975580752e-05,102.01,-0.005489657876624964,103.95785714285714,-0.02412378642421183,104.52095238095238,-0.029381213153609174,104.56900000000002,-0.029827195440046153,102.6093425388402,-0.011298606054220197,103.78762227628273,-0.02252313161233672,104.34882778048262,-0.027780166218570934,102.87914285714285,104.39017882823414,-0.02816528203332046,-0.5430976430318123,19.999999968181754,-0.9743572489511649,-0.5004962258426537,-0.4738610231085112,16.66666666423002,18.684426649624825,-117.90900283567734,-5.107099429378844,-83.33333332115009,1.3735714285714258,0.013539393085834265,0.1124041629787113,0.12589978056140677,0.13053646924742746,0.36798235099167065,110204.11899999999,0.9039376649796464,119174.52400000028,553025.6567503974,17.801446828372235,0.01163134549038928,102.63,2,0.0049758102445276245
2026-08-31 05:00:00+00:00,101.44,103.04,101.27,102.63,144212.997,0.011631345490389355,0.011631345490389355,0.004797336988447087,-0.03014553014553012,-0.018833652007648194,0.011564221385799253,0.4899999999999949,-3.1899999999999977,0.789999999999992,-9.857072449390383e-05,101.84,0.007757266300002305,103.69642857142857,-0.01028413983113901,104.41999999999999,-0.017142309902153322,104.54419999999999,-0.018309958849765783,102.61347403107216,0.00016105067179259474,103.68238388752975,-0.010150074179054258,104.28142276948331,-0.015836212487414878,102.70209523809523,104.25474923984133,-0.01558441463503945,-0.3446464646046891,30.817610017667974,-0.9344033291595224,-0.5872776465060274,-0.34712568265349497,33.91812865001185,24.690609003715224,-75.03030298937735,-3.5613606464615604,-66.08187133536826,1.4385714285714266,0.014017065463874203,0.12179723510492096,0.13081104307469155,0.13466816133769016,0.4476650594481979,115237.1639,1.2514452119382535,263387.5210000003,525441.0723932168,26.286429456314693,0.0008769365682549295,102.72,1,0.0026265516235038436
2026-08-31 06:00:00+00:00,102.63,102.89,102.34,102.72,95658.268,0.0008769365682548269,0.00765155974102405,0.011820330969267268,-0.01956666984823896,-0.02255209820154158,0.0008765522840279729,1.2000000000000028,-2.049999999999997,0.710000000000008,0.0,101.97857142857143,0.007270434965257554,103.39714285714285,-0.006548951338741245,104.33047619047619,-0.01543629674919252,104.5212,-0.017232867590333458,102.63477922485772,0.0008303303790885427,103.59489444320887,-0.00844534325656414,104.22019050401339,-0.014394432563824801,102.57190476190476,104.17584630726829,-0.013974893018485993,-0.17555555553427613,26.748057672089573,-0.8852724423807814,-0.6468766056809783,-0.23839583669980313,36.57056145120318,29.051785588481675,-56.82058509508941,-3.712035995465773,-63.4294385336223,1.4049999999999971,0.013677959501424447,0.12021213240136423,0.13044462964976747,0.13455623546344456,-0.3366876079830725,117681.8496,0.8128548992486194,359045.7890000003,509593.90254624374,24.397686190347315,0.0025311526479751276,102.98,2,0.0033970744587868617
2026-08-31 07:00:00+00:00,102.73,103.18,102.64,102.98,91950.74,0.00253115264797521,0.015081320847708302,0.015081320847708302,-0.014073719483006175,-0.02035768645357683,0.0025279546763443896,1.5300000000000011,-1.4699999999999989,0.3299999999999983,9.735202492122044e-05,102.09857142857143,0.008633113657585205,103.15142857142858,-0.0016619117524698944,104.22999999999999,-0.011992708433157374,104.50040000000001,-0.014549226605692033,102.70382337988619,0.0026890588005627643,103.5389949483717,-0.005398883277213836,104.17155558228737,-0.01143839674482628,102.5162857142857,104.1114202278209,-0.010867397883288969,0.013198653197053892,30.410022730553507,-0.8159502667862455,-0.6806913379020317,-0.13525892888421376,40.76335877240258,37.08401629120586,-42.572384671430164,-2.6838026837773117,-59.23664121233024,1.3257142857142838,0.012873512193643525,0.12082126893962934,0.1306842924380004,0.13477225116339045,-0.038758050689355894,120139.39840000002,0.7653670754522375,450996.5290000003,504013.2003037444,31.559183615461976,0.002524762089726072,103.24,2,0.004635889415775819
2026-08-31 08:00:00+00:00,102.99,103.47,102.46,103.24,109099.342,0.0025247620897259626,0.005943681184838789,0.01275259956837349,-0.005586592178770888,-0.027047403637734502,0.0025215802324176175,1.2999999999999972,-0.5799999999999983,-0.23000000000000398,9.710623421920565e-05,102.3442857142857,0.008751971636268025,102.9057142857143,0.003248466002133923,104.14047619047618,-0.008646745467348716,104.49340000000001,-0.011995015953046013,102.81105870390896,0.004172131884393861,103.51181358942881,-0.0026259185304618204,104.13502399082512,-0.008594841164058167,102.52809523809525,103.98418935607812,-0.007156754893983,0.19084175081861832,30.410022730553393,-0.7315987016704781,-0.690872810655721,-0.0407258910147571,45.00768048463779,40.78053356941451,-34.221278551454475,-1.4603417008546318,-54.99231950000123,1.3385714285714272,0.012965627940318303,0.11528895284977693,0.13043722101300922,0.1359481961853674,0.1864977051843193,119942.0599,0.9096003694697185,560095.8710000003,509354.4070367212,33.05125636504364,-0.001452925222781785,103.09,1,0.004503579689889371
2026-08-31 09:00:00+00:00,103.23,103.49,103.0,103.09,79525.002,-0.0014529252227817313,0.003602024922118474,0.016165598817151405,0.013169533169533176,-0.03771119200970774,-0.001453981742119627,1.6400000000000006,1.3400000000000034,0.3400000000000034,-9.686168151776485e-05,102.57857142857142,0.004985725227999679,102.71071428571429,0.003692757049931015,103.99666666666666,-0.008718228148254117,104.4804,-0.013307759158528219,102.86684696312716,0.002169338746726286,103.47346689948074,-0.0037059442480027282,104.09404265785159,-0.009645534290008733,102.55266666666667,103.74236575797308,-0.0062883254415918,0.2138720538461301,33.08550180133865,-0.6691397979282527,-0.6865262081102274,0.01738641018197462,48.60139859290189,44.79081261664741,-24.46599962956001,-1.3020584011364085,-51.39860138961559,1.2757142857142847,0.012374762689901153,0.10778686159480978,0.12681097008834055,0.13276000095997495,-0.2710771619502528,115222.09939999999,0.6901887955011459,480570.8690000003,506613.11769989063,38.38872434858231,0.005723154525172212,103.68,2,0.007421935001978941
2026-08-31 10:00:00+00:00,103.09,104.07,102.66,103.68,88002.21,0.005723154525172136,0.006797436395416634,0.010230926629640535,0.015077344820834115,-0.02857678253536955,0.005706839495671167,1.0500000000000114,1.5400000000000063,-0.5899999999999892,0.0,102.82714285714287,0.008294085774936951,102.63285714285715,0.010202803334950645,103.83238095238096,-0.0014675667742740908,104.48479999999999,-0.007702555778374304,103.02947757050174,0.006313944754760197,103.49224263589157,0.0018142167888582023,104.07780569087701,-0.0038221952147484096,102.68190476190475,103.60712170237694,0.0007034101172283403,0.28350168346732024,42.83837048623694,-0.5655137075555388,-0.6623237079992896,0.09681000044375088,75.22321426892343,56.277431115487694,-8.195336257059044,-0.13484877672764195,-24.77678570875515,1.2614285714285702,0.012166556437272411,0.11083501154016358,0.1295141580374114,0.13598532561986676,0.10659802309718924,115031.24695000002,0.7650287407407717,568573.0790000003,512514.0663951392,45.5019218696192,-0.002700617283950628,103.4,0,0.007402338672911961
2026-08-31 11:00:00+00:00,103.68,104.17,103.27,103.4,69407.392,-0.002700617283950657,0.0015497869043008539,0.006619937694704037,0.0185185185185186,-0.02718976385360805,-0.002704270529635847,0.6800000000000068,1.8800000000000097,-0.37000000000000455,0.0,103.10571428571428,0.0028542134286308994,102.55785714285715,0.008211392872235943,103.67380952380952,-0.00264106745054058,104.48620000000001,-0.010395631193302172,103.10358205640141,0.0028749529132127724,103.48385694171961,-0.0008103383870396246,104.0512250755485,-0.006258696858873134,102.78419047619047,103.47491693083111,-0.0007240105433519039,0.2694949494622841,43.06472911454343,-0.5002167568925131,-0.6299023177779344,0.12968556088542127,69.59459457892024,64.47306914691517,4.11338146406307,1.6216216216056896,-30.405405398557228,1.2249999999999983,0.011847195357719062,0.11049045476806621,0.12968906785396894,0.13639035456932574,-0.21129944350261198,113082.7614,0.6137751779379469,499165.68700000027,511242.79216703074,52.32622685925216,-0.0061895551257253436,102.76,0,0.007380721543428249
2026-08-31 12:00:00+00:00,103.4,103.76,102.5,102.76,99975.541,-0.006189555125725388,-0.0032010864293335883,-0.0021363371528452246,0.012912764908822094,-0.038817697128425754,-0.006208789832645978,-0.21999999999999886,1.3100000000000023,-0.9000000000000057,0.0,103.12428571428572,-0.0035324919999103295,102.48214285714286,0.002711273741043427,103.50571428571428,-0.007204571176124807,104.4724,-0.016390931958905865,103.03486564512114,-0.0026676954776180314,103.41805176519965,-0.006363026125142274,104.00058879807601,-0.011928670908515338,102.81114285714284,103.26257855826056,-0.004866996014167235,0.18619528617271805,43.00791548784823,-0.49441183250533527,-0.6028042207234146,0.10839238821807928,63.471502574230264,69.42977047402464,-17.983994230568317,0.6070099862873845,-36.528497399863,1.2135714285714272,0.011809764777730804,0.1083385085995829,0.1306975750497305,0.13763499353742698,0.4404163320241161,111525.49575,0.8964366428292617,399190.1460000003,500571.11157969455,52.38232062196404,-0.003892565200467163,102.36,0,0.007624619766924376
2026-08-31 13:00:00+00:00,102.77,103.08,102.18,102.36,104760.431,-0.003892565200467213,-0.01273148148148151,-0.008523827973653586,0.0041200706297821466,-0.038150723548205256,-0.0039001609500948727,-0.8799999999999955,0.4200000000000017,-0.6599999999999966,9.731413001064218e-05,103.07285714285715,-0.006916051059516307,102.5257142857143,-0.0016163192509040182,103.28904761904761,-0.008994638255017538,104.44959999999999,-0.020005820989070177,102.89989251609691,-0.005246774344367844,103.32186524109059,-0.009309406473033298,103.9362519824652,-0.015165564972613734,102.79485714285715,103.01962738885939,-0.00640292928223424,0.09730639729460318,55.1607443701776,-0.5161383238543493,-0.5854710413496016,0.06933271749525227,44.6483180291594,59.23813839410329,-38.04358986643677,0.8274231678405528,-55.35168194025955,1.0271428571428558,0.010034611734396456,0.10814385816304846,0.12784798283063042,0.13395087562405927,0.04786060622567678,109017.69855,0.9609488403568857,294429.7150000003,480938.5976197237,60.83497119779207,0.011430246189917953,103.53,2,0.0072803960057380495
2026-08-31 14:00:00+00:00,102.36,103.93,102.21,103.53,125855.026,0.011430246189918059,0.001257253384912893,0.004268115239111525,0.020502710694923598,-0.02952755905511817,0.011365414486433797,0.4399999999999977,2.0799999999999983,1.3199999999999932,0.0,103.15142857142857,0.003670055120037592,102.625,0.008818514007222241,103.15142857142857,0.003670055120037592,104.44779999999999,-0.008787164497396771,103.02591401287754,0.0048928077168484555,103.34078658280963,0.0018309655214102797,103.92032053217244,-0.0037559596638065047,102.92876190476191,102.91670894513463,0.005959100919038913,0.03737373736920787,60.38863963446327,-0.43394525213228974,-0.5551658835061393,0.12122063137384953,80.42813453197913,62.84931837845625,17.27102801801242,2.0502710694721493,-19.571865437439836,1.0428571428571425,0.01007299471503013,0.11727370651713018,0.13166017211410744,0.13680944460688924,0.20136033040948442,111664.53570000001,1.12708144274314,420284.74100000033,475162.0398464167,64.47205797416603,-0.006278373418332905,102.88,0,0.007639480265479707
2026-08-31 15:00:00+00:00,103.54,103.67,102.77,102.88,92327.846,-0.006278373418332928,0.0011677695601399751,-0.007716049382716195,0.0024359349118192597,-0.02778302778302777,-0.006298165288712557,-0.8000000000000114,0.25,-1.240000000000009,9.659036028116029e-05,103.10000000000001,-0.002133850630435298,102.72214285714287,0.0015367391923971306,102.97047619047619,-0.0008786614748479237,104.4294,-0.014836817984065491,102.99673121030204,-0.001133348689120729,103.29889689346331,-0.00405519232108823,103.87952364855784,-0.00962195063513939,102.96276190476189,102.80663921898301,0.0007135801887270301,-0.002558922558612547,60.11904749379962,-0.41645557768190145,-0.5274238223412917,0.11096824465939026,60.55045869707914,61.875637086072544,23.02609768674809,0.9221110457041168,-39.44954127233983,1.0457142857142858,0.010164407909254679,0.11610977481391185,0.13008721156648367,0.13517890233054997,-0.2663952411403895,112038.17324999999,0.8240748962764723,327956.8950000003,461142.5022419961,64.55913586401493,-0.00048600311041987907,102.83,1,0.006736073255867011
2026-08-31 16:00:00+00:00,102.88,103.33,102.45,102.83,93418.894,-0.00048600311041990807,0.004591637358343004,-0.0055125725338491804,0.0010708722741432641,-0.018516750978333496,-0.00048612124821001656,-0.5700000000000074,0.10999999999999943,0.23000000000000398,0.0,103.06285714285715,-0.0022593701485699143,102.82071428571429,9.030976248440369e-05,102.82809523809523,1.852374976254644e-05,104.3784,-0.014834486828550411,102.96338496824164,-0.0012954602092917695,103.25626990314845,-0.0041282713731975096,103.83836585841831,-0.009710918022183561,102.97714285714287,102.6731952967957,0.0015272214208343394,-0.04222222221710492,60.29850733668967,-0.4019955127685506,-0.5023381604267435,0.1003426476581929,59.021406709779235,66.66666664627915,13.637288804748174,1.3602759980151726,-40.97859325963973,1.0250000000000006,0.009967908197899764,0.11165007740291345,0.12724457797510066,0.13319957413284336,0.01181710661808344,110096.9661,0.848514698535359,234538.0010000003,439561.12117132987,64.20799537938649,0.007877078673538873,103.64,2,0.006760404291184872
2026-08-31 17:00:00+00:00,102.84,103.8,102.65,103.64,89651.013,0.007877078673538929,0.0010624939631025399,0.008563643441027669,0.006409011458535563,-0.007754906653901439,0.007846216452810058,0.8799999999999955,0.6599999999999966,1.4500000000000028,9.724788485760837e-05,103.05714285714285,0.005655669531411791,102.94214285714284,0.006779120032685025,102.7742857142857,0.00842345222532202,104.3506,-0.0068097356411289415,103.09870797459331,0.005250230929516897,103.29115445740769,0.0033773031623224306,103.83058680514701,-0.0018355555044953609,103.08638095238096,102.60982793251542,0.010039701734536293,-0.015016835015015204,62.108261984399505,-0.321469872021396,-0.466164502745674,0.14469463072427802,83.79204890403908,67.7879714369658,72.32560012046385,0.9841177043653551,-16.207951065379884,1.0414285714285723,0.010048519600719064,0.11554108892786766,0.12617942277066438,0.13084798778718681,-0.04033317928169855,108095.34245,0.8293698041751213,324189.0140000003,428573.3014407271,64.67387836116848,0.008008490930142786,104.47,2,0.006137604453383706
2026-08-31 18:00:00+00:00,103.64,105.0,103.38,104.47,125162.8,0.008008490930142775,0.015454898911352988,0.020613520906604066,0.01191398682681144,0.006260836062415676,0.007976593155507354,2.1099999999999994,1.230000000000004,1.230000000000004,0.0,103.21000000000001,0.012208119368159893,103.15785714285714,0.012719756821945531,102.77523809523811,0.016489982763892262,104.3426,0.001220977817293928,103.37296637967466,0.010612384056828437,103.39832223400698,0.010364556627498004,103.85566183239614,0.005915307425312782,103.29009523809525,102.64321494336464,0.01779742633378665,0.07286195285312011,70.5163042136918,-0.18850568201128226,-0.4106327385987957,0.22212705658751342,85.7908846954984,76.20144676977223,166.16510893555719,1.7036604361204861,-14.209115277691941,1.0785714285714303,0.010324221580942912,0.1171438905631291,0.12717451595859372,0.13169980296128736,0.3961113858244969,109324.88185,1.144870205958506,449351.8140000003,430552.2073987531,72.34737020953997,-0.008232028333492864,103.61,0,0.003718465382011594
2026-08-31 19:00:00+00:00,104.47,104.76,103.55,103.61,80170.207,-0.008232028333492902,0.007585335018963413,0.0007727228822562715,0.0050441361916770955,0.018280098280098356,-0.00826609858575623,0.0799999999999983,0.519999999999996,-2.030000000000001,0.0,103.33142857142856,0.0026959022285865217,103.22785714285715,0.0037019353856227277,102.76523809523808,0.008220307960273662,104.31739999999999,-0.0067812272927930675,103.42037310373973,0.001833554555718134,103.41756566727908,0.0018607509418484235,103.84602803504727,-0.002272865313301522,103.35038095238097,102.80431448276542,0.007837078835458903,0.0809427609329487,56.96022715945412,-0.15078723477245148,-0.35866363783352684,0.20787640306107535,50.709219840173894,73.43071781323712,121.72911850262265,0.6117692755815476,-49.29078012436511,1.03857142857143,0.010023853185613418,0.09567142340906651,0.10682251559845614,0.11128584976345259,-0.3594725669288319,98023.73659999999,0.817865241427648,369181.6070000003,424707.3883131576,65.06547018858954,0.001351220924621181,103.75,1,0.0023734601353403747
2026-08-31 20:00:00+00:00,103.6,104.29,103.53,103.75,58310.862,0.0013512209246211437,0.00106136626785025,0.008456454121306356,0.0006751543209875255,0.015762678676326525,0.00135030884714724,0.8700000000000045,0.06999999999999318,0.7900000000000063,-9.651578032920182e-05,103.53,0.0021249879261844283,103.30142857142857,0.004342354551824189,102.86047619047618,0.008647867893086183,104.2898,-0.00517596159926305,103.4862984829918,0.002548178076433883,103.44778697025372,0.0029214064272855183,103.8422622297513,-0.0008884843970972029,103.42,102.8882349334042,0.008375739628007101,0.13420875419248585,57.26375164997285,-0.10834928055659532,-0.30860076637814055,0.20025148582154523,55.67375884550565,64.05795446039264,102.0156533150816,0.49399457574105504,-44.326241119033355,1.0535714285714306,0.010154905335530368,0.09507410946123664,0.10328992538889613,0.10684858830241778,-0.27266170087349273,95118.88715,0.6130313731282903,427492.46900000033,424972.6340928569,59.609078435955794,-0.0007710843373493812,103.67,1,0.0022353591732268523
2026-08-31 21:00:00+00:00,103.74,103.97,103.24,103.67,76404.825,-0.0007710843373494036,-0.007657700775342224,0.008168822328114445,0.0026112185686653078,0.02117809298660367,-0.0007713817757869657,0.8400000000000034,0.269999999999996,-0.030000000000001137,-9.638554216779499e-05,103.55,0.0011588604538758636,103.35071428571428,0.0030893421152365518,102.93333333333332,0.007156735751225927,104.2562,-0.005622687187854367,103.52303878639344,0.0014195991088358148,103.4679881547761,0.0019524091346955427,103.83550684819242,-0.0015939330698582612,103.46914285714284,102.97705245124163,0.0067291453023453135,0.16094276092325255,54.99276399856747,-0.08024718787400786,-0.262930050677314,0.18268286280330615,52.83687941388757,53.07328603318903,72.36918088419263,0.5626151906046872,-47.16312055065143,1.067142857142859,0.010293651559106446,0.09180034571977375,0.10281188655354462,0.10704323957809543,0.310301758187008,94167.36875,0.8113726231731327,351087.6440000003,417935.9683697277,53.21192645238412,-0.00443715636153186,103.21,0,0.0024669481579963175
2026-08-31 22:00:00+00:00,103.67,103.79,103.12,103.21,32603.45,-0.004437156361531858,-0.003860631213203458,-0.0041489772288691995,0.004379135850525406,0.017348447511089216,-0.004447029757178862,-0.4300000000000068,0.44999999999998863,-1.2700000000000102,0.0,103.59714285714287,-0.0037370032267491885,103.34857142857142,-0.0013408161008384729,103.01380952380953,0.001904506561746135,104.2158,-0.009651127755967489,103.46043102911476,-0.0024205488670530515,103.4445346861601,-0.0022672506272988654,103.81097716787116,-0.005789148549228509,103.45038095238094,103.04677829033628,0.0015839574256484956,0.10875420874102627,49.789029437827494,-0.09401053761985168,-0.22914614806582156,0.1351356104459699,36.52482268208302,48.345153647158746,37.295281263572726,-0.4533179012302082,-63.47517728245599,1.0428571428571445,0.010104225780903404,0.0936942441213635,0.1007976824922351,0.1038997858521439,-0.5732802215043356,91446.7681,0.35652927574593685,318484.1940000003,408464.37081070605,47.598510290504734,-0.0014533475438425684,103.06,1,0.0014601592728711841
2026-08-31 23:00:00+00:00,103.2,103.22,102.88,103.06,34078.19,-0.0014533475438425203,-0.006650602409638551,-0.013496697616540598,0.006838608831574833,0.010986855012752539,-0.0014544046777635882,-1.4099999999999966,0.7000000000000028,-0.9799999999999898,-9.688983625514984e-05,103.63,-0.005500337739983527,103.34642857142856,-0.0027715381690990907,103.0904761904762,-0.00029562566400011513,104.17599999999999,-0.010712640147339818,103.38034482329181,-0.0030987014391978683,103.40957698741828,-0.003380508823253636,103.78152708285661,-0.0069523652535350405,103.41190476190476,103.09707673558309,-0.00035962935862689346,0.011784511783083453,49.789029437827494,-0.11568825565298368,-0.206454569583254,0.09076631393027032,31.205673747799317,40.18912528125663,-14.005187075201027,-0.32882011605098177,-68.79432621673969,1.0321428571428595,0.010014970474799578,0.09282878831115851,0.09918724759954964,0.10221618049786543,0.045232636423446104,89509.6345,0.3807209155792008,284406.0040000003,396649.2882573055,42.66177137333913,0.0012614011255578832,103.19,1,0.0010247514542455047
2026-09-01 00:00:00+00:00,103.06,103.55,102.94,103.19,76365.638,0.0012614011255578372,-0.004630076203337552,-0.004053662773863542,-0.003284072249589487,0.01715130606209958,0.0012606062275446715,-0.4200000000000017,-0.3400000000000034,0.9899999999999949,0.0,103.5657142857143,-0.003627786360591856,103.31142857142856,-0.0011753643629410912,103.15,0.0003877847794435701,104.12960000000001,-0.009023370876206088,103.34227585863346,-0.0014735098232236574,103.38961544310752,-0.0019307107609412722,103.75832994235243,-0.005477439186451037,103.39104761904761,103.19553739172302,-5.3659216889882874e-05,-6.734006733174797e-05,46.31578937617722,-0.12098346772278035,-0.1893603492111593,0.06837688148837895,35.815602824178626,34.515366418020314,-1.818181813218922,0.41845075904613477,-64.18439714036037,0.9750000000000024,0.009448589979557649,0.09064684190629564,0.09727518438081435,0.10018633838644954,1.240894777568879,88347.0337,0.8643825921684469,360771.64200000034,393232.3695661336,42.07634198955291,0.0006783603062312956,103.26,1,0.002661910802113314
2026-09-01 01:00:00+00:00,103.2,103.53,102.74,103.26,68075.413,0.0006783603062312515,0.00048444918128098813,-0.004722891566265042,0.0036936236391913457,0.0061385559777844545,0.0006781303238801045,-0.4899999999999949,0.38000000000000966,-0.06999999999999318,9.690861517499958e-05,103.39285714285714,-0.0012849740932517318,103.30142857142857,-0.00040104548408564466,103.23619047619047,0.00023063156146577496,104.0826,-0.007903338310073834,103.32582068690677,-0.0006370207027493263,103.37783222100683,-0.0011398209700680666,103.73878759167195,-0.004615318944654477,103.38419047619045,103.27002309592416,-9.705716744874847e-05,-0.05124579123957934,48.91304337192816,-0.11816936358688679,-0.1751221520863048,0.05695278849941801,38.297872326844754,35.106382966274225,-20.707881645134908,0.87924970690818,-61.70212763769425,0.9671428571428596,0.009366093909873072,0.0812446156387324,0.09145889315831483,0.09579109219333157,-0.10855962468355207,84540.15449999999,0.8052435366675276,428847.05500000034,396624.24436935905,36.12128054964205,0.0013558008909548766,103.4,1,0.005711636887299584
2026-09-01 02:00:00+00:00,103.25,103.46,102.81,103.4,43510.402,0.0013558008909548835,0.003299049097613027,-0.002604417864377262,0.005543129436934802,0.006619937694704037,0.0013548826228257174,-0.269999999999996,0.5700000000000074,0.21999999999999886,-9.684292078160249e-05,103.36285714285715,0.00035934433479484375,103.34714285714287,0.0005114523865423987,103.27285714285715,0.001231135272705292,104.0456,-0.006204971666209648,103.34065654952542,0.0005742507591440694,103.37984747364257,0.00019493670042779329,103.72550180376325,-0.0031381077758092634,103.39733333333332,103.30497788342159,0.0009198212760350372,-0.10276094274848635,55.38720525666315,-0.10344983056204171,-0.1607876877814522,0.05733785721941048,43.26241133217651,39.12529549439996,-18.36279999811372,-0.12556746836543975,-56.73758863236249,0.92357142857143,0.008932025421300754,0.08130603282954059,0.09173159468711475,0.09611799690885069,-0.36084997383710327,81932.7612,0.5310501118568365,472357.45700000034,403836.931286563,41.9125473970304,0.002514506769825831,103.66,2,0.0057618553971281565
2026-09-01 03:00:00+00:00,103.41,104.2,103.29,103.66,61280.026,0.002514506769825786,0.004554704913266816,0.004360042631528005,0.00019297568506360108,0.006603223926975987,0.002511350687231603,0.45000000000000284,0.01999999999999602,0.7199999999999989,9.671179883843513e-05,103.35,0.002999516207034376,103.44000000000001,0.0021268368135910457,103.31761904761905,0.003313868007545087,104.014,-0.0034033880054280753,103.40452523962034,0.002470634237574911,103.40531588512961,0.002462969265050604,103.72293310557646,-0.0006067424405728856,103.43904761904763,103.34191934048745,0.0030779441831486286,-0.08619528618483797,61.206896403983336,-0.06999777670426965,-0.14262970556601567,0.07263192886174602,51.971326146246824,44.51053660175602,78.15312905383608,0.7581648522476861,-48.028673817910885,0.9242857142857162,0.008916512775195829,0.08130011078671431,0.09294735347491567,0.09772565490430132,0.40839944434436615,80399.2255,0.7621967204149154,533637.4830000004,416198.88859260466,49.40370788539493,-0.0002894076789504258,103.63,1,0.006894800605546047
2026-09-01 04:00:00+00:00,103.66,104.09,103.54,103.63,52919.732,-0.0002894076789504707,0.003583188068952081,0.005530758781292278,-0.00804058581410938,0.003777605579232901,-0.0002894495654344968,0.5699999999999932,-0.8400000000000034,0.11999999999999034,0.0,103.3442857142857,0.0027646839274832946,103.44714285714285,0.0017676384074512062,103.34857142857143,0.002723100740878138,103.98219999999999,-0.00338711817980971,103.44962019169628,0.0017436488212109198,103.42574171375419,0.0019749269655628186,103.71928867006366,-0.0008608685154681067,103.46438095238095,103.37600403583801,0.002457010855937863,-0.010235690234449613,51.07296121995241,-0.045384369531319635,-0.12318063835907647,0.07779626882775684,46.27450978577446,47.16941575473259,76.46048086318366,0.7779830788604661,-53.72549017500985,0.8407142857142864,0.00811265353378533,0.08091056740309333,0.09126602914515378,0.09565113630943094,-0.13642771626761374,77590.24500000001,0.6820410478147003,480717.75100000034,422343.54215521377,45.678883382081096,0.0065618064267104785,104.31,2,0.006840000888447729
2026-09-01 05:00:00+00:00,103.64,104.38,103.59,104.31,76106.296,0.006561806426710559,0.008800773694390696,0.01085376489969958,0.006756104623105941,0.01183431952662728,0.006540371491753819,1.1200000000000045,0.7000000000000028,0.5500000000000114,9.649715333309485e-05,103.50142857142859,0.007812176505424627,103.5492857142857,0.00734639819540547,103.39952380952383,0.008805419569867572,103.96700000000001,0.003299123760392145,103.62169615335702,0.006642468442300629,103.50612883068563,0.007766411307117624,103.74245382025725,0.005470722532942981,103.57942857142858,103.4206441676698,0.008599403334596682,0.05454545453884303,65.24520236387367,0.028661853974909945,-0.0928121398922792,0.12147399386718914,72.94117644198391,57.06233745800173,125.42186606112143,0.6464685449570986,-27.058823518800402,0.8328571428571426,0.007984441979188555,0.08369167040166996,0.09213809128963342,0.09580041679241122,0.43814590746604676,77419.3097,0.983040229820068,556824.0470000004,435151.2092832887,54.30599105339647,-0.008915731952832967,103.38,0,0.005942582001316789
2026-09-01 06:00:00+00:00,104.31,104.31,103.36,103.38,98826.023,-0.008915731952833017,-0.002701138336870579,0.0011621150493899002,-0.0035662650602410473,-0.0028935185185186008,-0.008955714919986585,0.11999999999999034,-0.37000000000000455,-1.0000000000000142,0.0,103.54714285714286,-0.0016141715988421356,103.58857142857143,-0.0020134598411103376,103.41333333333333,-0.00032233109850124847,103.9324,-0.005314993207072008,103.57335692268562,-0.0018668596676661912,103.49466257335055,-0.001107908084324481,103.72823994495305,-0.0033572337208700224,103.55685714285714,103.43450830598938,-0.0005269837589173675,0.06390572389797754,54.937163237141746,0.012160611947308553,-0.07181758952436165,0.0839782014716702,31.063829774015026,50.093172000591125,44.69969752425913,-1.0433617306303913,-68.93617018343178,0.8378571428571432,0.008104634773157657,0.08783880867122935,0.08957783558186662,0.09110926537884656,0.2985262480780828,77960.50035,1.2676422362135176,457998.0240000004,437327.096399166,53.963437292256316,-0.002224801702456856,103.15,0,0.005227780516635422
2026-09-01 07:00:00+00:00,103.38,103.57,102.8,103.15,115224.96,-0.002224801702456869,-0.004631863360030741,-0.0024177949709864865,-0.005015915886948941,-0.0024177949709864865,-0.0022272802506323386,-0.25,-0.519999999999996,-0.36999999999999034,0.0,103.54142857142858,-0.003780405358757122,103.55357142857143,-0.0038972236592139248,103.38809523809525,-0.00230292702022048,103.89380000000001,-0.0071592337559397,103.4886855381485,-0.003272681804624678,103.46332961213686,-0.0030284122240066655,103.70556386868039,-0.005357126926945974,103.49838095238097,103.4080254871197,-0.0024952172319482064,0.05838383837676185,45.09018023421597,-0.019253872398508065,-0.061304846099190936,0.04205097370068287,18.141592912327166,40.715533042775355,-44.26418750808836,-0.4439725895140952,-81.85840704342505,0.8107142857142863,0.007859566511938212,0.08767022273462699,0.08907906576947928,0.09049208126594056,0.16593743734886512,80251.37875,1.4358003786944105,342773.06400000036,428321.9504563883,43.64784074584491,-0.0104701890450801,102.07,0,0.0052618297868965
2026-09-01 08:00:00+00:00,103.15,103.22,101.8,102.07,151894.686,-0.010470189045080125,-0.021474451155210517,-0.01533860698437206,-0.011045441333204176,-0.006714674970805912,-0.010525387101853946,-1.5900000000000034,-1.1400000000000006,-1.3400000000000034,0.0,103.37142857142855,-0.012589828634482846,103.38214285714287,-0.012692161536478765,103.32476190476191,-0.01214386446790301,103.82699999999998,-0.016922380498165877,103.20494843051881,-0.010997035004304163,103.33666328376079,-0.012257636771861868,103.64142410912429,-0.015162123857489412,103.30057142857143,103.33647392784196,-0.012255826812070946,-0.039663299658492565,27.09923656881881,-0.12980078893841096,-0.07500403466703495,-0.05479675427137601,9.121621618539834,19.44234810162733,-173.8192547785032,-1.619277108418134,-90.87837834767637,0.7964285714285718,0.0078027684081588035,0.09277752546327346,0.09015965344982685,0.09003182781037075,0.3182446407445052,82847.336,1.8334287296817626,190878.37800000038,405708.27688911324,30.311625488262038,-0.0008817478201233389,101.98,1,0.0026671491981604964
2026-09-01 09:00:00+00:00,102.08,102.28,101.87,101.98,81718.61,-0.0008817478201232909,-0.013542271232346637,-0.015922030300106083,-0.01047933242771204,-0.003712387651426341,-0.0008821367883971974,-1.6499999999999915,-1.0799999999999983,-0.05999999999998806,9.797198001280635e-05,103.16857142857143,-0.01152067351618614,103.26571428571428,-0.012450543673619774,103.28761904761905,-0.012659978607925174,103.76960000000001,-0.017245898605976712,102.95995874441506,-0.009517862636660159,103.21333025796434,-0.011949331107424684,103.57627022249197,-0.015411543773951411,103.11361904761905,103.32286560830607,-0.01299679021083133,-0.13892255890571997,31.767337708111285,-0.22211189689487298,-0.10442560711260257,-0.11768628978227041,6.976744183342616,11.413319571403195,-212.3167938924685,-1.6301726632426892,-93.0232557778977,0.7392857142857139,0.007249320595003574,0.0918510175098884,0.08861488649428825,0.08829488633248396,-0.462004812992602,81695.24495,1.000286002569835,109159.76800000037,377465.5617568168,30.31068916393926,0.003922337713277029,102.38,2,0.002661020534157873
2026-09-01 10:00:00+00:00,101.98,102.74,101.95,102.38,118879.463,0.003922337713277102,-0.007464857004362724,-0.01850254050426614,-0.00784959782924699,-0.011107891432435069,0.003914665402427502,-1.9300000000000068,-0.8100000000000023,-0.28000000000001535,0.0,102.98571428571428,-0.005881536967622172,103.16785714285713,-0.007636653165709818,103.28857142857144,-0.008796437166245145,103.72220000000002,-0.012940334855865755,102.84396699553206,-0.004511368134483829,103.13757296178576,-0.007345266521436542,103.5293576647472,-0.011101755972040247,102.99552380952382,103.25996516634197,-0.00852184256421076,-0.18976430974130862,35.51797029656406,-0.25999539290754115,-0.1355395642715903,-0.12445582863595084,22.48062014632529,12.859661982735906,-140.07545302161788,-0.8041856409184734,-77.51937981491501,0.7414285714285701,0.00724192783181606,0.08268357378244352,0.08281165936810925,0.08349249804847803,0.4547416188307658,81346.46680000001,1.4613967597668116,228039.23100000038,363234.48263712,39.5080842900838,-0.00087907794491101,102.29,1,0.0016547262779860574
2026-09-01 11:00:00+00:00,102.38,102.63,102.08,102.29,112124.113,-0.0008790779449110442,0.002155383560301871,-0.010543625459469852,-0.009393763315901582,-0.005734836702954826,-0.000879464560521102,-1.0899999999999892,-0.9699999999999989,0.8400000000000176,0.0,102.79428571428572,-0.004905775751800629,103.06928571428571,-0.007560794749644158,103.22952380952381,-0.009101309149195408,103.676,-0.013368571318208912,102.73317359642564,-0.004313831461707544,103.06052087435069,-0.007476392199517479,103.48075540338456,-0.011507022718681311,102.87847619047619,103.20546668042539,-0.008870331290213963,-0.2299663299384551,35.44303786999946,-0.2938927713458668,-0.16721020568644562,-0.12668256565942115,18.99224805465453,16.149870794774134,-127.07281473271635,-0.7471375897462882,-81.00775190658578,0.7285714285714268,0.007122606594626103,0.07989245070170371,0.08150760303895194,0.08288071742699527,-0.05682520621749454,82336.28014999999,1.361782592020568,115915.11800000038,339680.2574335848,38.29379668615493,-0.003421644344510788,101.94,0,0.0048890772984521574
2026-09-01 12:00:00+00:00,102.28,102.49,101.41,101.94,95397.275,-0.0034216443445107547,-0.000392233771327799,-0.011730489578284153,-0.014119922630561055,-0.008655061752406934,-0.0034275115570204114,-1.210000000000008,-1.460000000000008,-0.12000000000001876,-9.776126698511441e-05,102.45571428571428,-0.005033533652121107,102.97857142857143,-0.010085315946354183,103.18476190476191,-0.012063427600857867,103.613,-0.016146622527905333,102.57453887714053,-0.006186124588816003,102.9586553403188,-0.009893829100058189,103.42033362285969,-0.014313757952509323,102.72790476190477,103.15163823961089,-0.011746185133624652,-0.2679461279136492,36.28509708250725,-0.3450215690243823,-0.20277247835403295,-0.14224909067034935,17.84511783910943,19.772662013363075,-158.16912942866946,-1.211357689686875,-82.15488212722053,0.7578571428571408,0.007434345132918446,0.08067083895236518,0.0825896345120293,0.08403896034320202,-0.14918145216453127,82435.1992,1.157239576367747,20517.843000000386,309283.8370113386,36.300145107807616,0.00019619383951340025,101.96,1,0.004887015226295265
2026-09-01 13:00:00+00:00,101.93,102.49,101.33,101.96,141999.766,0.0001961938395134144,-0.004102363742918502,-0.0010776917801508246,-0.016399768473856824,-0.016209957545349374,0.00019617459601901178,-0.10999999999999943,-1.7000000000000028,1.1000000000000085,-9.809691975566812e-05,102.25285714285714,-0.0028640485071740407,102.89999999999999,-0.009135082604381561,103.14333333333332,-0.011472707882123748,103.54979999999999,-0.015352999233070888,102.45163110171242,-0.0047986654426179515,102.8678684911989,-0.008825578915030797,103.36306563764951,-0.013574148841081629,102.59209523809525,103.03822355697483,-0.010464306543174895,-0.2657912457590288,37.777777660246784,-0.3795524325158226,-0.2381284691863909,-0.1414239633294317,20.65573769814553,19.164367863969822,-134.90217517870664,-1.2589579701601992,-79.34426226906758,0.8164285714285688,0.008007341814638696,0.07456661501633408,0.08273939154174534,0.08595763003333766,0.48850966654969974,85052.63685000001,1.6695516007390936,162517.6090000004,295306.1010102588,33.30900207695615,0.0006865437426442467,102.03,1,0.0054618367963505925
2026-09-01 14:00:00+00:00,101.96,102.59,101.86,102.03,106378.425,0.0006865437426442078,-0.002541792941636589,0.0004902922141596378,-0.015439544533436211,-0.023355987364793718,0.0006863081792991201,0.04999999999999716,-1.5999999999999943,0.1599999999999966,0.0,102.09285714285714,-0.000615686000133875,102.81714285714285,-0.007655755015765001,103.06666666666668,-0.010058214747638593,103.4682,-0.013899922874719913,102.36730488136995,-0.0032950450513231917,102.79169862836264,-0.00741011811770038,103.31078855382012,-0.012397432753506547,102.47609523809524,102.89005132100118,-0.008358935678918,-0.2387205386916031,36.93693682046915,-0.396697098413469,-0.26984219503180656,-0.12685490338166244,22.950819664606403,20.48389173395378,-95.3906957826339,-1.3249516440877707,-77.04918030260671,0.8249999999999977,0.008085857100773418,0.06725793741237958,0.07732304700733801,0.08058695093410982,-0.25085492746516214,84113.4181,1.2647022009440696,268896.0340000004,292790.8565330913,34.77244468084308,0.00019602077820245046,102.05,1,0.006619840058613969
2026-09-01 15:00:00+00:00,102.02,102.35,101.01,102.05,133010.821,0.00019602077820235486,0.0010790661173238902,-0.003223285798007458,-0.02166618732623915,-0.01505646173149311,0.00019600156863988592,-0.3299999999999983,-2.260000000000005,-0.37999999999999545,-9.801038910033426e-05,102.09,-0.00039181114702335626,102.73071428571428,-0.006626200259977377,102.95142857142858,-0.008755862681345964,103.3666,-0.012737189769105987,102.30384390509596,-0.0024812743627596646,102.72427148032968,-0.006563896444398043,103.26134586543502,-0.011730874271209432,102.37380952380953,102.75669243801237,-0.0068773373416218175,-0.13851851850172855,36.21867869998585,-0.40401332271034107,-0.2966764205675135,-0.1073369021428276,30.860534115471506,24.82236382607447,-114.8748404412661,-1.5531545436855758,-69.1394658548549,0.8642857142857109,0.0084692377685178,0.061970537687023326,0.0784525149418025,0.08408519936249081,0.2503552388559991,86755.4488,1.5331696491667328,401906.8550000004,303182.85638708266,33.18250008248816,-0.010877021068103865,100.94,0,0.006635773533071763
2026-09-01 16:00:00+00:00,102.05,102.07,100.62,100.94,131888.664,-0.010877021068103843,-0.010003923107100743,-0.013197771043112816,-0.023602244147804208,-0.027084337349397636,-0.010936608343737449,-1.3500000000000085,-2.4399999999999977,-1.0200000000000102,0.0,101.94142857142857,-0.009823568155287024,102.55499999999999,-0.015747647603571228,102.82428571428571,-0.018325298359019814,103.2508,-0.02238045613184227,102.03107512407678,-0.010693557063269844,102.56206498211787,-0.01581544777189183,103.17031269424149,-0.021617775850206945,102.13504761904761,102.60844584939326,-0.01626031693166777,-0.14404040402294507,27.052238735311178,-0.4936882753906815,-0.3360787915321471,-0.1576094838585344,8.510638295608713,20.773997358562198,-149.04915826043162,-2.5957734246589212,-91.48936167779554,0.9214285714285678,0.009128478020798884,0.07101074940321793,0.08271641622851782,0.08631921452410748,-0.008436584268583736,90434.3389,1.4583914208278523,270018.1910000004,300024.31682640815,28.27439510369439,-0.0033683376263126947,100.6,0,0.005493544897217664
2026-09-01 17:00:00+00:00,100.93,101.25,100.45,100.6,114887.977,-0.003368337626312723,-0.014015485641478032,-0.01314498724740043,-0.024721279689772335,-0.029613195717179575,-0.0033740232464775526,-1.3400000000000034,-2.5500000000000114,0.010000000000005116,-9.90687537140067e-05,101.68714285714286,-0.010691055197208832,102.33642857142856,-0.01696784415531567,102.67428571428573,-0.020202582368458833,103.137,-0.024598349767546154,101.74486009926143,-0.011252264715222643,102.38369543828897,-0.017421674717207885,103.06951611799671,-0.023959713899748897,101.87438095238095,102.45177630695474,-0.018074613966561046,-0.15434343432472633,21.87499994370401,-0.5854428591101595,-0.3859516050477496,-0.19949125406240986,3.816793892158367,14.395988767746188,-162.9899333951731,-3.556705972547638,-96.18320608239634,0.9135714285714249,0.009081226924078964,0.07132168545769046,0.08308041984771498,0.08651407312349682,-0.1289018061476458,92358.4965,1.2439351153794362,155130.2140000004,286224.87846198835,23.273432044011344,-0.009840954274353827,99.61,0,0.0056686997220993665
2026-09-01 18:00:00+00:00,100.6,100.71,98.33,99.61,288886.511,-0.00984095427435383,-0.023909848113669696,-0.023048254217340025,-0.024101107083374096,-0.034880341052223596,-0.009889696508564479,-2.3499999999999943,-2.4599999999999937,-1.009999999999991,0.0,101.3042857142857,-0.01672471902173482,102.04928571428572,-0.02390301604943367,102.48095238095237,-0.028014497467316372,102.99099999999999,-0.032828111193863134,101.31788807940914,-0.016856727985227145,102.13154130753543,-0.024689153568317846,102.93384881925175,-0.03229111567620504,101.51085714285715,102.03896462294486,-0.02380428527373425,-0.2703030302702668,18.59374995932616,-0.7296329989574843,-0.4546878838296966,-0.27494511512778774,21.15702478989143,11.161485659219494,-221.8686062492972,-3.646740181818078,-78.84297519357965,1.0442857142857105,0.010483743743351337,0.07666057374016651,0.09649388836386061,0.10219626074026271,1.5145060305135325,105172.64955,2.746783619468083,-133756.2969999996,246226.67127513236,17.210500302611692,0.004718401766890863,100.08,2,0.003691681543764603
2026-09-01 19:00:00+00:00,99.61,100.33,99.52,100.08,119780.925,0.004718401766890867,-0.008519912819496711,-0.0191120258747427,-0.018631104138066346,-0.028915195032020224,0.004707305001581387,-1.9500000000000028,-1.9000000000000057,0.3999999999999915,0.0,101.03857142857143,-0.009487183112437417,101.74714285714286,-0.016385156480189473,102.33190476190478,-0.0220058911941713,102.8642,-0.027066754030779724,101.07031046352732,-0.009798233120842069,101.94503755230492,-0.018294539852709724,102.82193317928109,-0.026666812172005838,101.24828571428573,101.91033430070378,-0.017960242337004894,-0.3313131312729723,15.83198704012139,-0.7967946982799532,-0.523109246719748,-0.2736854515602052,29.264214041929044,18.07934424132627,-164.14649051920574,-2.9762481822299995,-70.73578594134855,1.0457142857142827,0.01044878382997436,0.0800461768752803,0.0977763509088437,0.10339525791394946,-0.5853703082730644,109457.7863,1.0943115976391613,-13975.37199999961,221445.52429654836,19.034865729341433,0.00029976019184653415,100.11,1,0.0032751842088898924
2026-09-01 20:00:00+00:00,100.09,100.35,99.67,100.11,82704.259,0.00029976019184663194,-0.0048707753479124705,-0.019010289073983277,-0.022172299277202545,-0.029847853474173847,0.00029971527273674046,-1.9399999999999977,-2.269999999999996,0.010000000000005116,9.992006394789364e-05,100.77428571428571,-0.006591817640489119,101.51357142857144,-0.013826441221656903,102.19142857142857,-0.02036793692489927,102.73280000000001,-0.02553030774956471,100.87824837082186,-0.0076155998267358775,101.77821595664085,-0.016390697566708638,102.71558285852497,-0.025366967562150664,101.03000000000002,101.79421854169317,-0.01654532610795374,-0.33528619524555486,19.092627548715072,-0.8379408194211351,-0.5860755612600255,-0.2518652581611096,33.96946564237229,28.130234824730916,-138.3545265465499,-1.920250808250016,-66.03053433854373,1.0264285714285677,0.010253007406036506,0.07968549969210692,0.09803913938142711,0.1037759887556387,-0.3095373157286938,109774.71734999998,0.7533998811065876,68728.8870000004,206901.08264925808,23.78841977129747,-0.004994506043352312,99.61,0,0.00384711826019155
2026-09-01 21:00:00+00:00,100.11,100.22,98.94,99.61,98364.21,-0.004994506043352276,0.0,-0.013176144244105403,-0.026200019552253484,-0.03534766608560924,-0.0050070202743179885,-1.3299999999999983,-2.680000000000007,0.6099999999999994,0.0,100.42857142857143,-0.008150782361227543,101.26071428571429,-0.016301625930075683,102.02095238095238,-0.023631933682858666,102.60859999999998,-0.029223671309917088,100.6245986966575,-0.010083008626012243,101.58110541512805,-0.0194042524646035,102.59379529544556,-0.029083584312519686,100.77619047619048,101.65452526410779,-0.020112486470974245,-0.34565656561466757,18.165467580158776,-0.9005146656779601,-0.6489633821436124,-0.25155128353434775,26.175869115301474,29.80318293320093,-144.4347309257627,-2.323985095093905,-73.82413086424863,1.0628571428571394,0.010670185150551844,0.080169630601332,0.10047842028208347,0.10639724988276443,0.1893487855323146,111289.15719999999,0.8838615771276515,-29635.32299999961,184373.80592075735,24.065106293524778,0.0008031322156409827,99.69,1,0.005585481986090799
2026-09-01 22:00:00+00:00,99.6,99.95,99.33,99.69,71610.149,0.0008031322156409892,-0.003896882494004772,-0.00904572564612327,-0.022071806945261896,-0.0358800773694391,0.0008028098775382862,-0.9099999999999966,-2.25,0.4200000000000017,-0.0001003915269541685,100.09142857142857,-0.004010618862713947,101.09071428571428,-0.013856013340073647,101.85095238095238,-0.021216810745652816,102.507,-0.027481050074361028,100.43767895732601,-0.007444207841922015,101.4091867410255,-0.016952968426804656,102.47992097013397,-0.027224074176636297,100.5667619047619,101.56076421625549,-0.018420147097885326,-0.34101010096876616,23.903508698541756,-0.9328957171250067,-0.7057498491398912,-0.2271458679851155,30.839002260580735,30.32811233941816,-120.87150367299394,-2.6274663019864457,-69.16099771674352,1.0057142857142825,0.010088416949585656,0.07990597254153667,0.10045575302596191,0.10639712412224211,-0.2719897918155394,112694.14455,0.6354380636717772,41974.826000000394,170811.99830925668,29.40809681620273,0.0031096398836393045,100.0,2,0.0057422526948675634
2026-09-01 23:00:00+00:00,99.69,100.25,99.61,100.0,50839.997,0.0031096398836392147,-0.0010987913295374963,0.003915269551249878,-0.01922322479403682,-0.03530773683195054,0.003104814953478698,0.39000000000000057,-1.9599999999999937,1.2999999999999972,0.0,99.95714285714284,0.000428755180787637,100.94928571428571,-0.009403590204323428,101.68904761904761,-0.016609926620205894,102.418,-0.02360913120717449,100.35014316586081,-0.003489214412764722,101.28107885547772,-0.01264874811704063,102.38266916738363,-0.02327219232255968,100.42133333333334,101.46544842145536,-0.014442831961417166,-0.2857912457566043,29.28870284308738,-0.9229048518242564,-0.7491808496767643,-0.17372400214749206,37.8684807170367,31.627784030972958,-90.97942828883838,-2.238733013957981,-62.13151926028757,1.0221428571428544,0.01022142857132633,0.08036011376693003,0.09963989295989042,0.10524017298482562,-0.29004480915128383,112172.14310000002,0.4532319308072446,92814.8230000004,163383.69589885132,32.99883047551458,-0.003299999999999983,99.67,0,0.005765308496694762
2026-09-02 00:00:00+00:00,100.01,100.28,99.62,99.67,81785.254,-0.0032999999999999696,0.000602349161730853,-0.0040967226219024155,-0.02313045182789375,-0.03821287272025464,-0.0033054570087264813,-0.4099999999999966,-2.3599999999999994,-0.7999999999999972,9.999999999905115e-05,99.82428571428571,-0.0015455729352850328,100.75571428571428,-0.010775709282599348,101.49904761904762,-0.018020342672519316,102.335,-0.026041921141094933,100.21411453268865,-0.005429519935594896,101.13461714134338,-0.01448185777261593,102.27628998434898,-0.025482836586293123,100.2507619047619,101.35426242108309,-0.016617578588546098,-0.21898989896335425,21.231422442199616,-0.9308846029211253,-0.7855216003256366,-0.14536300259548873,31.162790690427357,33.29009122268158,-85.55497941896162,-2.2268000784556876,-68.83720928631682,1.0128571428571402,0.010162106379522204,0.08032828671116352,0.09999356129379529,0.10543876461240788,0.6086793632186878,113615.4192,0.7198429101954084,11029.569000000396,148873.7790513417,26.39225462333384,-0.005819203371124695,99.09,0,0.005427282196257716
2026-09-02 01:00:00+00:00,99.66,99.94,98.52,99.09,97142.444,-0.005819203371124737,-0.0060186578393017776,-0.010188792328438723,-0.02900538951494358,-0.050043140638481476,-0.005836200908556904,-1.019999999999996,-2.9599999999999937,-0.6099999999999994,-0.00010033109260464316,99.75,-0.006616541353317093,100.52714285714286,-0.01429606787065319,101.28285714285714,-0.02165082230789077,102.28179999999999,-0.031205942796947068,99.98929162615093,-0.00899387935964469,100.94874285576671,-0.018412739011559796,102.15133743594315,-0.02996864762375601,100.02866666666667,101.17140725340286,-0.02057307800581451,-0.15407407405539772,19.23076917899408,-0.9727959793882235,-0.822976476138154,-0.14981950325006954,17.840375582666677,28.9572156633769,-110.55861037669946,-2.8148293448134973,-82.15962439385915,1.0749999999999977,0.01084872338267382,0.07479212942708373,0.10328150419338683,0.10993564145681754,0.18777455896878426,114667.22659999998,0.8471683399029655,-86112.8749999996,126494.09771311871,26.691217301865677,0.008477141992128403,99.93,2,0.004328675794611751
2026-09-02 02:00:00+00:00,99.09,99.93,98.77,99.93,117245.793,0.008477141992128345,-0.0006999999999999229,0.003212528862564179,-0.010005944125222821,-0.033372025536854255,0.008441412802889976,0.3200000000000074,-1.009999999999991,1.3400000000000034,0.0,99.72857142857143,0.002019767941535475,100.38357142857141,-0.004518383059220314,101.07428571428571,-0.011321234735301697,102.2376,-0.022570952369553105,99.97743330092075,-0.00047444007466665856,100.85612986887884,-0.009182682996796455,102.06422616394538,-0.020910619167349202,99.94904761904762,100.98145342377119,-0.01041234195103447,-0.08060606059628911,32.33743401533856,-0.9275379868266782,-0.8438887782758588,-0.08364920855081937,37.55868543719295,28.853950570095652,-82.10949842036824,-2.058218171105961,-62.44131453933287,1.0807142857142844,0.010814713156244066,0.08043615815333773,0.10443279373312296,0.11162845688291248,0.20694711983980962,115588.21509999999,1.014340371105869,31132.918000000398,117412.08059758364,33.47854216845329,0.003602521765235659,100.29,2,0.0026551782971460563
2026-09-02 03:00:00+00:00,99.93,100.71,99.84,100.29,79683.034,0.0036025217652355668,0.006220527741547244,0.006018657839302,-0.003081510934393572,-0.027726611730489625,0.003596048226418859,0.6000000000000085,-0.30999999999998806,0.28000000000000114,0.0,99.75428571428571,0.005370338546088174,100.26428571428572,0.00025646505663348517,100.92714285714285,-0.006312898979399208,102.213,-0.01881365384032534,100.03994664073662,0.0024995351122975096,100.80466351716258,-0.0051055526520342445,101.99464866732008,-0.01671311867413238,99.93657142857141,100.84594240552792,-0.005512789035049249,0.003097643097268636,36.15257039699247,-0.8527912634599346,-0.845669275312674,-0.007121988147260616,46.009389660561304,33.80281689347363,-34.09509860297718,-1.7246447819527138,-53.99061031596452,1.0599999999999983,0.010569348888118744,0.08254790408110356,0.1048581561350075,0.11200683137549103,-0.3203761775912932,113811.11879999998,0.7001340013186771,110815.9520000004,116783.87787400428,39.91692251948209,-0.0018945059327950136,100.1,0,0.003651715428625245
2026-09-02 04:00:00+00:00,100.3,100.31,99.74,100.1,50600.997,-0.0018945059327950542,0.010192754061963738,0.0009999999999998899,0.004919184820801004,-0.01930048006270202,-0.0018963027789421917,0.09999999999999432,0.4899999999999949,-0.5000000000000142,9.971083856706743e-05,99.82428571428571,0.002761996078796561,100.12642857142858,-0.00026395200353585203,100.78190476190477,-0.006766142826026113,102.186,-0.020413755308746784,100.0519573125893,0.0004801773868363327,100.74060319742053,-0.006358937479844033,101.92034871958204,-0.017860503250166346,99.91466666666666,100.72145138225395,-0.006170000270243075,0.006127946127203802,34.30894301132919,-0.799667292007797,-0.8364688786516986,0.03680158664390165,44.029850735315904,42.532641944356705,-43.47754641698624,-0.8321775311984166,-55.97014923980848,1.048571428571427,0.010475239046562954,0.0753371299382165,0.1013447419468656,0.10982267648334476,-0.36497150698353176,108746.43435,0.4653117805880459,60214.955000000395,111396.36140981343,34.29216083960503,0.0016983016983017154,100.27,2,0.003660676473494353
2026-09-02 05:00:00+00:00,100.1,100.4,99.77,100.27,46063.549,0.001698301698301652,0.003402381667166887,0.006019865556335935,0.0018984812150280028,-0.016767993724259744,0.0016968612146590289,0.5999999999999943,0.18999999999999773,0.5,0.0,99.90714285714286,0.003631943947915264,99.99928571428572,0.0027071621939885127,100.69619047619047,-0.004232438925154872,102.1526,-0.01842929108002715,100.09556585007144,0.00174267609604298,100.69782108856411,-0.004248563513440842,101.85562916195137,-0.015567418069890294,99.93380952380953,100.65858005158238,-0.0038603768439748752,0.047676767670988655,35.87301579329808,-0.7353716757189943,-0.8162494380651578,0.0808777623461635,51.87165774014127,47.30363271200614,-32.74120512078683,-0.32803180914186675,-48.128342233120755,0.9978571428571428,0.009951701833521403,0.07592849263369005,0.10187003326974955,0.11045208872723479,-0.08967111853547083,106963.68130000001,0.43064663108224155,106278.5040000004,110908.94641840267,39.65580852750525,-0.0018948838137029793,100.08,0,0.0025905022962601047
2026-09-02 06:00:00+00:00,100.27,100.39,99.68,100.08,50499.187,-0.0018948838137029522,-0.002093927609931323,0.009990917347865613,-0.00029967036260114543,-0.022465325258839597,-0.0018966813771782265,0.9899999999999949,-0.030000000000001137,0.39000000000000057,0.0,99.91857142857144,0.0016156012753078947,99.93785714285714,0.001422312437000205,100.60571428571427,-0.005225491309728685,102.12519999999999,-0.020026398968912354,100.09245268005716,-0.00012441177854684076,100.64165553505828,-0.0055807461837414475,101.78599664579642,-0.016760622305603882,99.94457142857145,100.54626117105768,-0.004637280050222867,0.0773737373643585,42.00743483492491,-0.691774008532974,-0.7913543521587212,0.09958034362574719,59.931506828790546,51.94433843474923,-34.83585464732946,0.47184017668434935,-40.06849313696288,0.9450000000000003,0.009442446043071121,0.07387511355318589,0.10166443298248982,0.11044786972637978,0.09629388304405295,103544.66750000001,0.48770437164231084,55779.317000000396,105658.50552141198,42.096520730745695,-0.002298161470823381,99.85,0,0.002772243820997343
2026-09-02 07:00:00+00:00,100.09,100.43,99.83,99.85,45691.557,-0.002298161470823401,-0.0024975024975024684,-0.0008005603922747184,0.0024093966469229677,-0.023853749144589043,-0.0023008062968315375,-0.0800000000000125,0.23999999999999488,-1.0700000000000074,9.992006394789364e-05,99.94428571428571,-0.0009433827418038926,99.88428571428572,-0.0003432543371582914,100.4852380952381,-0.006321705628340346,102.06960000000001,-0.021745945903366603,100.04396214404574,-0.001938769115966552,100.56968685005297,-0.007156101133325196,101.71007520870637,-0.018288013305184012,99.93285714285713,100.43468101539892,-0.005821505176120007,0.05649831649146755,42.88425036045931,-0.6680804059395768,-0.7666995629148924,0.09861915697531554,63.86554619165309,58.556236920194955,-31.119808999379636,-0.22981614708004178,-36.134453766330104,0.9307142857142868,0.009321124543865456,0.07398408165689836,0.10182149420752165,0.11053845326356125,-0.09520212671938655,100223.0397,0.45589873482952786,10087.760000000395,96556.52975746803,44.404549070490425,-0.008412618928392481,99.01,0,0.0026151763425495854
2026-09-02 08:00:00+00:00,99.85,100.02,98.8,99.01,66760.386,-0.008412618928392512,-0.0125660716066619,-0.012762987336723541,-0.006821145551208718,-0.028742397488718763,-0.008448204727400859,-1.2800000000000011,-0.6799999999999926,-1.1999999999999886,0.0,99.93285714285715,-0.009234771918195554,99.84142857142857,-0.008327490735225328,100.32904761904761,-0.01314721559047311,101.9954,-0.029269947467932166,99.8371697152366,-0.008285187947411031,100.42789713641179,-0.01411855845663805,101.60418990640417,-0.025532312287203443,99.81628571428571,100.3225511867617,-0.013083311491004153,-0.012592592591066726,44.14062487930303,-0.7089121371733285,-0.7551420777665797,0.04622994059325125,22.374429213528096,48.723827411323896,-98.19303347686196,-1.0987913295265272,-77.6255707408098,0.8478571428571442,0.008563348579422087,0.07798817676585154,0.10267469499429606,0.1103050300668778,0.4611098938913374,98791.19525,0.6757726316708301,-56672.625999999604,81963.2768281854,53.70582167299154,-0.0037369962630037826,98.64,0,0.008496403708518816
2026-09-02 09:00:00+00:00,99.01,99.34,98.2,98.64,93908.288,-0.0037369962630038334,-0.014388489208633115,-0.014585414585414513,-0.013599999999999945,-0.03256178893683792,-0.003743996278334524,-1.4599999999999937,-1.3599999999999994,-0.1799999999999926,0.0,99.74857142857142,-0.01111365719512226,99.73857142857142,-0.011014509360073943,100.17190476190477,-0.015292758638568464,101.90859999999999,-0.03207383871398409,99.59773577218928,-0.009616039609276879,100.26536103310163,-0.016210593731855395,101.48794716497656,-0.028061925031540327,99.65609523809523,100.12664702463739,-0.014847666118857817,-0.0719865319778069,35.657370418485485,-0.7623397085140482,-0.7565816039160734,-0.005758104597974767,17.529880471103606,34.58995195876159,-156.81548616792074,-0.973797811454935,-82.47011948905575,0.8714285714285727,0.008834434016826218,0.07813949950299515,0.1027555221744112,0.11010182617409779,0.4066468698967678,96386.62135,0.974287579383018,-150580.9139999996,59816.21103502492,43.484243331989724,-0.004156528791565253,98.23,0,0.008403847212513825
2026-09-02 10:00:00+00:00,98.63,98.67,97.45,98.23,172983.58,-0.0041565287915652505,-0.016224336504757075,-0.020345068315547943,-0.014447677335206133,-0.03724394785847296,-0.004165191169310598,-2.039999999999992,-1.4399999999999977,-0.5799999999999983,-0.00010137875101281161,99.45428571428572,-0.01231003476100121,99.60428571428572,-0.013797455645774637,99.99428571428572,-0.01764386536355867,101.8084,-0.035148376754421576,99.32418861775143,-0.011016335828842157,100.08032821191057,-0.018488430693134644,101.36018453105592,-0.03088179589951292,99.45495238095239,99.84384711647238,-0.016163711265788683,-0.162356902337223,32.59259250809333,-0.8282178375301186,-0.7709088506388825,-0.05730898689123609,23.92638036075888,21.27689668179685,-214.3684233138372,-1.464540074215416,-76.07361960856626,0.9100000000000017,0.009263972309790671,0.07811617408080675,0.10502568900594979,0.11268644860848505,0.8420480628930216,99716.8791,1.7347472319758777,-323564.4939999996,23303.76293645116,32.68556997970043,-0.0011198208286674074,98.12,1,0.008042671091667623
2026-09-02 11:00:00+00:00,98.22,98.28,97.38,98.12,90589.018,-0.0011198208286674616,-0.008988991011009029,-0.019584332533972737,-0.009789080633767266,-0.038510534051935275,-0.0011204482964897178,-1.9599999999999937,-0.9699999999999989,0.0799999999999983,-0.00010180189351423509,99.17142857142858,-0.010602131950339669,99.49785714285714,-0.013848108717205727,99.80809523809523,-0.01691341002001204,101.709,-0.03528694609095273,99.08335089420115,-0.0097226313552926,99.90211655628234,-0.017838626624697127,101.2331184710145,-0.03075197640854175,99.25704761904761,99.6213434770264,-0.01507050020217353,-0.2829629629286643,35.1297404207952,-0.8791683051349537,-0.7925607415380967,-0.08660756359685695,22.222222215549166,21.22616101580387,-206.94761005659146,-1.8799999999811954,-77.7777777544208,0.8828571428571449,0.008997728728578751,0.07779033033261398,0.10308116385605721,0.11014815308221446,-0.4763143530732801,97595.78895,0.9282062164219952,-414153.5119999996,-18358.834676544146,32.95863420639557,-0.004280472890338378,97.7,0,0.00866120702205618
2026-09-02 12:00:00+00:00,98.11,98.51,97.65,97.7,64787.101,-0.004280472890338394,-0.009529602595296005,-0.02153229844767146,-0.022315620934654334,-0.03209827620368533,-0.00428966034155153,-2.1499999999999915,-2.230000000000004,-0.18999999999999773,-0.00010191602119754585,98.80428571428571,-0.011176496103294718,99.35571428571428,-0.01666450991370591,99.60095238095238,-0.019085684780026528,101.58940000000001,-0.03828549041496183,98.80668071536093,-0.011200464455817644,99.70192414207486,-0.020079092347325637,101.09456480548452,-0.03357811383809214,99.01733333333333,99.45284340666281,-0.0176248697030994,-0.3537373736944958,31.401869076705466,-0.9425720241400484,-0.8225629980584872,-0.12000902608156117,9.609609606724067,18.586070727677356,-175.0161451102223,-1.9765225243104578,-90.3903903632459,0.9000000000000016,0.009211873080765503,0.07097597516059685,0.10022380807601586,0.10873874233785401,-0.2848238955410687,94240.7108,0.6874640529557563,-478940.6129999996,-62223.76594544466,32.476668014695946,0.015455475946775751,99.21,2,0.00812230144586155
2026-09-02 13:00:00+00:00,97.71,99.67,97.7,99.21,124550.691,0.015455475946775765,0.009976585564491325,0.002019997980001964,-0.01076877056536063,-0.013817097415506963,0.015337256613073972,0.19999999999998863,-1.0800000000000125,2.34999999999998,0.00010235414534174565,98.67999999999999,0.005370895824834113,99.29928571428572,-0.000899157669086618,99.51857142857142,-0.0031006416605346854,101.5056,-0.022615501016469947,98.88734457228874,0.0032628586509583467,99.6572037655226,-0.004487420363211404,101.02066030330866,-0.01792366331653683,98.99790476190476,99.33419242238713,-0.0012502484729306523,-0.27629629626280516,43.96946555487437,-0.8610499005783652,-0.8302603785624628,-0.03078952201590235,54.95495493845194,28.928928920241713,-64.01076358112043,0.12110202845774479,-45.04504503151803,0.9950000000000015,0.01002923092420091,0.09289474116282118,0.10756370399224638,0.1134058836858462,0.9224612473399605,94723.8465,1.314882108382272,-354389.9219999996,-90049.11414111656,36.64425298561085,-0.0029230924301984888,98.92,0,0.004541033386369004
2026-09-02 14:00:00+00:00,99.21,99.8,98.91,98.92,104427.257,-0.002923092430198504,0.008153281695882475,0.0028386050283859543,-0.011788211788211767,-0.006927015359903588,-0.0029273730085955852,0.28000000000000114,-1.1799999999999926,0.0800000000000125,0.0,98.54714285714284,0.0037835408723506,99.24571428571429,-0.0032818977429425,99.43857142857144,-0.005214992744930155,101.4288,-0.024734592147154053,98.893875657831,0.00026416541969821603,99.59018524138418,-0.0067294306135997975,100.93828146788479,-0.01999520339076652,98.9473333333333,99.29015020387031,-0.00372796499055103,-0.2159595959334186,44.23963124126652,-0.8105006596046422,-0.8263084347708988,0.015807775166256532,46.24624623235869,36.93693692584489,-23.0705002164314,-1.0107074952365636,-53.75375373761128,1.0114285714285731,0.010224712610375539,0.08689764119007089,0.09661932350927843,0.1009819015536749,-0.16156822445890728,85500.8838,1.2213588019074813,-458817.1789999996,-125169.88222291495,44.65083112720796,0.004144763445208214,99.33,2,0.004224597059684905
2026-09-02 15:00:00+00:00,98.92,99.53,98.47,99.33,112237.806,0.00414476344520831,0.016683725690890494,0.011198208286674172,-0.009374688341478032,-0.007494004796163023,0.004136197574049202,1.0999999999999943,-0.9399999999999977,0.8199999999999932,0.0,98.59285714285714,0.007476635513942853,99.26285714285713,0.0006764147141721105,99.42523809523809,-0.0009578865191743632,101.3682,-0.02010689742917302,98.98110052626481,0.0035249100270316894,99.56653203762198,-0.002375617918782519,100.87521160639912,-0.015318050706183412,98.95857142857143,99.22997236441121,0.0010080385311449962,-0.10228956227716353,51.89274436490558,-0.7289535259687767,-0.8068374530104744,0.07788392704169766,58.558558540973515,53.25325323726137,-29.620232169193653,-0.9572240502447258,-41.44144142899645,0.9857142857142875,0.009923631185989771,0.08647818579965952,0.09776336286620038,0.10261682788144781,0.07479416030241981,85123.72785,1.3185255020524653,-346579.3729999996,-146256.5003921611,44.10067855641272,-0.005235075002516823,98.81,0,0.004016851333044022
2026-09-02 16:00:00+00:00,99.33,99.81,98.78,98.81,105573.504,-0.0052350750025168535,-0.004031851627860017,0.007032205462698782,-0.012689848121502756,-0.012985715712716006,-0.005248826020393155,0.6899999999999977,-1.269999999999996,-0.4099999999999966,0.0,98.61714285714285,0.0019556147873252432,99.18285714285716,-0.00375929019988158,99.36476190476189,-0.005583084929927461,101.27380000000001,-0.024328108553008557,98.94688042101185,-0.0013833727796980853,99.49775639783816,-0.006912280464709939,100.7942229159521,-0.019685879393970557,98.89819047619046,99.1850706252457,-0.0037815229941112645,-0.021548821546209587,40.69767432395883,-0.6982376403455675,-0.785117490477493,0.08687985013192556,42.94294293004739,49.24924923445985,-22.819047579929844,-1.2887112886984065,-57.057057039922576,0.9764285714285725,0.009881880087224883,0.08813234846147963,0.09917954683718291,0.10384103331919624,-0.05937662395146959,86267.19009999999,1.2237967166615618,-452152.87699999963,-175389.48864052666,43.537588158315565,0.005262625240360247,99.33,2,0.002530349935243552
2026-09-02 17:00:00+00:00,98.81,99.33,98.21,99.33,101359.462,0.0052626252403602525,0.00414476344520831,0.016683725690890494,-0.005207811717576338,-0.0028109627547434624,0.00524882602039313,1.6299999999999955,-0.519999999999996,0.9399999999999977,0.0,98.77428571428571,0.005626102802870371,99.11428571428571,0.0021764197174758662,99.32761904761905,2.3970698218193697e-05,101.20280000000001,-0.01850541684599148,99.0235043368095,0.0030951809395163583,99.4825058162165,-0.0015329913029805396,100.73680240944418,-0.013965128689634962,98.91780952380954,99.14863017088693,0.0018292721623953687,0.09077441076340716,42.23300961306429,-0.6247338822037989,-0.7530407688227543,0.1283068866189554,63.93442620854594,55.14530922652227,-39.20230505898903,-0.9374688341384493,-36.06557375866717,0.9942857142857164,0.010009923631085337,0.08892585887744979,0.09833645558295444,0.1026646889179302,-0.039915715973583676,86416.9527,1.1729117821577482,-350793.41499999963,-192094.624484286,36.24097118945321,0.0019128158663042156,99.52,2,0.0018172869557111075
2026-09-02 18:00:00+00:00,99.33,99.69,99.17,99.52,66963.483,0.0019128158663042072,0.0019128158663042072,0.003124685011591577,0.005150994849005164,-0.0017052863878022073,0.0019109887636046862,0.3100000000000023,0.5099999999999909,-1.3199999999999932,0.0,98.9742857142857,0.005513697641467456,99.07285714285715,0.004513273060184222,99.32333333333334,0.00198006510720554,101.1366,-0.015984322193785643,99.1228034694476,0.004007115584365128,99.48591437837864,0.000342617563843021,100.68908466789736,-0.01161083817319171,98.97190476190477,99.13962034929126,0.0038368076190400213,0.15939393937461824,45.30744326305756,-0.5448692981074714,-0.7114064746796978,0.16653717657222633,70.16393440322469,59.01376784727265,19.52547868792391,-0.5595523581079204,-29.836065563988416,0.9907142857142871,0.009954926504263788,0.08916653215565548,0.09807343723051302,0.10224783152036421,-0.33934650324012183,86184.6194,0.7769771853282584,-283829.9319999996,-200831.3204381635,41.17387769069065,-0.0009043408360127533,99.43,1,0.00429122590248551
2026-09-02 19:00:00+00:00,99.52,99.64,99.07,99.43,38520.535,-0.0009043408360127625,0.006274668555814156,0.005155681358673725,0.008008921330089347,-0.005699999999999927,-0.0009047499988869991,0.5100000000000051,0.7900000000000063,0.20000000000000284,0.0,99.22142857142858,0.0021020804837453134,99.01285714285714,0.004213017068447897,99.31095238095237,0.0011987360526941131,101.05239999999999,-0.01605503679263362,99.18424277555809,0.002477784954164119,99.4808312530715,-0.0005109653028699715,100.63970879856807,-0.012020193748546008,99.0195238095238,99.1208578619156,0.0031188404211750812,0.18828282826000586,43.1147539994088,-0.48326748095956873,-0.665778675935672,0.18251119497610324,67.2131147320614,67.10382511461067,14.327932308375821,-0.4206309464154043,-32.78688523515172,0.9864285714285727,0.009920834470669332,0.08840296077593146,0.09788549032885349,0.10220811128887741,-0.4247531150672075,85568.6463,0.45017113937911574,-322350.4669999996,-212404.5724916717,37.67172003242509,0.0028160514935128924,99.71,2,0.006547544985746802
2026-09-02 20:00:00+00:00,99.43,100.03,99.34,99.71,87983.957,0.002816051493512939,0.0038256317326084144,0.0038256317326084144,0.015066680240252373,0.00040132437042239566,0.002812093848719255,0.37999999999999545,1.4799999999999898,-0.13000000000000966,0.0,99.29285714285713,0.004201136608834813,98.98642857142859,0.007309804374262933,99.29714285714284,0.004157794786169849,100.9572,-0.012353749905778416,99.28939422044647,0.004236160194667349,99.50166477551954,0.0020937863195391805,100.60324962999677,-0.008878934162396634,99.11247619047619,99.11514651191094,0.0060016406070849205,0.19313131310790282,47.01130845587096,-0.40716044494955383,-0.6140550297384484,0.20689458478889455,76.39344259790344,71.25683057772983,54.45892810053116,0.7069992929935548,-23.606557369309666,0.9850000000000014,0.009878648079331288,0.08828931435634972,0.09798543844097336,0.10242848251701574,1.2840793099057422,85878.58145000001,1.0245157234138147,-234366.5099999996,-214496.18558770293,43.51140079895791,-0.0005014542172299384,99.66,1,0.00710592961011166
2026-09-02 21:00:00+00:00,99.72,99.85,99.44,99.66,38098.611,-0.000501454217229913,0.001406752411575507,0.008602368181358067,0.015695067264573925,0.0057523463518012186,-0.0005015799874429951,0.8499999999999943,1.539999999999992,0.46999999999999886,0.00010029084344503887,99.39857142857144,0.002630103910636053,98.97285714285714,0.006942740433815068,99.29666666666667,0.003659068783742361,100.87819999999999,-0.01207594901562399,99.36351537635719,0.0029838379058635244,99.51605888683595,0.0014464109086783892,100.56625944842827,-0.009011565642291818,99.20228571428571,99.12343901116019,0.005413058648762034,0.16686868684846007,48.41930105193507,-0.34688102420155076,-0.5606202286310689,0.2137392044295181,86.03773581658939,76.54809771551807,45.00907432847713,1.0340632603301452,-13.962264145674757,0.9714285714285721,0.009747426965872212,0.08558947523565691,0.0935276720349368,0.09729572368863039,-0.5669822965566325,82926.38979999999,0.4594268614838402,-272465.1209999996,-220017.0365793502,43.77998757837208,-0.0012040939193256105,99.54,1,0.00793147449401868
2026-09-02 22:00:00+00:00,99.66,99.77,99.21,99.54,41128.945,-0.0012040939193256328,0.0011063059438800593,0.0021141649048626032,0.018833162743091103,-0.003902731912338697,-0.0012048194228503075,0.21000000000000796,1.8400000000000034,-0.6399999999999864,0.0,99.42857142857143,0.0011206896551611849,99.01071428571429,0.005345741802781258,99.31809523809522,0.0022342833032648773,100.794,-0.012441216738968088,99.39881230108575,0.0014204163575432245,99.51823535166903,0.00021870010309008576,100.52601397986246,-0.009808545478090479,99.27790476190476,99.10228831471444,0.004416766683440513,0.08148148147160537,55.00945165025862,-0.30527314727133614,-0.5095508123591224,0.20427766508778622,81.50943393150611,81.3135374486663,27.979243113562223,1.3336048050357996,-18.490566030758043,0.9242857142857152,0.009285570768298468,0.08004192197366132,0.0909497547977048,0.09563967763760343,0.07953922519642531,79120.5474,0.5198263453874875,-313594.0659999996,-228929.13461941207,44.68304476749685,0.008941129194293757,100.43,2,0.008782506869975417
2026-09-02 23:00:00+00:00,99.54,100.53,99.42,100.43,57709.736,0.008941129194293795,0.0072209407281116356,0.00914389067524124,0.012297147464973346,0.0013959517399542154,0.008901393974839564,0.9100000000000108,1.220000000000013,0.7000000000000028,0.0,99.66000000000001,0.0077262693155957214,99.13857142857144,0.013026499704466751,99.34190476190477,0.01095303377454003,100.7292,-0.00297034027865831,99.6050498408686,0.008282212201500648,99.60112304697184,0.00832196392633998,100.5222487257502,-0.0009176946090905255,99.46714285714285,99.08003363763359,0.013625009124341204,0.13710437708775886,65.40447488542836,-0.19819833603230563,-0.44728031709375904,0.2490819810614534,96.82539679465879,88.12418884758473,105.49391992185049,2.354260089662107,-3.174603173595178,0.9221428571428579,0.009181946202665298,0.08545154750501283,0.09214110587547553,0.09553332230492709,0.4031416560770036,78021.88249999999,0.7396609021834261,-255884.32999999958,-231496.29608422992,50.829126401079186,-0.009061037538584196,99.52,0,0.00811846186443825
2026-09-03 00:00:00+00:00,100.44,100.46,99.5,99.52,76038.817,-0.009061037538584227,-0.0014047762392133123,0.0009051594086291193,0.006065507480792487,-0.0057942057942057534,-0.00910233841437847,0.0899999999999892,0.5999999999999943,-0.8200000000000216,9.957184108225961e-05,99.68714285714286,-0.0016766741663035891,99.23071428571428,0.002915284006218654,99.30523809523808,0.002162644276163819,100.65539999999999,-0.011280070418365136,99.58803987269488,-0.0006832132932948139,99.59374822451984,-0.0007404905009986281,100.48294485415217,-0.009583167128911982,99.51800000000001,99.08488384650188,0.004391347464945175,0.09966329965121953,60.22186991392932,-0.18464173650278326,-0.3947526009755639,0.21011086447278066,67.93650791494068,82.09044621370185,71.30928510316836,1.862845445221458,-32.06349205331328,0.903571428571429,0.009079294901149013,0.09124202125893843,0.0936023508696271,0.0954470063830828,0.3176081242166833,79293.7735,0.9589506671668114,-331923.1469999996,-241060.758076208,55.16321286827201,0.00653135048231517,100.17,2,0.006167803134223199
2026-09-03 01:00:00+00:00,99.52,100.62,99.23,100.17,101209.807,0.006531350482315235,0.006329113924050667,0.004613378798515866,0.008456659619450413,-0.0009973072703699515,0.006510113632803654,0.46000000000000796,0.8400000000000034,0.37000000000001876,0.0,99.78,0.003908598917579595,99.37714285714286,0.007978264619550576,99.30857142857143,0.008674262040306274,100.5976,-0.004250598423776984,99.70443189815592,0.004669482519242215,99.64613474956349,0.005257256106800996,100.47067250693051,-0.002992639537739506,99.64323809523809,99.1119303965892,0.01067550192157832,0.12390572389070525,64.963503516863,-0.12006443787991827,-0.33981496835643477,0.2197505304765165,84.84848481991624,83.20346317650522,95.86581302938808,0.9676443906766773,-15.151515146413733,0.9385714285714286,0.00936978565001556,0.09419335626638285,0.09726624312955667,0.09943504165944872,0.3310281642072366,82051.0864,1.233497464087188,-230713.3399999996,-240075.2896879977,63.63903165515873,0.009384047119896153,101.11,2,0.00582875395902979
2026-09-03 02:00:00+00:00,100.16,101.34,99.96,101.11,119833.727,0.009384047119896044,0.006770885193667198,0.014549468191852322,0.023276996255439775,0.010291766586730589,0.00934029047963473,1.4500000000000028,2.299999999999997,0.9899999999999949,-9.983028850858825e-05,100.02,0.010897820435803895,99.62071428571427,0.014949558683141703,99.34857142857143,0.01772978258350952,100.556,0.00550936791434119,99.98554551852473,0.011246170390255961,99.77921340869408,0.013337312911474908,100.4957441733254,0.006112257108212184,99.87428571428572,99.20273917622949,0.019225888716269412,0.155286195267373,73.13432821928365,0.006884322441464974,-0.27047511019685483,0.2773594326383198,93.68131865558195,82.15543713014627,180.07526210721525,2.213910230466901,-6.318681316945525,0.9757142857142865,0.009650027551227737,0.09959065938790126,0.1004297261390484,0.10167635689895127,0.18401299787084868,85517.8134,1.4012721120392748,-110879.61299999959,-227770.93952723595,65.4206934925577,-0.005934131144298233,100.51,0,0.004224958108205235
2026-09-03 03:00:00+00:00,101.12,101.2,100.2,100.51,98703.378,-0.005934131144298194,0.009947749196141498,0.009744826200522416,0.011879593274942257,0.006609914872308664,-0.0059518080666591386,0.9699999999999989,1.1800000000000068,-0.480000000000004,9.890218573737724e-05,100.13428571428572,0.0037521043170224296,99.71357142857144,0.007987163231748128,99.36904761904762,0.011481969569789844,100.50099999999999,8.955134774703735e-05,100.09043641481979,0.004191844897520096,99.84564855335825,0.006653784679259926,100.49630322535187,0.00013629132822218446,99.99285714285712,99.26139399838215,0.01257896903629653,0.15784511782598556,60.06191937447898,0.0584039002153105,-0.20469930811442177,0.2631032083297323,73.4824280915393,84.00407718901248,148.7497647417289,1.1879593274822584,-26.51757187651182,0.9064285714285722,0.00901829242283906,0.10177287534491389,0.10183865689681167,0.10287373828872452,-0.17633056676940373,88168.40445,1.1194869479119725,-209582.99099999957,-226038.75395321343,56.03755159722726,0.004676151626703799,100.98,2,0.0035437007036501354
2026-09-03 04:00:00+00:00,100.52,100.99,100.08,100.98,73346.827,0.004676151626703762,0.008086253369272267,0.005476451259583737,0.014670418006430985,0.01989698010301999,0.004665252394121118,0.5499999999999972,1.460000000000008,-0.4200000000000017,9.949258780112836e-05,100.32285714285715,0.006550280522817982,99.86071428571428,0.011208468938767004,99.42285714285715,0.01566181964464957,100.4526,0.005250237425360318,100.26834913185584,0.007097462701826497,99.94877141214387,0.010317571424600035,100.51527172631846,0.00462345935792002,100.16171428571427,99.31974302793338,0.01671628340382396,0.1870707070480321,65.51204805464339,0.1355955477564521,-0.136640336940247,0.2722358846966991,88.49840252763634,85.22071642491919,132.6164872514854,2.1961339945127416,-11.501597440414772,0.9078571428571435,0.008990464872728787,0.09733610051856337,0.10029446611649967,0.10196187762226604,-0.25689648635936246,88497.72649999999,0.8287989974522021,-136236.16399999958,-217486.12633862163,54.86604551660609,-0.0010893246187363777,100.87,1,0.003027583969629534
2026-09-03 05:00:00+00:00,100.99,101.04,99.72,100.87,94308.088,-0.0010893246187363426,-0.0023736524577192553,0.013565112540192992,0.014482550538067018,0.02260746147607473,-0.0010899183640255736,1.3500000000000085,1.4399999999999977,0.8000000000000114,9.902951079314592e-05,100.51285714285714,0.0035532057021492,99.97071428571428,0.008995491536717332,99.51142857142857,0.013652416089902805,100.3968,0.0047132976349374914,100.38867930548469,0.004794571438138513,100.03251946558534,0.008372082787482093,100.52918263901185,0.0033902330849401026,100.29628571428572,99.41638427372139,0.01462149058108749,0.183299663277446,62.145110272865814,0.18575315710913287,-0.07216163813037102,0.2579147952395039,84.98402553195406,82.32161871704322,106.12482324356077,1.5503875968836227,-15.015974436097048,0.9264285714285724,0.009184381594323266,0.09607140386789002,0.10119008850329972,0.10347818197501392,0.28578279193999756,88517.71650000001,1.0654148313913963,-230544.25199999957,-218729.75735399098,55.684852239191635,0.00019827500743527333,100.89,1,0.0036067217279841367
2026-09-03 06:00:00+00:00,100.88,101.0,100.59,100.89,57088.876,0.0001982750074351891,0.003780718336483968,0.007187780772686336,0.01183431952662728,0.027079303675048294,0.00019825535354377647,0.7199999999999989,1.1800000000000068,-0.6300000000000097,9.913750371658339e-05,100.57857142857144,0.003096370996347241,100.11928571428572,0.0076979602901482555,99.61857142857144,0.012762967318071163,100.34200000000001,0.005461322277755339,100.48894344438776,0.003991051571063668,100.11047224144122,0.00778667547058388,100.54333233944276,0.0034479428171668046,100.41885714285714,99.60094075156753,0.012942239688626997,0.1820875420654711,67.80821901552835,0.2245290258941708,-0.012823505325462656,0.23735253121963346,85.62300316753254,86.36847707570763,121.50375921578379,1.3766077170279727,-14.376996800518576,0.8821428571428578,0.008743610438439034,0.09411332084089571,0.09803661804942695,0.09958474048642638,-0.39465556761154996,82722.9813,0.6901211139013833,-173455.37599999958,-214417.91151075368,53.70286388872037,-0.004757656853999445,100.41,0,0.004154883480521296
2026-09-03 07:00:00+00:00,100.9,101.39,100.28,100.41,116054.685,-0.004757656853999426,-0.005644682115270472,-0.006923153001681337,0.00752558699578576,0.02333876885446373,-0.004769010528943012,-0.7000000000000028,0.75,-1.4200000000000017,9.911785112405588e-05,100.70571428571428,-0.002936420120832162,100.19642857142857,0.0021315273569560787,99.72238095238096,0.006895333234577413,100.264,0.0014561557488085917,100.47315475551022,-0.0006285734300199597,100.13770203767383,0.0027192351809810895,100.53810362024892,-0.0012741797948717913,100.45761904761905,99.7666910521002,0.006448133551481625,0.1321885521725288,59.310344684423335,0.21405964644205255,0.03255312502804039,0.18150652141401216,57.75862066475918,76.12188312141525,98.41784832875307,0.9856180227196355,-42.241379292137374,0.8814285714285717,0.008778294705903729,0.0962431004814071,0.09888003314782375,0.1001851369661216,1.0328773857800249,83996.26465,1.3816648333539747,-289510.0609999996,-221569.54479544377,52.87155421811787,0.0021910168309929178,100.63,2,0.004687976176408153
2026-09-03 08:00:00+00:00,100.41,101.13,100.39,100.63,65233.581,0.0021910168309928757,-0.0023793000892238236,0.0011939110536263176,0.010950371709865347,0.02998976458546565,0.0021886200538968653,0.11999999999999034,1.0899999999999892,0.8199999999999932,0.0,100.77142857142857,-0.0014034590303235231,100.2757142857143,0.0035331158377261687,99.84190476190476,0.007893431520229236,100.20900000000002,0.0042012194513045414,100.5045238044082,0.0012484631620636505,100.18245639788529,0.0044672851734915715,100.54170739984701,0.000878168895630259,100.51542857142857,99.87348438424202,0.007574739385679872,0.07663299662370718,59.51972541453244,0.2209675725528939,0.07023601453301109,0.1507315580198828,67.24137928136136,70.20766770455101,91.4757457548106,0.9226757596938872,-32.75862067553519,0.8971428571428574,0.008915262418105358,0.09409832997440144,0.09835129108587494,0.09977242474420443,-0.43790652656547213,84018.58865,0.7764184336843084,-224276.47999999957,-221827.3481482586,52.83183075626062,-0.004571201430984734,100.17,0,0.005073421320154801
2026-09-03 09:00:00+00:00,100.64,100.8,100.12,100.17,63455.4,-0.004571201430984773,-0.007136485280999083,-0.008021390374331583,-0.002588867868166922,0.009676443906864396,-0.004581681321568983,-0.8100000000000023,-0.2600000000000051,-0.9299999999999926,9.93739441509067e-05,100.63714285714286,-0.004641853334422865,100.32857142857142,-0.001580521144794075,99.95952380952382,0.002105614177145837,100.1494,0.00020569269511146383,100.43761904352657,-0.0026645299447801817,100.18132399807753,-0.00011303502115457479,100.5271306390687,-0.0035525796548136293,100.50133333333332,99.97063502104058,0.001994235396378835,0.0444444444390571,55.967741809105085,0.18716645970465606,0.09362210356734009,0.09354435613731597,44.03669722750633,56.345565724542276,46.135967380357584,0.5117399157082959,-55.96330272662211,0.9049999999999991,0.009034641110022607,0.0805714830695829,0.08983367004005413,0.09357094865290738,-0.027258675251938036,80963.8241,0.7837500353444794,-287731.8799999996,-228103.9702293768,51.60512975882105,0.0026954177897573726,100.44,2,0.013659917927673819
2026-09-03 10:00:00+00:00,100.16,100.49,99.93,100.44,68195.664,0.0026954177897573484,0.0002987750224081598,-0.004262912659859341,0.009244372990353744,0.015365952284674522,0.002691791665711353,-0.4300000000000068,0.9200000000000017,0.37999999999999545,-9.983028850858825e-05,100.62714285714286,-0.0018597651868808446,100.38071428571428,0.0005906086114946876,100.01809523809524,0.004218284310415871,100.1168,0.003228229427995818,100.43809523482125,1.89645689145938e-05,100.2048399982523,0.0023467928470267086,100.5237137512621,-0.000832776149400984,100.51619047619046,100.03442538949163,0.004054350379133755,-0.0352861952819188,55.89660730491887,0.18008961676424917,0.11091560620672192,0.06917401055752725,56.4220183227422,55.900031610536615,32.430787893342746,0.9041591319981412,-43.57798163138624,0.8957142857142841,0.008917904079105598,0.0798765432738135,0.08858523984346987,0.0919266715650965,0.07470229484015545,79152.24445000001,0.8615758715860284,-219536.2159999996,-227287.99363610276,44.37187580997503,0.0036837913181999656,100.81,2,0.013576044032961705
2026-09-03 11:00:00+00:00,100.44,100.99,100.33,100.81,74362.132,0.003683791318199958,0.0017887309947333119,-0.0007929428089998858,0.0063891384646102,0.01489982885331731,0.00367702277646594,-0.0799999999999983,0.6400000000000006,0.3500000000000085,0.0,100.60285714285715,0.0020590156484984455,100.46285714285715,0.0034554348443999266,100.10809523809523,0.00701146855534872,100.0934,0.007159313201398297,100.512476187857,0.0029600684753201033,100.25985454386573,0.005487195833583491,100.5349406629773,0.00273595762036644,100.57342857142858,100.13408608968861,0.006750088173763704,-0.0568350168281282,58.832565157656596,0.20200844788769245,0.12913417454291604,0.07287427334477642,73.39449537917699,57.95107030980849,76.88024610673128,0.3783729961129261,-26.60550457495144,0.913571428571427,0.00906230957804151,0.0796349900852851,0.08672785171037387,0.08953526523380652,0.09042316825304297,77258.46075,0.9625111771334253,-145174.08399999962,-219467.62128980723,49.63453065965992,0.00853089971233012,101.67,2,0.015133297176533828
2026-09-03 12:00:00+00:00,100.8,101.84,100.63,101.67,133979.258,0.00853089971233012,0.014974543276430108,0.012548550941141379,0.005538522401345114,0.0289444388219815,0.00849471722121949,1.2600000000000051,0.5600000000000023,1.3400000000000034,-9.919650828197519e-05,100.71714285714286,0.009460724518359425,100.61500000000001,0.010485514088252318,100.21952380952382,0.014472990245079068,100.07919999999999,0.015895410834460312,100.74398095028562,0.009191805217248234,100.38804958533248,0.012769950406946182,100.57945279384094,0.010842644057564374,100.73438095238095,100.30730922918396,0.013585159259819828,0.03474747474326243,64.6896550474958,0.2854832193047798,0.1604039834952888,0.125079235809491,93.48659000249549,74.43436790147155,146.69389009575238,2.160369774897912,-6.51340995919033,0.9599999999999989,0.009442313366681976,0.0808907707095311,0.08764676480972391,0.08951711982822752,0.8017135119256669,78678.74845,1.7028646316754965,-11194.825999999623,-199632.11697649222,56.987629816449726,-0.0017704337562703533,101.49,0,0.01514648277161174
2026-09-03 13:00:00+00:00,101.68,102.02,101.11,101.49,116783.93,-0.0017704337562703953,0.010454002389486128,0.00854615919705859,0.009750273604616444,0.021745696164300776,-0.00177200282634297,0.8599999999999994,0.9799999999999898,-0.4000000000000057,9.835743090298768e-05,100.80285714285715,0.006816700206842493,100.6907142857143,0.00793802804903892,100.34714285714286,0.011389035206241545,100.0632,0.014258988319239652,100.89318476022851,0.005915317681604527,100.48822689575681,0.009969059413023798,100.61516052741581,0.008694907089445153,100.85104761904762,100.48406125919848,0.010010928381931964,0.06343434342665386,58.103975410786504,0.3332713368616993,0.19497745416857093,0.13829388269312837,81.00358420035704,82.62822319400983,155.476267402035,1.317759808312684,-18.996415763800663,0.9457142857142843,0.009318300184303538,0.08033313086543707,0.08638530762085755,0.08846493221155456,-0.12834320966309587,79449.97185,1.4699052407530653,-127978.75599999962,-192807.98735968338,59.05098289230653,0.03271258252044544,104.81,2,0.014788780914796702
2026-09-03 14:00:00+00:00,101.49,104.86,101.25,104.81,342577.039,0.03271258252044551,0.03967860331316331,0.04632125386842367,0.03792830263418501,0.05315514469453375,0.03218891572135932,4.640000000000001,3.8299999999999983,3.780000000000001,0.0,101.43142857142857,0.03330892087513995,101.06857142857143,0.03701871430957888,100.60809523809523,0.041765076179197516,100.1206,0.0468375139576987,101.67654780818282,0.030817845996283812,100.88111535977892,0.038945689945737626,100.77966403614461,0.03999155982867657,101.40028571428572,101.10066473784349,0.036689523968395484,0.31494949491131913,79.55307250125779,0.6317575105959037,0.2823334654540375,0.3494240451418662,99.11190051525548,91.20069157270264,336.3454902872229,3.6593808722810888,-0.8880994669825257,1.1349999999999991,0.010829119358736474,0.1381291999298641,0.11364753049373637,0.10178706448468852,1.9334261914289064,93230.64965,3.6745109069396715,214598.28300000037,-154007.39018257064,71.35002978108176,0.0034347867569888314,105.17,2,0.004173429394035458
2026-09-03 15:00:00+00:00,104.81,105.66,103.78,105.17,396468.639,0.003434786756988828,0.03442510081636674,0.047092791716447646,0.042629126598592304,0.05772905561701691,0.003428901349851071,4.730000000000004,4.299999999999997,0.09000000000000341,0.0,102.08000000000001,0.030270376175251943,101.42571428571429,0.036916532859716536,100.87714285714286,0.042555300648174754,100.1848,0.04976004343922677,102.37523824654626,0.02729919657618698,101.27101396343538,0.03850051346315026,100.95183407394286,0.04178394543011205,101.94714285714285,101.80287452172115,0.03307495484842474,0.528552188488122,78.86836014963545,0.8871326323466775,0.4032932988325655,0.483839333514112,91.75084173539557,90.62210881700268,331.6456557022558,4.6363545915367945,-8.249158247769419,1.1699999999999986,0.011124845488151314,0.1375146985429479,0.1192935084998819,0.11013896045995993,0.15731235274060507,111128.05485,3.567673703414925,611066.9220000004,-81143.16997470675,76.19235130286484,-0.005800133117809256,104.56,0,0.004275068246947852
2026-09-03 16:00:00+00:00,105.17,105.19,103.85,104.56,188619.873,-0.0058001331178092475,0.030249285643905832,0.0371986906060906,0.03637625136287048,0.04864105907130689,-0.005817019215970535,3.75,3.6700000000000017,-0.980000000000004,0.0,102.70714285714284,0.018040197510082547,101.67214285714286,0.028403622287044742,101.12142857142858,0.034004379458588564,100.23540000000001,0.04314443799253402,102.81219059723702,0.01700002103440205,101.57001269403216,0.029437697472239125,101.0933307769255,0.034291769757688884,102.36504761904762,102.10445229216693,0.024049369568944916,0.6487542086755724,70.7082831944879,1.0284421136916393,0.5283230618043803,0.500119051887259,81.48148146776416,90.78140790613838,217.43380622003667,3.5452564863978466,-18.518518515400835,1.1671428571428553,0.011162422122529578,0.1408984952262034,0.12149150048784274,0.11286305583621167,-0.5242502068366623,116159.85065000001,1.6237957602780229,422447.04900000035,-33182.19673902036,66.95424395512589,0.005164498852333512,105.1,2,0.003193232351441263
2026-09-03 17:00:00+00:00,104.57,105.21,104.4,105.1,114106.43,0.00516449885233361,0.002766911554241025,0.03373659880003932,0.0467084951698038,0.054585591009431944,0.005151208566938955,3.4299999999999926,4.689999999999998,-0.3200000000000074,9.563886763480552e-05,103.37285714285714,0.016707895136721447,102.0,0.03039215686244708,101.37809523809524,0.036713106052415206,100.29639999999999,0.04789404205885864,103.26975247778962,0.01772297771882703,101.89092063093833,0.03149524363072409,101.25045506018333,0.03802002605806043,102.82209523809523,102.27654328714686,0.027606102260403127,0.7167003366134639,77.7509067607602,1.170511455330086,0.6567607405095215,0.5137507148205644,90.57239055714265,87.93490458676744,184.8537359867156,4.193516407215282,-9.427609426022329,1.153571428571426,0.010975941280308755,0.14077863983920358,0.12228941008124494,0.11351248836656258,-0.39504555811041187,119960.2416,0.9512020689361386,536553.4790000003,21078.343807553032,72.37153259008205,0.001141769743101851,105.22,1,0.0051228022973628185
2026-09-03 18:00:00+00:00,105.1,105.28,104.63,105.22,79121.558,0.0011417697431017615,0.00047542074736139917,0.03675238939797021,0.04561264036569623,0.0570624874422343,0.0011411184197556803,3.730000000000004,4.590000000000003,0.30000000000001137,0.0,104.00285714285714,0.011702975192876712,102.30285714285715,0.028514774059934564,101.64285714285714,0.0351932536890424,100.382,0.04819589169324976,103.6598019822317,0.015051138318985814,102.19356420994393,0.02961473957214194,101.40612348919575,0.03760992314406916,103.25142857142856,102.41310786585038,0.027407547652971584,0.7450505049601955,76.76767663197629,1.2780528317666864,0.7810191587609545,0.49703367300573187,92.59259257700465,88.21548820063714,153.18327008553354,4.291802953669422,-7.407407406160334,1.134999999999998,0.010786922638179158,0.14016119568930174,0.12241333017986045,0.11370070271480823,-0.30659860272554307,121859.87224999999,0.649283119529935,615675.0370000002,77706.6003020718,72.50164473983587,0.0005702337958563228,105.28,1,0.004856601205412175
2026-09-03 19:00:00+00:00,105.22,105.91,105.05,105.28,108680.491,0.0005702337958564119,0.0068859984697779986,0.004484304932735439,0.051013277428371806,0.04829234292542073,0.0005700712743460136,0.46999999999999886,5.109999999999999,-3.260000000000005,0.0,104.51857142857143,0.0072851031258272265,102.61785714285715,0.025942296314089553,101.9161904761905,0.033005644226491666,100.4756,0.047816584324474644,103.98384158578536,0.012464998353930458,102.47414928176721,0.027381058909699503,101.55804021510964,0.03664859795413779,103.64838095238095,102.59718541129169,0.026149007674306973,0.681144781062218,78.01778893364049,1.3525305160772518,0.8953214302242141,0.45720908585303777,89.46488292818319,90.87662202077682,137.48091792560382,4.850114530376958,-10.535117055094403,1.1021428571428546,0.010468682153613088,0.1384477721159262,0.12135444943361129,0.11381606493439171,0.3735888643648799,124408.41,0.8735783296322098,724355.5280000003,139292.21246377926,77.54724642882508,-0.003514437689969648,104.91,0,0.004590241546427382
2026-09-03 20:00:00+00:00,105.29,105.47,104.76,104.91,82867.222,-0.0035144376899696184,-0.0018078020932444927,-0.0024721878862794533,0.044504181600955706,0.05415996784565924,-0.003520627833612919,-0.2600000000000051,4.469999999999999,-0.730000000000004,9.498480243075732e-05,105.00714285714285,-0.0009251071355601889,102.905,0.01948399008775581,102.12952380952382,0.02722499906721065,100.58160000000002,0.04303371590784934,104.1690732686283,0.007112732292951354,102.695590256152,0.021562851319156588,101.68948961843867,0.03167004174781208,103.95400000000001,102.76297668890813,0.020892965348508832,0.5459932659270845,74.45255461772065,1.3659528554535711,0.9894477152700856,0.3765051401834856,83.2775919593181,88.44502248816865,104.88562615039673,4.253204809656632,-16.722408023959492,1.1235714285714258,0.010709860152137221,0.13367743908001695,0.12047922937694051,0.11405782732125766,-0.23751520408570848,124749.83025,0.664267212499869,641488.3060000003,187120.41184818128,73.55845780038739,0.0027642741397388834,105.2,2,0.005458027837418578
2026-09-03 21:00:00+00:00,104.91,105.72,104.77,105.2,103597.554,0.002764274139738898,-0.00019007793195202627,0.006120887528691776,0.04354726713619672,0.05021463512029545,0.0027604605602153946,0.6400000000000006,4.390000000000001,0.9000000000000057,0.0,105.06285714285715,0.0013053410203290538,103.24714285714286,0.01891439403354999,102.4,0.02734374999973294,100.684,0.04485320408361956,104.37525861490265,0.007901694290716675,102.92326386922909,0.022120714454232027,101.82715669222539,0.0331232199474643,104.25999999999999,102.97701790592996,0.021587167110230034,0.39562289557494135,79.82565365908353,1.3840364221392463,1.0683654566439178,0.31567096549532847,88.12709028626645,86.95652172458922,96.81364179513814,5.021463511979421,-11.872909697011135,1.1121428571428547,0.0105717001628544,0.13290221214913847,0.11834754445283911,0.11168086410659897,0.25016323100586146,124869.2176,0.8296484593333366,745085.8600000003,240259.9783388307,79.2733939946134,-0.009980988593155866,104.15,0,0.004935186599299992
2026-09-03 22:00:00+00:00,105.19,105.32,103.66,104.15,106963.235,-0.009980988593155882,-0.010733282674772027,-0.009039010466222575,0.024392642864168534,0.030066264464444714,-0.010031132596628474,-0.9499999999999886,2.480000000000004,-1.5899999999999892,-9.505703421967737e-05,104.91714285714285,-0.007311892377588739,103.49857142857142,0.00629408273400049,102.58952380952381,0.015210872733538489,100.7648,0.03359506494298026,104.33020689192212,-0.0017272743655829634,103.0347853356628,0.010823671449338924,101.91824858664792,0.021897466295575305,104.38038095238096,103.14211727992532,0.009771786217356271,0.18619528617271755,69.86455970901766,1.29867128011648,1.1144266213384302,0.18424465877804974,70.56856186110903,80.65774803556451,60.432553969139526,3.693747510915044,-29.43143812216855,1.1778571428571405,0.011309238049407885,0.13727490765215203,0.11957768051138232,0.11327658197045473,0.03248803538353817,124225.693,0.8610395516167427,638122.6250000003,278151.6589732278,74.30263850603518,-0.002016322611617935,103.94,0,0.002780228323248438
2026-09-03 23:00:00+00:00,104.15,104.24,103.83,103.94,74076.849,-0.0020163226116178823,-0.009246020398436694,-0.012164987644934455,0.024140309390087822,0.03412595761615744,-0.002018358126685226,-1.2800000000000011,2.450000000000003,-0.3300000000000125,0.0,104.82857142857144,-0.008476424093677751,103.76785714285714,0.0016589227327322665,102.72428571428571,0.011834730971834658,100.85140000000001,0.03062525656529666,104.25216551353769,-0.0029943312160183562,103.11707757787528,0.007980466877518496,101.99753295579899,0.019044255168639626,104.43923809523808,103.26858348289528,0.006501653208106842,-0.08269360268357924,71.89314738600407,1.200237949128649,1.1315888868964739,0.06864906223217515,67.0568561760774,75.25083610781762,42.83736044168214,3.1048507092242303,-32.94314380720018,1.1585714285714264,0.0111465405864949,0.13514219724667967,0.11798831992802089,0.11165356530332222,-0.3074550428471988,122994.36654999999,0.6022783894731104,564045.7760000003,305379.6701186347,73.82270267606674,-0.004425630171252586,103.48,0,0.002897799225579148
2026-09-04 00:00:00+00:00,103.95,104.33,103.44,103.48,141730.461,-0.004425630171252637,-0.0163498098859316,-0.017097264437689996,-0.0126896288522087,0.02475737769855413,-0.004435452262467407,-1.7999999999999972,-1.3299999999999983,-0.519999999999996,9.620935154809416e-05,104.59714285714287,-0.010680433773013876,103.985,-0.004856469683080626,102.8657142857143,0.00597172457844915,100.9272,0.025293478863722678,104.09773241083016,-0.005934158184986127,103.15007052534116,0.0031985385271703416,102.05566891831668,0.013956413169065304,104.40085714285715,103.37057068440313,0.0010586118938039526,-0.16653198651180046,67.27272716570246,1.072744735971483,1.1198200567114758,-0.047075320739992765,56.45161289310915,64.69234364343184,30.081921855448066,1.7802694993431685,-43.548387088969704,1.1821428571428558,0.01142387762979737,0.1363519456328435,0.11782383856262003,0.11141929430427645,0.9132895488035675,126413.54824999999,1.1211651200526989,422315.3150000003,316516.3982025743,71.11757882888338,0.0031890220332431224,103.81,2,0.0020450215937279142
2026-09-04 01:00:00+00:00,103.49,103.87,103.24,103.81,78984.178,0.0031890220332431163,-0.0032645223235717724,-0.010485177771423104,-0.012931444328230457,0.029146426092991007,0.003183947887325628,-1.0999999999999943,-1.3599999999999994,0.7000000000000028,9.663703130937637e-05,104.39571428571428,-0.005610520409924668,104.19928571428571,-0.003735972963858795,103.0004761904762,0.007859418125591036,101.0034,0.02778718340147179,104.04018592866413,-0.002212471331219492,103.21006411394652,0.00581276536545244,102.12446621563761,0.01650470104574992,104.37752380952381,103.48514213999756,0.0031391739266282584,-0.18579124576872508,67.12328756395817,0.9869566659939579,1.0932473785679722,-0.10629071257401423,60.227272715866164,61.24524726168423,22.07299631917825,2.2859395014061956,-39.77272726519444,1.1799999999999997,0.01136692033511832,0.13622071645167685,0.1151728550149524,0.10732415230202419,-0.44271557826937435,125647.35274999999,0.6286179236673124,501299.4930000003,334114.7881832815,67.40972453906608,-0.0001926596666987383,103.79,1,0.0013817772109131722
2026-09-04 02:00:00+00:00,103.81,103.82,103.34,103.79,59957.262,-0.0001926596666987912,-0.0014431402732344445,-0.013403041825094997,-0.007364192807957082,0.028744176826246415,-0.00019267822795641953,-1.4099999999999966,-0.769999999999996,-0.3100000000000023,0.0,104.18285714285715,-0.0037708424747334023,104.35071428571429,-0.00537336317769386,103.13952380952382,0.006306759682846357,101.0858,0.026751531866723598,103.99014874293132,-0.0019246894571155135,103.26278555813319,0.005105560914439109,102.18978126600476,0.01565928328796541,104.32295238095237,103.54939717234869,0.0023235560439674027,-0.23313131310305377,63.38383827179625,0.9069009796469771,1.0559780987837732,-0.1490771191367961,55.83333332170156,57.504072976892274,18.453400644093584,-0.9731895811375479,-44.1666666574651,1.1278571428571413,0.010866722640391893,0.13627625517917383,0.11527005884793752,0.10746810547667986,-0.24089528411626948,125790.77205,0.47664276975871794,441342.2310000003,344326.9255943976,66.25510251570833,-0.0006744387705945407,103.72,1,0.0013817661690975452
2026-09-04 03:00:00+00:00,103.79,104.14,103.71,103.72,38415.002,-0.0006744387705945876,0.0023192887514495997,-0.004128660585693722,-0.013130352045670701,0.03296484413903,-0.0006746663067341097,-0.4300000000000068,-1.3799999999999955,0.9799999999999898,0.0,104.01285714285714,-0.0028155859852220222,104.51,-0.007559085254927252,103.2742857142857,0.004315830243968776,101.1784,0.025119986083738055,103.93611899434507,-0.0020793444707584833,103.30435050739379,0.004023542963686063,102.24978984380849,0.014378612987106883,104.23885714285714,103.69018413009333,0.0002875476609143139,-0.2343434343150287,64.27656838670012,0.8282601885814245,1.0104345167433035,-0.18217432816187906,53.004291834119265,56.354965957228984,22.488291935260204,-1.3787201673349962,-46.995708144421506,1.0935714285714278,0.010543496226001583,0.1345684236664953,0.11320019609226914,0.10491398991317905,-0.35929359149188633,121908.78790000002,0.31511265645189535,402927.22900000034,349907.9068711216,64.92818927790572,0.0018318549942151728,103.91,2,0.0037954535059637464
2026-09-04 04:00:00+00:00,103.72,104.37,103.6,103.91,64013.445,0.0018318549942151208,0.000963298333493734,-0.0002886280546469111,-0.01245010454286255,0.0325946536818047,0.0018301791940916455,-0.030000000000001137,-1.3100000000000023,0.4000000000000057,0.0,103.82857142857142,0.0007842597688422286,104.44571428571429,-0.005129116971173185,103.4409523809524,0.004534447994210815,101.25800000000001,0.0261905232176598,103.93089519547605,-0.0002010489319519147,103.35940955217617,0.0053269503976854215,102.31489612444345,0.015590143136155511,104.15885714285714,103.77686811963616,0.001282866623119459,-0.1965656565418305,40.38461526380665,0.7723648657969591,0.9628205865540347,-0.19045572075707562,25.093632949403183,44.64375270174131,22.617178487842878,-0.6216526396268067,-74.90636701314364,0.8907142857142857,0.008571978497793415,0.13455554436092643,0.11321817444294634,0.10497428131161272,0.6663657859499785,121847.7811,0.5253558531973913,466940.67400000035,361053.8846929196,59.02001956743976,-0.0019247425656818676,103.71,0,0.004248498956167476
2026-09-04 05:00:00+00:00,103.9,104.06,103.46,103.71,56802.352,-0.0019247425656818695,-0.0007707871663937826,0.002222651720139135,-0.014912613981763023,0.03533992213237491,-0.0019265972629125274,0.22999999999998977,-1.5700000000000074,0.2599999999999909,-9.623712828307831e-05,103.76571428571428,-0.0005369238394133161,104.34142857142857,-0.006051561494486016,103.58761904761906,0.0011814245129381411,101.32639999999999,0.02352397795615434,103.88671615638086,-0.0017010467066179145,103.39128141106924,0.00308264473152709,102.36960608034762,0.013093670777508237,104.06076190476193,103.86521200028703,-0.0014943598274763398,-0.14882154880351037,33.84955741728008,0.7038159392188419,0.9110196570869962,-0.20720371786815428,17.60299624808871,31.900307010537034,3.9430850783778295,-1.3225499524136775,-82.39700371445811,0.7992857142857152,0.007706930038357036,0.13325729075502904,0.11296944954409734,0.10503311879349335,-0.1126496628950372,121515.1287,0.46745086482387543,410138.32200000033,365728.5930078797,43.88677999153291,-0.0008678044547294302,103.62,1,0.004063286338257398
2026-09-04 06:00:00+00:00,103.7,104.06,103.34,103.62,48552.648,-0.0008678044547294483,-0.0009641342074816484,-0.0018302668336384054,-0.012296253931941559,0.0316606929510157,-0.0008681812150005371,-0.18999999999999773,-1.289999999999992,-0.4199999999999875,-9.642271719115304e-05,103.72,-0.000964134207472331,104.27428571428572,-0.006274660236678153,103.75190476190475,-0.001271347858202508,101.3968,0.02192574124605589,103.8333729251047,-0.0020549551564365003,103.41207401006295,0.0020106548671948005,102.41864113602027,0.011729884820210637,103.96457142857143,103.96258164214544,-0.003295239851982074,-0.11279461278094129,38.24999986612503,0.6349093336180971,0.8557975923932164,-0.2208882587751193,14.232209732497653,18.976279643329836,-13.086082456318778,-1.5206234556023455,-85.76779023004916,0.7550000000000006,0.007286238177887611,0.13352941180038577,0.1133104316622513,0.10570691431016292,-0.14523525363879297,120532.97790000001,0.4028162984596732,361585.67400000035,365334.02929284354,49.21737078556359,-0.00019301293186653378,103.6,1,0.004026212825407022
2026-09-04 07:00:00+00:00,103.62,104.05,103.55,103.6,121737.287,-0.0001930129318665763,-0.002983350976806909,-0.0018306195201851505,-0.015209125475285301,0.02767582581093131,-0.00019303156125969126,-0.19000000000001194,-1.6000000000000085,-1.4210854715202004e-14,0.0,103.73714285714286,-0.0013220226947102322,104.16714285714286,-0.005444546539163668,103.90238095238094,-0.0029102408395878434,101.46340000000001,0.02105783957544227,103.78669834008376,-0.0017988657801812087,103.42915819096632,0.0016517760757231493,102.46496893460771,0.01107725964476282,103.87466666666666,104.04962713304852,-0.00432127577419631,-0.039124579119837626,28.44827574762199,0.572091801211613,0.7990564341568958,-0.2269646329452828,13.483146062365833,15.106117347650718,-23.880061014615595,-1.595744680835913,-86.51685390018098,0.7328571428571442,0.007073910645270949,0.1334333000954645,0.11291292417170508,0.10542730016835425,1.5073253883083781,122901.73565,0.9905253685487638,239848.38700000034,353383.0157411442,49.49231394309943,0.007625482625482686,104.39,2,0.011953927552910202
2026-09-04 08:00:00+00:00,103.61,104.51,103.21,104.39,155736.696,0.007625482625482682,0.006556744769067757,0.006459699190127344,0.0023043686989918655,0.0267532212058621,0.007596555594824413,0.6700000000000017,0.23999999999999488,0.8600000000000136,9.65250965242142e-05,103.82000000000001,0.005490271623911605,104.10785714285714,0.0027101014744064025,104.07285714285713,0.003047315754044218,101.54960000000001,0.02797056807680205,103.90735867206702,0.004644919610088047,103.51650744633301,0.00843819575454095,102.54046034893682,0.01803716937442364,103.90438095238095,104.19304892832525,0.001890251544595259,0.02619528619211053,39.9999998650603,0.5793761641271971,0.7551203801509561,-0.175744216023759,43.703703687517354,23.806353160793602,-10.0115315913437,-0.4956629491898193,-56.29629627544561,0.779285714285716,0.007465137602052408,0.1328287786682036,0.11319054649449536,0.10624322922394853,0.27928508871731306,123989.60755,1.256046366121422,395585.08300000033,357402.26024198765,52.571491601631806,-0.0031612223393045146,104.06,0,0.01063029911674263
2026-09-04 09:00:00+00:00,104.39,104.79,103.97,104.06,122308.138,-0.0031612223393044925,0.00424628450106157,0.0014435569242614577,0.0011545122185876444,0.0253226918908267,-0.0031662295580495493,0.15000000000000568,0.12000000000000455,-0.519999999999996,0.0,103.85857142857142,0.0019394506265202366,104.0207142857143,0.00037767202960568846,104.18666666666665,-0.001215766572806199,101.6338,0.02387197959710388,103.93788693765362,0.0011748657389817842,103.56591586030274,0.0047707214829148074,102.60005013917458,0.014229523853358749,103.89800000000001,104.32166551882953,-0.002508256722375599,0.05272727272088105,36.199094907966725,0.5521559223758459,0.7145274885959341,-0.1623715662200882,33.86454181917774,30.350463856353628,0.5692059566063599,-1.083650190103768,-66.13545814098161,0.7764285714285738,0.007461354712868656,0.13335334058857726,0.1128172930216016,0.10554103745858416,-0.21464792087280438,124265.81794999998,0.9842460301449215,273276.9450000003,349390.3254570365,53.04205897427853,0.0007687872381318306,104.14,1,0.010637731500902796
2026-09-04 10:00:00+00:00,104.07,104.15,103.56,104.14,66778.846,0.0007687872381318961,0.005212355212355302,0.004146176839263438,0.0063780440664862326,-0.006392519797729257,0.0007684918725956143,0.4300000000000068,0.6599999999999966,0.28000000000000114,9.609840476546998e-05,103.91857142857144,0.002130789216811254,103.96571428571428,0.0016763768275094514,104.31285714285715,-0.0016571029457928472,101.73639999999999,0.023625762263814975,103.9783095501229,0.0015550401865073702,103.61810532754794,0.005036713138087805,102.6604403297952,0.014412169531294925,103.91390476190477,104.41612211293909,-0.0026444394538784615,0.048417508411639415,40.67796596380357,0.5309189133413099,0.6778057735450093,-0.14688686020369934,37.05179281392378,38.20667944020628,-43.346730543642884,-0.009601536245712049,-62.94820714623558,0.7678571428571459,0.007373316140289731,0.06331914786262352,0.08542115500119454,0.09301041135320333,-0.45401142481622936,110475.90830000001,0.604465236155016,340055.7910000003,348501.32217541395,53.76723349744015,-0.00048012291146530783,104.09,1,0.011816371845406681
2026-09-04 11:00:00+00:00,104.14,104.51,103.96,104.09,67812.525,-0.00048012291146526387,-0.002873838490276781,0.004535803898861213,0.0026972353337828547,-0.010269088143006533,-0.0004802382073759366,0.46999999999999886,0.28000000000000114,0.03999999999999204,0.0,103.94428571428571,0.0014018498920990994,103.88642857142858,0.001959557483771753,104.27857142857142,-0.0018083430371769191,101.84540000000001,0.02203928699752715,104.00064764009832,0.000859151956534278,103.6610048432254,0.004138442970133935,102.71650149333263,0.013371741508769717,103.9304761904762,104.31217599890374,-0.0021299143342953714,0.05663299662613219,35.73264768630925,0.5042412690739013,0.6430928726507876,-0.1388516035768863,41.70616111767527,37.54083191692558,-8.78527945050154,0.14431402732207288,-58.29383883493136,0.739285714285718,0.0071023702015430455,0.06175131105707273,0.07719162390974683,0.08277598909552611,0.015479138408591053,94043.1026,0.7210791979974432,272243.2660000003,341238.6501587079,52.34982779780379,-0.024017677010279567,101.59,0,0.012355445516819774
2026-09-04 12:00:00+00:00,104.09,104.45,100.21,101.59,462417.009,-0.02401767701027957,-0.023736305977320793,-0.01940154440154429,-0.021196647075826247,-0.028404743687834744,-0.024310804423923433,-2.009999999999991,-2.200000000000003,-2.4799999999999898,0.0,103.64142857142858,-0.019793518862922244,103.70357142857142,-0.020380893342779576,104.10809523809523,-0.02418731446687365,101.9126,-0.0031654574605772864,103.51851811207867,-0.018629692032222124,103.47273167565945,-0.018195438016875457,102.67232496418234,-0.010541545295184128,103.6242857142857,103.81447806446931,-0.02142743580588509,-0.09191919190804937,26.029962478573125,0.2781634421512962,0.5701069865508894,-0.29194354439959325,30.131004360233533,36.29631943061085,-249.97961966050835,-1.8264398917488753,-69.8689956179324,0.9235714285714332,0.00909116476584646,0.10272251535453301,0.11408720474358111,0.11799773225504846,5.819050153345566,107732.9594,4.292251986535475,-190173.74299999973,290627.94604835485,40.64388102440669,0.000787479082586852,101.67,1,0.006291676540159047
2026-09-04 13:00:00+00:00,101.58,102.28,101.03,101.67,190180.247,0.0007874790825868061,-0.02371807182638752,-0.026056135645176726,-0.019764751253374402,-0.032635585156993274,0.0007871691836160164,-2.719999999999999,-2.049999999999997,-0.710000000000008,-9.843488532244e-05,103.36285714285714,-0.01637780910507409,103.54142857142858,-0.01807420080281674,103.97047619047619,-0.02212624462967295,101.98360000000001,-0.003075004216334127,103.14881448966294,-0.014336708540618276,103.30884697787222,-0.015863568569373168,102.63301810284186,-0.009383121734445115,103.35314285714286,103.57510178914782,-0.018393433906613223,-0.21117845115285291,28.21497113339548,0.10424875220164154,0.4769353396810399,-0.37268658747939837,31.877729250681803,34.57163157619686,-259.6064517192672,-2.0614584336570525,-68.12227072748414,0.9835714285714333,0.009674155882381815,0.10014413819716209,0.11589477078687944,0.12091461125175665,-0.5887256668796108,111536.65024999999,1.70509197267199,6.504000000277301,262949.71347232105,37.908626466312676,-0.008458739057735806,100.81,0,0.0066406205465269035
2026-09-04 14:00:00+00:00,101.67,101.82,100.31,100.81,148398.405,-0.008458739057735754,-0.031511192237486774,-0.031231981549106336,-0.029833509768068422,-0.04191218399543806,-0.008494717221219436,-3.25,-3.0999999999999943,-0.5300000000000011,0.0,102.96428571428571,-0.020922650017139763,103.35071428571429,-0.02458342260379419,103.76619047619049,-0.02848895639895641,102.0458,-0.01211024853534283,102.68105159173037,-0.018221975356773917,103.08167907079293,-0.02203766072932106,102.56152719684806,-0.01707781899024617,102.98895238095237,103.35715588201744,-0.024644214135500966,-0.3408754208341019,26.203208490758456,-0.10180120433669515,0.36118803087749296,-0.4629892352141881,13.1004366783625,25.036390096425933,-266.9801208394761,-2.8711821947887963,-86.89956329980345,1.027857142857147,0.010195983958406417,0.10238234706040603,0.11946462694454224,0.12425867577101397,-0.2196960129092692,115000.49260000003,1.2904153855772151,-148391.90099999972,223774.3216178143,37.847140969437056,0.006447773038388964,101.46,2,0.004735697262473365
2026-09-04 15:00:00+00:00,100.8,101.68,100.67,101.46,100451.625,0.006447773038388949,-0.001279653509203782,-0.025734588054541985,-0.021695111368238318,-0.036284194528875435,0.006427075072693667,-2.680000000000007,-2.25,0.5699999999999932,-9.919650828197519e-05,102.54571428571428,-0.010587612493279526,103.18285714285715,-0.016697125768238327,103.58714285714285,-0.020534815407119274,102.0908,-0.0061788133699983636,102.4368412733843,-0.009536034704230785,102.93425370072084,-0.014322284834287428,102.51833005187363,-0.010323325119788897,102.73685714285715,103.16816549523313,-0.01655709866524185,-0.4042424241934253,30.1854973992247,-0.210224375934132,0.246905549515168,-0.4571299254493,27.29257641325482,24.09024744743303,-185.16867870425222,-2.178943308887597,-72.70742356491111,1.0550000000000037,0.010398186477327081,0.10647357467109236,0.12009407023404384,0.12427199155529801,-0.3230949820518624,114589.0493,0.8766249970100688,-47940.27599999972,197896.7408923082,43.228195273711854,0.0036467573427952354,101.83,2,0.003940716535391965
2026-09-04 16:00:00+00:00,101.45,102.09,101.35,101.83,50028.21,0.0036467573427951816,0.0015737188944624503,-0.021711980017292798,-0.017274657402046034,-0.02935849775998478,0.0036401240450301213,-2.260000000000005,-1.7900000000000063,0.4200000000000017,-9.85610092636738e-05,102.22714285714287,-0.0038849061613114738,103.04285714285713,-0.011770414529207724,103.42285714285715,-0.015401403392303828,102.149,-0.0031228891129318906,102.31547301870745,-0.004744864138134249,102.83386700065532,-0.009762027140719698,102.49133671650605,-0.006452610900459618,102.55647619047619,103.0679942929556,-0.012011432854944059,-0.4215488214977247,34.39490438192213,-0.2632599163488152,0.14487245634237136,-0.4081323726911865,35.37117903157835,25.254730707731877,-118.36291185980296,-2.0017322682898477,-64.6288209465876,1.0735714285714337,0.010542781386240704,0.10798978295524392,0.12023212068970453,0.1244392035362677,-0.5019671408999108,112947.09870000002,0.4429348834615045,2087.9340000002776,179248.28309304078,42.861399242465744,-0.00579397034272811,101.24,0,0.0036333905845886733
2026-09-04 17:00:00+00:00,101.83,101.86,101.08,101.24,58038.854,-0.005793970342728105,0.004265449856164949,-0.0034452209863176098,-0.0227799227799228,-0.03764258555133082,-0.005810820506650787,-0.3500000000000085,-2.3599999999999994,1.9099999999999966,0.0,101.81285714285715,-0.005626569756781675,102.86571428571428,-0.015804238535523898,103.24809523809525,-0.019449223091670933,102.18720000000002,-0.009269262686429946,102.10037841496597,-0.008426789678102082,102.68897000059575,-0.014110278840787221,102.44226468840777,-0.011736022158948724,102.31609523809524,102.92288887461636,-0.016350968117987436,-0.45198653193174654,31.764705816954972,-0.34887739198596535,0.04612248667670403,-0.3949998786626694,22.489082964521998,28.384279469785042,-119.77179994052396,-2.3816411146236454,-77.51091701364395,1.0985714285714334,0.010851159902810967,0.10781546825088613,0.11980824278241534,0.12335641359688038,0.1601225388635732,110669.1637,0.5244356427715507,-55950.91999999972,156848.35898894168,40.13062163787586,0.004049782694587226,101.65,2,0.0021470762152842704
2026-09-04 18:00:00+00:00,101.25,101.7,101.22,101.65,37806.9,0.004049782694587334,0.0018726591760300781,-0.00019671486180772302,-0.026247724877861867,-0.02400384061449834,0.004041604397432549,-0.01999999999999602,-2.739999999999995,0.3300000000000125,9.877518767193146e-05,101.46428571428571,0.0018303414290563465,102.70428571428572,-0.01026525530987457,103.07904761904761,-0.013863609065492336,102.244,-0.005809631860981422,102.01030273197279,-0.003532022965522672,102.59451818235976,-0.00920632212212049,102.4111954849408,-0.007432737029666817,102.154,102.82569131207677,-0.011433828424232021,-0.36727272722820975,33.903133835520904,-0.37927424734856174,-0.038956860128349126,-0.3403173872202126,31.44104802806981,29.76710334139004,-95.26769103959374,-1.9011773788660364,-68.55895195009613,1.077857142857147,0.010603611833217348,0.1053327081439423,0.115363387392029,0.11904858899959136,-0.3485932716728004,107211.34694999999,0.3526389796933677,-18144.01999999972,140182.418132852,39.15606522679779,0.00039350713231669495,101.69,1,0.001490365640901296
2026-09-04 19:00:00+00:00,101.66,101.96,101.63,101.69,47045.012,0.0003935071323166728,-0.001374840420308332,0.008729292728895999,-0.022775321929656034,-0.021647104098518333,0.00039342972869033435,0.8799999999999955,-2.3700000000000045,0.8999999999999915,9.837678307813603e-05,101.47857142857143,0.002083479974639833,102.55999999999999,-0.008482839313489738,102.96190476190475,-0.012353158819600564,102.29119999999999,-0.005877338422015914,101.94624218557823,-0.002513503000034719,102.51228925669069,-0.008021372487582069,102.38291330906077,-0.0067678608339882115,102.01876190476192,102.76080760314514,-0.010420389135808497,-0.26767676764432247,35.27696785803536,-0.3955763505831129,-0.11028075821930189,-0.285295592363811,32.3144104732938,28.74818048862852,-70.94918497937294,-1.843629343611545,-67.68558950487214,1.058571428571432,0.010409788853977994,0.10543016277828712,0.11526442903680498,0.11899719460079541,0.24434989380245398,105859.7551,0.4444088497612589,28900.992000000282,129584.18707258042,42.192434722151596,0.0006883666043859514,101.76,1,0.0016847873300153719
2026-09-04 20:00:00+00:00,101.7,101.87,101.62,101.76,40053.61,0.0006883666043859815,0.005136309758988711,0.002956830277942135,-0.022853850585749957,-0.0166215693853885,0.0006881297887660422,0.30000000000001137,-2.3799999999999955,-0.5799999999999841,9.833808633992308e-05,101.49142857142859,0.002646247395953796,102.42714285714284,-0.006513340492830099,102.85809523809523,-0.010675827075571317,102.336,-0.0056285178235847095,101.90899374846259,-0.0014620274715780191,102.44389932426427,-0.006675842375863175,102.35848533615642,-0.005846953813209299,101.91209523809525,102.67116059158583,-0.008874552370177684,-0.12599326597799423,36.40350869741976,-0.3982566155038114,-0.1678759296762038,-0.23038068582760762,33.84279475243623,32.53275108459993,-63.8682934813466,-2.51939840978523,-66.15720522572971,1.0250000000000037,0.010072720125687214,0.10483402663479337,0.11392880614429353,0.11761899213907853,-0.14861090905875418,100775.91255000001,0.39745221835750666,68954.60200000028,123809.94087519184,42.42890013587967,-0.0018671383647799913,101.57,0,0.0016787261302422841
2026-09-04 21:00:00+00:00,101.76,101.94,101.47,101.57,43925.27,-0.00186713836478003,-0.0007870142646336786,-0.0025532750662869974,-0.02420981842636194,-0.02157788267026306,-0.0018688836404023863,-0.2600000000000051,-2.5200000000000102,-0.5600000000000165,0.0,101.6,-0.00029527559054828606,102.28214285714286,-0.006962533607949046,102.76714285714284,-0.011649081835381528,102.3788,-0.007900073061924001,101.84119499877008,-0.002662920429897715,102.36445393114933,-0.007761033255508066,102.32756434258167,-0.0074033262439241335,101.7978095238095,102.610094714766,-0.010136378079048816,0.03252525252130968,35.52068466515131,-0.4109746963903689,-0.21649568301903682,-0.19447901337133205,29.694323137621232,31.9505094544504,-62.2847301415456,-2.3928502786623875,-70.3056768405447,1.0228571428571465,0.010070465125992675,0.10380282191477816,0.1136161215614917,0.11732427463870734,0.09666194882308976,99022.96715000001,0.4435866876566276,25029.33200000028,114402.26383945931,36.79943848605684,0.001673722555872814,101.74,2,0.0012180971959709621
2026-09-04 22:00:00+00:00,101.58,101.87,101.57,101.74,28379.291,0.0016737225558727253,0.0004916904317042725,0.0049387593836427435,0.0014765232798503725,-0.0197514211388381,0.0016723234432091053,0.5,0.14999999999999147,0.7600000000000051,9.845426799159852e-05,101.64,0.0009838646202185207,102.09285714285716,-0.0034562373189336495,102.66857142857143,-0.009044359102711504,102.41940000000001,-0.00663350888594721,101.82095599901606,-0.0007950818986226817,102.30768539195394,-0.0055488049580392634,102.30452260365689,-0.005518061071829879,101.7255238095238,102.56523773344709,-0.008045978848932515,0.050101010094936844,29.26447567923276,-0.40269427889246856,-0.2537354021937232,-0.14895887669874536,33.40611352982393,32.31441047329378,-53.11790480652547,-2.3045899750114844,-66.593886448342,0.951428571428575,0.009351568423621224,0.10422250997282373,0.11336030767947226,0.11692996193203734,-0.3539188034586924,97444.06860000001,0.29123672079513013,53408.62300000028,108593.34566427274,31.16987660139702,0.0018675054059368189,101.93,2,0.0012970638955193364
2026-09-04 23:00:00+00:00,101.74,101.98,101.66,101.93,17269.23,0.0018675054059367202,0.0016705974842767812,0.0027545499262173756,0.0025572932035016205,-0.01725800231392205,0.0018657637857024765,0.28000000000000114,0.2600000000000051,-0.21999999999999886,0.0,101.65428571428572,0.002712274094242419,101.94071428571428,-0.0001051031061459639,102.58,-0.006336517839672986,102.4648,-0.005219353377889486,101.84276479921286,0.0008565674837901306,102.27335035632176,-0.003357183030791065,102.28983544272917,-0.003517802537937541,101.70380952380953,102.53315515854624,-0.005882537776270445,0.08309764308757095,32.9599999261697,-0.3764609685577227,-0.2782805154665231,-0.0981804530911996,39.99999999069787,34.366812219380996,-41.325850262510656,-2.0751272936682152,-59.99999998604631,0.9157142857142893,0.008983756359318213,0.1047095892760616,0.11321504145857036,0.11667158981260706,-0.3914847978407917,96386.78,0.17916596031115284,70677.85300000028,104982.34636291346,25.7056257181751,-0.0011772785244776273,101.81,1,0.0011116728382353097
2026-09-05 00:00:00+00:00,101.93,102.01,101.72,101.81,42522.401,-0.0011772785244775763,0.0023629024318205794,0.001180057036090032,0.009919650828290827,-0.020209796939659297,-0.0011779720612170492,0.12000000000000455,1.0,-0.1599999999999966,0.0,101.73571428571428,0.0007301832479041517,101.77428571428572,0.00035091659414037606,102.48904761904762,-0.0066255627778396475,102.5102,-0.006830539790120054,101.83621183937029,-0.00025739212895485564,102.23122759665614,-0.0041203417640051435,102.27101836654373,-0.004507810461874044,101.68638095238094,102.46992696868143,-0.006440201415159494,0.04161616161111795,31.478537290826893,-0.36119030127485985,-0.2948624726281905,-0.06632782864666936,37.20930231692817,36.871805279149974,-37.89286448022538,0.2165567477092561,-62.79069765981602,0.894285714285718,0.008783869111844948,0.10423141025925599,0.11227327825572411,0.11544444753180504,1.4623217711501901,95312.22780000001,0.44613794034095117,28155.45200000028,97665.49928073125,26.199550024664518,0.0005893330714075462,101.87,1,0.0011510979550010106
2026-09-05 01:00:00+00:00,101.82,102.2,101.74,101.87,53509.424,0.0005893330714075162,0.001277766856693674,0.0010809748427673682,0.004041001379854192,-0.01774177996335924,0.0005891594828706176,0.10999999999999943,0.4100000000000108,-0.010000000000005116,9.822217856686654e-05,101.76714285714286,0.0010107107261576882,101.61571428571428,0.002502425102954526,102.39190476190477,-0.005097129144274338,102.539,-0.0065243468338239356,101.84296947149625,0.0002654137899136754,102.19838872423286,-0.003213247570035049,102.25529215609104,-0.0037679434282885827,101.69914285714286,102.41692145520294,-0.00534014738410993,0.03845117844651833,32.380952308994836,-0.3403236496854447,-0.30395470803964136,-0.03636894164580334,39.15094338699287,38.78674856487296,-28.4957832338822,0.19671486180587752,-60.849056589422226,0.8878571428571463,0.008715589897402874,0.10431745289330728,0.11200808349066094,0.1151525051343684,0.2583819996429646,95147.5814,0.5623834385768154,81664.87600000028,96141.63039685211,25.314302598233226,0.0010798075979189107,101.98,1,0.002203291025139321
2026-09-05 02:00:00+00:00,101.86,101.99,101.7,101.98,45310.328,0.0010798075979188138,0.0004905327185322772,0.004036624987693305,0.0014730433074732208,-0.01582706041304771,0.0010792250250345877,0.4100000000000108,0.15000000000000568,0.30000000000001137,-9.816432708262443e-05,101.80857142857143,0.0016838324025317242,101.64357142857143,0.0033098853837665518,102.30952380952381,-0.0032208517570082814,102.58820000000001,-0.005928557085455073,101.87037557719701,0.0010761168021692965,102.17853520384804,-0.0019430226069498274,102.24449638526394,-0.002586900954206011,101.74771428571428,102.37224245759529,-0.0038315313621651967,0.06383838383064655,54.98721207932964,-0.31132187251783705,-0.30542814093528053,-0.005893731582556516,84.77157356102978,53.71060642165026,-28.11109018205753,1.1605991468985177,-15.228426388208785,0.605714285714288,0.005939539965761408,0.10454779448712738,0.11119164151210573,0.11403344765743485,-0.15322713995202042,94985.4654,0.4770238036860692,126975.20400000029,99078.16121619956,37.07343148976338,-0.0008825259854873839,101.89,1,0.0022798432924320943
2026-09-05 03:00:00+00:00,101.98,102.02,101.76,101.89,27067.526,-0.0008825259854874368,0.000785777428543355,0.0014743463731079487,0.006420387198735833,-0.016505791505791456,-0.0008829156408158037,0.15000000000000568,0.6500000000000057,-0.2600000000000051,0.0,101.82714285714285,0.0006172926107209164,101.65928571428572,0.0022694856066610577,102.22714285714285,-0.0032979778923362133,102.6226,-0.0071387783976713335,101.87430046175761,0.00015410695505218753,102.15230473077095,-0.0025677808392057648,102.23059456623399,-0.0033316304935504413,101.78057142857142,102.27321492042628,-0.0037469724670403377,0.0380471380425265,52.80612226038625,-0.2922313420016991,-0.3027887811485643,0.010557439146865188,83.5978835536518,69.17346683389148,-24.18177129432871,0.4238123398341896,-16.40211639343815,0.5350000000000017,0.005250760624151054,0.10452539799095542,0.110850017195909,0.11355552457393044,-0.40261906733493513,90251.97735,0.29991061464538316,99907.67800000029,99157.16281465677,46.98066871545591,-0.001374030817548342,101.75,1,0.0024597291049456294
2026-09-05 04:00:00+00:00,101.89,101.94,101.7,101.75,47838.336,-0.0013740308175483884,-0.0011779719250024634,-0.00176591778671642,0.000983767830791793,-0.025289778714436273,-0.0013749756634896433,-0.18000000000000682,0.09999999999999432,-0.3300000000000125,0.0,101.85285714285715,-0.0010098601624092993,101.72642857142857,0.00023171391055616149,102.13904761904762,-0.0038089998694216826,102.63539999999999,-0.008626653181956356,101.8494403694061,-0.0009763467432364043,102.11573157342814,-0.003581539962445141,102.21174772049932,-0.004517560170847107,101.79266666666668,102.09796054190033,-0.003408104726579,0.0253872053841286,64.68749971699195,-0.28511219311296543,-0.2992534635414445,0.014141270428479069,70.58823524798137,79.65256412088763,-28.011652234163478,-0.07856230973113294,-29.411764686659144,0.4442857142857162,0.004366444366401472,0.0996596895660768,0.10770777365311067,0.11048705763523363,0.7673700950725972,84857.05935,0.5637519891266353,52069.34200000029,94672.60845135615,54.617085337277466,0.0010810810810810755,101.86,1,0.002211878550651071
2026-09-05 05:00:00+00:00,101.76,101.94,101.6,101.86,41749.829,0.00108108108108107,-0.001176701313983175,0.0004911108928395969,0.0016717474677943045,-0.02114164904862581,0.0010804971337541789,0.04999999999999716,0.1700000000000017,0.23000000000000398,9.828009827918266e-05,101.87,-9.816432708262443e-05,101.755,0.0010318903247896623,102.01857142857145,-0.0015543388458533613,102.66240000000002,-0.007815909232515544,101.85155229552488,8.294134242080677e-05,102.09248324857103,-0.0022771828167085523,102.19795369224445,-0.003306853807062029,101.8104761904762,101.92568010948993,-0.00064439216317942,0.021010101007554457,57.51879668975065,-0.2675104417829175,-0.29290485918973913,0.025394417406821634,69.64285708067584,74.60965862743632,-20.51863036639859,0.6124061635656662,-30.35714283003844,0.39642857142857324,0.0038918964404543624,0.09972452005046636,0.10663592185821891,0.10923824968032064,-0.12727254978099578,80829.1439,0.5165195000908512,93819.1710000003,94591.32869408416,49.843757780532734,0.004221480463381179,102.29,2,0.0023842249388944512
2026-09-05 06:00:00+00:00,101.87,102.4,101.82,102.29,43250.33,0.004221480463381111,0.00392580233585238,0.004122901737508622,0.005208333333333259,-0.017764547724217317,0.004212595012457458,0.4200000000000017,0.5300000000000011,0.37000000000000455,9.817396426376341e-05,101.92142857142858,0.0036162309902231194,101.78785714285713,0.004933229475822358,101.9342857142857,0.0034896431874536353,102.68860000000001,-0.003881638273344073,101.93924183641991,0.0034408551334873627,102.11043931688275,0.0017584948641564842,102.20156335137213,0.0008653160062039681,101.88180952380952,101.84745626898236,0.004345162336156274,0.045589225583700356,58.45588205206529,-0.21636934952394427,-0.2775977572565802,0.06122840773263594,91.6666665972223,77.29925297529316,69.82480756642241,0.6296114117006437,-8.333333327020112,0.38500000000000206,0.0037638087789249996,0.10129985517150208,0.10663571639895761,0.10887028433495563,0.03594029091711981,79652.7181,0.5429862411688303,137069.50100000028,98636.86891369522,49.238130783634396,-0.000586567601916143,102.23,1,0.0019630689318972092
2026-09-05 07:00:00+00:00,102.29,102.62,102.17,102.23,60737.548,-0.0005865676019161103,0.00471744471744473,0.0024514610707981888,0.006497981687506371,-0.017869151695647956,-0.000586739699993314,0.25,0.6600000000000108,-0.1700000000000017,0.0,101.98142857142857,0.002437418577588362,101.85857142857142,0.003646512671595826,101.84333333333333,0.0037966811769339203,102.7158,-0.00472955475199792,101.99739346913593,0.0022805144616973028,102.1213084698934,0.001064337421191351,102.20267851406342,0.0002673265156407362,101.9407619047619,101.7663001919956,0.004556516323429455,0.045319865314372314,72.60273926189994,-0.17862211941195483,-0.2578026296876551,0.07918051027570028,72.14285709132659,77.81746025640824,188.32421909783284,0.5310256662353191,-27.857142837244826,0.3614285714285736,0.003535445284408081,0.10129503906403613,0.10645383971731584,0.10862070917605024,0.40432565485627503,79298.96925000001,0.765931115807022,76331.95300000027,96512.59120762903,60.05274272622294,0.0035214711924092673,102.59,2,0.004181550068252071
2026-09-05 08:00:00+00:00,102.22,102.6,102.11,102.59,58928.19,0.003521471192409198,0.007166699391321529,0.006870154087741609,0.008354629447611561,0.009843488532335964,0.00351528533069861,0.7000000000000028,0.8500000000000085,0.45000000000000284,-9.78186442326841e-05,102.08428571428571,0.004953889642963598,101.92571428571429,0.006517351572509889,101.77190476190476,0.008038517506389738,102.7498,-0.0015552341707568747,102.11591477530875,0.004642618398217007,102.16391679081218,0.004170584121751006,102.2178675919433,0.00364058081840078,102.03828571428573,101.67556419429106,0.008993663452435489,0.07057239056383618,71.96261635164593,-0.11829455029956648,-0.22990101381003739,0.1116064635104709,97.3913042631379,87.06694265056224,196.82539594670774,0.8156446540800331,-2.6086956499055676,0.3621428571428587,0.003530001531721695,0.05399420683685116,0.06026814179091076,0.06274446430182323,-0.02978977682800099,59124.528300000005,0.9966792411602039,135260.14300000027,100202.83423547391,61.56221010925693,-0.0003899015498587216,102.55,1,0.005199789910717326
2026-09-05 09:00:00+00:00,102.58,102.82,102.52,102.55,39442.007,-0.0003899015498587399,0.002541792941636478,0.007862407862407883,0.006082605709800681,0.008655453919543588,-0.0003899775812318401,0.7999999999999972,0.6199999999999903,0.09999999999999432,-9.747538746376489e-05,102.1657142857143,0.0037613960511962913,101.98714285714287,0.005518902942893714,101.81761904761905,0.007193066968411725,102.79260000000001,-0.0023600920688614745,102.20273182024701,0.0033978365701648828,102.19901526437471,0.0034343260031802244,102.23089239225925,0.00312144010748935,102.12152380952382,101.71491943975182,0.008210010535716945,0.09602693601529613,70.09345748536936,-0.07287215797163071,-0.19849524264235607,0.12562308467072536,79.99999994074095,83.17805376506847,206.86130374933407,0.9648518263171759,-19.999999985184974,0.3600000000000015,0.003510482691335846,0.054071419751898546,0.05462498183608695,0.05514934843166994,-0.33067676098654997,51587.6163,0.7645634714081417,95818.13600000028,99785.24392733358,61.06733274942126,-0.0003900536323743739,102.51,1,0.005259803561701694
2026-09-05 10:00:00+00:00,102.55,102.71,102.39,102.51,39026.594,-0.0003900536323743209,0.0027389220385405366,0.006381307677204129,0.006875552499754578,0.01686340640809436,-0.00039012972307933227,0.6500000000000057,0.7000000000000028,-0.14999999999999147,0.0,102.25428571428573,0.0025007683924982947,102.0407142857143,0.004599004598959424,101.85761904761904,0.006404832141909475,102.83019999999999,-0.0031138712167910958,102.26418545619762,0.0024037207425395956,102.227286603977,0.002765537513633219,102.24183778864123,0.002622822683513421,102.19123809523808,101.8679266485588,0.006302998132572604,0.10181818180584015,67.77251139866544,-0.03964524480335285,-0.16672524307455544,0.1270799982712026,77.03703697997335,84.80944706128405,160.18402281821423,0.7568311381879712,-22.962962945952572,0.365000000000001,0.003560628231357334,0.04289696913667033,0.04487354650963455,0.04524244693332867,-0.010532248016689394,46119.02575,0.8462146232566319,56791.54200000028,95690.60564853992,61.14590889438662,-0.0015608233343089532,102.35,0,0.0052287797839000475
2026-09-05 11:00:00+00:00,102.52,102.58,102.22,102.35,43905.924,-0.0015608233343089584,-0.0023394092991521065,0.0005865676019161103,0.0047118877000096315,0.00877192982456143,-0.0015620426880117297,0.05999999999998806,0.47999999999998977,-0.5900000000000176,9.755145839326264e-05,102.34,9.771350400521e-05,102.09642857142856,0.002483646412680797,101.93095238095239,0.00411109294336191,102.87379999999999,-0.005091675431401412,102.2813483649581,0.0006712038523021415,102.23844236725182,0.001091151529347002,102.24607944398865,0.001016376926875305,102.23247619047619,101.96343229105813,0.0037912386848120818,0.09292929291802836,68.74999953725927,-0.025924498078296665,-0.13856509407530368,0.11264059599700701,62.39999995008009,73.14567895693145,103.3541963849321,0.4120474835630991,-37.59999996991991,0.35714285714285815,0.003489427036046592,0.038170242063113924,0.04021091555978584,0.04111953225476804,0.1250257708884357,43291.740699999995,1.0141870779522384,12885.618000000279,87804.41634867899,61.11416373161611,0.008597948216902879,103.23,2,0.005212881533190088
2026-09-05 12:00:00+00:00,102.34,103.24,102.29,103.23,86704.395,0.008597948216902962,0.006630911750365787,0.009781864423359155,0.012257305353990944,0.013748404203083542,0.008561196370200344,1.0,1.25,0.9400000000000119,-9.770395700921545e-05,102.53571428571429,0.006771159874542092,102.20285714285714,0.010050040535531142,102.0152380952381,0.011907651517863738,102.92960000000001,0.0029184996346733856,102.4710786919665,0.007406200048966583,102.32858397022893,0.00880903453158812,102.28466456383224,0.00924220106884717,102.38361904761904,102.06679140652767,0.011396543159938542,0.13905723904038356,76.70250857568604,0.055320240786954855,-0.09978802710285198,0.15510826788980683,99.39024384183577,79.60909359062973,181.84853134470208,1.3947549356507751,-0.6097560971886182,0.40357142857142797,0.003909439393272484,0.04676617457329101,0.042009239811573715,0.039986137101988374,0.9747766838934993,45125.54995,1.9214036193701411,99590.01300000028,88926.8541249953,64.8155254191736,-0.005618521747553989,102.65,0,0.005007898867556227
2026-09-05 13:00:00+00:00,103.23,103.43,102.56,102.65,139711.869,-0.005618521747553951,0.0013657204175201443,0.0005848523247879989,0.0074590244381196324,0.01392730146187282,-0.005634365012556072,0.060000000000002274,0.7600000000000051,-0.9399999999999977,0.0,102.58714285714288,0.0006127194997919467,102.25428571428573,0.0038699041604583102,102.05428571428571,0.0058372294856507715,102.9664,-0.003072847064643559,102.5068629535732,0.0013963654949643105,102.35780360929903,0.002854656708084927,102.29899144368196,0.0034312025110028285,102.4432380952381,102.22194697204584,0.004187486548921181,0.12653198651664946,61.3207544470154,0.0720752898604502,-0.06541536371019155,0.13749065357064175,57.377049148974514,73.05576431363012,146.89004031778006,0.76568175124408,-42.62295079638067,0.44285714285714206,0.004314243963495643,0.046446744486912835,0.042667342165683665,0.04106060708275084,0.6113585591595443,49209.2007,2.839141197430528,-40121.85599999972,76636.50077975768,51.74891150640414,0.002143205065757417,102.87,2,0.004031348532560781
2026-09-05 14:00:00+00:00,102.65,102.96,102.64,102.87,110661.706,0.002143205065757492,0.005080605764533619,0.0031204290589956774,0.011007371007371036,0.012001967535661517,0.0021409116779961563,0.3200000000000074,1.1200000000000045,0.2600000000000051,0.0,102.67857142857143,0.0018643478260688237,102.33,0.005277044854829759,102.13190476190476,0.007226882136475376,102.9904,-0.001169040997984476,102.57949036285856,0.0028320440675906723,102.40436691754458,0.00454700416072885,102.32138393608659,0.005361695110092888,102.52533333333335,102.30989346457169,0.005474607747654428,0.10673400672106942,66.15853630298174,0.10193095178570388,-0.03194610061101247,0.13387705239671635,69.39890706590232,75.38873335223751,119.33626387375635,0.8727201411956005,-30.601092879452867,0.44499999999999823,0.004325848157827086,0.04509410791286427,0.04198599215717742,0.04073538482556541,-0.2079290987081419,52851.941000000006,2.0938059020386386,70539.85000000028,76055.86737216174,47.359093737757526,0.0007776805677067978,102.95,1,0.005228986850069814
2026-09-05 15:00:00+00:00,102.86,102.99,102.64,102.95,71493.776,0.0007776805677068843,-0.0027123898091639953,0.004292264169349247,0.01070096210484972,0.012390598878945891,0.0007773783308598543,0.4399999999999977,1.0900000000000034,0.11999999999999034,-9.721007096245655e-05,102.73,0.002141536065393335,102.40714285714286,0.0053009695193735155,102.19380952380953,0.007399572241280315,103.0196,-0.0006755995946336281,102.65359229028687,0.0028874557927993268,102.45396992504052,0.004841491992136099,102.34603554643613,0.005901200279359581,102.608,102.37017981369314,0.005663955923066963,0.08484848483820014,66.3636360820935,0.1305422999974155,0.0005515795106731287,0.12999072048674237,73.77049176296691,66.84881599261456,110.34657407991878,1.040337618990675,-26.229508182388283,0.43714285714285445,0.004246166655061761,0.0450913349801798,0.04204434968107419,0.0407783075409335,-0.3539429439123233,54074.3792,1.3221377121237237,142033.62600000028,82339.4634319559,48.53557426911485,0.0043710539096649135,103.4,2,0.0053818590611041175
2026-09-05 16:00:00+00:00,102.95,103.53,102.79,103.4,133833.153,0.004371053909664857,0.007306380905991228,0.010258915486077269,0.010851500635448152,0.016116352201257955,0.004361528600530272,1.0500000000000114,1.1099999999999994,0.6100000000000136,0.0,102.85142857142856,0.005333629646039795,102.50857142857144,0.008696136908326919,102.27523809523811,0.010997401968436658,102.99140000000001,0.003967321543313571,102.80287383222951,0.005808457930263473,102.53997265912776,0.00838723981059406,102.38736748579157,0.00989020949619657,102.74038095238095,102.49036629319129,0.008875309355395225,0.10740740739438873,69.50549423816554,0.18736837281288388,0.03791493817111528,0.1494534346417686,93.26424865634002,78.81121582840306,150.9047990143876,1.6216216216056896,-6.7357512918465,0.46928571428571175,0.004538546559779238,0.04701931762285113,0.04443124996041849,0.04310587136554505,0.8719553013957466,58763.35635,2.277493344710861,275866.7790000003,100770.63634319822,58.46475934304294,0.007930367504835523,104.22,2,0.0054690599742007046
2026-09-05 17:00:00+00:00,103.4,104.31,103.28,104.22,173418.299,0.007930367504835445,0.013123359580052396,0.009590235396687019,0.01946591020248456,0.026090381018017084,0.007899087406739667,0.9899999999999949,1.9899999999999949,-0.060000000000016485,0.0,103.09571428571428,0.010905261407462823,102.675,0.01504747991219824,102.39238095238096,0.017849170324998585,102.9724,0.012115867941194822,103.0862990657836,0.010997590799936794,102.69270241738886,0.014872503562995652,102.45923542752524,0.017185025489508468,102.96857142857142,102.7105515992166,0.014696137614552691,0.16026936024993393,76.6590386560121,0.29516807803510403,0.08936556614391303,0.205802511891191,96.67896675399288,87.9045690577666,218.39772372355552,2.316905556623631,-3.321033209106746,0.5242857142857125,0.005030567206684724,0.052212361968522754,0.04821417711942306,0.04535717788211318,0.29577982071452813,65238.0078,2.65824026281804,449285.07800000027,133962.4879295603,65.13683947899412,-0.0028785261945883434,103.92,0,0.0037835524435333072
2026-09-05 18:00:00+00:00,104.23,104.37,103.74,103.92,52784.423,-0.0028785261945883933,0.009422049538611033,0.012372138334145077,0.012964226532800494,0.021427167289168603,-0.0028826771187244918,1.269999999999996,1.3299999999999983,0.28000000000000114,9.595087315207412e-05,103.32000000000001,0.005807200929095887,102.83,0.010600019449473922,102.50428571428571,0.013811269215089727,102.9596,0.00932793056685029,103.25303925262689,0.006459478115068489,102.80427492489896,0.01085290544488788,102.51652031272033,0.013690278239885159,103.13457142857142,102.783163028161,0.011060536943355853,0.19481481479120122,73.95143465003966,0.35233117382989576,0.14195868768110959,0.21037248614878618,83.75451260514272,91.23257600515853,190.39766564902,1.593508651856545,-16.245487358756183,0.5521428571428564,0.005313152974764658,0.05423427434059187,0.04951429697015532,0.04692853471357155,-0.6956236838651035,66458.2644,0.7942491949879932,396500.65500000026,158966.1228886498,69.644663169764,-0.004907621247113213,103.41,0,0.0037276628531607223
2026-09-05 19:00:00+00:00,103.92,103.97,103.22,103.41,59095.032,-0.004907621247113192,9.671179883929959e-05,0.005249343832020914,0.00838615309605073,0.014519768468556737,-0.00491970316546043,0.539999999999992,0.8599999999999994,-0.730000000000004,0.0,103.3457142857143,0.0006220452848906074,102.9407142857143,0.004558795978223268,102.58380952380953,0.008053809660779369,102.9258,0.004704359839761235,103.28443140210152,0.0012157553291686895,102.85934084081724,0.005353516313405033,102.55155873182935,0.008370826136412905,103.21190476190476,102.82716857815359,0.005668068370449773,0.17757575755423288,65.7200809492735,0.352418144337733,0.18405057901243427,0.16836756532529873,62.3529411520183,80.92880683705128,114.0449265819066,1.1542600019450748,-37.647058808766005,0.5814285714285704,0.005622556536340275,0.058100812787629644,0.05142931417445362,0.04867656373002922,0.11955438065506563,68549.5545,0.8620775500444592,337405.62300000025,175960.36099449272,64.80469549378955,-0.0017406440382940975,103.23,0,0.0032797065764130257
2026-09-05 20:00:00+00:00,103.4,103.62,103.13,103.23,64766.129,-0.0017406440382941035,-0.00949913644214162,0.0027197668771248296,0.0070237050043897575,0.013947549356644773,-0.0017421607193849257,0.28000000000000114,0.7199999999999989,-0.2599999999999909,-9.670244657087518e-05,103.42857142857143,-0.0019198895027438495,103.00785714285715,0.0021565622594460847,102.64571428571428,0.005692256304570844,102.88600000000001,0.0033435064051148895,103.27354512168122,-0.00042164836725118107,102.89303712801568,0.0032748850785871424,102.57816427175761,0.006354527134148585,103.25047619047618,102.8803138571409,0.00339896069272565,0.13488215486580554,60.04273486311998,0.3341111480765022,0.21406269282524787,0.12004845525125435,49.55752210196579,65.22165861970892,79.56749355036933,0.6238424797677767,-50.44247785378643,0.5749999999999987,0.005570086215193535,0.05837950553026785,0.05206003272953687,0.04953252070143182,0.09596571501983453,69661.7409,0.9297230899378667,272639.49400000024,185167.89747120772,59.76742834639885,0.004843553230650005,103.73,2,0.004438959560750561
2026-09-05 21:00:00+00:00,103.23,103.99,103.22,103.73,39294.28,0.0048435532306501106,-0.001828329484218627,0.0031914893617022155,0.013483146067415852,0.01825856483753796,0.004831860966238071,0.3299999999999983,1.3800000000000097,0.04999999999999716,0.0,103.55142857142859,0.0017244709323011936,103.11500000000001,0.005964214711671732,102.73714285714286,0.009664052505607073,102.855,0.008507121676063321,103.36483609734498,0.0035327672005167903,102.96912466183244,0.007389354242439333,102.62333430031613,0.010783762847098219,103.3467619047619,102.9387664673665,0.007686448553632585,0.10094276093052504,64.64843732322691,0.3558465652726568,0.24241946731472966,0.11342709795792713,71.68141589748613,61.19729305049006,105.46383629143591,1.1506582154934182,-28.318584058266072,0.5978571428571412,0.005763589538719537,0.06019806326293696,0.05356104390316171,0.05060423084130134,-0.3932896622554052,68950.9837,0.5698871559391462,311933.7740000002,197240.8380929975,59.01650670743464,-0.0033741444133809748,103.38,0,0.0041675152393172476
2026-09-05 22:00:00+00:00,103.74,103.87,103.22,103.38,43961.254,-0.0033741444133810194,-0.0002901073397156839,-0.008059873344847479,0.0014530659691949221,0.013728181996469857,-0.0033798496758435433,-0.8400000000000034,0.14999999999999147,-1.1700000000000017,9.640412609557987e-05,103.61285714285714,-0.0022473769112827473,103.17142857142856,0.002021600664616271,102.80904761904763,0.005553522711954664,102.82439999999998,0.005403386744727995,103.36786887787599,0.00011735873299485769,103.00647696530223,0.0036262092025529996,102.65300746500961,0.007082038343894682,103.38209523809525,102.99084921484852,0.0037784986541463342,0.09239057237937276,57.72994113342081,0.3409002788562816,0.26211562962304,0.07878464923324158,53.95348834699807,58.39747544881666,79.42834124097331,0.8486976880221474,-46.04651160649029,0.6092857142857133,0.005893651714836716,0.06208000067218221,0.054872782432917384,0.05201826189870853,0.1187698056816413,68883.53,0.6381968810251066,267972.5200000002,203977.18875080725,54.46480684731061,-0.0019346101760494162,103.18,0,0.006625529574730536
2026-09-05 23:00:00+00:00,103.38,103.39,102.94,103.18,48762.751,-0.001934610176049456,-0.00048435532306501106,-0.007120862201693612,0.005163175840233736,0.012660712533123952,-0.001936483951389334,-0.7399999999999949,0.5300000000000011,0.10000000000000853,0.0,103.58142857142857,-0.0038754878838909972,103.21642857142857,-0.000352933849120696,102.86619047619048,0.003050657581016463,102.78399999999999,0.0038527397259900597,103.3302951023008,-0.0014545114978190658,103.02225178663838,0.0015312052554121785,102.67367383893081,0.004931411744928537,103.3832380952381,103.01838536671418,0.0015687940818423266,0.026734006730766046,55.977229452812004,0.30935090597898807,0.27156268489422963,0.03778822108475843,44.65116276992994,56.76202233813803,35.04278969729537,0.810942843177238,-55.34883718355843,0.6199999999999994,0.006008916456619408,0.06254388423895355,0.055388598794894495,0.05263351158056446,0.10922111093555231,69968.29125,0.6969264237962836,219209.7690000002,205427.91067930183,50.45569629480257,0.001259934095754947,103.31,1,0.006613377629154841
2026-09-06 00:00:00+00:00,103.18,103.52,103.17,103.31,44511.726,0.0012599340957548666,-0.0040489732960571345,-0.0009670244657189464,0.00427724312238742,0.015331695331695316,0.0012591410448500673,-0.09999999999999432,0.4399999999999977,0.6400000000000006,0.0,103.45142857142858,-0.0013671011930933325,103.27357142857143,0.000352738565388103,102.93380952380953,0.0036546833147159687,102.76720000000002,0.00528184089860095,103.32623608184065,-0.00015713416510815717,103.0484107151258,0.0025385086781670226,102.69862780603157,0.0059530707179183545,103.39571428571428,103.07029212297586,0.0023256737910067973,-0.021885521882869095,57.46268641707504,0.2914777402662452,0.27554569596863276,0.015932044297612413,50.697674395024364,49.76744183731745,48.72219769837822,0.0774968516896477,-49.30232555846401,0.6221428571428567,0.0060220971555206134,0.06211819740186963,0.055630680885306316,0.05300027740892711,-0.08717771070791303,69801.96075,0.6376858976701362,263721.4950000002,210979.68061460642,54.19559903998327,0.007162907753363613,104.05,2,0.006290196034456179
2026-09-06 01:00:00+00:00,103.3,104.21,103.26,104.05,92040.985,0.007162907753363701,0.006480944089765961,0.007943427298265915,0.010684798445847354,0.021500098173964144,0.007137375978289427,0.8199999999999932,1.0999999999999943,0.9199999999999875,-9.679605072024315e-05,103.47,0.005605489513814563,103.395,0.006334929155120327,103.04333333333335,0.009769352699416525,102.76939999999999,0.012460907624132728,103.47098886547252,0.005595879007928302,103.13946428647799,0.008828198980984582,102.75162279403033,0.012636074941217075,103.49923809523811,103.1559427824391,0.0086670451884468,-0.025656565653455976,64.30976415819254,0.33318420313786135,0.2870733974024785,0.04611080573538284,84.61538457470377,59.988073913219345,106.78301315623986,1.3638577691050684,-15.384615377219301,0.664285714285713,0.00638429326553896,0.0661451780502774,0.058525144765723076,0.05492778943519703,1.0677918667993236,72316.51855000001,1.2727518808356506,355762.4800000002,224768.5186513106,59.87478805094321,0.0029793368572801756,104.36,2,0.009426418494935768
2026-09-06 02:00:00+00:00,104.05,104.74,103.88,104.36,79559.857,0.002979336857280135,0.011436324869160686,0.00607345994408548,0.00928433268858786,0.02023658226610614,0.002974907428884232,0.6299999999999955,0.9599999999999937,-0.18999999999999773,0.0,103.60571428571428,0.007280348574194803,103.47571428571429,0.00854582855872344,103.16238095238094,0.011609067535580246,102.787,0.015303491686542945,103.64879109237802,0.006861719274479975,103.25042207861635,0.010746473467469717,102.81469640995071,0.015029987385000899,103.62790476190479,103.24752602911983,0.010774824479141885,0.007878787877832884,60.52141511223468,0.3867925805655972,0.3070172340351023,0.0797753465304949,82.56880730157408,72.62728875710073,157.09706927338158,1.4484300573398565,-17.431192652554348,0.6578571428571424,0.006303728850621298,0.06550469512955166,0.059895576936604245,0.0572831614520248,-0.1356040246635778,74131.9949,1.0732188862220802,435322.33700000023,244821.2632559477,59.665216458231434,0.015235722499041812,105.95,2,0.009574220143241772
2026-09-06 03:00:00+00:00,104.37,107.07,104.35,105.95,275790.096,0.015235722499041815,0.025554157390378585,0.024859740762236404,0.016599501055459598,0.03638853565489586,0.01512082444578043,2.5700000000000074,1.730000000000004,1.940000000000012,9.582215408115459e-05,103.99428571428571,0.018805978350278054,103.71142857142857,0.02158461665589815,103.33666666666667,0.02528950678985878,102.82979999999999,0.030343344049776115,104.10903287390242,0.017683068176319438,103.49583825328759,0.023712661186265093,102.93764949191343,0.029263836146695286,103.95780952380952,103.6930189969677,0.021765987959869733,0.1855892255667299,75.8620687990488,0.551223160253258,0.3558584192787334,0.1953647409745246,74.71783294024445,80.63400827217409,283.2790313882714,2.914035939748285,-25.28216703718218,0.7899999999999991,0.007456347333577563,0.08231034458409818,0.08067727567110512,0.07895617806468601,2.4664478595028143,84884.6223,3.248999506945992,711112.4330000002,289229.94608871464,74.82914431179292,-0.001887682869277988,105.75,0,0.005898226109944749
2026-09-06 04:00:00+00:00,105.95,106.36,105.59,105.75,112938.122,-0.0018876828692779846,0.016338298894762238,0.024907927893002446,0.017609699769053133,0.030802222438834237,-0.0018894667879207493,2.569999999999993,1.8299999999999983,-1.4210854715202004e-14,0.0,104.28285714285714,0.014068878599278805,103.91714285714286,0.017637678369960257,103.50428571428571,0.021696824147858777,102.869,0.028006493695593365,104.43722629912195,0.012569978611893884,103.70076204844325,0.019761069360123857,103.04793774713251,0.026221410267052728,104.22961904761905,103.8776869462505,0.01802420816994377,0.3056565656195164,72.64150927405959,0.6578143761310287,0.41624961064919247,0.2415647654818362,70.20316025503325,75.82993349895058,234.09681737142958,2.272727272705287,-29.796839722393386,0.8221428571428565,0.007774400540284464,0.08304729781129887,0.08151435961449274,0.08042671404657509,-0.5904924664154727,87585.1189,1.289467016982022,598174.3110000002,318653.2189374085,83.38250440418341,0.006524822695035439,106.44,2,0.008481845334572026
2026-09-06 05:00:00+00:00,105.74,106.83,105.48,106.44,109315.876,0.006524822695035404,0.019931008049060894,0.030297163875713906,0.029300841311285186,0.0379327157484155,0.006503628183101025,3.1299999999999955,3.030000000000001,0.5600000000000023,-9.456264775329128e-05,104.72,0.01642475171871251,104.16642857142857,0.02182633560284328,103.68761904761905,0.02654493349963371,102.9234,0.03416715732249255,104.83778103929755,0.015282839304721485,103.94978368040294,0.02395595480245875,103.18095979626457,0.031585674431978135,104.566,104.04706923666676,0.022998540764922953,0.4051178450687394,75.03586785502124,0.7888722874183856,0.49077414600303115,0.2980981414153544,85.28037381185044,76.73378900237604,209.46804902588462,2.130109383974955,-14.71962616478507,0.8935714285714279,0.008395071670077347,0.08453977917868505,0.08567837162568198,0.08498291889367691,-0.032072837194866755,91078.81235,1.2002338763478486,707490.1870000003,355685.3111338459,83.89189227028348,-0.010052611800075096,105.37,0,0.00801107717158956
2026-09-06 06:00:00+00:00,106.44,106.45,105.32,105.37,96786.358,-0.010052611800075106,-0.005474280320906022,0.012686208553580158,0.02073040782718194,0.02789971710077066,-0.010103480498052144,1.3200000000000074,2.1400000000000006,-1.809999999999988,0.0,105.03285714285714,0.003209879901496929,104.30714285714285,0.010189687050508465,103.82190476190478,0.014911065652576605,102.95259999999999,0.023480708597709374,104.94422483143805,0.0040571567348444415,104.07889425491176,0.012405067850871306,103.26680451013655,0.020366617325092484,104.72647619047619,104.16424759113318,0.011575491944108193,0.3855892255424874,62.97760199187271,0.7972068642114039,0.5520606896447058,0.24514617456669807,58.83777238284823,71.44043548324396,139.02077508337797,1.3953040800481618,-41.1622275929387,0.9214285714285718,0.008744695562492428,0.09436296275143291,0.08839749906723887,0.08591950758156065,-0.11461755106824567,93966.80055,1.0300058896705615,610703.8290000003,379972.7890258606,75.9098287073335,-0.0013286514188099133,105.23,1,0.005862678471249703
2026-09-06 07:00:00+00:00,105.37,105.57,104.69,105.23,120337.027,-0.0013286514188098897,-0.004917257683215048,0.00833652740513613,0.014460618914489576,0.028138739618954745,-0.0013295348587154014,0.8700000000000045,1.5,-0.45000000000000284,0.0,105.30714285714286,-0.000732551041165153,104.37928571428571,0.008150221376631892,103.95142857142858,0.012299700409413566,102.983,0.021819135196859487,105.00137986515045,0.0021773060043685233,104.18354023173795,0.01004438672293477,103.34379256856258,0.018251772888708207,104.8495238095238,104.26570123178783,0.009248475354893952,0.3657912457469078,57.308248798507215,0.7834837336166203,0.5983452984390887,0.1851384351775316,55.44794187519442,66.52202935663101,84.6673259384349,1.7599845275915362,-44.552058100592504,0.9107142857142857,0.008654511885447412,0.09427010567033185,0.08986863144466664,0.08803705869993675,0.24332632704290846,97788.35569999999,1.2305864654189986,490366.80200000026,390486.50454720727,65.18415667351587,-0.0002850898032880465,105.2,1,0.005542980692279767
2026-09-06 08:00:00+00:00,105.24,105.41,105.0,105.2,67404.833,-0.0002850898032880078,-0.01164975573092819,-0.007078810759792331,0.01760495260205075,0.019083599728761058,-0.00028513044911130064,-0.75,1.8200000000000074,-1.6200000000000045,9.502993442835574e-05,105.47142857142856,-0.002573479615307994,104.4707142857143,0.006980766995468443,104.08714285714285,0.010691590837245196,103.01459999999999,0.021214468628512863,105.04110389212038,0.001512704093830779,104.27594566521631,0.008861625074507176,103.41658501685424,0.017244961075033226,104.95895238095237,104.35859158060222,0.008062665532811916,0.2980471380110111,59.63855409112356,0.7614102411720722,0.6309582869856855,0.13045195418638678,54.72154962355429,56.33575462719896,75.9440337665392,1.908359972857614,-45.27845035223264,0.894999999999999,0.008507604562656762,0.0904778125002306,0.08807394501549991,0.08759018255339733,-0.4398662267100881,96823.37759999999,0.6961627932302096,422961.9690000003,393579.4059236637,65.60758290030333,0.012357414448669174,106.5,2,0.005262186351147144
2026-09-06 09:00:00+00:00,105.2,107.3,105.18,106.5,287147.836,0.012357414448669113,0.010724115023251324,0.007092198581560183,0.032176778445434984,0.037506088650755,0.012281684845870229,0.75,3.319999999999993,1.5,0.0,105.77714285714285,0.00683377451238753,104.69142857142857,0.017275257900604572,104.24285714285713,0.021652734000066464,103.07260000000001,0.03325229013303961,105.3328831136963,0.011080270963748674,104.47813242292392,0.01935206468730008,103.53750325148741,0.02861278913871646,105.22952380952381,104.72890877054239,0.016911197206504865,0.26976430973161136,70.7940779285173,0.8391428583033189,0.6725952012492121,0.1665476570541068,81.65137612806167,63.94028920893678,131.29844948517646,2.6703942928499873,-18.348623849002546,0.9928571428571412,0.009322602280261208,0.09550060959113173,0.09613776403936979,0.09566423041697106,3.2600481778509858,104195.17594999999,2.7558649753400344,710109.8050000003,423725.1582166481,74.9080700413857,0.0014084507042254055,106.65,1,0.006481079870963686
2026-09-06 10:00:00+00:00,106.49,106.94,106.37,106.65,140386.835,0.0014084507042253502,0.013494250688967036,0.001972942502818542,0.03232988094085765,0.036745406824147064,0.0014074597678797698,0.21000000000000796,3.3400000000000034,-0.539999999999992,-9.389671361418985e-05,105.87714285714287,0.007299565534108052,104.93571428571428,0.01633653257080621,104.43333333333332,0.02122566230429739,103.1178,0.03425402791725336,105.59630649095705,0.009978507241853337,104.67557492993085,0.018862328402513808,103.65956194750751,0.028848646437247938,105.49066666666667,104.95649752073031,0.01613528003751337,0.21548821546209637,73.10810796979551,0.9024474118015462,0.718565643359679,0.1838817684418672,85.09174309974979,73.82155628378857,130.0183939969057,3.1630876378103885,-14.908256877314427,0.9985714285714258,0.009363070122475973,0.0955073058314729,0.09658278543344664,0.09634250460413891,-0.5110991015791602,105681.4324,1.3283964061789026,850496.6400000002,464370.061243634,80.24436665081473,-0.0016877637130802326,106.47,0,0.006370303535131039
2026-09-06 11:00:00+00:00,106.66,106.73,106.27,106.47,66755.526,-0.0016877637130802148,0.01207224334600765,0.010439404004934927,0.02325804901489681,0.03419135502671189,-0.001689189590844829,1.0999999999999943,2.4200000000000017,0.8899999999999864,9.376465072571157e-05,105.98,0.004623513870497937,105.13142857142857,0.01273236221316293,104.60476190476192,0.017831292392964583,103.166,0.03202605509536064,105.77104519276564,0.006608186635141201,104.83870448175531,0.015560050329628141,103.769775204468,0.0260213033148183,105.69523809523811,105.0761131674215,0.013265496700894403,0.16013468011527007,69.35028234874235,0.9274017211029815,0.7603328589083396,0.1670688621946419,80.96330273372405,82.56880732051182,105.80490367543288,3.1886024423028743,-19.03669724334017,0.9764285714285695,0.009170926753258181,0.09626319101422225,0.09674891664625353,0.09651245578922317,-0.5244887029471104,105444.5199,0.6330867271557407,783741.1140000003,494786.35198233556,76.35559530161885,0.0031933878087724563,106.81,2,0.0067181339632638275
2026-09-06 12:00:00+00:00,106.46,107.36,106.37,106.81,138565.378,0.00319338780877243,0.0029107981220657386,0.015014729639836633,0.02347642775009584,0.03297872340425534,0.0031882997750893012,1.5799999999999983,2.450000000000003,0.480000000000004,-9.392317084541366e-05,106.03285714285714,0.007329264513626148,105.37642857142858,0.013604289384186964,104.78857142857143,0.019290544224922254,103.21940000000001,0.034786096411771515,105.97883615421253,0.007842734228277252,105.0179131652321,0.017064582419679383,103.88899970625357,0.0281165503756649,105.91904761904762,105.30844897988358,0.014258599710161876,0.11575757574354462,74.25742559552992,0.9635066446741689,0.8009676160615056,0.16253902861266334,87.55656106616374,84.53720229987918,112.36007671666593,3.387861775206777,-12.443438911211823,1.000714285714283,0.009369106691367042,0.09591991195796651,0.0975527063101534,0.09783310884048671,1.0757139716043884,105681.13115,1.3111647887580231,922306.4920000003,535502.5557935417,80.28187514503452,0.002527853197266136,107.08,2,0.006462869416493824
2026-09-06 13:00:00+00:00,106.81,107.17,105.92,107.08,157367.207,0.0025278531972661167,0.0040318799812470996,0.017870722433459996,0.010665408211420369,0.02744194972174241,0.0025246635505476148,1.8799999999999955,1.1299999999999955,0.29999999999999716,0.0,106.27714285714286,0.007554372664391035,105.655,0.013487293549633333,104.96380952380953,0.02016114397687023,103.2792,0.03680121457140638,106.19906892337002,0.008295092278608723,105.20537560475645,0.01781871301204661,104.014136972675,0.02947544551661218,106.14619047619048,105.52801172064372,0.014706884494801566,0.17252525250434028,77.3109242181578,1.002352306792062,0.8412445542076169,0.1611077525844452,93.31742241209605,87.27909540399459,94.85313187820167,2.912061508861971,-6.682577564037602,1.05785714285714,0.009879129088973298,0.09309702276133659,0.0984608564475527,0.10045280382297195,0.13568922678506312,104878.57655,1.5004704695336417,1079673.6990000003,587328.3789560616,75.29542746390979,-0.012514008218154684,105.74,0,0.006127842160061225
2026-09-06 14:00:00+00:00,107.09,107.12,105.17,105.74,204032.697,-0.012514008218154737,-0.00685639147177608,-0.007136150234741789,-9.456264775420387e-05,0.017513471901462685,-0.01259296784484769,-0.7600000000000051,-0.010000000000005116,-2.6400000000000006,9.33881210301805e-05,106.35,-0.005735778091154336,105.82857142857144,-0.0008369330453485843,105.03619047619047,0.006700638328675521,103.36219999999999,0.02300454131178519,106.10725513869602,-0.0034611689673105963,105.25397782250586,0.004617613391382859,104.08181787570736,0.015931525391465362,106.15752380952382,105.6073727885888,0.0012558518208329588,0.11804713803282872,64.5508980953637,0.9144695371489036,0.8558895507958743,0.0585799863530293,60.487804863295494,80.45392944718508,51.16764582081572,1.3223457263192526,-39.51219511231427,1.172142857142855,0.01108514145197437,0.10451302979508147,0.1051750500248261,0.10604715887622218,0.29653884624132654,112440.99025,1.814575774780658,875641.0020000003,614786.7240078652,66.85555959775712,0.00018914318138840773,105.76,1,0.0029847711764029515
2026-09-06 15:00:00+00:00,105.74,105.99,104.93,105.76,126276.024,0.00018914318138851804,-0.009830540211590688,-0.008345053914674216,-0.0063885757234122265,0.02272507494439613,0.0001891252960722067,-0.8900000000000006,-0.6799999999999926,-0.12999999999999545,0.0,106.42999999999999,-0.006295217513799608,105.9507142857143,-0.0018000283150352255,105.12380952380951,0.0060518209820045535,103.444,0.02238892540870049,106.03780411095683,-0.002619859146305133,105.29997983864169,0.004368663337437165,104.14762893940511,0.01548159163102522,106.14838095238095,105.6577110184978,0.000968116576776135,0.1160269360128716,61.20576659804972,0.8367896516775062,0.8520695709722007,-0.015279919294694522,54.02298849022349,69.27607192187166,22.115823053684846,-0.17932987257971159,-45.97701148104087,1.1799999999999977,0.01115733736751929,0.10230633469883203,0.1062201394532519,0.1080273174081382,-0.3810990794284309,115800.03984999999,1.0904661532376747,1001917.0260000003,651656.2765785448,61.10894974476419,0.003120272314674719,106.09,2,0.0032556653112043306
2026-09-06 16:00:00+00:00,105.75,106.38,105.49,106.09,79216.305,0.0031202723146748212,-0.0092454239820694,-0.003569080492157317,0.00683306443959375,0.027705124479318055,0.003115414367804104,-0.37999999999999545,0.7199999999999989,0.5100000000000051,-9.455370650444933e-05,106.37142857142858,-0.002645715820549988,106.07428571428571,0.00014814415773182335,105.25142857142858,0.007967316358032763,103.54960000000001,0.02453317057695498,106.04824328876548,0.0003937520315205127,105.37179985331062,0.0068158667469131505,104.22380035354608,0.017905695629074427,106.16695238095237,105.73367544435497,0.0033700195717606164,0.06390572389797754,61.307189430287494,0.7927180644656886,0.8401992696708984,-0.04748120520520982,57.807308950894786,57.43936743480458,42.67667047324876,0.3215130023610291,-42.19269101588262,1.182142857142855,0.0111428302114404,0.10194297543683237,0.10724449172957805,0.10925227003742255,-0.3726734300725212,116522.54864999998,0.6798367004307653,1081133.3310000002,692558.8531901119,61.1266400722524,0.0009425959091337008,106.19,1,0.002992014380917517
2026-09-06 17:00:00+00:00,106.09,106.44,105.57,106.19,82219.664,0.0009425959091335923,0.004255721581237104,-0.005804699934463087,0.009122873705217138,0.02371541501976271,0.0009421519445738498,-0.6200000000000045,0.9599999999999937,-0.2400000000000091,0.0,106.30571428571429,-0.001088504851227472,106.09142857142857,0.0009291177421005094,105.39238095238095,0.00756809022060018,103.6442,0.024562879543432597,106.07659463101238,0.001069089457302298,105.44618168482783,0.007054009005165653,104.30090622203448,0.01811195939109025,106.18238095238097,105.779764187661,0.0038782069092849346,-0.0022222222219531376,51.94805182998815,0.7571324270266189,0.8235859011420426,-0.06645347411542368,56.17977525985772,56.00335756699199,43.510825406095236,-0.23487410747618495,-43.82022470268909,1.0499999999999983,0.009887936717111879,0.10112578261176491,0.10750102009939298,0.11009878810244615,0.03791339421852635,118668.81784999999,0.6928497771329177,1163352.9950000003,737396.3905053394,56.93811132947162,-0.001977587343440943,105.98,0,0.00291124049654512
2026-09-06 18:00:00+00:00,106.2,106.59,105.85,105.98,61540.745,-0.0019775873434408897,0.0020801815431163995,-0.01027269331341052,0.007414448669201601,0.025149932288643928,-0.00197954535113805,-1.0999999999999943,0.7800000000000011,-0.47999999999998977,9.417082587730432e-05,106.2357142857143,-0.002407046325533766,106.10785714285714,-0.0012049733761355127,105.4995238095238,0.0045542972434562,103.72720000000001,0.021718507777885403,106.05727570480991,-0.000728622381591812,105.49471062257076,0.004600129945480045,104.36675303685666,0.015457479668435893,106.1675238095238,105.83113698294856,0.0014066088798990969,-0.09622895621729205,51.863857256710894,0.7038715153347397,0.7996430239805821,-0.09577150864584238,48.31460672347788,54.10056364474345,44.729277052170914,0.5789124039045367,-51.68539323906893,1.047857142857142,0.009887310274082416,0.10040840834034186,0.1076937878114064,0.11053116085205199,-0.2515081915197318,119547.79239999999,0.5147794347727285,1101812.2500000002,772102.6628381643,55.67058401398679,-0.004717871296471032,105.48,0,0.004180968497215202
2026-09-06 19:00:00+00:00,105.98,105.99,105.36,105.48,58327.191,-0.0047178712964710545,-0.005749835045715912,-0.002458861358047959,-0.009577464788732337,0.022291141694126715,-0.004729035579530106,-0.2599999999999909,-1.019999999999996,0.8400000000000034,0.0,106.04571428571428,-0.005334626576089299,106.03928571428573,-0.005274325553148265,105.59952380952379,-0.0011318593608267067,103.81200000000001,0.016067506646475594,105.94182056384794,-0.00435919036869158,105.49337329324615,-0.00012676903608765735,104.41040978050935,0.010244095600514244,106.08380952380952,105.87982062108274,-0.003776173955845849,-0.13474747473114154,41.973244048892134,0.6142355131221962,0.7625615218089049,-0.14832600868670875,29.588014970191967,44.69413231784251,-8.447043522413969,0.23757483607110544,-70.41198499235485,0.9964285714285707,0.009446611408979181,0.10205604734643066,0.10804168129628149,0.11059197018140869,-0.05221831487415374,120026.01440000001,0.48595457652719914,1043485.0590000002,797948.6053297677,50.8772679399298,0.0023701175578308684,105.73,2,0.0038259711133045763
2026-09-06 20:00:00+00:00,105.49,105.87,105.36,105.73,54695.562,0.0023701175578307865,-0.004331857990394483,-0.0002836611195159433,-0.008626347866854234,0.02342464427451363,0.002367313259349133,-0.030000000000001137,-0.9200000000000017,0.22999999999998977,9.48047023122497e-05,105.85285714285715,-0.001160640781667105,106.06500000000001,-0.0031584405788605994,105.72095238095237,8.558018863609575e-05,103.8936,0.01767577598603111,105.89945645107836,-0.0016001635584885477,105.51488481204196,0.002038718881598583,104.4621584165678,0.012136850345023919,106.04257142857142,105.92170078958637,-0.0018098348889371355,-0.13326599324983918,53.48837194789975,0.5569510610967257,0.721439429666469,-0.16448836856974336,38.95131084683492,38.95131084683491,-19.476021640530654,0.5038022813640334,-61.04868911571189,0.952142857142856,0.00900541811343848,0.10215191066651769,0.1082905745976142,0.11085038342048428,-0.06226305326447146,120535.20619999999,0.4537725011997329,1098180.6210000003,826542.1306316946,55.487003039430014,0.0018916107065166258,105.93,2,0.005499203686436735
2026-09-06 21:00:00+00:00,105.73,106.25,105.73,105.93,53505.66,0.0018916107065165555,-0.00047178712964712766,-0.0015081534546139697,-0.00507185122569731,0.018068236424795936,0.0018898238639695343,-0.1599999999999966,-0.539999999999992,-0.12999999999999545,0.0,105.88000000000001,0.00047223271627809706,106.115,-0.0017433916034325465,105.8457142857143,0.0007963072936274023,103.97840000000001,0.01876928285087316,105.90556516086271,0.00023072290016066727,105.55262255640177,0.0035752540719015177,104.51972083160436,0.013492948097845644,106.02457142857143,106.0035609305516,-0.0006939477306719275,-0.1206060605914409,56.704980690829565,0.5216774754802316,0.6814870388292216,-0.15980956334899,41.15226335755063,36.56386305819249,7.786074396559545,-0.5352112676006019,-58.84773660129709,0.9264285714285704,0.008745667624089725,0.09974101838897471,0.10702846454325184,0.11021983656195718,-0.021755000890200105,118608.43995,0.4511117423225121,1151686.2810000002,857508.2401905808,61.18527778812543,-0.0007552157084868545,105.85,1,0.005933244677306867
2026-09-06 22:00:00+00:00,105.93,106.04,104.97,105.85,89941.839,-0.0007552157084868005,0.0035077739855895462,-0.003201808079856927,-0.008987922479168686,0.014277500958221445,-0.0007555010275306334,-0.3400000000000034,-0.960000000000008,-0.18000000000000682,0.0,105.89285714285715,-0.00040472175379059394,106.16142857142857,-0.002933537873561173,105.93142857142857,-0.0007686913367065497,104.06020000000001,0.01719965942774265,105.89445212869018,-0.00041977769180712827,105.57965686945616,0.002560560798900309,104.5718886421297,0.012222322599834506,105.98923809523808,106.04507748212535,-0.0018395713101949324,-0.0803367003269622,56.16698277299083,0.4817146665159413,0.6415325643665655,-0.15981789785062417,37.86008228894607,39.32121883111053,-66.3626689170799,-0.7501172058063855,-62.13991766990167,0.9735714285714282,0.009197651663318191,0.0995964254931372,0.1077664478332163,0.11139326179739288,0.6809780311092322,119127.53904999999,0.755004591862248,1061744.4420000003,876959.3070295731,56.14504336965483,0.006613131790269276,106.55,2,0.0069069319101796554
2026-09-06 23:00:00+00:00,105.86,106.77,105.81,106.55,93587.571,0.006613131790269344,0.007755603896717922,0.005378373277976856,-0.004949570414643278,0.005663048607833732,0.006591360963752077,0.5699999999999932,-0.5300000000000011,0.9099999999999966,9.447331128871651e-05,105.95857142857143,0.005581696350272863,106.16499999999999,0.0036264305561755634,106.03571428571429,0.004850117884763875,104.15980000000002,0.02294743269454272,106.02556170295215,0.00494633830389132,105.66786988132378,0.008348139502183521,104.64946163655598,0.01816099513274476,106.04104761904762,106.09115222022984,0.004325033427983951,0.035286195281918044,50.53533175428376,0.5007556034639862,0.6133771721860497,-0.11262156872206353,66.66666663923164,48.55967076190942,64.53903840062436,0.07513853667629089,-33.3333333196161,0.8907142857142857,0.008359589729759982,0.08682108628684851,0.09473761265777882,0.0982050030793996,0.040534327967209904,110017.41279999998,0.8506614418404063,1155332.0130000003,903470.993312471,50.10327814249179,-0.0036602534021586163,106.16,0,0.005600903116228495
2026-09-07 00:00:00+00:00,106.55,106.65,105.89,106.16,107983.365,-0.0036602534021585864,0.002171245161899371,0.006446719757299935,0.003972006809154438,0.003877068557919694,-0.0036669685206740512,0.6799999999999926,0.4200000000000017,0.10999999999999943,0.0,105.9542857142857,0.0019415381296333512,106.13000000000001,0.00028267219447568315,106.04571428571428,0.0010777023386039084,104.2482,0.018338925755856317,106.05244936236173,0.0010141268616038674,105.71260898302162,0.004232144313513205,104.70869843512241,0.013860372505374509,106.04038095238096,106.10797907510488,0.0004902640248930391,0.03515151514725349,45.01018317105033,0.47885598878266933,0.5864729355053737,-0.10761694672270439,50.61728392978686,51.71467761932151,35.62363229157999,-0.6085572511880162,-49.38271602906087,0.904285714285715,0.008518139735090401,0.08763672472228885,0.09469808962880126,0.09790695076895793,0.15382164368813478,109769.67494999999,0.983726744651338,1047348.6480000003,917173.6270922356,41.04034324241747,-0.00791258477769408,105.32,0,0.0057161515653356984
2026-09-07 01:00:00+00:00,106.16,106.35,105.06,105.32,96919.132,-0.007912584777694076,-0.0050070854983467195,-0.003877801948359183,-0.004160363086233132,-0.01052236001503204,-0.007944055395843447,-0.4100000000000108,-0.44000000000001194,-1.0900000000000034,0.0,105.86,-0.0051010768939628295,106.04785714285715,-0.006863478079239267,106.02523809523808,-0.006651605861973631,104.316,0.009624602170236264,105.9059594898894,-0.005532828300751214,105.67691725729239,-0.0033774382008137883,104.73267104550978,0.005607886714064575,105.93238095238095,106.07727839764925,-0.007138931249756702,-0.02006734006490874,39.676840115713496,0.38923257569864234,0.5470248635440275,-0.15779228784538513,16.049382709444185,44.44444442615421,-71.61758411024307,-1.6436309301303405,-83.95061724940355,0.9635714285714282,0.009148988117758064,0.08881079543783064,0.09439052928913125,0.09700457352076258,-0.10246238390515061,109149.83774999999,0.8879457266989764,950429.5160000003,920340.8546072608,40.179841091512706,0.00455753892897839,105.8,2,0.004645459067399787
2026-09-07 02:00:00+00:00,105.33,107.06,104.93,105.8,136671.396,0.004557538928978477,-0.007038948850304982,-0.0012272255262910647,-0.0027335281364879727,0.004080857929201764,0.004547184796090479,-0.13000000000000966,-0.29000000000000625,0.28000000000000114,9.494872768619605e-05,105.90571428571427,-0.0009981924622884347,105.97571428571429,-0.0016580618200779695,105.9947619047619,-0.001837467260269556,104.3958,0.013450732692182561,105.88476759191153,-0.0008005645555877267,105.68810659753854,0.0010587132844237083,104.77452708294078,0.009787425871535114,105.89933333333333,106.08406965984204,-0.0026777786782712656,-0.015824915822998668,41.15586679926757,0.3528697013370987,0.5081938311026417,-0.155324129765543,38.839285696946405,35.1686507787258,-13.52063209784072,0.05674295441595881,-61.16071425841073,1.0449999999999997,0.009877126653970912,0.08294662062731235,0.1011299623448429,0.10787482583676734,0.41015910047564197,111144.08965000001,1.229677587268796,1087100.9120000002,936222.7648351408,40.04798622756613,-0.008034026465028302,104.95,0,0.004119450515678098
2026-09-07 03:00:00+00:00,105.8,105.9,104.93,104.95,120130.817,-0.008034026465028266,-0.01139788997739255,-0.008502598016060348,-0.011677182408889708,-0.0026608381640216283,-0.008066473157556922,-0.8999999999999915,-1.2399999999999949,-0.7699999999999818,0.0,105.79428571428572,-0.007980447229048506,105.82357142857143,-0.00825497964933843,105.97476190476189,-0.009669867488573914,104.45739999999999,0.004715798019051732,105.69781407352923,-0.007075019290388838,105.62100599776231,-0.0063529597300954555,104.78140837380585,0.0016089841586314668,105.76257142857142,106.08937970633353,-0.010739809295489431,-0.05178451177823581,33.068362406525196,0.2525526949132484,0.4570656038647631,-0.2045129089515147,0.9132420087152338,18.60063680503526,-133.6533187553487,-0.7658850226856498,-99.08675794562267,1.0249999999999997,0.009766555502527233,0.0878721815460535,0.10145759373496768,0.10686856303491507,-0.12102443879332303,111133.77915,1.080956824457984,966970.0950000002,939151.0819936988,41.198108575265024,0.0013339685564554603,105.09,1,
2026-09-07 04:00:00+00:00,104.95,105.3,104.75,105.09,112469.264,0.0013339685564555115,-0.0021838207368020113,-0.01370248709526034,-0.008397810907718406,-0.0010456273764258839,0.0013330796108631995,-1.4599999999999937,-0.8900000000000006,-0.5600000000000023,0.0,105.67428571428572,-0.005529119126103506,105.77714285714285,-0.006496137431735784,105.96809523809523,-0.008286411453503865,104.5196,0.0054573496262380365,105.57625125882339,-0.004605687860868648,105.57273272523847,-0.004572513306918385,104.79351000620562,0.0028292782040986557,105.66476190476192,106.06400229976269,-0.009183156194697775,-0.07811447810501013,43.614931117758644,0.1822467474881222,0.40210183258943494,-0.21985508510131274,14.718614712243156,18.157047472634915,-166.7828102494044,-0.9425959091248693,-85.2813852444668,0.9249999999999992,0.008801979255792151,0.08801932089962423,0.1017312814663376,0.10719158422700116,-0.06377674930821453,113387.00070000002,0.9919061559584844,1079439.3590000002,952511.8702800133,44.20040706926604,0.00028546959748787835,105.12,1,
2026-09-07 05:00:00+00:00,105.09,105.83,105.05,105.12,84038.373,0.00028546959748787515,-0.006427221172022657,-0.009796533534287777,-0.0034129692832763903,-0.012957746478873156,0.0002854288587952512,-1.039999999999992,-0.35999999999999943,0.4200000000000017,0.0,105.57000000000001,-0.004262574595015063,105.73142857142857,-0.005782846024914136,105.96428571428571,-0.007967644084858986,104.5842,0.0051231447962013935,105.48500100705871,-0.0034602171263270285,105.53157520476225,-0.003900019534056673,104.80631353537403,0.002993011146385813,105.57714285714286,105.99773003830418,-0.008280649387290792,-0.12767676766129155,43.72549007604768,0.1274800166281409,0.34717746939717614,-0.21969745276903524,16.017316010382295,10.549724243780211,-103.52588121148712,-1.0076278368866343,-83.98268394632767,0.9050000000000001,0.008609208523510187,0.0749293607966184,0.09374559544511488,0.10029852441707227,-0.2527880950656882,103231.52755000001,0.8140766197545158,1163477.732,972603.8571104882,52.51894187012247,-0.0003805175038052345,105.08,1,
2026-09-07 06:00:00+00:00,105.13,105.4,104.87,105.08,83555.899,-0.0003805175038051889,0.0012386850881371814,-0.0022787694644891276,-0.006147734796179027,-0.0147210501640882,-0.0003805899189612789,-0.23999999999999488,-0.6500000000000057,0.7999999999999972,9.512937595030228e-05,105.36,-0.002657555049329381,105.65928571428572,-0.0054825821541770285,105.89666666666669,-0.007711920425499504,104.6508,0.004101258662101897,105.40400080564699,-0.003073894758903277,105.49052291342022,-0.003891562029257001,104.8170463379084,0.002508691775585695,105.49028571428573,105.91522374013567,-0.007885776101243204,-0.15629629627735095,39.501039386067646,0.07992796234606203,0.2937275679869533,-0.2137996056408913,14.285714279529904,15.007215000718434,-123.0872932638263,-0.8492168333567781,-85.71428567718004,0.8792857142857144,0.008367774212765005,0.07454840311572399,0.09366924068690807,0.10024882013918426,-0.005741115430685451,100389.98075,0.8323131290171023,1079921.833,982824.6167190131,45.93415485531852,-0.005709935287400022,104.48,0,
