timestamp,open,high,low,close,volume,Dividends,Stock Splits,Capital Gains,return_1,return_3,return_5,return_10,return_20,log_return,momentum_5,momentum_10,acceleration_5,gap,sma_7,close_to_sma_7,sma_14,close_to_sma_14,sma_21,close_to_sma_21,sma_50,close_to_sma_50,ema_9,close_to_ema_9,ema_21,close_to_ema_21,ema_50,close_to_ema_50,wma_14,vwap_20,close_to_vwap,trend_slope_10,rsi_14,macd,macd_signal,macd_hist,stoch_k,stoch_d,cci_20,roc_12,williams_r_14,atr_14,atr_pct,hist_vol_20,parkinson_vol_20,garman_klass_vol_20,vol_change_1,vol_ma_20,rel_volume_20,obv,obv_ema_20,mfi_14,target_return_1,target_price_1,target_direction,target_volatility
2026-07-17 14:30:00+00:00,697.0549926757812,698.5700073242188,693.1400146484375,695.0449829101562,7720477,0.0,0.0,0.0,-0.002847688880817323,-0.013126688445974977,-0.019323034558399788,-0.029564922313155995,-0.03400234398884605,-0.0028517512608943,-13.69500732421875,-21.17498779296875,-2.764892578125,3.598905722500116e-05,703.7564174107143,-0.01237847966288837,709.1817365373884,-0.019933894090724207,712.5961623418899,-0.024629910121924444,715.58802734375,-0.028707920826764627,704.4719916391199,-0.013381665759366964,709.7413771411345,-0.020706689372057212,711.7657441757383,-0.023491944368469235,705.9531127929688,708.5349598893582,-0.019039253872934467,-2.3387237443240516,24.667313427185775,-4.394410319455005,-2.3512083367904246,-2.0432019826645806,26.028805202603905,24.659720412759253,-180.41988602769356,-2.826248717870374,-73.9711947942544,5.881757463727679,0.008462412661540658,0.06540094747046925,0.0719931221529362,0.07613747129396932,-0.5405966661755559,4968467.1,1.5538951641644159,-31138916.0,-2182107.1794509697,37.95388573540537,0.005690303774705454,699.0,2,0.004923989272984426
2026-07-17 15:30:00+00:00,695.135009765625,700.0499877929688,694.3099975585938,699.0,6816698,0.0,0.0,0.0,0.005690303774705363,-0.009943088491896956,-0.011609029450340147,-0.02604188769221727,-0.030714863293611505,0.005674175151765006,-8.21002197265625,-18.69000244140625,5.4849853515625,0.00012952666040646414,702.4764142717634,-0.004948798566229882,708.2642386300223,-0.013080201038991901,711.6194952101935,-0.017733487200836548,715.5390270996094,-0.02311408109579448,703.3775933112959,-0.0062236746705012546,708.7648883101223,-0.013777330778039104,711.2651267570819,-0.017244099697374296,704.595547921317,707.5752868300459,-0.012119257116018398,-1.9919877483380923,34.473299777327554,-4.6547475980454465,-2.811916189041429,-1.8428314090040177,38.45423707892374,32.24928715553243,-137.35104885129883,-2.6692159402822937,-61.545762917934574,5.901044573102679,0.008442123852781454,0.06917912265425163,0.07366625161154951,0.07752157496811277,-0.11706258564075767,5198750.2,1.3112186078877186,-24322218.0,-4290689.162360401,45.492736807445276,0.004291845493562232,702.0,2,0.006145338625700761
2026-07-17 16:30:00+00:00,698.97998046875,702.2999877929688,698.3699951171875,702.0,5128227,0.0,0.0,0.0,0.0042918454935623185,0.007130386690598733,-0.0032514704152937224,-0.014695315078040894,-0.026703282456882027,0.004282661792000949,-2.28997802734375,-10.469970703125,5.9200439453125,-2.8640244992805953e-05,701.5135585239956,0.0006934170695534507,707.3170950753348,-0.007517272115077292,710.7075892857143,-0.012251999861790572,715.4434948730469,-0.01879043554014511,703.1020746490367,-0.0015674461628992394,708.1498984637476,-0.008684458582964483,710.9017884528827,-0.012521825936382692,703.7603161039807,707.016675455924,-0.0070955546454146146,-1.5983853835920305,33.8091547185837,-4.566353755367913,-3.162803702306726,-1.4035500530611875,47.879302706246264,37.454114995924634,-92.2194599308854,-1.9854194639595382,-52.12069729061205,5.817470005580357,0.008286994309931723,0.07203145082391067,0.07450889819745164,0.07805274521438124,-0.2476963186575084,5361002.7,0.9565798204130729,-19193991.0,-5710051.242135601,45.9338019457294,-0.006381738559472935,697.52001953125,0,0.005838938016653671
2026-07-17 17:30:00+00:00,701.989990234375,702.1500244140625,696.77001953125,697.52001953125,4360035,0.0,0.0,0.0,-0.006381738559472883,0.003560973292305203,-0.012039318666407506,-0.018400005222296345,-0.03115493061389274,-0.006402188905262651,-8.5,-13.074951171875,-6.21002197265625,-1.425892539171758e-05,700.1292724609375,-0.0037268159357375704,705.8421325683594,-0.011790331935578534,709.5771135602679,-0.016991943227290727,715.18029296875,-0.024693456476780985,701.9856636254793,-0.006361446288175857,707.1835458335205,-0.013664806483678769,710.377013201054,-0.018098831227449944,702.4540393647693,706.3602503541687,-0.012515187283646933,-1.4741761690658406,25.71769389700144,-4.802438460117742,-3.4907306538689293,-1.3117078062488123,33.975420181974954,40.102986655714986,-100.00040278258302,-2.8104032160842127,-66.02457981486748,5.963897705078125,0.008550145570126368,0.0742194237665064,0.07603233785041816,0.07891537430786401,-0.14979680111664329,5445298.35,0.8006971739206906,-23554026.0,-7409477.409551257,41.58435816029574,-0.002050109868878371,696.0900268554688,0,0.004689601854294409
2026-07-17 18:30:00+00:00,697.5,698.4199829101562,694.22998046875,696.0900268554688,4110061,0.0,0.0,0.0,-0.002050109868878325,-0.004163051708914511,-0.001348407523621864,-0.016766476564754274,-0.03277840993273229,-0.0020522142207090965,-0.93988037109375,-11.8699951171875,7.56011962890625,-2.87010131457229e-05,698.9578508649554,-0.004102999924721676,704.404279436384,-0.011803239735505138,708.440923781622,-0.017433912287572784,714.9206909179687,-0.026339514720569616,700.8065362714773,-0.006730116190261574,706.1750441082431,-0.014281186140605468,709.8167392267172,-0.01933838921040829,701.1537586030506,705.656045988664,-0.013556206579055331,-1.4557209462671516,26.03581595024771,-5.046749955524092,-3.8019345141999623,-1.2448154413241297,30.019343498341883,37.2913554621877,-111.16848365186836,-2.299036383451805,-69.98065649844061,6.012503487723214,0.008637537180177086,0.07409954438353232,0.07697025682055458,0.08004680371226457,-0.05733302599635093,5517686.0,0.7448885275457863,-27664087.0,-9338487.846736852,40.9962839789198,-0.0011349667888059516,695.2999877929688,1,0.005213881865830063
2026-07-17 19:30:00+00:00,696.1199951171875,697.5,695.0800170898438,695.2999877929688,4263436,0.0,0.0,0.0,-0.00113496678880598,-0.009544176933092952,0.0003668897540196614,-0.018963234227776127,-0.03190554110630073,-0.0011356113513627118,0.2550048828125,-13.44000244140625,1.19488525390625,4.305227853081904e-05,697.4264177594866,-0.0030489667617497073,702.8049926757812,-0.010678644803344529,707.2799711681548,-0.016938106356076784,714.6188891601563,-0.027033852113627625,699.7052265757756,-0.006295849474154867,705.1864026250363,-0.01401957666122266,709.2474548567664,-0.019665163361911042,699.9398530505953,704.2950372934847,-0.012771706492594365,-1.2675061978945532,22.906609858292583,-5.2436723349105705,-4.090282078342084,-1.1533902565684864,27.566118176486587,30.520293952267807,-101.34214883190583,-2.1524192459454827,-72.43388182028552,6.015359061104911,0.00865145860305607,0.07410709314832901,0.0734733042414427,0.07731896879680392,0.03731696439541898,5356048.15,0.7960040463788585,-31927523.0,-11489824.528000008,36.91564828639808,0.009485160152548392,701.89501953125,2,0.005135090600791693
2026-07-20 13:30:00+00:00,702.260009765625,705.7999877929688,698.9099731445312,701.89501953125,8713920,0.0,0.0,0.0,0.0094851601525483,0.006272221409415746,0.004141658842989893,-0.007515451246831617,-0.019987157401090916,0.009440458467112639,2.89501953125,-5.31500244140625,2.6400146484375,0.010010099374140423,698.1214338030134,0.005405342889523736,702.0496390206473,-0.00022024010953524268,706.5028279622396,-0.006521995735350931,714.4311889648437,-0.017547063492202985,700.1431851668705,0.0025021087136047797,704.8871859801466,-0.004244886995259692,708.9591240596873,-0.009964050519550939,699.8185232979911,703.6063639674926,-0.0024322469549454386,-0.6119134048079835,37.61572285890795,-4.812099902773184,-4.234645643228305,-0.5774542595448793,48.854161739718926,35.4798744715158,-36.53182387175351,-0.8566871367253466,-51.14583825705318,6.001787458147321,0.008550833516594794,0.08370176591436841,0.07495893006949658,0.07951088671974207,1.0438725947803604,5545653.1,1.5713063624553074,-23213603.0,-12606374.858666673,47.03103420069667,-0.0005058327727462137,701.5399780273438,1,0.0026291983139682357
2026-07-20 14:30:00+00:00,701.8800048828125,702.3599853515625,698.0800170898438,701.5399780273438,3232497,0.0,0.0,0.0,-0.0005058327727461842,0.00782937689323715,-0.0006553019553507955,-0.0039046416757235747,-0.014476456391343873,-0.0005059607493014865,-0.46002197265625,-2.75,-3.35504150390625,-2.1391587088772785e-05,699.0492902483259,0.0035629644629630486,701.40285382952,0.00019549991431435314,705.8042544410342,-0.006041726706594534,714.0865881347656,-0.017570152297884164,700.4225437389653,0.0015953716772333676,704.5828943480735,-0.004318748503738458,708.6681771564581,-0.010058585045692773,699.7505684988839,703.1075227195619,-0.002229452312148159,-0.12255530564591921,39.00428837133786,-4.447457007218986,-4.277207916026441,-0.17024909119254517,47.70812646622053,41.37613546080868,-46.74745135818817,-1.0158890857336977,-52.291873530551584,6.011069161551339,0.008568391467076848,0.08150845803350744,0.07430857040566773,0.07978002023171399,-0.6290421532444641,5471394.4,0.5907994861419603,-26446100.0,-13924443.919746038,47.21083186822382,0.0023482623285077274,703.1873779296875,2,0.0026421516635778334
2026-07-20 15:30:00+00:00,701.54052734375,704.02001953125,700.5399780273438,703.1873779296875,2929182,0.0,0.0,0.0,0.002348262328507822,0.011343866352932164,0.008125011812917027,-0.004012126459874588,-0.016878661844793252,0.002345509469307492,5.6673583984375,-2.8326416015625,6.12738037109375,7.830151145396399e-07,699.6474870954241,0.005059534836541904,701.0619506835938,0.003031725290494299,705.3919881184896,-0.0031253689096744776,713.7231359863281,-0.014761687726524319,700.9755105771097,0.0031554131623708144,704.4560292191294,-0.0018008949271771527,708.4532438534475,-0.00743290537440443,699.9885050455729,702.665801555875,0.0007422822807896662,0.6318334713564948,44.062038187474236,-3.9796683417719123,-4.217700001175536,0.23803165940362359,73.20573251373045,56.58934023988997,-22.805236357511596,-0.5688047281545162,-26.794267481813215,5.501072474888393,0.007823053495466224,0.07975583413935881,0.07348941925148629,0.07926779699358971,-0.09383303371975282,5398069.8,0.5426350730033168,-23516918.0,-14838012.879770225,45.90276978093682,-0.004315155374236765,700.1530151367188,0,0.007865799087811823
2026-07-20 16:30:00+00:00,703.260009765625,703.5399780273438,699.030029296875,700.1530151367188,3334011,0.0,0.0,0.0,-0.004315155374236768,-0.002481858890656663,0.005836871847746838,0.004480593842211,-0.025086667739204094,-0.004324492527715364,4.06298828125,3.12310791015625,-1.6043701171875,0.00010328944775891476,699.3836321149554,0.0011000872574550033,700.4485953194754,-0.0004219869733930207,704.672607421875,-0.006413747657490589,713.29099609375,-0.018418823494143824,700.8110114890316,-0.0009389069828024051,704.0648461207285,-0.005556066327636807,708.1277446880856,-0.011261710349830017,699.8673136393229,702.2267585795162,-0.0029530965851960627,0.574537283574088,39.883860210696184,-3.8098723356125674,-4.136134468062942,0.32626213245037494,60.193282564008165,60.36904718131972,-34.848436929616824,-0.5873948259503006,-39.806717431497454,5.685712541852679,0.008120671366007486,0.07845627295211077,0.07409857069780715,0.07994810595330233,0.1382054785260869,5422503.4,0.614847194010058,-26850929.0,-15982100.129315916,45.70962185120763,-0.00031182148642696077,699.9346923828125,1,0.007331026191049572
2026-07-20 17:30:00+00:00,700.1599731445312,701.3900146484375,698.7999877929688,699.9346923828125,2021928,0.0,0.0,0.0,-0.0003118214864269442,-0.002288231169726318,0.006665762507137796,0.007035097861123996,-0.022737816573761505,-0.0003118701128554158,4.63470458984375,4.88970947265625,0.57171630859375,9.937838818178013e-06,699.7285853794643,0.0002945527846859347,699.9289289202009,8.234354051521829e-06,703.8042835053943,-0.005498106807908717,712.807490234375,-0.018059290941670365,700.6357476677878,-0.0010005987951769183,703.6893775990998,-0.0053357139326053946,707.8064485192514,-0.011121339955146867,699.7987932477679,701.8082486225703,-0.0026696127374284243,0.31491592352033004,41.15575643484936,-3.6508399882425238,-4.0390755720988585,0.3882355838563347,64.77239309509008,66.05713605760957,-39.51377926529255,-0.8619199144620757,-35.22760689999349,5.655713762555804,0.008080344958032837,0.07832807406435549,0.07378224064496368,0.07976420424962244,-0.3935448923233906,5381518.0,0.37571703746043394,-28872857.0,-17209791.259857256,46.94374467208584,-0.003221300117808843,697.6799926757812,0,0.007286486921010305
2026-07-20 18:30:00+00:00,699.9500122070312,699.9598999023438,696.260009765625,697.6799926757812,3411175,0.0,0.0,0.0,-0.0032213001178088563,-0.00783203087364992,-0.006005209807990464,-0.0018884224953057416,-0.027881132100984862,-0.0032264996742571933,-4.21502685546875,-1.32000732421875,-8.8497314453125,2.188750519934123e-05,699.9557233537946,-0.00325124947490405,699.456787109375,-0.0025402490423091285,702.9214274088541,-0.007456643841953537,712.292490234375,-0.020514743253526514,700.0445966693866,-0.0033777905077077446,703.1430698787981,-0.007769510128217217,707.4093326038212,-0.01375347974589847,699.4989350818453,701.2877969120756,-0.005144541587883232,0.14575565220771144,41.83245898114966,-3.6644990660691974,-3.9641602708929264,0.29966120482372904,55.431350980099495,60.13234221306592,-62.374060164299074,0.09326507262858574,-44.568649014824366,5.661420549665179,0.008114637955925994,0.07771377134045443,0.07430576066607095,0.08023763369234628,0.6870902425803491,5409840.9,0.6305499668206507,-32284032.0,-18645433.235108946,47.872830843857685,-0.0024223174795720576,695.989990234375,0,0.006698770187280281
2026-07-20 19:30:00+00:00,697.7100219726562,698.5991821289062,695.510009765625,695.989990234375,3943602,0.0,0.0,0.0,-0.0024223174795721114,-0.005945878704144203,-0.007911149708922816,-0.008561267472400269,-0.02313077202746694,-0.0024252560369297472,-5.54998779296875,-6.010009765625,-1.3349609375,4.30416483061051e-05,700.0542951311384,-0.005805699536485531,698.7403564453125,-0.003936177702581035,701.8880934942337,-0.008403196057205535,711.7562902832032,-0.02215126197554601,699.2336753823843,-0.004638914374698524,702.4927899111233,-0.009256749350497582,706.9615152559999,-0.015519267718040382,699.0366954985119,700.3410657200969,-0.0062127950204403735,0.11417108913283616,37.594251725560646,-3.7682549592243504,-3.9249792085592117,0.1567242493348613,48.47684411720352,56.2268627307977,-76.09213095267656,0.13596347681852772,-51.52315587754437,5.607073102678571,0.008056255379164764,0.074701676845401,0.07224145073524489,0.07740260265734829,0.15608316782340403,5194715.2,0.7591565366278403,-36227634.0,-20319928.54605095,40.867279893595395,0.014712841244924627,706.22998046875,2,0.006285319566757596
2026-07-21 13:30:00+00:00,706.6799926757812,707.1300048828125,702.8099975585938,706.22998046875,7543336,0.0,0.0,0.0,0.014712841244924668,0.008994107813839358,0.004326873084696814,0.012487040792539927,-0.0061427260455501065,0.01460565743611293,3.0426025390625,8.7099609375,8.59259033203125,0.015359419806872549,700.6735752650669,0.00793009098648133,699.3975045340402,0.009769088237242193,701.5909511021206,0.0066121567835722645,711.4172900390626,-0.007291514618685236,700.6329363996574,0.007988554032081523,702.8325345072711,0.004833933824443472,706.9328276172843,-0.0009942205554411888,700.0353120349703,700.3522686317259,0.008392507742566398,0.4522844821368863,61.03793202401781,-2.989736794603914,-3.737930725768152,0.7481939311642383,93.56665444421324,65.82494984717208,74.91797288511748,1.034331969776775,-6.433345548638797,5.027073451450893,0.0071181818819234036,0.09323747462160645,0.07235088519188354,0.07775026105354811,0.912803573991493,5396622.75,1.397788274157203,-28684298.0,-21116535.160712764,57.61839021993515,0.0034833156913325115,708.6900024414062,2,0.0017315854046287059
2026-07-21 14:30:00+00:00,706.219970703125,708.989990234375,705.2000122070312,708.6900024414062,3527319,0.0,0.0,0.0,0.0034833156913325336,0.015780887915961106,0.01219303083772405,0.018101071843906302,0.0010311040822841289,0.003477262998783294,8.5369873046875,12.5999755859375,5.494384765625,-1.4173521235026001e-05,701.6950073242188,0.009968711540148507,700.3721487862723,0.011876334131128293,701.500238327753,0.010249125689225836,711.1420080566406,-0.003447983085588779,702.2443496080073,0.009178646773003962,703.3650315921925,0.007570707399473851,707.0017364339166,0.002387923424350885,701.2743117559523,700.1049148657257,0.012262572927822972,0.7162588613136436,66.18630026878475,-2.149474522001583,-3.4202394850148385,1.2707649630132556,97.9675637163393,80.00368742591868,123.63683861922192,0.9529918007687636,-2.03243627688564,4.909929547991071,0.006928176679605539,0.09323697452197241,0.06599499346541197,0.06952304823799914,-0.532392697342396,5327355.6,0.662114426902533,-25156979.0,-21501339.335882977,54.87272794930532,0.00019756825686147064,708.8300170898438,1,0.0007634781601467616
2026-07-21 15:30:00+00:00,708.6599731445312,709.4099731445312,707.4299926757812,708.8300170898438,2992245,0.0,0.0,0.0,0.00019756825686156887,0.018448579772167184,0.012708792411401326,0.019459268710506183,0.0001270238122714762,0.00019754874282370318,8.89532470703125,13.530029296875,0.35833740234375,-4.237296529019459e-05,702.5010986328125,0.00900912250434825,701.0742928641183,0.011062628176009266,701.5416666666666,0.010389048533349265,710.8375903320313,-0.0028242361820608637,703.5614831043747,0.007488377507840296,703.8618484556152,0.007058442853696926,707.0734337145412,0.00248430119354363,702.4020275297619,700.1121987024835,0.012452030408132442,0.7605009238608904,62.821237432855284,-1.4554846837968398,-3.027288524771239,1.571803840974399,96.17947078080887,95.9045629804538,140.39596518263775,1.6214584874822837,-3.8205292126035024,4.641357421875,0.006547913194934806,0.09315921197912415,0.06600959366281343,0.06958158866210086,-0.15169424710382018,5329298.8,0.5614706760296494,-22164734.0,-21564519.7800846,52.02164317727047,0.0006842054369447343,709.3150024414062,1,0.0016214589773276115
2026-07-21 16:30:00+00:00,708.8499755859375,709.8800048828125,708.6300048828125,709.3150024414062,3227271,0.0,0.0,0.0,0.0006842054369446959,0.004368296529423166,0.016676714092089373,0.010571357117068025,0.0029764573512101045,0.0006839714751172772,11.635009765625,7.41998291015625,2.73968505859375,2.815695669275264e-05,703.8099539620536,0.007821782639410755,701.5967930385044,0.011000918874592475,701.5690482003348,0.011040900765121165,710.52708984375,-0.001705898930058503,704.7121869717811,0.006531482716933559,704.3575897270508,0.007038204438557213,707.1613383704968,0.0030455059603075895,703.5007888067337,700.1047620694434,0.013155517389604828,1.1404342906866813,60.21081219648728,-0.8564854413887133,-2.5931279080947336,1.7366424667060203,96.38976638360731,96.84560029358516,147.3754090287497,1.8998944210795943,-3.6102336100029246,4.449929373604911,0.0062735587972654345,0.09282225245231564,0.06549142637569527,0.06905998504981349,0.07854503892562281,5282583.4,0.6109266538035157,-18937463.0,-21314323.896267015,50.47242343288444,-0.0002185619877507192,709.1599731445312,1,0.002477355637464653
2026-07-21 17:30:00+00:00,709.3300170898438,710.0499877929688,709.030029296875,709.1599731445312,2755385,0.0,0.0,0.0,-0.00021856198775072055,0.0006631541315751388,0.018922661381554073,0.010861811665550558,0.006914758507323926,-0.00021858587590272338,13.16998291015625,7.6199951171875,1.53497314453125,2.1167814561653987e-05,705.1278512137277,0.005718284881043057,702.428218296596,0.00958354842897728,701.6619030180432,0.01068615823978201,710.1948889160157,-0.0014572278506010678,705.6017442063312,0.005042829000086074,704.7941700377309,0.0061944370319642166,707.2397162047727,0.002715142964623731,704.5092128208705,700.1194571636911,0.01291281921724042,1.3847401421406542,68.47908867468948,-0.3897905322284032,-2.1524604329214676,1.7626699006930644,94.374119865174,95.64778567653006,136.1689578077813,1.9933820789407939,-5.6258801285048925,4.138497488839286,0.005835774219577954,0.09145081541923625,0.06469917472780196,0.068579790354229,-0.14621827544076715,5173570.95,0.5325886175389166,-21692848.0,-21350373.81090825,56.843639339537496,-0.0010857331564831955,708.3900146484375,1,0.0024845661482646142
2026-07-21 18:30:00+00:00,709.1500244140625,709.8900146484375,708.3300170898438,708.3900146484375,2300871,0.0,0.0,0.0,-0.001085733156483193,-0.0006207446507594527,0.003058542173830947,0.007398649182338124,0.003356838406311846,-0.0010863229917011557,2.1600341796875,5.20263671875,-11.00994873046875,-1.4028894530837202e-05,706.6578543526786,0.0024512007969446662,703.3067888532366,0.007227608030745713,701.8571428571429,0.009307979348462673,709.8486889648437,-0.0020549087982839587,706.1593982947525,0.003158800065634492,705.1210650023405,0.004636011896881138,707.2848259476615,0.0015625794025676326,705.3041190011161,699.9938892625345,0.011994569545080753,1.6017852678508777,69.94491276498235,-0.08112550585406098,-1.7381934475079863,1.6570679416539253,88.91131333293897,93.22506652724009,117.07226207452995,0.9253513611644988,-11.088686660380983,3.9506399972098216,0.005576927844140891,0.09123811430081287,0.06381431900995285,0.0675961915444823,-0.16495480667855855,4956856.0,0.46417951217465253,-23993719.0,-21602120.97177413,58.67956444988584,0.0007905215305323971,708.9500122070312,1,0.002424516939795079
2026-07-21 19:30:00+00:00,708.4199829101562,709.8599853515625,708.3300170898438,708.9500122070312,6703445,0.0,0.0,0.0,0.0007905215305323843,-0.0005145671995075984,0.0003668878701961198,0.0125643921830354,0.01710128196349281,0.0007902092329617312,0.260009765625,8.7969970703125,-1.9000244140625,4.230474893633341e-05,708.5092860630581,0.0006220470961241832,704.2817905970982,0.0066283434730985795,701.9966663178943,0.009905098161788488,709.5132897949219,-0.000793892934764696,706.7175210772083,0.0031589582304637725,705.4691511118579,0.004934108160055524,707.3501273695977,0.0022618004514691693,706.056548781622,701.7936170143477,0.010197293077584496,1.557932843876816,72.30042076344857,0.20630274462166653,-1.3492942090820557,1.5555969537037222,92.43481946951196,91.90675088920831,105.86298525960646,1.056252588842217,-7.56518052361045,3.8870675223214284,0.005482851337028857,0.0774282704895925,0.0529653429160833,0.055718650554714054,1.913437998045088,4451756.05,1.5057979199017428,-17290274.0,-21191468.879224215,67.96847891317013,-0.0031597605841261075,706.7098999023438,0,0.0025977741663629553
2026-07-22 13:30:00+00:00,704.3499755859375,708.239990234375,703.6400146484375,706.7098999023438,7808357,0.0,0.0,0.0,-0.003159760584126148,-0.003454894995445823,-0.00299100932012486,0.009679770974726498,0.016782966971931046,-0.0031647631683591085,-2.1201171875,6.77520751953125,-2.380126953125,-0.006488520406067692,708.5778459821429,-0.002636190349992368,704.625710623605,0.0029578672014271123,702.4576183500744,0.006053435027512389,709.1368872070312,-0.0034224524890291166,706.7159968422354,-8.627142896029906e-06,705.5819464564476,0.0015986143800296641,707.3250204100975,-0.0008696433605533483,706.3802966889881,702.7172148187507,0.0056817806642423165,1.243665906967308,59.17122199974317,0.25044637245946433,-1.0293460927737517,1.279792465233216,77.02824663755375,86.12479314666824,54.18822955118364,0.5009364620596847,-22.97175335556865,3.516353062220982,0.004975666907598028,0.07763409172708667,0.05216856912817414,0.05453964169771529,0.1648274879558198,4456150.05,1.7522652766147313,-25098631.0,-21563579.55739334,53.43811719858181,0.0035659335842818753,709.22998046875,2,0.002141078696795352
2026-07-22 14:30:00+00:00,706.6900024414062,709.6472778320312,705.5800170898438,709.22998046875,3469678,0.0,0.0,0.0,0.0035659335842819218,0.001185739215606274,-0.00011986490115623027,0.016554850238246877,0.014635165191344779,0.0035595907174736756,-0.08502197265625,11.54998779296875,2.03509521484375,-2.8155061843935345e-05,708.6549857003348,0.000811388870489833,705.1749965122768,0.005750322936183146,703.1330944242932,0.008671026997300024,708.9714868164062,0.00036460373534081696,707.2187935675385,0.00284379730785058,705.9135859121114,0.0046980177500745264,707.3997247261232,0.0025873006147024537,706.9941993350075,703.3289072767467,0.008390204257128534,0.8238677463753056,63.53160015858064,0.48320981412598485,-0.7268349113938044,1.2100447255197893,94.3603262424451,87.94113078317027,75.52690479181493,1.2964259434412102,-5.639673750677305,3.50115966796875,0.004936564674902489,0.0762286599622828,0.05063249592463099,0.05331648856381433,-0.5556455730699813,4288799.05,0.8090092260209766,-21628953.0,-21569805.599546354,59.402314761362554,-0.00046170300508845764,708.9025268554688,1,0.001546061258637039
2026-07-22 15:30:00+00:00,709.239990234375,709.4876708984375,708.013671875,708.9025268554688,1923952,0.0,0.0,0.0,-0.00046170300508840967,-6.697983037573518e-05,-0.00036302992105008425,0.01855276196823663,0.009832659338274485,-0.000461809622739253,-0.2574462890625,12.91253662109375,-0.17242431640625,1.4113568095880762e-05,708.6653442382812,0.0003346891718574221,705.5832214355469,0.004704342902547861,703.6046433221726,0.007529631283093719,708.796337890625,0.00014981590503086343,707.5555402251246,0.0019037185828743746,706.185307816053,0.0038477422417852515,707.4586581429602,0.002040923092660418,707.4912033807664,703.6078878370831,0.007524985307731579,0.10348315510635388,60.5464886773939,0.6339460136414345,-0.4546787263867566,1.0886247400281912,92.10823471491375,87.83226919830419,76.65252182978787,1.281238745591238,-7.891765278208658,3.3578709193638394,0.004736717379544207,0.07514887734930059,0.04939837133943407,0.052544047812624804,-0.44549551860432,4128585.3,0.4660075692271635,-23552905.0,-21758672.209113367,58.67549210734645,-0.00018726335400806859,708.769775390625,1,0.006039680725345852
2026-07-22 16:30:00+00:00,708.9000244140625,709.3499755859375,708.0700073242188,708.769775390625,1390156,0.0,0.0,0.0,-0.00018726335400809369,0.002914739822614365,0.0005360899142203834,0.003596271741663104,0.01612821932614228,-0.00018728088997923488,0.3797607421875,2.539794921875,0.63720703125,-3.5300218456643597e-06,708.5874546595982,0.0002573016637927397,706.1987043108259,0.0036407190555589994,703.927013578869,0.006879636266731356,708.6905334472656,0.00011181459271630744,707.7983872582247,0.001372407948203681,706.4202594137413,0.0033259464823818157,707.5100745056137,0.001780470597383004,707.9160772414434,703.9599495573309,0.006832527669097958,-0.04033540153656709,67.80806535173242,0.7342298592155885,-0.21689700926628758,0.9511268684818761,91.19522463618482,92.55459519784789,68.7871490000172,1.5895228229629605,-8.804775356937586,3.1271580287388394,0.004412092808290187,0.07071110831395175,0.04675639808872494,0.05106030172888392,-0.27744767021214667,3980091.35,0.3492774104292857,-24943061.0,-22061947.33205495,60.79430366060186,-0.002313544630072257,707.1300048828125,0,0.006024395013808728
2026-07-22 17:30:00+00:00,708.7150268554688,709.0900268554688,706.739990234375,707.1300048828125,1463826,0.0,0.0,0.0,-0.002313544630072273,-0.002960923316509545,-0.002567187097652912,-0.0022012410972633845,0.015859985923395437,-0.002316225009366046,-1.82000732421875,-1.55999755859375,-2.19976806640625,-7.72444551913901e-05,708.2974591936384,-0.0016482542689808617,706.7126552036831,0.0005905507366477537,704.3846319289435,0.0038975480574398526,708.5729333496093,-0.0020363866567322956,707.6647107831423,-0.0007555921500413137,706.4847817291114,0.0009132866982937407,707.4951698145235,-0.0005161377028286906,708.0402506510417,704.4421569905563,0.003815569334656373,-0.13551613134931453,64.04518742002023,0.6736246280968317,-0.03879268179366374,0.7124173098904953,79.91755623382558,87.74033852830804,47.57436506402064,1.600599836884161,-20.08244375929683,3.110015869140625,0.004398082173944277,0.07085844494672168,0.04551586387982487,0.04943682211784679,0.05299405246605415,3847779.6,0.3804339520901872,-26406887.0,-22475751.10995448,61.41710852840947,0.000523839125370783,707.5004272460938,1,0.008810239393076779
2026-07-22 18:30:00+00:00,707.1201171875,707.6799926757812,706.4000244140625,707.5004272460938,1681142,0.0,0.0,0.0,0.0005238391253707952,-0.0019778454107003407,0.0011186023343654483,-0.0018757527357669002,0.01754701519821933,0.0005237019695524596,0.79052734375,-1.32958984375,2.61053466796875,-1.3982853568948235e-05,708.1703752790179,-0.0009460266290569346,707.4141148158482,0.00012201117907851048,704.927984328497,0.00364922797049056,708.4833422851563,-0.001387350951528096,707.6318540757326,-0.00018572769001517418,706.5771131397461,0.001306742164692442,707.4953759883106,7.139633635225238e-06,708.1452869233631,704.990586261886,0.0035601056710731693,-0.1768654974006998,70.69150874683017,0.6480146255379395,0.09856877967265693,0.5494458458652827,82.46516918454093,84.52598335151711,35.069377445245216,0.17989136860186966,-17.534830808581496,2.937164306640625,0.004151466477651785,0.07050249472720861,0.04507430146224319,0.048927504029614176,0.1484575352535069,3718664.9,0.452082143782302,-24725745.0,-22690036.242339768,63.458766932122955,-0.003152517834548155,705.27001953125,0,0.008594887624185761
2026-07-22 19:30:00+00:00,707.5,707.530029296875,705.1900024414062,705.27001953125,2698683,0.0,0.0,0.0,-0.003152517834548174,-0.004937789365307199,-0.005583465232085527,-0.005702660871733656,0.004808411380741617,-0.003157497487280167,-3.9599609375,-4.04498291015625,-4.75048828125,-6.038810399202554e-07,707.6446620396206,-0.0033556990333578948,708.0769740513393,-0.003964194039561935,705.4027477446057,-0.00018815947879401106,708.376142578125,-0.004384849884365057,707.1594871668361,-0.0026719115982639513,706.4582864480647,-0.0016820057738827705,707.4081071076415,-0.0030224244745093824,707.8594075520833,705.3858230017858,-0.00016417039690815404,-0.29955931380523015,69.1175286784208,0.4426407645080417,0.1673831766397339,0.2752575878683078,33.978249868852636,65.45365842907304,9.924977150998068,-0.4825781227856653,-66.02175011733519,2.8836539132254466,0.004088723231334783,0.06401603092487913,0.04054906867882571,0.04253900729741027,0.6052677287224995,3417903.05,0.7895727176930895,-27424428.0,-23140930.69545027,64.98518199949045,-0.014363300015992878,695.1400146484375,0,0.00860422992892668
2026-07-23 13:30:00+00:00,694.6400146484375,698.6599731445312,693.2100219726562,695.1400146484375,10898377,0.0,0.0,0.0,-0.014363300015992841,-0.016955849916681198,-0.01941382867977437,-0.019769810800131515,-0.009122735096155576,-0.014467450711059053,-13.76251220703125,-14.01995849609375,-9.80255126953125,-0.015072248342361901,705.9918212890625,-0.015371009002335803,707.2848336356027,-0.017171043983399064,705.0810808454241,-0.014099181593488158,708.0445434570313,-0.018225588951747498,704.7555926631564,-0.013643847760568461,705.4293526480985,-0.014585922688106871,706.9270054425747,-0.016673561348446737,706.1344796316964,704.1939558669113,-0.012857169737157061,-0.9931985873164809,27.049871906802522,-0.5314005789676912,0.02762642551824887,-0.5590270044859401,11.46078736893082,42.634735474108126,-169.82150530155053,-1.9313519618698285,-88.53921262513093,2.949366978236607,0.004242838731883371,0.08242909870064423,0.04187053895104169,0.04426260698709528,3.038405770518434,3801197.05,2.8670907760490865,-38322805.0,-24586823.486359768,46.769414992639824,-0.009365033847055107,688.6300048828125,0,0.006400879146371516
2026-07-23 14:30:00+00:00,695.0150146484375,695.989990234375,688.155029296875,688.6300048828125,7371596,0.0,0.0,0.0,-0.009365033847055115,-0.02667195896507557,-0.02841510911877254,-0.02789425225796216,-0.020701982862284307,-0.009409161497248079,-20.1397705078125,-19.760009765625,-6.37725830078125,-0.0001798198886062373,703.0489676339286,-0.020509187005311662,705.8519766671317,-0.02439884331784819,704.466320219494,-0.022479875733058267,707.4735437011718,-0.026634973118220186,701.5304751070877,-0.018389037514425235,703.9021392148908,-0.0216963885762453,706.2094760088586,-0.024892714871756663,703.6471691313244,703.0370381351356,-0.02049256649481581,-1.9495968800246282,14.4464949767017,-1.8077995549718935,-0.33945877057977963,-1.468340784392114,2.1693376856619593,15.869458307815139,-200.19925950226022,-2.916193438369196,-97.83066230977077,3.2382943289620534,0.004702517035266895,0.08749454688869474,0.047159387299983334,0.04716032869889386,-0.323606074555872,4023317.75,1.8322181985253336,-45694401.0,-26597068.963849314,37.46310730755353,0.008407966522354858,694.4199829101562,2,0.004428005021990408
2026-07-23 15:30:00+00:00,688.6300048828125,694.5900268554688,687.7999877929688,694.4199829101562,5335308,0.0,0.0,0.0,0.00840796652235487,-0.015384230607597749,-0.017974095123799216,-0.020495139356358272,-0.008188256142042105,0.00837281646142405,-12.71002197265625,-14.530029296875,7.42974853515625,0.0,700.9800327845982,-0.009358397625640178,704.8226885114398,-0.014759322835135879,704.0488252185639,-0.013676384312415895,706.92154296875,-0.017684508532694043,700.1083766677015,-0.00812501885009872,703.0401250053694,-0.012261237714042384,705.7471429461644,-0.016049884366101073,702.122903297061,702.4265424452221,-0.011398429659538203,-2.247478035291551,28.721758961984648,-2.3253469493184866,-0.736636406327521,-1.5887105429909656,29.752787042202122,14.460970698931632,-153.93536309368176,-2.078514128341831,-70.24721295330349,3.5818699428013394,0.005158074408782678,0.0926636845569664,0.04974559632472759,0.048225837489977684,-0.2762343459950871,4123382.6,1.2939153402839694,-40359093.0,-27907737.919673186,39.8369947718075,-0.001843395010994186,693.139892578125,0,0.0032295682087139783
2026-07-23 16:30:00+00:00,694.3900146484375,695.1500244140625,691.4915771484375,693.139892578125,3268953,0.0,0.0,0.0,-0.0018433950109941755,-0.002877293823063898,-0.02029756324510834,-0.019201665812370705,-0.009707762565041245,-0.0018450961544852016,-14.36053466796875,-13.57000732421875,-1.6505126953125,-4.315581702173471e-05,698.7471923828125,-0.008024790461852024,703.6673235212054,-0.014960806891508555,703.7148670014881,-0.015027356844694436,706.394140625,-0.018763247434540137,698.7146798497862,-0.007978631954393339,702.1401038756198,-0.012818255570082579,705.2527409709472,-0.017175187970384708,700.565197172619,702.126223356136,-0.012798739712418006,-2.59318403732772,26.66337914228312,-2.806448587338082,-1.1505988425296332,-1.6558497448084486,23.999572067039345,18.64056559830114,-125.32309436665668,-2.1527861425120967,-76.00042792846628,3.753901890345982,0.005415792584636813,0.09280485954017262,0.050388105793101365,0.04898592853306637,-0.3872981653542775,4185733.85,0.7809748820986311,-43628046.0,-29404910.11779955,39.80389981281521,-0.002842008790810894,691.1699829101562,0,0.004215055142129294
2026-07-23 17:30:00+00:00,693.0,693.1300048828125,690.40380859375,691.1699829101562,2950937,0.0,0.0,0.0,-0.002842008790810868,0.0036884509959393963,-0.019992394729135388,-0.025464233120344626,-0.009330939447836917,-0.002846054965789332,-14.10003662109375,-18.05999755859375,0.260498046875,-0.00020182445076775125,696.4671892438616,-0.007605823239783684,702.38232421875,-0.015963302210159,703.2974998837426,-0.017243793665659025,705.7945397949219,-0.02072069994901672,697.2057404618603,-0.008657068066733086,701.1428201514868,-0.014223688747410486,704.7004759489555,-0.01920034610528647,698.8988850911459,701.9224172214488,-0.015318550950175631,-2.6888448281673454,25.336546497620915,-3.3085415412103885,-1.5821873822657841,-1.7263541589446043,15.255731190750657,23.00269676666404,-131.12276964307205,-2.507938358234728,-84.74426880472241,3.8764822823660716,0.005608580201991149,0.09266545977688018,0.04981859260824358,0.048351165041342244,-0.09728374803798034,4162721.95,0.7088960145416389,-46578983.0,-31040536.106580544,35.012336912550325,0.00015921754335366544,691.280029296875,1,0.0042997174049700096
2026-07-23 18:30:00+00:00,691.1400146484375,691.8499755859375,689.3499755859375,691.280029296875,3060585,0.0,0.0,0.0,0.00015921754335357363,-0.004521692477976291,-0.005552817087525419,-0.02485884432767249,-0.006767282581052525,0.00015920486958575746,-3.8599853515625,-17.62249755859375,10.24005126953125,-4.335874308737472e-05,694.1499895368304,-0.004134495834057748,701.1601824079241,-0.014091149724310683,702.9927397228423,-0.016661211082447933,705.1949401855469,-0.019732006138601835,696.0205982288633,-0.006810960687147185,700.2462028010675,-0.012804315779669999,704.1741839233837,-0.018311030027612165,697.4185791015625,701.7601850152512,-0.014934098488550594,-2.5588596739059546,26.11073614010381,-3.655436405375326,-1.9968371868876926,-1.6585992184876335,15.775348544373715,18.34355060072124,-127.4264821943079,-2.1833386807768056,-84.2246514510932,3.9436253138950894,0.005704815916497086,0.09239028052847055,0.049519597013401674,0.04822980609767152,0.03715701148482675,4118571.1,0.7431181654239256,-43518398.0,-32228903.905953825,34.6093654812866,0.0009257516290933055,691.9199829101562,1,0.00437869629901152
2026-07-23 19:30:00+00:00,691.3300170898438,692.4299926757812,688.9299926757812,691.9199829101562,4713913,0.0,0.0,0.0,0.0009257516290932521,-0.001759976133290042,0.004777569963573702,-0.023773294327036343,-0.02026251781196786,0.0009253233853317281,3.28997802734375,-16.84979248046875,7.14996337890625,7.231192982606776e-05,692.2428414481027,-0.0004663949103042954,699.9437517438616,-0.011463448046651262,702.7989298502604,-0.015479458601916964,704.6343395996093,-0.01804390727914235,695.2004751651219,-0.004718771594886767,699.4892737200755,-0.010821167806695425,703.6936270209042,-0.016731207529298013,696.1865525018601,700.7838010578995,-0.01264843470175798,-2.1625828595863537,26.275342739709117,-3.8345123052386043,-2.364372210557875,-1.4701400946807293,18.858151787395382,16.629743840839918,-105.7265492195043,-2.440674821322229,-81.14184820802738,4.084341866629464,0.005902910694160283,0.07370187570286733,0.04897179236919119,0.04743154441970967,0.5401999944455063,3977099.95,1.1852639006470025,-38804485.0,-32855149.724434413,32.19494146805637,-0.00728404750813242,686.8800048828125,0,0.00496080613363996
2026-07-24 13:30:00+00:00,690.25,692.4500122070312,684.8599853515625,686.8800048828125,10414681,0.0,0.0,0.0,-0.007284047508132385,-0.006206834980420961,-0.010857950826451468,-0.028636884109246474,-0.030775088520311078,-0.007310705714160792,-7.53997802734375,-20.25,-10.8299560546875,-0.0024135491840111788,691.0628400530134,-0.006052756605859361,698.5273306710379,-0.016674116067899293,701.8775024414062,-0.02136768525334575,703.97833984375,-0.024288154895089793,693.5363811086601,-0.009597731866924338,698.3429765530516,-0.016414529901629008,703.0342692899986,-0.02297791887652576,694.4447195870536,698.9717249433487,-0.01729929785285511,-1.966290509020921,24.373926299447717,-4.333165319503792,-2.7581308323470584,-1.5750344871567332,8.149415805539022,14.260972045769373,-114.12368186807758,-3.106565590944091,-91.85058419042666,4.247201102120536,0.0061833232470334615,0.07489064786629054,0.053101095267784046,0.052695389757716676,1.2093494300806995,4321468.05,2.409986809922151,-49219166.0,-34413627.464964464,30.933307920408453,0.003810698604085609,689.4974975585938,2,0.004073809972852969
2026-07-24 14:30:00+00:00,686.9063720703125,690.8499755859375,683.5460205078125,689.4974975585938,6146095,0.0,0.0,0.0,0.0038106986040855606,-0.0025785957394057757,-0.005254920483631964,-0.025445821647875788,-0.02727384431407287,0.0038034562851921045,-3.64239501953125,-18.0029296875,3.8975830078125,3.83868904503343e-05,691.186767578125,-0.002444013830658104,697.1178676060268,-0.010931250512329104,700.9635736374628,-0.01635759190645606,703.4039892578126,-0.01977027698388843,692.7286043986469,-0.004664318492887098,697.5388420990099,-0.011528167400982139,702.5034154966103,-0.018513672177385684,693.2407418387277,697.8963901901229,-0.012034583857396216,-1.311196272463121,24.563852159560227,-4.46566424464072,-3.099637514805791,-1.3660267298349296,22.941782658140454,16.649783417024953,-100.71804445271839,-2.719116771222716,-77.05821733800474,4.4783935546875,0.006495155632236982,0.07707590757992164,0.05742485950402759,0.058056698011162186,-0.4098623856073941,4479160.55,1.3721533156475043,-43073071.0,-35238336.37306309,24.091517497658813,0.0023429795196431673,691.1129760742188,2,0.003399672821446903
2026-07-24 15:30:00+00:00,689.5,692.6300048828125,689.1199951171875,691.1129760742188,3626486,0.0,0.0,0.0,0.00234297951964324,-0.001166329714229808,-8.247874957978407e-05,-0.020073224530996803,-0.025661414610627986,0.002340239022912242,-0.0570068359375,-14.15704345703125,3.58538818359375,3.6293698165796637e-06,690.714338030134,0.0005771387998417902,695.847185407366,-0.006803518692640798,700.1199050176712,-0.012864837692640957,702.9020483398438,-0.016771998735033388,692.4054787337612,-0.0018666846222885095,696.9546724603925,-0.008381745064629569,702.056731597693,-0.015588135589204586,692.4400896344866,697.2085095197791,-0.008742769719993925,-0.48094593389056717,27.805394364420437,-4.389713102180849,-3.3576526322808027,-1.0320604699000464,29.324789720037142,20.13866272790554,-69.09698639883378,-2.265075544521051,-70.67521027608748,4.623822893415179,0.006690400923556,0.07788306284073417,0.05831638401780532,0.05906899103787372,-0.40995282370350605,4499121.3,0.8060431711409958,-39446585.0,-35639121.956580885,26.015285707263317,-0.0019143006898671268,689.7899780273438,0,0.0032926759806969287
2026-07-24 16:30:00+00:00,691.030029296875,691.1099853515625,687.7000122070312,689.7899780273438,3373554,0.0,0.0,0.0,-0.0019143006898670878,0.004236508740748324,-0.0021554959009112418,-0.007696343913966008,-0.027313999451065718,-0.0019161353051434437,-1.49005126953125,-5.35003662109375,-1.43304443359375,-0.00012001912887643757,690.2357788085938,-0.0006458673904427913,694.4914855957031,-0.006769712323139378,699.1901419503348,-0.0134443599229769,702.4609484863281,-0.01803797134384465,691.8823785924778,-0.0030242142738014363,696.3033366028426,-0.009354196990161167,701.5756824380715,-0.01679890666927618,691.6324619838169,696.5515422198105,-0.009707198653108819,-0.2905807751646939,27.003406236263075,-4.385720306532107,-3.563266167131064,-0.8224541394010432,24.443924082643814,25.57016548694047,-73.22698193885432,-2.503242194165438,-75.55607591344136,4.776179722377232,0.006924107155092614,0.07780694435043391,0.059182711755426366,0.060123524434410255,-0.06974575387854798,4530029.75,0.744709016535708,-42820139.0,-36323028.34166842,25.263518672592227,-0.00624101945941957,685.4849853515625,0,0.003505045060818716
2026-07-24 17:30:00+00:00,689.8099975585938,690.5062866210938,685.4500122070312,685.4849853515625,2955664,0.0,0.0,0.0,-0.006241019459419572,-0.005819473197856362,-0.009300204817800917,-0.004567067233419819,-0.03233392456589379,-0.006260576032461307,-6.43499755859375,-3.14501953125,-4.9449462890625,2.902264730958064e-05,689.4236363002232,-0.005712961873183862,692.9454127720425,-0.010766255585161717,698.062761579241,-0.01801811659342147,701.8654479980469,-0.02333846564634796,690.6028999442949,-0.007410792212337673,695.3198501254534,-0.014144375098887649,700.9446747091887,-0.022055505827215428,690.4315952845982,695.9363499996704,-0.0150177019034827,-0.7712928437091193,25.365182034157527,-4.6760305483905995,-3.7858190433829715,-0.890211505007628,8.034172038381248,20.600961947020735,-85.26932003022264,-2.8053133738492604,-91.96582795747521,4.969482421875,0.007249586100444006,0.07968440446483481,0.06104154918086797,0.061136682854672574,-0.12387233167158429,4562769.4,0.647778518020218,-45775803.0,-37223292.59484286,24.733133736705796,-0.0029395460024614047,683.469970703125,0,0.003833391939272887
2026-07-24 18:30:00+00:00,685.5175170898438,685.719970703125,682.47998046875,683.469970703125,6929053,0.0,0.0,0.0,-0.0029395460024613795,-0.011058981144456137,-0.004964526781164991,-0.01576857301995005,-0.0359405332748135,-0.002943874953326531,-3.4100341796875,-10.95001220703125,3.02496337890625,4.745798810533843e-05,688.3079136439732,-0.007028748100873295,691.2289515904018,-0.01122490727480887,696.8760928199405,-0.0192374544842653,701.1714575195313,-0.025245589543821292,689.176314096061,-0.008279947055946459,694.2425883597872,-0.015517079818018639,700.259392199147,-0.02397600329682299,689.1682030087426,694.0632364025053,-0.015262680896732704,-0.9028825855124031,23.637145225978315,-5.01093540444117,-4.030842315594612,-0.9800930888465587,3.9520491202554693,12.143381747093509,-105.12874795556984,-1.67880480182079,-96.04795087575252,5.109483991350446,0.0074757988066199155,0.07928057732753674,0.06169969267039315,0.061715883752434385,1.3443304110345426,4574049.8,1.5148617315010429,-52704856.0,-38697727.204857826,23.009864861849323,0.0010973415543457333,684.219970703125,1,0.00424520962022669
2026-07-24 19:30:00+00:00,683.47998046875,684.6599731445312,682.760009765625,684.219970703125,5696963,0.0,0.0,0.0,0.001097341554345821,-0.008074932228136822,-0.007654163900747579,-0.012868862361712363,-0.03182342457962806,0.0010967399151979077,-5.27752685546875,-8.919921875,-1.86749267578125,1.4645509026077226e-05,687.2079119001116,-0.004347943533887312,689.7253766741071,-0.007982026118165309,695.6984717959449,-0.016499247243093203,700.5314575195313,-0.023284445889324268,688.1850454174738,-0.00576164033314284,693.3314413000905,-0.013141579992199922,699.6303952777344,-0.022026522401831616,688.2336722237724,692.3539805371106,-0.011748339812625465,-0.9363643760702134,26.13153799753907,-5.156391512122582,-4.255952154900205,-0.9004393572223766,10.75396181650895,7.580060991715222,-99.18088589761656,-0.6404069164008578,-89.24603817731057,5.078050885881696,0.007421664235634509,0.07976262690162374,0.06040685102013426,0.06032214877213617,-0.17781506361691846,4468480.1,1.2749218688475303,-47007893.0,-39489171.566299945,22.14458187737307,-0.00695675211814891,679.4600219726562,0,0.004606271971863113
2026-07-27 13:30:00+00:00,691.719970703125,692.260009765625,679.27001953125,679.4600219726562,11064632,0.0,0.0,0.0,-0.0069567521181489456,-0.008789344052249737,-0.01686114210697598,-0.01694223017063834,-0.04197504239233929,-0.006981063134249172,-11.6529541015625,-11.7099609375,-6.37542724609375,0.010961387157819748,686.1479143415179,-0.009747012603354083,688.6053771972656,-0.013280981426283886,694.4008585611979,-0.02151615512036895,699.7668579101562,-0.02901943084031875,686.4400407285103,-0.010168431824629722,692.0704031794147,-0.01822124042410622,698.8394002461627,-0.02773080376786481,686.8649582635788,690.7969771749988,-0.01641141402889226,-1.2841135145486846,29.75515574548632,-5.5913015634531575,-4.523022036610796,-1.0682795268423613,1.136380229179315,5.280797055314578,-97.56278351181993,-2.1543102597342694,-98.86361976483981,5.144478934151786,0.0075714225528801535,0.07946223331715936,0.07162095859102736,0.0647872227162791,0.9421983256693083,4848227.8,2.2822013437569906,-58072525.0,-41259014.750461854,22.151775047872363,-0.0005004368829258859,679.1199951171875,1,0.004296676029761905
2026-07-27 14:30:00+00:00,679.4600219726562,682.1503295898438,675.9450073242188,679.1199951171875,8025442,0.0,0.0,0.0,-0.0005004368829258921,-0.006364545294451518,-0.015468451630263114,-0.017590605347092003,-0.04201216755481152,-0.0005005621432544572,-10.66998291015625,-12.1600341796875,0.98297119140625,0.0,684.6654139927456,-0.008099458161923076,687.9260907854352,-0.01280093281268142,692.9670497349331,-0.019982269897280455,699.0998583984375,-0.028579412570606352,684.9760316062458,-0.008549257519737626,690.8930933555758,-0.017040405167738658,698.0660902411048,-0.027140832922204223,685.6002406529018,689.5478815745487,-0.015122788041251747,-1.4866088454374395,35.39434114969251,-5.89544916976422,-4.797507463241481,-1.0979417065227386,16.532074811234967,9.474138952307744,-140.20364967871652,-2.02266492104075,-83.46792518355805,5.028076171875,0.007403811120301298,0.07945156688318507,0.07409056876754988,0.06852828669400535,-0.27467610310040136,5153302.3,1.5573396499561065,-66097967.0,-43624629.25041787,22.003498194385685,0.0029081393570170207,681.094970703125,2,0.004454090625658645
2026-07-27 15:30:00+00:00,679.219970703125,682.3400268554688,676.9099731445312,681.094970703125,4610679,0.0,0.0,0.0,0.002908139357016948,-0.00456724464909819,-0.006404246252288082,-0.01564489026823912,-0.039046254014214354,0.0029039189002281213,-4.3900146484375,-10.82501220703125,6.27996826171875,0.00014721343305478912,683.2342703683036,-0.0031311363582833974,686.9743041992188,-0.008558301904666608,691.6428803943452,-0.015250514377001851,698.5098583984375,-0.024931484482147284,684.1998194256216,-0.004537926837073087,690.0023549326257,-0.012909208448074899,697.4005561415762,-0.023380516827574336,684.6894246419271,688.8877976176246,-0.01131218602134949,-1.3582332108517798,26.81873298459395,-5.909008937998578,-5.019807758192901,-0.8892011798056778,26.815718801737304,14.828057947383863,-129.0799468281806,-1.457675022951091,-73.18428119305572,4.930934361049107,0.007239716299698178,0.08119692857945032,0.07592559997994475,0.07099948255861302,-0.4254922034200733,5314328.45,0.8675939101957462,-61487288.0,-45325834.84561618,21.17845448148644,-0.005439705494907277,677.3900146484375,0,0.008933734123895897
2026-07-27 16:30:00+00:00,681.1099853515625,682.1300048828125,677.0800170898438,677.3900146484375,3981465,0.0,0.0,0.0,-0.005439705494907243,-0.0030465476367674826,-0.00889571790320609,-0.013816081654602907,-0.04205731623466269,-0.005454554567044057,-6.0799560546875,-9.489990234375,-1.68994140625,2.204486757841958e-05,681.4628470284598,-0.005976602242919101,685.8493129185268,-0.012334047888857322,690.1486060732886,-0.018486730701992887,697.8984582519531,-0.029385999296881002,682.8378584701848,-0.007978239276223655,688.8557785431541,-0.016644650813481793,696.6158290241982,-0.02759887670463093,683.4115193684896,688.2686283356263,-0.015805767166055085,-1.6819406629379632,24.732090388796067,-6.147845604789836,-5.245415327512289,-0.9024302772775474,8.408539595119441,17.252111069363902,-133.01942724739055,-2.0093180852548893,-91.59146039906153,5.030330113002232,0.0074260470396888345,0.08212178633923432,0.07723696046120558,0.07209562840909942,-0.13646883680256205,5440210.4,0.7318586428201378,-65468753.0,-47244208.00317654,16.741264073634838,0.002878714130504711,679.3400268554688,2,0.010322146739906201
2026-07-27 17:30:00+00:00,677.3900146484375,680.2999877929688,677.3400268554688,679.3400268554688,3097307,0.0,0.0,0.0,0.002878714130504667,0.000323995376168007,-0.007132127176354475,-0.014731700606733233,-0.039802662028400215,0.002874578567816201,-4.87994384765625,-10.157470703125,1.20001220703125,0.0,680.5849958147321,-0.001829263011846407,685.0043160574777,-0.008268983230063903,688.8252737862723,-0.013770178435312252,697.310458984375,-0.025771063516033085,682.1382921472416,-0.00410219646658501,687.99071020791,-0.012573837442971296,695.9383465862088,-0.023850273249255573,682.5436145600819,687.7193309866319,-0.012184191651454191,-1.5657658944335267,31.008790996733907,-6.1093509015177005,-5.418202442313372,-0.6911484592043289,20.347737655483737,18.523998684113494,-122.05021129665654,-1.818122957189226,-79.65226233852285,5.046321323939732,0.007428270268853039,0.0835454485098937,0.07769853050438928,0.0725127996778393,-0.22206850995801797,5511018.65,0.5620207799514522,-62371446.0,-48684897.336207345,20.673287990330977,0.005799750177600671,683.280029296875,2,0.010216015992392798
2026-07-27 18:30:00+00:00,679.3599853515625,683.3699951171875,677.8499755859375,683.280029296875,4467831,0.0,0.0,0.0,0.005799750177600593,0.0032081555256446848,0.0056221222745795885,-0.01133381523501098,-0.031179533548002514,0.005782996373911433,3.82000732421875,-7.83294677734375,8.699951171875,2.9379243537444085e-05,680.557861328125,0.00399990672862646,684.4328874860491,-0.0016843991722942362,687.6719215029761,-0.0063866097607938365,696.8318591308594,-0.01944777589656673,682.3666395771683,0.0013385615103800948,687.5624664887249,-0.00622843363412989,695.4419419866272,-0.01748803452232472,682.3137096586681,687.0307692328371,-0.005459347825345345,-0.9543370717751055,38.56353088271485,-5.6952668121580245,-5.473615316282303,-0.22165149587572142,43.96178031466757,24.239352521756917,-79.65187710475023,-0.5241054566068559,-56.03821967933902,5.262037004743304,0.007701142692770443,0.08786154761917976,0.07928506111220851,0.07409962967368214,0.4424889105277585,5599476.05,0.7979016179558441,-57903615.0,-49562870.44704474,25.94094278360386,-0.001785551583494568,682.0599975585938,0,0.009632381757908197
2026-07-27 19:30:00+00:00,683.3499145507812,683.5999755859375,681.1649780273438,682.0599975585938,4549408,0.0,0.0,0.0,-0.0017855515834945823,0.006894082890460007,0.004329135443728038,-0.011206281208747226,-0.018816377728534173,-0.0017871475808299109,2.94000244140625,-7.72998046875,-0.8800048828125,0.00010227908164982182,680.2492937360491,0.0026618238919400325,683.7286028180804,-0.002440449693938232,686.5666823614212,-0.006564088993250103,696.3872595214843,-0.020573699140783896,682.3053111734534,-0.0003595364286955909,687.0622420405311,-0.0072806278323107486,694.9171598521946,-0.018501719393887145,681.9973243350074,685.9346973568834,-0.005648788161926156,-0.409355189212797,36.13453310578974,-5.403263099477954,-5.459544872921433,0.05628177344347929,36.6496321772545,33.65305004913527,-60.35531105189376,-1.0786841179734914,-63.35036781675208,5.185965401785714,0.007603385948950335,0.07378286178895566,0.0778799534910258,0.07190103357382273,0.018258747924887908,5282027.6,0.8612995509527439,-62453023.0,-50790504.02351667,25.729989885981425,-0.017139258251840223,670.3699951171875,0,0.009641112001564586
2026-07-28 13:30:00+00:00,676.1900024414062,677.2999877929688,667.8800048828125,670.3699951171875,16945019,0.0,0.0,0.0,-0.01713925825184026,-0.013204038307299215,-0.015746666833944767,-0.0220500675541756,-0.02651643064657394,-0.017287835454393056,-10.7249755859375,-15.114990234375,-13.66497802734375,-0.008606273844222363,678.9507184709821,-0.012638212347880012,682.54931640625,-0.01784387002710817,685.3871576218378,-0.021910481306266456,695.6742590332032,-0.036373724609482155,679.9182479622003,-0.01404323662972142,685.5447650474999,-0.02213534506275294,693.9545259410178,-0.033985700708292294,680.2161766415551,683.543910230026,-0.01927296098415377,-0.7876391682810017,30.441126696694354,-6.045445421342492,-5.576724982605645,-0.4687204387368471,10.060566603128866,30.223993031683648,-182.45577460579167,-3.0013878591643812,-89.93943339283072,5.65667724609375,0.008438142051832834,0.08912380967134541,0.07983910312919572,0.07515990260344034,2.7246646157038454,5760698.75,2.9414867423852007,-79398042.0,-53515031.44984841,23.86547477558385,0.009353073044616111,676.6400146484375,2,0.004504383139377457
2026-07-28 14:30:00+00:00,670.3900146484375,677.75,669.4500122070312,676.6400146484375,8006380,0.0,0.0,0.0,0.009353073044616078,-0.009717852657380233,-0.0011071908114695939,-0.0099930594575518,-0.0256040561897527,0.00930960389347846,-0.75,-6.8299560546875,9.9749755859375,2.986340587405097e-05,678.596435546875,-0.002883040340254594,681.6309247698102,-0.007322012455715482,684.8162057059152,-0.011939248793094286,695.2664611816406,-0.026790371135578292,679.2626012994477,-0.003860931907614666,684.7352422839488,-0.011822420018133783,693.2755254981715,-0.02399552593141976,679.4282697405134,682.5424440067566,-0.008647710351404889,-0.7316134159729778,35.98134011904884,-5.979513255964889,-5.657282637277494,-0.3222306186873949,35.393978849580044,27.368059209987802,-130.45181734128747,-1.906372054939585,-64.60602114637956,5.727822440011161,0.008465095643181413,0.09054493351279014,0.08139847851924946,0.07693921936122049,-0.5275083492086967,5894252.35,1.358336821123717,-71391662.0,-55217567.69271999,32.488886910613246,0.000982313840702792,677.3046875,1,0.0027845448901522543
2026-07-28 15:30:00+00:00,676.6300048828125,679.1300048828125,676.219970703125,677.3046875,5482410,0.0,0.0,0.0,0.0009823138407027976,-0.006971982047935921,-0.0029960539273534703,-0.010106812866070958,-0.022845612044094188,0.0009818316861875149,-2.03533935546875,-6.915283203125,-1.28533935546875,-1.4793339749772248e-05,678.0549665178571,-0.0011065165140063092,680.6446184430804,-0.00490701146027615,684.0011916387649,-0.009790193673071376,694.9116552734375,-0.025336987284353595,678.8710185395582,-0.002307258664430167,684.0597373035897,-0.009874941376036445,692.6492181256942,-0.02215339341202797,678.8514381045387,682.0228795148789,-0.006917938029040965,-0.4877629648766937,34.625907375646975,-5.806692064094591,-5.687164522640914,-0.11952754145367717,38.65742710923397,28.037324187314294,-84.62202688103899,-1.193359158312587,-61.34257288666431,5.684967041015625,0.008393514980667,0.09086693846278807,0.08113554098692435,0.07662485212627103,-0.31524484223831495,6004925.2,0.9129855605861666,-65909252.0,-56235823.34103237,33.835697498481494,0.00014075927100755522,677.4000244140625,1,0.005804102301224399
2026-07-28 16:30:00+00:00,677.3590087890625,679.4000244140625,676.3300170898438,677.4000244140625,3811030,0.0,0.0,0.0,0.00014075927100765107,0.010486789904202265,-0.008605556478598175,-0.0030318156947821695,-0.01992268014608456,0.00014074936535099486,-5.8800048828125,-2.05999755859375,-3.84466552734375,8.020214545232983e-05,678.056396484375,-0.0009680198781616498,679.7596217564175,-0.003471223160114411,683.2516741071429,-0.008564413253313462,694.4796557617187,-0.024593422148411776,678.5768197144591,-0.001734210875181513,683.4543088590872,-0.00885836019546418,692.0512105291597,-0.021170667563565622,678.4188255673363,681.6541312033818,-0.006240858222047161,-0.4975881864927166,35.81735840104682,-5.5975124925433875,-5.669234116621409,0.0717216240780214,39.04847261770227,37.69995952550543,-74.35379075036333,-0.8881072394166953,-60.95152737819601,5.660470145089286,0.008356170565504663,0.0907423533752895,0.08127490180666234,0.07705036342415332,-0.30486227772092933,6047929.85,0.630137930584628,-62098222.0,-56794147.02283881,37.937261777393516,-0.0025907954230302015,675.64501953125,0,0.005705694171596819
2026-07-28 17:30:00+00:00,677.375,678.4500122070312,675.3499755859375,675.64501953125,3490333,0.0,0.0,0.0,-0.002590795423030201,-0.0014704940524460364,-0.009405298727833244,-0.0051168800961866046,-0.022617476424898197,-0.0025941573414428208,-6.41497802734375,-3.4749755859375,-0.53497314453125,-3.6941855861473697e-05,677.5285382952009,-0.0027799843954726916,679.0567670549665,-0.005024244936852674,682.5123901367188,-0.010061898809020944,693.9525561523437,-0.02638153928357069,677.9904596778173,-0.003459399926775347,682.7443734656474,-0.010398260623299333,691.4078304900261,-0.0227981377468369,677.870211937314,681.274136569896,-0.008262631349810805,-0.6112204400037746,38.037971477271725,-5.50983643719303,-5.6373545807357335,0.1275181435427033,31.849930651954907,36.51861012629704,-84.02076117106007,-1.2532447953909602,-68.15006934394337,5.520738874162946,0.00817106426387182,0.09080541530796352,0.0814946168811347,0.07716674883859943,-0.0841496918155984,6069417.25,0.5750688832605798,-65588555.0,-57631709.68733035,37.73253844970078,0.0033522834444226833,677.9099731445312,2,0.005873307407383201
2026-07-28 18:30:00+00:00,675.6799926757812,678.010009765625,675.5599975585938,677.9099731445312,3068636,0.0,0.0,0.0,0.0033522834444226213,0.000893668175788731,0.011247487331269568,-0.004676289938399858,-0.020248020163690206,0.003346677068224213,7.53997802734375,-3.18499755859375,13.9549560546875,5.176260243206108e-05,676.7613874162946,0.0016971797587624715,678.6596243722098,-0.001104605608991269,681.875720796131,-0.005815939078991767,693.5603552246093,-0.02256527779040535,677.9743623711602,-9.497295207982127e-05,682.3048825273642,-0.006441269138434175,690.8785027509871,-0.018771071258981264,677.7173060825893,680.7821532095929,-0.004218941480055523,-0.3944872717587911,43.28177245577925,-5.197674151888123,-5.549418494966211,0.35174434307808866,41.140140494304454,37.34618125465388,-67.82039358191992,-0.22812951137618187,-58.859859501593824,5.464311872209821,0.008060527339427064,0.09193465394726165,0.0811432584585387,0.07632947190904267,-0.12081855800005326,5987153.4,0.5125367257167653,-62519919.0,-58097253.43139413,42.99871119420154,-0.0035550047056431794,675.5,0,0.005909676142436547
2026-07-28 19:30:00+00:00,677.9500122070312,678.0599975585938,675.280029296875,675.5,5562702,0.0,0.0,0.0,-0.0035550047056431833,-0.0028048779828521164,-0.001684817072235667,-0.0027901424697238664,-0.016567675288137185,-0.0035613387510348804,-1.1400146484375,-1.8900146484375,-8.67999267578125,5.906250694943613e-05,675.8242449079241,-0.00047977696918499236,678.0367693219866,-0.0037413447717880846,681.0938168480283,-0.0082129902072921,693.1485546875,-0.025461431850537772,677.4794898969282,-0.002921844759058899,681.6862568430582,-0.009074932611518663,690.2754242117327,-0.021405114094253365,677.2960228329613,679.9041454849488,-0.006477597635179909,-0.5553586811458572,39.86990296023178,-5.086118376903755,-5.45675847135372,0.37064009444996504,31.255100864425668,34.74839067022834,-74.46743739042661,-0.5330420460610221,-68.74489913147261,5.527169363839286,0.00818233806636729,0.08947742311361763,0.07815934379216855,0.07224964978477273,0.8127604577408334,5744554.45,0.968343506605634,-68082621.0,-59048240.8188804,43.097461038071245,-0.01216872050795707,667.280029296875,0,0.006657515086626401
2026-07-29 13:30:00+00:00,675.4600219726562,677.4600219726562,666.4849853515625,667.280029296875,10341293,0.0,0.0,0.0,-0.012168720507957032,-0.012380747274920334,-0.014800810312013413,-0.017752520213503598,-0.032222696007436435,-0.01224336556197813,-10.024658203125,-12.05999755859375,-8.8846435546875,-5.918286801434614e-05,675.3828212193081,-0.011997331983944518,677.166769845145,-0.014600156104110583,680.1604846772693,-0.01893737679642924,692.5881555175781,-0.03654137891190697,675.4395977769175,-0.012080382179081722,680.3765997934053,-0.019249001950519398,689.3736440189932,-0.03204882419536982,675.8617908296131,678.6635447004516,-0.016773429915974393,-1.0445100416978874,36.90321648021643,-5.596479824365815,-5.48470274195614,-0.11177708240967554,4.6453076185180775,25.680182992416064,-153.48904397978671,-2.0283428890934156,-95.35469237563909,5.383244105747768,0.008067443755827852,0.0962328244290457,0.08250941836793371,0.07439991442197513,0.8590413435772759,5954314.35,1.7367731013395353,-78423914.0,-60893543.02660608,43.56874452744482,-0.0006743978349021414,666.8300170898438,1,0.0028653093586935826
2026-07-29 14:30:00+00:00,667.27001953125,669.2999877929688,665.77001953125,666.8300170898438,4484021,0.0,0.0,0.0,-0.0006743978349021962,-0.016344288317949318,-0.015603789405472135,-0.024075066593061467,-0.035136019471536106,-0.0006746253434153063,-10.57000732421875,-16.45001220703125,-0.54534912109375,-1.500084699902149e-05,673.9813929966518,-0.010610642936299874,676.2889142717634,-0.013986473801793848,679.0810808454241,-0.018040649491089265,691.88685546875,-0.03621522533752164,673.7176816395028,-0.010223369131247294,679.1450922748996,-0.01813320205817367,688.4895802178501,-0.031459536571521375,674.4835571289062,677.8671161810723,-0.016282098405056816,-1.1066586271543695,36.81613602907491,-5.968456521093572,-5.5814534977836265,-0.38700302330994507,5.945037415028435,13.948481965990723,-189.20643880442054,-1.5589243021332038,-94.05496257936302,5.192147391183036,0.007786313240418657,0.09517549384796106,0.0825686582613082,0.07465494359685743,-0.566396484462823,5997191.1,0.7476868629382178,-82907935.0,-62990151.78597693,45.50505272510859,-7.496332151768599e-05,666.780029296875,1,0.007273788968536446
2026-07-29 15:30:00+00:00,666.8800048828125,667.8099975585938,663.2999877929688,666.780029296875,5361782,0.0,0.0,0.0,-7.496332151768481e-05,-0.012908912957994123,-0.01312078085105306,-0.022402674715439663,-0.03335790525149762,-7.496613140789798e-05,-8.864990234375,-15.27996826171875,1.70501708984375,7.496332151757357e-05,672.4778703962054,-0.00847290498342333,675.2664184570312,-0.012567468081020368,677.922369094122,-0.01643601141546576,691.1916564941406,-0.03531817400842313,672.3301511709773,-0.008255054253371707,678.0209956405337,-0.01657908297223544,687.6382252797727,-0.030333095537818527,673.2157057989211,677.0208903650611,-0.015126359044325638,-1.0406605112374956,33.982363488133416,-6.195862286674469,-5.704335255561796,-0.49152703111267293,17.14307190342347,9.244472312323325,-186.68154563031143,-1.8488528663198338,-82.85692809165042,5.126429966517857,0.007688337594507788,0.09536217866135957,0.08315694419934327,0.07565783905843093,0.19575309749887437,6096602.5,0.8794704919666321,-88269717.0,-65397729.4254077,39.52364384977623,0.0034943398906899744,669.1099853515625,2,0.017054647131056342
2026-07-29 16:30:00+00:00,666.7000122070312,671.510009765625,665.1500244140625,669.1099853515625,5669703,0.0,0.0,0.0,0.0034943398906899237,0.002742410943447071,-0.012981056691273363,-0.0018795736306854716,-0.02388819645933138,0.003488248870326845,-8.79998779296875,-1.260009765625,0.06500244140625,-0.00012000522860291523,671.2935791015625,-0.003252814890497237,674.6749877929688,-0.008248419671822311,676.9376075381324,-0.011563284561815984,690.5101086425781,-0.030991759603713084,671.6861180070944,-0.003835322163827748,677.2109037960818,-0.011962179579652206,686.9116276355292,-0.025915476704357343,672.3948480515253,676.3972826305957,-0.01077369390172764,-1.4935882258290598,40.4409588504965,-6.117555639542843,-5.786979332358006,-0.3305763071848373,28.62069483765865,17.23626805203685,-127.4767069538069,-2.073826738339383,-71.37930515741525,5.220001220703125,0.0078014098354138904,0.09544469044874195,0.08414960067116724,0.0779969065475406,0.05742885480983739,6232304.45,0.9097281824863352,-82600014.0,-67036042.24203554,45.43812940194364,0.004603155172203047,672.1900024414062,2,0.017959926840195567
2026-07-29 17:30:00+00:00,669.22998046875,674.9000244140625,668.5999755859375,672.1900024414062,6711623,0.0,0.0,0.0,0.0046031551722029995,0.00803800850920644,-0.0049000704050240484,-0.00657663175498624,-0.016503970540379997,0.004592593053743824,-3.30999755859375,-4.45001220703125,5.489990234375,0.00017933541542392774,670.8000052315848,0.0020721484779051167,674.1642717633929,-0.0029284692243029572,676.3045131138393,-0.00608381371504233,689.9508483886718,-0.025742190170095384,671.7868948939567,0.0006000527109308076,676.754458218384,-0.006744626092286619,686.3343090004655,-0.020608479531844383,672.063516671317,675.7372764219112,-0.005249486900120232,-1.2784325183898617,41.95540745604534,-5.740789175055625,-5.77774130089753,0.036952125841905215,43.7932019401449,29.852322893742336,-67.10325741885917,-1.447086055845861,-56.20679805492899,5.458578927176339,0.008120589278838663,0.09734817608527398,0.08590078567836454,0.08028134337429463,0.18376976712889537,6221432.95,1.0787905381187142,-75888391.0,-67879123.0761274,47.65497148189056,-0.00211247252264813,670.77001953125,0,0.017961147064217604
2026-07-29 18:30:00+00:00,672.1699829101562,680.0499877929688,669.0900268554688,670.77001953125,9061651,0.0,0.0,0.0,-0.0021124725226481234,0.005983967814066737,0.005230173362227752,-0.009648047753619049,-0.019657349606521213,-0.0021147069400457453,3.489990234375,-6.53466796875,6.79998779296875,-2.978254835278555e-05,669.780011858259,0.0014781087154913273,673.2706996372768,-0.0037142268442252966,675.6997535342261,-0.007295746338790319,689.3675549316406,-0.026977677245352515,671.5835198214154,-0.0012113166362100495,676.2104183377355,-0.008045422931890187,685.7239447075551,-0.021807500367601724,671.6109497070313,675.2016918391171,-0.006563479270600618,-1.0401685308871764,35.07868190600364,-5.493454665227205,-5.720883973763465,0.22742930853626042,36.79820802897547,36.40403493559301,-38.16258951023833,0.05967218356662502,-63.20179196609841,5.847146170479911,0.008717065462402923,0.09717902008091096,0.09243126416574637,0.08968893567733502,0.3501430279978479,6389667.35,1.4181725751341343,-84950042.0,-69504924.87840098,50.22359978074165,-0.01362615260417387,661.6300048828125,0,0.017802528739680006
2026-07-29 19:30:00+00:00,670.77001953125,671.5679931640625,661.14501953125,661.6300048828125,8951148,0.0,0.0,0.0,-0.01362615260417388,-0.01117899991407223,-0.00779810757428856,-0.02328021695141025,-0.026241451319061304,-0.01371984066695223,-5.20001220703125,-15.77001953125,-8.69000244140625,0.0,667.798583984375,-0.009237185057729313,671.8114144461496,-0.015155160130340456,674.624040876116,-0.01926115170222705,688.6465551757813,-0.039231373612307385,669.5928168336948,-0.011892021166720614,674.8849262054698,-0.019640268745018893,684.779084322271,-0.03380517888091674,670.0588570731027,673.7145622676242,-0.017937206736512983,-1.2607738352059752,29.50438230960755,-5.966188572043393,-5.769944893419451,-0.19624367862394188,2.5653856955629375,27.718931888227768,-151.1220979347284,-2.218315417453043,-97.43461429914746,6.417715890066964,0.00969985617746276,0.10517893676012026,0.08958092258613462,0.0892482341027104,-0.012194576904363208,6283993.15,1.4244363076684763,-93901190.0,-71828378.69950564,43.26294282492568,0.032631479317713985,683.219970703125,2,0.015369565227983927
2026-07-30 13:30:00+00:00,674.6900024414062,683.6400146484375,673.2999877929688,683.219970703125,15940089,0.0,0.0,0.0,0.03263147931771404,0.016409003736529426,0.024655719553547506,0.011211436409507503,0.006037188737507249,0.032110378489455235,16.43994140625,7.574951171875,21.63995361328125,0.019739125284814116,670.0757184709821,0.0196160700496902,672.729269845145,0.015594238764695359,674.8030860537574,0.012473097446215012,688.3911547851562,-0.007511985077201672,672.3182476075808,0.01621512302294537,675.6426575234385,0.011214971546423425,684.7179426117164,-0.002187721126272021,671.5799979073661,674.1490592643212,0.01345534984308838,-0.09050588895683262,60.7549413514242,-4.546296911409627,-5.525215297017486,0.9789183856078596,98.13272266072693,45.832105461755106,79.18864469716901,0.8733563065907862,-1.8672773348276432,6.977002825055804,0.010211942162441943,0.16001077424080326,0.09327806596345002,0.09019651058260592,0.7807871124463588,6679725.5,2.3863389296461355,-77961101.0,-72412447.49002892,60.411178555736946,-0.007354825084715964,678.1950073242188,0,0.004515825061046789
2026-07-30 14:30:00+00:00,683.260009765625,683.7100219726562,677.75,678.1950073242188,7534082,0.0,0.0,0.0,-0.007354825084715966,0.011069349518867178,0.013577770727607463,0.0004204602247779299,-0.004257795907540607,-0.007382005162544773,9.08502197265625,0.2850341796875,-7.35491943359375,5.860347211270161e-05,671.6992885044643,0.00967057570390976,672.8403407505581,0.007958301917033601,674.759039015997,0.0050921412082560935,687.8304553222656,-0.014008463747826348,673.4935995509085,0.006980627249372881,675.8746893235094,0.0034330594670268456,684.462141227893,-0.009156290065104435,672.3087629045759,674.2641220311076,0.005829889452317562,0.8409736195582068,51.32917143241486,-3.7828883082455604,-5.176749899263101,1.393861591017541,75.5594325171746,58.75251362448815,77.01138484596545,0.11735796892577924,-24.440567478393763,6.809862409319196,0.010041156799689656,0.1619686653784106,0.09358983131497411,0.08935153364412311,-0.5273500668660005,6825895.65,1.103749952579483,-85495183.0,-73658422.30050236,52.27429635975349,0.004652007501745706,681.3499755859375,2,0.0019451038248941217
2026-07-30 15:30:00+00:00,678.1599731445312,682.5499877929688,677.9000244140625,681.3499755859375,7908852,0.0,0.0,0.0,0.00465200750174577,0.029805133620893987,0.013627059479108583,0.008660215523223602,0.005845909818371409,0.00464122035649753,9.15997314453125,5.8499755859375,0.074951171875,-5.1657973457625086e-05,673.7807094029018,0.01123402032351482,673.1292898995536,0.01221263999312591,674.7711821056548,0.00974966574556949,687.2836547851563,-0.00863352293903308,675.0648747579143,0.009310365659697289,676.3724426200938,0.007359159912776228,684.3400955164437,-0.004369347858019845,673.4433808826265,674.4904348374852,0.010169960008543238,1.7813079523566848,53.316619615855444,-2.889987936646776,-4.719397506739836,1.82940957009306,89.54112061923144,87.74442526571097,84.97929355552354,0.8443718061648777,-10.458879376336922,6.93414306640625,0.010177065113171757,0.1615699884638811,0.09338355807311807,0.08926938475179008,0.04974328657426352,7022265.0,1.126253708739274,-77586331.0,-74032508.84331167,53.480986223339144,0.000924642115486564,681.97998046875,1,0.0009245257534207783
2026-07-30 16:30:00+00:00,681.35498046875,682.89111328125,679.25,681.97998046875,7336422,0.0,0.0,0.0,0.0009246421154864848,-0.0018149209442734904,0.016712078076080106,0.022029658503888605,0.0038860563324982778,0.0009242148972946256,11.2099609375,14.699951171875,2.04998779296875,7.3455389914538825e-06,675.6192801339286,0.009414622290753964,673.4564296177456,0.012656425087261745,674.989751906622,0.010356051395406449,686.7466540527344,-0.006940949119806544,676.4478959000814,0.008178138482195119,676.8822187881534,0.007531238875968357,684.2475419851617,-0.003313949086071427,674.6234729585193,674.7430648170466,0.010725439102741893,2.0721501306147814,53.72234457177748,-2.1072309832136398,-4.1969642020345965,2.0897332188209568,92.33307636760989,85.81120983467197,92.47181929257212,0.6003757851995808,-7.666923627958468,6.974936349051339,0.010227479616406014,0.16131148530499917,0.09361608067240941,0.08980773499665534,-0.0723783932231884,7234220.75,1.0141274718496804,-70249909.0,-73672261.23918675,55.12433284041827,0.000513265244022496,682.3300170898438,1,0.0021593108186401693
2026-07-30 17:30:00+00:00,682.0,682.9199829101562,681.27001953125,682.3300170898438,4234564,0.0,0.0,0.0,0.0005132652440225094,0.006097080811519717,0.03128638673316764,0.023244304549522976,-0.001390370223477544,0.0005131335684715445,20.70001220703125,15.5,9.49005126953125,2.9355013084417057e-05,677.067853655134,0.007771988296733296,673.9339294433594,0.012458324591858324,675.1321323939732,0.010661445886654377,686.2069543457031,-0.005649807585454144,677.6243201380339,0.0069444038709300365,677.3774731792162,0.007311350180241319,684.1723449304433,-0.0026927832646964586,675.8066179547991,674.7518922350383,0.011230979774939975,2.1528932716508695,55.56019212429812,-1.442022688291786,-3.6459758992860345,2.2039532109942486,93.88431316444678,91.91950338376269,102.87193375413477,1.0111054167037214,-6.115686831121572,6.871359688895089,0.010070434418511378,0.15998199772845612,0.0921500339133167,0.08858821676466455,-0.42280255961284674,7222557.4,0.586297036559377,-66015345.0,-72943031.12116896,58.89373849915852,0.0022130196939968037,683.8400268554688,2,0.00407910881042364
2026-07-30 18:30:00+00:00,682.3250122070312,685.1199951171875,681.510009765625,683.8400268554688,6303349,0.0,0.0,0.0,0.0022130196939968982,0.003654584807741168,0.0009075498066979382,0.025585645653760203,0.0026097840413550344,0.0022105745726505315,0.62005615234375,17.05999755859375,-20.0799560546875,-7.3349884764540005e-06,678.9349975585938,0.007224593391865116,674.3575047084263,0.01406156538752895,675.1587989443824,0.012858053430758338,685.7005554199219,-0.0027133251530050894,678.8674614815209,0.007324795569209799,677.9649780588755,0.008665711337192909,684.1593128490717,-0.00046668369136554914,677.1274309430804,674.8945261000167,0.013254664854272485,2.1126951478394544,54.995002824923986,-0.7839581717842066,-3.073572353785669,2.2896141820014626,94.66123225828798,93.62620726344822,119.50627578046621,2.481716345687507,-5.338767737540999,6.954214913504464,0.010169359265897557,0.16002691299796615,0.09252352235259975,0.0890894080027021,0.4885473451339972,7310254.45,0.8622612308659104,-59711996.0,-71682932.53820048,60.182270140219075,-0.000351034247929429,683.5999755859375,1,0.0041905359708086865
2026-07-30 19:30:00+00:00,683.8200073242188,684.3499755859375,682.9000244140625,683.5999755859375,10064291,0.0,0.0,0.0,-0.00035103424792948257,0.002375429138072427,0.007969637351126657,0.021655617987469844,0.019735341028259024,-0.00035109587487362623,5.40496826171875,14.489990234375,4.784912109375,-2.927516738385058e-05,682.0735648018973,0.0022378975858436774,674.9360743931362,0.01283662486195976,675.2321312313989,0.012392544678325791,685.2047546386718,-0.0023420430781719162,679.8139643024042,0.0055691872811303176,678.4772505613357,0.007550326883260948,684.1373780544391,-0.0007855183560194543,678.3597603934152,675.8948658788045,0.011399864233475693,2.000773522747802,57.08164352924956,-0.2785959518985237,-2.5145770734082404,2.2359811215097167,93.65997464006526,94.0685066876,109.49173797243071,2.5148775649385833,-6.340025355763723,6.859213692801339,0.010033958364191036,0.14645094645338214,0.0876903198671691,0.08421785949130786,0.5966577449543091,6966218.05,1.4447281046564424,-69776287.0,-71501347.24884805,66.91930930438173,0.0008777598632583881,684.2000122070312,1,0.004340832187213779
2026-07-31 13:30:00+00:00,692.1199951171875,695.77001953125,680.0512084960938,684.2000122070312,18029467,0.0,0.0,0.0,0.0008777598632583317,0.0027406021578284534,0.004182926136663934,0.01786698659903374,0.011172850252614275,0.0008773748573482428,2.85003662109375,12.010009765625,-2.554931640625,0.012463457922061407,682.2135707310268,0.002911758958229063,676.1446446010044,0.011913675084668347,675.8907034737723,0.01229386451173328,684.7097546386718,-0.0007444649768555242,680.6911738833296,0.005154816836655353,678.9975016200353,0.007662046730032828,684.1398342957173,8.796142001561316e-05,679.5949521019345,677.2648112275858,0.010240013750108603,1.9582157839061591,67.06675447989176,0.16838416111215793,-1.9779848265041609,2.146368987616319,66.584816390225,84.96867442952608,134.46078013298538,2.6125531876681487,-33.41518360688693,7.198054722377232,0.010520395489540946,0.1431047792295094,0.09681218214088268,0.09591775683968447,0.7914294211087498,7467372.4,2.414432551937546,-51746820.0,-69619963.70133871,77.87683584993236,-0.0035515823332753194,681.77001953125,0,0.004334333813416094
2026-07-31 14:30:00+00:00,684.239990234375,686.510009765625,681.0700073242188,681.77001953125,7209068,0.0,0.0,0.0,-0.0035515823332753493,-0.0030270344567827623,-0.0003078696494224209,0.01639906328503926,0.006592796585731531,-0.0035579041746088866,-0.2099609375,11.0,-3.05999755859375,5.8430322464821394e-05,682.7242867606027,-0.0013977344117624907,677.2117876325335,0.006730880917836486,676.1349894205729,0.008334179119317338,684.21095703125,-0.0035675217926756553,680.9069430129138,0.0012675396060965213,679.2495487028731,0.003710669860858081,684.0469003833853,-0.003328544944587601,680.3450020926339,677.5336492795574,0.006252634472385292,1.501450869188797,64.49079142690562,0.32281777795435573,-1.5178243056124576,1.8406420835668134,59.56678700188978,73.27052601072667,81.3374049316565,1.8920707293012176,-40.43321299522215,7.334485735212054,0.010758005669190485,0.14384458450832244,0.09785926048823529,0.09707715301190786,-0.6001507975804277,7553705.3,0.9543750667635921,-58955888.0,-68604337.44406836,76.033664690927,0.007568495235503289,686.9299926757812,2,0.004023293404850568
2026-07-31 15:30:00+00:00,681.719970703125,686.9299926757812,680.9400024414062,686.9299926757812,3657729,0.0,0.0,0.0,0.007568495235503292,0.00487129492213545,0.0067415700185029515,0.03823887611845822,0.014068449835032082,0.007539997873214834,4.5999755859375,25.29998779296875,4.8099365234375,-7.341013346309594e-05,683.5214320591518,0.004986764798809487,678.6510707310268,0.012199084775368229,676.5933372860864,0.015277501003987769,683.7649572753907,0.00462883534277295,682.1115529454873,0.007064005454063783,679.9477708822284,0.010268761943999324,684.1599628262243,0.004048804373337047,681.6407627650669,677.7085347928331,0.01360681976028737,0.5322253294020282,67.78147980102977,0.8517557311357677,-1.0439082982628125,1.8956640293985803,74.46923651635107,66.87361330282194,93.69371915024627,2.192830922926131,-25.53076348076085,7.440198625837054,0.01083108716340162,0.1460883939669006,0.09915548378460137,0.09744684571392978,-0.4926210988715879,7546040.25,0.48472163927299483,-55298159.0,-67337082.35415709,80.1479105688441,0.0035374677211512636,689.3599853515625,2,0.004782060542728939
2026-07-31 16:30:00+00:00,686.9500122070312,689.719970703125,685.6300048828125,689.3599853515625,3527804,0.0,0.0,0.0,0.003537467721151266,0.007541615101535504,0.008072002631194897,0.008986878182320357,0.020299070405088937,0.0035312255987517906,5.51995849609375,6.1400146484375,0.91998291015625,2.9143481087482113e-05,684.5757184709821,0.006988659912243436,680.0974993024554,0.013619350252858738,677.162859235491,0.018012101446059588,683.3741064453125,0.008759300139974358,683.5612394267024,0.008483140339722863,680.8034267430769,0.012568324823814566,684.3638852781984,0.007300356112926489,683.0686180478051,677.9829371686802,0.016780729365221354,0.9687882239198186,67.83826329895128,1.450304759974074,-0.5450656866154353,1.9953704465895092,81.4872659046863,71.84109647430904,116.01722345006502,2.7714365995778842,-18.512734092425625,7.278054373604911,0.010557697760601325,0.1458554229295518,0.09948490496415799,0.09776878488960165,-0.03552067416694893,7547913.8,0.4673879555964192,-51770355.0,-65854536.89185642,79.80641786843097,-0.0014215801461847626,688.3800048828125,1,0.004726609742637661
2026-07-31 17:30:00+00:00,689.3699951171875,690.3499755859375,687.760009765625,688.3800048828125,3654902,0.0,0.0,0.0,-0.0014215801461847644,0.009695330041217032,0.006992436318883577,0.015017800851672591,0.015444575464372168,-0.0014225915498820264,4.780029296875,10.18499755859375,-0.73992919921875,1.4520375185224393e-05,685.4400024414062,0.004289219232799711,681.25392804827,0.010460235957754483,677.769287109375,0.015655353488612033,682.9663110351562,0.007926736297494626,684.5249925179244,0.0056316605047573185,681.4922065739619,0.010106936282466474,684.5213801646539,0.005636967419812066,684.172952125186,678.2612068693369,0.014918733241675756,0.8910450532905635,64.80974238722192,1.8245506595912957,-0.0711424173740891,1.8956930769653848,78.65699740296299,78.20449994133344,108.5032840324216,4.0430451766916935,-21.343002594148942,7.013048444475446,0.010187757335658139,0.14583816185075035,0.0995082688219624,0.0980202525672405,0.036027511732511286,7577227.1,0.48235349841896646,-55425257.0,-64861272.14025104,79.28557818367618,0.0019175561678951782,689.7000122070312,2,0.004366442218677936
2026-07-31 18:30:00+00:00,688.5800170898438,690.25,688.030029296875,689.7000122070312,3737502,0.0,0.0,0.0,0.0019175561678952402,0.0040324626392567176,0.008038585065584192,0.012255136009820866,0.021021483652155837,0.001915720003990298,5.5,8.35003662109375,0.719970703125,0.0002905549342110959,686.2771432059152,0.004987589977310445,682.6060703822544,0.01039243882023183,678.3307175409226,0.01676069559006224,682.6177111816406,0.010375208421006947,685.5599964557458,0.006038881750222774,682.2383707224227,0.010937000621493151,684.724463774159,0.007266497249769812,685.2990966796875,678.6110483978188,0.016340676791774717,0.9898319949610388,67.34786794720281,2.2022703884645125,0.3835401437936312,1.8187302446708813,82.46929292406226,80.8711854105705,102.62912387595048,0.9484561022459478,-17.530707073049655,6.388763427734375,0.00926310470443686,0.14495867301895007,0.09935970858941376,0.09807117127368649,0.022599785165238417,7485967.1,0.49926775660021266,-51687755.0,-63606651.46022713,78.29491359584202,-0.002450344224292912,688.010009765625,0,0.004380811369822066
2026-07-31 19:30:00+00:00,689.6699829101562,690.8800048828125,687.47998046875,688.010009765625,4968185,0.0,0.0,0.0,-0.0024503442242929108,-0.0019583027948003595,0.009152632200907451,0.008841944733817941,0.03106638826070296,-0.002453351230840105,6.239990234375,6.030029296875,0.739990234375,-4.3539649620801214e-05,686.9071480887277,0.001605546950507557,684.4903564453125,0.005142005708576497,678.9264322916666,0.013379325125528018,682.2279028320313,0.00847533047180102,686.0499991177217,0.0028569501500198442,682.7630651808956,0.007684868810722089,684.8533087150008,0.004609309775464952,686.0196219308036,679.5490531968932,0.012450840051818738,0.9204031689488316,77.99831571174329,2.338292540962698,0.7744906232274446,1.5638019177352533,65.46506984652252,75.53045339118258,92.29293250658614,1.447224225391504,-34.534930149027105,5.887124197823661,0.008556742073884347,0.13706807108974597,0.09365175058752892,0.09372822270033433,0.3292795562383646,7217311.7,0.6883705743234007,-56655940.0,-62944678.9402055,81.07635275050708,0.009607397069432512,694.6199951171875,2,0.003681361084414768
2026-08-03 13:30:00+00:00,687.0,694.75,685.8200073242188,694.6199951171875,9631902,0.0,0.0,0.0,0.009607397069432588,0.009064746491928233,0.011194739672745424,0.018011779812590945,0.04167475565755696,0.009561539510769013,7.69000244140625,12.28997802734375,1.45001220703125,-0.0014680160917536625,688.3957170758929,0.00904171523280899,685.3046439034598,0.013593007572011104,680.2283354259673,0.021157101140438075,682.01490234375,0.018482136871352077,687.7639983176149,0.009968531089637649,683.8409679023766,0.01576247654167144,685.2363160248905,0.013694077317324325,687.370240420387,680.7012769415344,0.02044761578554839,1.1962956385334456,67.74046477221896,2.9455076737745003,1.2086940333368559,1.7368136404376444,93.61807342658909,80.51747873239128,117.03412975210117,1.9476069577633381,-6.381926567861532,4.952837262834821,0.007130283173020539,0.1396734900689829,0.0969749722471131,0.09525270902983013,0.938716452789097,7474705.75,1.2885994876788291,-47024038.0,-61428427.422090694,79.89643162416901,0.0018715093174785913,695.9199829101562,2,0.0013313577730723828
2026-08-03 14:30:00+00:00,694.6699829101562,697.6900024414062,694.219970703125,695.9199829101562,7294989,0.0,0.0,0.0,0.0018715093174785924,0.009018371165778527,0.009516069539847516,0.017664885909406847,0.04370249907455914,0.0018697602258700402,6.55999755859375,12.0799560546875,-1.1300048828125,7.196422982359546e-05,690.4171404157366,0.007970315585007185,686.5707135881696,0.013617343613612186,681.6135718936011,0.020989034852679434,682.0305017089844,0.02036489741492236,689.3951952361232,0.009464509934376333,684.9390601758112,0.016031970393848547,685.6552833537244,0.014970641670271252,688.7856189546131,681.9574052208832,0.02047426654855398,1.4973062327204443,81.20041767594904,3.491381716598653,1.6652315699892153,1.8261501466094376,91.05598030621898,83.37970785977687,154.32304354614848,2.044048629082093,-8.944019688727948,4.774980817522321,0.006861393457258883,0.13944590918905786,0.09648028391149847,0.09447109612196794,-0.24262217368905958,7571366.1,0.9634970629672761,-39729049.0,-59361819.95332015,87.53345295571462,0.003692963828214342,698.489990234375,2,0.0015969908703291744
2026-08-03 15:30:00+00:00,695.9500122070312,698.6923828125,695.875,698.489990234375,4085985,0.0,0.0,0.0,0.0036929638282143795,0.01523230813505183,0.014686634242497387,0.021781765916060403,0.04390908150530093,0.003686161579125649,10.1099853515625,14.8900146484375,3.54998779296875,4.3150502374399634e-05,692.0685686383929,0.009278591583210646,687.7950003487723,0.015549676691694252,683.1235700334821,0.02249434930215808,682.2277014160156,0.023837039722341833,691.2141542357735,0.010526167547357737,686.1709629084079,0.017953291514601063,686.1586051921812,0.017971624853006136,690.3748558407738,682.8920806108482,0.022840958427210914,1.7736002602016847,80.80512672434915,4.084287813431729,2.149042818677718,1.9352449947540107,98.95901350638736,94.54435574639848,160.0390602792274,2.3683514926443214,-1.0409864884692366,4.644082205636161,0.006648745537600635,0.13947257202247187,0.0947158283295921,0.09195588796747797,-0.439891547471833,7492180.2,0.5453666210537754,-35643064.0,-57102890.814908706,87.04345869284509,0.001689348011107946,699.6699829101562,2,0.009948636980429137
2026-08-03 16:30:00+00:00,698.47998046875,699.7598266601562,697.8699951171875,699.6699829101562,3639411,0.0,0.0,0.0,0.0016893480111079828,0.007270144580443283,0.01445551765501829,0.022610304628939426,0.04088126923777824,0.001687922667798138,9.969970703125,15.469970703125,-0.1400146484375,-1.4330578483489706e-05,693.5414254324777,0.008836613434948144,689.05857195173,0.01539986786370643,684.5788080124628,0.022044466935056926,682.3327014160157,0.025408838618075722,692.9053199706501,0.00976275220369633,687.3981465449305,0.017852588673521855,686.6884631419057,0.018904525800295845,691.9581868489583,683.7967808322069,0.023213332561478082,1.9653172346102645,81.17724251880831,4.596401261571941,2.638514507256563,1.9578867543153784,99.54413977556648,96.5197111960576,155.4793490251148,2.3148624580307073,-0.4558602193596006,4.518990652901786,0.0064587459277577796,0.13918633365014305,0.09276096495643403,0.08960199146293227,-0.10929408698269816,7338569.6,0.49592920669444895,-32003653.0,-54712487.21348883,86.53023745855192,0.00018598332971747543,699.8001098632812,1,0.009869893401900679
2026-08-03 17:30:00+00:00,699.6699829101562,701.5900268554688,699.4000244140625,699.8001098632812,5489176,0.0,0.0,0.0,0.00018598332971753173,0.005575536050709928,0.017136524077131732,0.026446000580119033,0.04327875350230803,0.00018596603696214157,11.79010009765625,18.03009033203125,1.82012939453125,0.0,695.172869001116,0.0066562448974847865,690.3064357212612,0.013752840261567166,685.8935750325521,0.020275062104275956,682.4659057617188,0.025399370071373602,694.2842779491764,0.007944630303872005,688.5255977556897,0.01637486266934082,687.2026453662734,0.0183315133926401,693.3903919038319,685.0920137800989,0.021468789282780752,1.7765714598277975,81.03019865357713,4.9556296031098555,3.1019375264272213,1.8536920766826341,91.6898087757664,96.7309873525734,149.40879057815428,2.369826631932564,-8.310191219590827,4.557564871651786,0.006512666699260274,0.13851403321644404,0.08630948763705781,0.0802992119522913,0.5082594408820549,7159945.85,0.766650490799452,-26514477.0,-52026962.4312518,86.73471259191236,0.000800050586431934,700.3599853515625,1,0.00964189906077831
2026-08-03 18:30:00+00:00,699.8400268554688,701.1099853515625,699.6099853515625,700.3599853515625,4519964,0.0,0.0,0.0,0.0008000505864318441,0.0026771967291328025,0.008263496983565322,0.019550744353828087,0.058537218963655935,0.0007997307165581028,5.739990234375,13.42999267578125,-6.05010986328125,5.704056290480074e-05,696.6957223074777,0.005259488363073902,691.4864327566964,0.012832576569113156,687.3026210239956,0.018997984189401265,682.6497058105468,0.025943436861166375,695.4994194296536,0.006988598101042051,689.6014511734962,0.015601089817521192,687.7186194833436,0.01838159606278732,694.730865187872,686.8994766128571,0.019596038717426812,1.7611482663058877,80.36755709491997,5.225264330125128,3.5266028871668027,1.6986614429583256,94.2891876224317,95.17437872458818,140.33718225211982,2.361878523266937,-5.710812372925524,4.406851632254464,0.006292266440716266,0.12557400102108293,0.079738671231023,0.07647826443046805,-0.17656784916351742,6938386.65,0.6514430843948426,-21994513.0,-49166729.15208496,86.48935363674336,-0.000399749082720957,700.0800170898438,1,0.009357147997510461
2026-08-03 19:30:00+00:00,700.3800048828125,700.9400024414062,699.27001953125,700.0800170898438,6710654,0.0,0.0,0.0,-0.0003997490827210015,0.0005860394038659233,0.005977747847232928,0.015550702051286391,0.024677332498591165,-0.0003998290036851674,4.1600341796875,10.72003173828125,-1.5799560546875,2.85846302882683e-05,698.4200090680804,0.0023768047882476544,692.663578578404,0.010707129320485235,689.1335739862351,0.01588435612021338,682.8257055664062,0.025268983552837628,696.4155389616917,0.005261913215793931,690.5540480749823,0.01379467550932849,688.2033801737946,0.017257452169201284,695.8766764322917,688.4255900675582,0.016929101983447315,1.7278814345811742,80.24978765713709,5.3546357867647885,3.8922094670864,1.4624263196783884,92.98935651269075,92.98945097029628,119.80657676878165,2.6856560180155626,-7.010643482666475,4.422568184988839,0.006317232426325573,0.058702870640202874,0.07299692134435971,0.07203350571963969,0.4846697894054024,6476914.9,1.0360880301206363,-28705167.0,-47218008.94712449,78.11148982869132,0.022747382305193038,716.0050048828125,2,0.00897944878819861
2026-08-04 13:30:00+00:00,708.2050170898438,716.219970703125,707.5900268554688,716.0050048828125,12424997,0.0,0.0,0.0,0.02274738230519313,0.023156462525702137,0.025075541372554744,0.04013045091962364,0.05575092289129491,0.022492518357161335,17.5150146484375,27.625,13.35498046875,0.011605816194787465,701.4750104631696,0.02071348829665125,694.9353637695312,0.03031885008551454,690.6947660900298,0.03664460777084697,683.3074060058593,0.04785196031758647,700.3334321459158,0.022377302035766728,692.8677714211487,0.033393432940564294,689.2936399663051,0.03875179367355595,698.9888666062128,691.2007150669103,0.03588579883553093,2.4427967004351743,87.36060382883089,6.665343096257629,4.446836192920646,2.2185069033369835,99.39068589939846,95.55641001150696,210.47356083092993,4.232601941536102,-0.6093140977670888,4.452649797712054,0.006218741164294786,0.08950720138209095,0.07515328623580061,0.07291904817323515,0.8515329504397038,6721460.65,1.8485560872843907,-16280170.0,-44271548.095017396,76.7383614459431,0.00277230653141507,717.989990234375,2,0.0011339944284685338
2026-08-04 14:30:00+00:00,716.0800170898438,718.5700073242188,715.0700073242188,717.989990234375,8714972,0.0,0.0,0.0,0.0027723065314151363,0.02517277578895749,0.026183783457480736,0.04101780125654364,0.053775615999587245,0.0027684707772851753,18.32000732421875,28.28997802734375,0.80499267578125,0.00010476491996508094,704.6278686523438,0.018963373684847854,697.5225045340402,0.029343118777190102,692.5897652762277,0.03667427130977048,683.9296057128906,0.04980100910521616,703.8647437636076,0.02006812615051401,695.1516094950784,0.032853812646499225,690.4189870356412,0.03993372678968721,702.0628168015253,693.4967845627128,0.035318412740833596,3.003738557085405,92.99629611511057,7.774638616397965,5.11239667761611,2.6622419387818548,98.45863136974171,96.94622459394363,199.7239833712468,4.153128335142651,-1.5413686276008407,4.314078194754464,0.00600854921854858,0.08922043118906155,0.07445800945454506,0.07242680116418924,-0.2985936334632515,6761766.65,1.2888602122937796,-7565198.0,-40775705.22882526,85.85447638445056,0.0023120575527043373,719.6500244140625,2,0.0017499252861305958
2026-08-04 15:30:00+00:00,717.97998046875,719.969970703125,717.5800170898438,719.6500244140625,7241595,0.0,0.0,0.0,0.0023120575527042497,0.027953957899797155,0.028365120655181597,0.04598772430537146,0.05523628995593177,0.002309388860296132,19.84991455078125,31.6400146484375,1.5299072265625,-1.3941372109823634e-05,707.6507306780134,0.016956519955169745,699.8596496582031,0.028277633616249066,694.4135771251861,0.03634209946371853,684.53265625,0.05130123134868521,707.0217998936987,0.017861152969038018,697.378738124077,0.031935711647680116,691.5653022269518,0.04061036910994927,705.0131527855283,695.5250945605951,0.03468592296971523,3.1590933747749075,92.36158410177569,8.687569301880103,5.827431202468909,2.860138099411194,99.06829758734375,98.97253828549464,179.06139168577536,4.542551978471234,-0.9317024097441907,4.056932721819196,0.005637368976839408,0.08900286778848121,0.07392124100351492,0.07150558248009792,-0.16906273479708256,6757025.3,1.071713465391346,-323603.0,-36923124.06417524,86.49034465610289,0.0037517558261368706,722.3499755859375,2,0.001701650702774837
2026-08-04 16:30:00+00:00,719.6649780273438,722.5,719.4000244140625,722.3499755859375,7429820,0.0,0.0,0.0,0.003751755826136849,0.008861628982835823,0.03139812481339388,0.03992108010664408,0.0586519096239968,0.0037447355436923064,21.989990234375,27.72998046875,2.14007568359375,2.0779007536898814e-05,710.8907296316964,0.016119560259509683,702.2160775320871,0.028671941156035066,696.3359578450521,0.03735842943017547,685.1573962402343,0.05428326330525107,710.0874350321465,0.01726905722985879,699.6488506206098,0.03244645502548699,692.772544319461,0.042694289069277386,708.0118629092262,697.3244021042649,0.035887993315763624,3.541581997939825,92.41460701161117,9.519205467443044,6.565786055463736,2.953419411979308,99.59099115317582,99.03930670342042,167.4874813184879,4.7339369002444185,-0.4090088440979072,3.9862191336495534,0.005518404192386931,0.08868617106958428,0.07430868192624908,0.07159821021249047,0.025992201994173847,6916788.1,1.0741719845371582,7106217.0,-32729853.486634742,87.1187050886286,0.002048756812642385,723.8298950195312,2,0.0022686780726664476
2026-08-04 17:30:00+00:00,722.3200073242188,724.280029296875,721.9849853515625,723.8298950195312,6363976,0.0,0.0,0.0,0.0020487568126423827,0.008133685517328626,0.03392451912627514,0.04010505919468366,0.05847839639915442,0.00204666097249337,23.7498779296875,27.909912109375,1.7598876953125,-4.1487177589228294e-05,714.3235560825893,0.013308169464636128,704.7482125418527,0.027075886306725867,698.3121425083706,0.03654204324653892,685.8381945800782,0.055394553321223367,712.8359270296235,0.015422858996044241,701.847127384148,0.03132130456568765,693.9904796410324,0.04299686559661504,710.8937052408854,699.1519392836791,0.0352969853178135,3.7365903496628206,94.99878359653336,10.180347540949242,7.2886983525608375,2.8916491883884046,98.82960472915987,99.16296448989316,155.0126766257934,5.206302923711307,-1.170395268240034,3.965153285435268,0.0054780181265141,0.08870418929955137,0.07376120691387268,0.07082827118177243,-0.14345488854373323,6919819.45,0.9196737062265402,13470193.0,-28329849.059336197,87.53128220755323,0.0006416943293699784,724.2943725585938,1,0.002033920857831902
2026-08-04 18:30:00+00:00,723.8400268554688,725.3800048828125,722.8699951171875,724.2943725585938,4635273,0.0,0.0,0.0,0.0006416943293698907,0.00645362049186704,0.01157724823046169,0.036943095369999845,0.05952954714162417,0.0006414885315985203,8.28936767578125,25.80438232421875,-15.46051025390625,1.3997537276645107e-05,717.7427542550223,0.009128086998750043,707.21923828125,0.02414404664502225,700.2385399228051,0.034353768414983596,686.6143823242187,0.05487795071634215,715.1276161354176,0.01281835048225503,703.8877860363704,0.02899124963810635,695.1788675985839,0.04188203398723001,713.4998599097843,701.2003383331498,0.03293500154365113,3.774228696012425,94.88774772982647,10.61937332768457,7.954833347585585,2.6645399800989855,97.25573207232044,98.55877598488537,136.91709828777374,4.272030412305831,-2.7442679251517594,3.985870361328125,0.005503108283504128,0.08829657137144009,0.073992393127228,0.07115184809005962,-0.27163883081897233,6648368.55,0.6972045796107377,18105466.0,-23907438.10130418,87.67893248065305,-0.0008482461083360109,723.6799926757812,1,0.002167323242666006
2026-08-04 19:30:00+00:00,724.2849731445312,725.6500244140625,723.0999755859375,723.6799926757812,6364445,0.0,0.0,0.0,-0.0008482461083360038,0.0018412364294260186,0.007924904969146995,0.03431619242226103,0.05770239661557297,-0.0008486060726394326,5.69000244140625,24.010009765625,-2.599365234375,-1.2977339626819524e-05,721.1141793387277,0.0035581235407170686,709.767094203404,0.019602061839697694,702.1471121651786,0.030667192298451645,687.4185827636719,0.052750115899213225,716.8380914434904,0.009544555896163171,705.687077549044,0.025497016594385975,696.2965587780819,0.03932725726192684,715.6946271623884,704.5632255427001,0.027132791550863317,3.5145049941815327,97.61244075521049,10.793310539430308,8.522528785954531,2.2707817534757773,95.05390184797554,97.04641288315194,115.34837584377257,3.9889657499846423,-4.9460981495137935,3.9251578194754466,0.005423886053498439,0.08903294124999328,0.05619778088180855,0.04992290856809058,0.3730464203510775,6065117.45,1.0493523089153036,11741021.0,-20512346.758322828,86.12803638589304,0.0014370689225474756,724.719970703125,1,0.002303787993042424
2026-08-05 13:30:00+00:00,726.2249755859375,728.5399780273438,724.4000244140625,724.719970703125,9066634,0.0,0.0,0.0,0.0014370689225475797,0.0012296752175036119,0.007045016490050848,0.03560996988799037,0.06299771175242519,0.0014360373272009799,5.0699462890625,24.91986083984375,-0.62005615234375,0.003516724154197975,722.3591744559152,0.003268175072303472,711.9170924595425,0.01798366464180958,704.0766339983259,0.029319729853183717,688.2285827636719,0.053022191831766395,718.4144672954174,0.008776971643453835,707.4173405630514,0.024458871938702425,697.4112023829856,0.039157341073370856,717.6883440290179,707.388344157232,0.024500865315383452,3.004082162409438,97.1954048081891,10.889546652928857,8.995932359349396,1.8936142935794607,88.86944490127846,93.72635960719147,107.85617770897214,3.755240710022359,-11.130555095807813,3.6344430106026784,0.00501496185771108,0.08600463305404032,0.05493760488947072,0.04838236257298125,0.42457574855309455,6157995.75,1.4723352155610043,20807655.0,-16577108.495625414,86.11120061386424,-0.0036358163663025825,722.0850219726562,0,0.002002893922953376
2026-08-05 14:30:00+00:00,724.6699829101562,724.7999267578125,721.02001953125,722.0850219726562,6904424,0.0,0.0,0.0,-0.0036358163663026133,-0.0030503489598199263,-0.0003667939672404863,0.031019814203389062,0.051177019014611025,-0.0036424420112549038,-0.26495361328125,21.72503662109375,-5.33489990234375,-6.897532148890937e-05,722.9441789899554,-0.0011884140467086995,713.7860238211496,0.01162673108541349,705.9963960193452,0.02278853836082108,689.0810827636719,0.04789558157157464,719.1485782308653,0.004083222620019175,708.7507661457428,0.01881374449781222,698.3788031512081,0.03394464252701767,719.0440679640997,708.8708905418312,0.018641097563910577,2.039816705218869,89.37714937005642,10.630652579274283,9.322876403334375,1.3077761759399085,80.23890893149702,88.054085226917,81.11112180111985,3.203658812006839,-19.761091065441608,3.6565769740513394,0.005063914723029308,0.08742130042450003,0.05285638440604574,0.047432293625072536,-0.23847990334671054,6320330.5,1.0924150248155533,13903231.0,-13674219.019851563,78.63757146435134,0.0008031686533299422,722.6649780273438,1,0.0025114899471069866
2026-08-05 15:30:00+00:00,722.0800170898438,723.3250122070312,719.489990234375,722.6649780273438,4125712,0.0,0.0,0.0,0.0008031686533298554,-0.001402573870647572,-0.0016093794967615427,0.032260542203994325,0.04831291833510787,0.000802846285985692,-1.1649169921875,22.5849609375,-0.89996337890625,-6.931154448849089e-06,723.3748866489956,-0.0009813841132078494,715.5128086635044,0.009995864891907062,707.6980619884673,0.021148731136555222,689.951982421875,0.04741343809259299,719.851858190161,0.0039079149482944015,710.0156944986156,0.017815498483653543,699.3312021659585,0.03336584409373244,720.2279285249256,709.8649127987882,0.018031691660981897,0.7973686242983408,88.70031321075776,10.35293260479898,9.528887643627296,0.8240449611716834,80.84446275037551,83.31760552771699,69.35683529873583,3.2673427514175293,-19.15553724636397,3.7292654854910716,0.005160434778042898,0.08753497537233125,0.05254971331016564,0.047555381734012636,-0.4024538469827461,6350225.9,0.6496953124140039,18028943.0,-10654870.256056176,74.23658310998228,-0.002622181167913259,720.77001953125,0,0.002286665737976882
2026-08-05 16:30:00+00:00,722.655029296875,722.8800048828125,720.4500122070312,720.77001953125,2185639,0.0,0.0,0.0,-0.00262218116791324,-0.005450313681907737,-0.004865912480990109,0.006655001872811539,0.047052521018462024,-0.0026256251066902516,-3.52435302734375,4.7650146484375,-2.35943603515625,-1.3766725621453596e-05,723.1491786411831,-0.003289997666042156,717.0199541364398,0.005230071176082522,709.1937779017857,0.016323100949499833,690.7454833984375,0.04346685842236656,720.035490458379,0.0010201289833677912,710.9933604106733,0.013750703825020128,700.1719401018523,0.02941860170285016,720.9288899739583,710.6775870173395,0.014201140852427114,0.31552874114967494,83.02190293336791,9.86619881194838,9.596349877291514,0.2698489346568653,73.45415266692217,78.17917478293155,60.926188437089365,2.914220487541568,-26.54584732966136,3.767848423549107,0.005227532113494794,0.08832600299997842,0.052428937676631204,0.047125219103765804,-0.4702395610745491,6276762.75,0.34821118577406796,15843304.0,-8131234.612622255,71.47342737231224,0.0007491682682569436,721.3099975585938,1,0.002419899809228738
2026-08-05 17:30:00+00:00,720.7999877929688,721.5599975585938,720.3200073242188,721.3099975585938,1982661,0.0,0.0,0.0,0.0007491682682569945,-0.0010733146242879466,-0.0032749214309829577,0.004624030097042153,0.0458314989011106,0.0007488877817888783,-2.3699951171875,3.32000732421875,1.15435791015625,4.157811910406341e-05,722.7891932896206,-0.0020465105797895853,718.556374686105,0.0038321598269695323,710.7618727911087,0.014840588910669273,691.6238830566406,0.04292233861374493,720.2903918784219,0.0014155480784790275,711.9312365150297,0.013173689483637209,701.0008835315285,0.02897159547748675,721.5008957635789,711.4886238231755,0.013803978597197196,-0.050724530454710155,83.23694730064027,9.415494528426848,9.560178807518582,-0.14468427909173442,75.29897259516827,76.53252933748864,54.29482079564817,3.032507706329112,-24.701027401415253,3.6999904087611606,0.005129542667201797,0.08849314410372065,0.052106412907996474,0.04673829252718179,-0.09286895045339139,6189020.7,0.3203513279572647,17825965.0,-5659120.363801088,68.1462754726823,-0.0005839425693625362,720.8887939453125,1,0.002672969239109096
2026-08-05 18:30:00+00:00,721.3200073242188,721.4099731445312,719.9400024414062,720.8887939453125,2549025,0.0,0.0,0.0,-0.0005839425693625611,-0.002457825044849593,-0.005286423601788548,0.0017213499468142768,0.04778823521897291,-0.0005841131302264495,-3.8311767578125,1.23876953125,-1.461181640625,1.3877203503162322e-05,722.3026820591518,-0.0019574731604299774,720.0227181570871,0.0012028450858341888,712.247052873884,0.012133066801115422,692.4548583984375,0.04106251144312583,720.4100722918001,0.0006645127156381523,712.7455599177827,0.011425162758583532,701.780801586971,0.02722786419221556,721.8118849981399,712.6122848200022,0.011614322825474817,-0.36425370234431603,81.857515194935,8.921479265594826,9.432438899133832,-0.5109596335390059,73.859942152665,74.20435580491846,48.15677493705958,0.6820886766416531,-26.14005784391852,3.697845458984375,0.005129564351724086,0.08741760680059918,0.051218917971295706,0.045649410470811176,0.28565851650887364,6068062.7,0.4200722909471584,15276940.0,-3665209.8529628892,64.52040712426925,-0.0050893054143741085,717.219970703125,0,0.003164167735030693
2026-08-05 19:30:00+00:00,720.875,721.030029296875,716.9299926757812,717.219970703125,3469631,0.0,0.0,0.0,-0.0050893054143741345,-0.004925355844342394,-0.006737504755659485,-0.007101827446801323,0.032535740037435534,-0.00510230003699284,-4.86505126953125,-5.1300048828125,-1.03387451171875,-1.913463689314512e-05,721.3798217773438,-0.005766519867389548,721.2470005580357,-0.005583426831292652,713.6380033947173,0.005019305714330712,693.1336572265625,0.034749882977699265,719.7720519740651,-0.003545679863419479,713.1523245346319,0.005703755044396317,702.3862591993693,0.021119022915743132,721.4381853376116,714.5323903972143,0.003761313471615919,-0.716823179626917,74.06716702806558,8.140091330773203,9.173969385461707,-1.033878054688504,45.96642621355912,65.04178032046413,28.287638612159544,-0.107246555205814,-54.0335737816676,3.8714207240513394,0.005397815010993912,0.08680127837419783,0.044839562193401204,0.04124105540512121,0.3611600513921991,5759949.15,0.6023718108691982,11807309.0,-2191636.6288711857,66.8868396900543,-0.0005297452151029383,716.8400268554688,1,0.0025676740668347984
2026-08-06 13:30:00+00:00,710.760009765625,718.8599853515625,708.5,716.8400268554688,10766505,0.0,0.0,0.0,-0.0005297452151029614,-0.006197017535115923,-0.00806037562215256,-0.00965678291565164,0.03006099042856958,-0.0005298855796732522,-5.824951171875,-6.9898681640625,-0.95989990234375,-0.009006945151231616,720.2541155133929,-0.004740116834300707,721.306644984654,-0.006192398420610795,714.6961001441592,0.0029997739051242527,693.8292578125,0.03316488715895859,719.1856469503459,-0.003261494587413341,713.4875702001625,0.004698689641308034,702.9530736172555,0.019755163978064677,720.8505888439361,715.6933408588537,0.001602202970391424,-0.9137049201859649,52.08094398609727,7.404819321846048,8.820139372738575,-1.415320050892527,41.61694610479586,53.814438157006656,-4.944645572986596,-0.39046723591481003,-58.38305389021412,3.4585658482142856,0.0048247387403588535,0.08712549250110647,0.053434721699577505,0.050342751409120715,2.1030691736383496,5933524.95,1.8145208945316726,1040804.0,-1883785.1404072633,53.181328294350315,0.0008090453001509531,717.4199829101562,1,0.002645913882389082
2026-08-06 14:30:00+00:00,716.9500122070312,719.3200073242188,715.614990234375,717.4199829101562,4242031,0.0,0.0,0.0,0.0008090453001510234,-0.00481185317942312,-0.004647857888529283,-0.009491154299809734,0.027101308451720874,0.0008087181994164936,-3.35003662109375,-6.8743896484375,2.47491455078125,0.00015343081781414269,719.5876813616071,-0.0030124173990112215,721.2659301757812,-0.005332218124710762,715.7199096679688,0.002375333170449051,694.7702575683594,0.03260030937570138,718.832514142308,-0.001965035254192966,713.8450622647074,0.005007978389739424,703.5204033934477,0.019757180388292647,720.332367234003,716.3753216697377,0.0014582596703390169,-0.9468924267581207,48.47252704074101,6.790630403865748,8.414237578964011,-1.6236071750982628,44.51094156660342,44.03143796165279,10.670510131202834,-0.6824936446873191,-55.48905842840656,3.473209926060268,0.0048412506046550735,0.08676167772024442,0.0538726841623379,0.05159506106237844,-0.6059973965553354,5941327.25,0.7139870977482345,5282835.0,-1201249.888939905,50.48855529447178,-0.004641571372433483,714.0900268554688,0,0.0025455568662533204
2026-08-06 15:30:00+00:00,717.47998046875,717.8599243164062,713.530029296875,714.0900268554688,3792227,0.0,0.0,0.0,-0.004641571372433484,-0.004363994277219896,-0.010009525346331372,-0.013251666368243709,0.02060977932100916,-0.004652376914263853,-7.219970703125,-9.5899658203125,-3.86993408203125,8.362961727144973e-05,718.3626883370536,-0.005947777565493683,720.8687874930246,-0.009403598484435713,716.4627685546875,-0.003311744592118784,695.5192578125,0.0267005820965326,717.8840166849402,-0.005284962112662902,713.8673317729584,0.0003119558391289827,703.934898431174,0.014426232378750582,719.375580124628,716.865015275636,-0.0038710055045668166,-1.1348207003569746,36.324577154539305,5.966404638648328,7.924670990900875,-1.9582663522525472,27.894376169287398,38.00742128022889,-22.31672435689839,-1.3456018093569113,-72.10562382572257,3.6117771693638394,0.005057873704333085,0.08930812164385185,0.055094158534179344,0.05245472169909141,-0.10603505726384366,5948968.05,0.6374596347008452,1490608.0,-944882.4709456285,43.07756228798267,0.0018204816536835158,715.3900146484375,2,0.004283483866644388
2026-08-06 16:30:00+00:00,714.1099853515625,716.5800170898438,713.8599853515625,715.3900146484375,2497653,0.0,0.0,0.0,0.0018204816536835366,-0.002022783539853301,-0.007627777464511598,-0.012873877403482559,0.022277654097828004,0.0018188265853344458,-5.498779296875,-9.3299560546875,1.72119140625,2.7949551657527398e-05,717.5941162109375,-0.0030715156558628063,720.3716474260602,-0.006915364861201232,717.2113414946057,-0.0025394562812826567,696.2809643554688,0.027444453131976822,717.3852162776396,-0.002781213752287845,714.0057574889111,0.0019387198842664814,704.3841186749883,0.015624849683063165,718.645077078683,717.6164917348184,-0.0031026002217359105,-1.0377686367639403,31.61509587374165,5.356353226151896,7.4110074379510795,-2.0546542117991837,34.3813483163132,35.595555350734664,-35.095710148230054,-1.2293838316993984,-65.61865167869676,3.5846383231026784,0.005010746934816051,0.089290394069243,0.055287216992578034,0.052588948768263886,-0.3413756613198524,5799391.9,0.4306749816304015,3988261.0,-475059.28323652106,38.98403927034228,0.0010203951044923834,716.1199951171875,1,0.004282472255589969
2026-08-06 17:30:00+00:00,715.3900146484375,716.5499877929688,714.0,716.1199951171875,2578142,0.0,0.0,0.0,0.0010203951044924775,-0.0018120317581556966,-0.001533665584993571,-0.008260837261480636,0.022502727304893,0.0010198748552842608,-1.0999755859375,-5.96502685546875,4.3988037109375,0.0,716.8526872907366,-0.0010220958734454139,719.8209402901786,-0.0051414802846579686,717.9884788876489,-0.0026023868424093913,697.0553637695313,0.02735023979233344,717.1321720455493,-0.0014114231208916975,714.1979609096634,0.0026911785145302893,704.844349123702,0.01599735602262813,718.0781901041667,718.2538507058722,-0.0029708933500107995,-0.9660007462791631,28.793937601424133,4.875583715564517,6.903922693473768,-2.028338977909251,38.02396941957761,33.43323130172607,-50.62946442812657,-1.0446602966914256,-61.97603057543236,3.602848597935268,0.005031068288130481,0.08928344181634651,0.05562003928282916,0.053050834609691205,0.03222585363138908,5702300.8,0.45212311493634283,6566403.0,195556.1723098142,35.39753843296451,-0.0017035841918160116,714.9000244140625,0,0.005035872762397029
2026-08-06 18:30:00+00:00,716.0999755859375,716.405029296875,714.6599731445312,714.9000244140625,3079768,0.0,0.0,0.0,-0.0017035841918160433,0.0011343073395950753,-0.002706325496242723,-0.010744887118339652,0.021169019201296324,-0.001705036941520745,-1.94000244140625,-7.76495361328125,-0.84002685546875,-2.795555407819049e-05,715.9971487862723,-0.001532302711076533,719.1499154227121,-0.005909603710577647,718.6808617001489,-0.00526080140375096,697.8404638671875,0.0244462186275534,716.685742519252,-0.002491633360683265,714.2617848646087,0.0008935653047347564,705.2386893311672,0.013699383242919121,717.4220679873512,719.2755954008122,-0.006083302443071736,-0.8448737043904361,25.19188303022608,4.346030638751813,6.392344282529377,-2.046313643777564,31.93628458579425,34.78053410722835,-83.48928555268752,-1.3549987148169265,-68.06371540921572,3.5482090541294644,0.004963224133378147,0.08969836206717174,0.05563058009502721,0.05294544607803793,0.19456880187359737,5520756.5,0.5578525334345029,3486635.0,508992.2511374509,28.95702245880328,-0.00039170413667913095,714.6199951171875,1,0.004792094057068665
2026-08-06 19:30:00+00:00,714.9000244140625,715.8099975585938,714.110107421875,714.6199951171875,3282341,0.0,0.0,0.0,-0.0003917041366791052,-0.0010763632640699017,-0.0039028572658525995,-0.008532575228450967,-0.001934357659764796,-0.0003917808727836716,-2.79998779296875,-6.1500244140625,-0.8599853515625,0.0,715.6257237025669,-0.0014053835015522972,718.5027727399554,-0.005403984187779555,719.3732416062128,-0.006607483033988943,698.5746643066407,0.02296866982207178,716.2725930388392,-0.0023072192594136946,714.2943494330249,0.00045589844637669385,705.6065836757169,0.012773989996669562,716.8180786132813,719.8686651578178,-0.007291149475817641,-0.7765069311979654,25.64473626149011,3.859272692908462,5.885729964605194,-2.0264572716967324,30.538931272936637,33.49972842610283,-97.16233255760834,-1.0338154965553483,-69.46106872207334,3.487483433314732,0.004880192909712741,0.03850014376429288,0.049523922123122885,0.049962523001715074,0.06577540905678614,5063623.7,0.6482197719392141,204294.0,479973.3700767413,30.462492964055187,0.009277664952161426,721.25,2,0.00492517584071841
2026-08-07 13:30:00+00:00,720.0,722.7100219726562,716.52001953125,721.25,9053853,0.0,0.0,0.0,0.009277664952161535,0.007163610732546344,0.010026709343723184,-8.317860392459409e-05,0.00454046687274956,0.00923489177196935,7.15997314453125,-0.05999755859375,9.9599609375,0.007528483557086487,716.2557198660714,0.0069727612574674224,718.2549176897321,0.004169943339751026,719.6230032784598,0.002260901491650016,699.4896643066406,0.031108873802871535,717.2680744310713,0.0055515165262046895,714.9266813027498,0.008844709342388688,706.2200509825516,0.0212822462297923,717.1843755812872,720.1226525819092,0.0015654936197983876,-0.18349469628983733,42.82758548605782,3.962818592738131,5.5011476902317815,-1.5383290974936505,78.22121036897761,46.89880874256949,11.451478909335036,-0.19580000005040413,-21.778789624887388,3.71820068359375,0.0051552175855647765,0.05010099649211488,0.051773860722998395,0.05321747430017821,1.758352346694021,5080567.75,1.782055361824473,9258147.0,1315989.9062599088,30.36467856734201,0.0021490298689341423,722.7999877929688,2,0.0029036345914737827
2026-08-07 14:30:00+00:00,721.2680053710938,722.8599853515625,718.8300170898438,722.7999877929688,4421886,0.0,0.0,0.0,0.0021490298689341714,0.011050444970093665,0.01035794880107832,0.0026511632081234193,0.004377076734584984,0.002146724007231554,7.40997314453125,1.91119384765625,0.25,2.4964119367383067e-05,717.0242919921875,0.008055090832035752,718.3059866768973,0.006256388223709243,719.85205078125,0.004095198462677548,700.6000634765625,0.03168701442333977,718.3744571034508,0.0061604789058841225,715.6424364382242,0.010001574795309682,706.8702445829601,0.022535597349106578,717.7903849283854,720.2615581742788,0.0035243163957283372,0.47306397300663194,51.54722779720485,4.122429721756248,5.225404096536675,-1.1029743747804268,96.4585228821729,68.40622150802905,37.20752883954335,0.28163883162567105,-3.5414771110817376,3.7360621861049106,0.005168874168782997,0.05001446056463929,0.05265290125405204,0.05444002252245285,-0.51160174568772,4939582.3,0.8951943163291356,13680033.0,2493517.8199494416,39.33488817997788,-0.003735490111552981,720.0999755859375,0,0.002752340707831211
2026-08-07 15:30:00+00:00,722.7999877929688,723.4998779296875,719.5015869140625,720.0999755859375,3906401,0.0,0.0,0.0,-0.0037354901115529415,0.007668383905003129,0.005557700519308595,0.004015511280296646,-0.003114833634727976,-0.003742484478431544,3.97998046875,2.8800048828125,-3.42999267578125,0.0,717.8828560965402,0.003088414036587692,718.1227722167969,0.002753294346918393,719.8734770275298,0.0003146366210665481,701.6654626464843,0.026272510078944312,718.7195607999481,0.0019206584338000202,716.0476672698345,0.0056592717235545,707.389057563469,0.017968779537291698,718.0295834495907,720.2031388096167,-0.00014324184125267593,0.6684808698158575,44.915711485102015,3.985116330861956,4.977346543401731,-0.9922302125397753,77.33379991183588,84.0045110543288,27.884703974639592,-0.16775338990865427,-22.666200081497394,3.7477242606026784,0.005204449920371114,0.05006961291775428,0.0531776888605114,0.05513651739431113,-0.11657582307639769,4763411.35,0.8200847487169042,9773632.0,3186862.0275733043,39.48788897259021,0.0011387409415637307,720.9199829101562,1,0.0017520993186966945
2026-08-07 16:30:00+00:00,720.0999755859375,721.6799926757812,719.0499877929688,720.9199829101562,2419183,0.0,0.0,0.0,0.0011387409415637428,-0.00045756268955809976,0.008420699804882137,0.005691585154061318,-0.004020160163868969,0.001138093067891285,6.01995849609375,4.0799560546875,2.03997802734375,0.0,718.6728515625,0.0031267792330926802,718.1334838867188,0.0038801964898675764,719.8053821382068,0.0015484751845518546,702.74826171875,0.025858080597647933,719.1596452219898,0.0024477703940418674,716.4906050553183,0.006182045966240992,707.9196820868685,0.018364090096980933,718.402544875372,719.9919911873842,0.0012888917295320887,0.8466632469512461,50.31048519719662,3.8975338729095483,4.7613840093032955,-0.8638501363937472,82.80055989486974,85.53096089629283,21.305607035302906,0.004326459934689007,-17.199440098463548,3.7620108468191966,0.005218347300664038,0.04964165237675343,0.05331666041640973,0.05545693022850203,-0.3807130911547483,4566171.7,0.5298055261478668,12192815.0,4044571.8344710846,39.33007915674857,-0.0014286859653425761,719.8900146484375,1,0.002405409151675233
2026-08-07 17:30:00+00:00,720.9000244140625,721.27001953125,719.8201293945312,719.8900146484375,1760356,0.0,0.0,0.0,-0.0014286859653426243,-0.004025972874483141,0.007374576092550766,0.0034429369088129214,-0.006080894836442918,-0.001429707510230232,5.27001953125,2.47003173828125,-0.74993896484375,-2.7684759150599962e-05,719.21142578125,0.0009435179181830059,718.0320565359933,0.0025875698661769393,719.6177687872024,0.00037832009303152614,703.7638623046874,0.022914152327908933,719.3057191072793,0.0008123048734862856,716.7996422910564,0.004311347516161148,708.3891068932046,0.016235297301022054,718.6367489769345,719.7790981187209,0.00015409801424684334,0.9504341098648041,47.1185214459093,3.7023360872778994,4.549574424898216,-0.8472383376203165,75.93404893739327,78.68946958136628,21.744896952326194,0.372276854294953,-24.065951055940005,3.777003696986607,0.005246639931276005,0.04972178478294527,0.05297607750372074,0.05493299700719973,-0.27233450301196727,4422425.85,0.39805212336120904,10432459.0,4652942.040711934,39.483224169302,0.003514381655862076,722.4199829101562,2,0.0022326178701473436
2026-08-07 18:30:00+00:00,719.9000244140625,722.719970703125,719.2349853515625,722.4199829101562,3564863,0.0,0.0,0.0,0.003514381655862042,0.0032217850338502885,0.0016221600140815529,0.011665134284774892,-0.0017411145511514459,0.0035082206471882243,1.16998291015625,8.3299560546875,-4.10003662109375,1.390457628430146e-05,720.2857055664062,0.0029630982917656537,718.1414271763393,0.005957817738817566,719.5285121372768,0.004018563161988696,704.7684619140625,0.02504584406079887,719.9285718678548,0.0034606364292974956,717.3105823473381,0.007122996214681381,708.9393373252419,0.01901523145232208,719.2218058268229,719.5246904194922,0.004023895954108263,0.927606550418918,52.862185624781084,3.709032314999604,4.3814660029184935,-0.6724336879188897,92.80064127507367,83.84508336911223,53.42405958475047,0.7784102234297753,-7.199358718259612,3.920933314732143,0.005427498418484836,0.051465056571620545,0.053444609368051836,0.055052016647375704,1.025080722308442,4282446.75,0.8324360367119567,13997322.0,5542882.989215559,44.88598487954448,0.0008236645612767485,723.0150146484375,1,0.0016320821501603303
2026-08-07 19:30:00+00:00,722.4249877929688,723.6199951171875,721.5001831054688,723.0150146484375,3436222,0.0,0.0,0.0,0.0008236645612766935,0.0029060530820967934,0.0002974915040125925,0.010658521706858215,-0.002352572198380809,0.0008233255357713657,0.21502685546875,7.625,-0.9549560546875,6.9279407143912075e-06,721.4849940708706,0.002120654746998803,718.5553588867188,0.0062064191805931744,719.4968465169271,0.0048897617113082366,705.8133618164062,0.02437139017563876,720.5458604239714,0.0034267828879203516,717.8291671019836,0.00722434777536694,709.4913246712497,0.019061106890116097,719.8716174897694,718.9406975085392,0.005667111562903632,0.9249489523026577,62.238842103194486,3.7194773920235775,4.249068280739511,-0.5295908887159335,95.99880512512678,88.24449844586456,92.08521263635778,0.7798823383170422,-4.001194868259466,3.7794886997767856,0.005227400016871456,0.05127058930611007,0.05241998683170119,0.05383358089049987,-0.03608581872571259,4000926.15,0.8588566424801416,17433544.0,6675326.895004554,50.77705319874867,0.0009058847305366475,723.6699829101562,1,0.0016015624753967055
2026-08-10 13:30:00+00:00,722.6500244140625,724.6699829101562,720.3400268554688,723.6699829101562,7336344,0.0,0.0,0.0,0.0009058847305365436,0.005250758011367429,0.004957655110755743,0.010542908792448014,0.00219497827717019,0.0009054746645936653,3.57000732421875,7.54998779296875,3.35498046875,-0.0005048169498277569,721.8307059151786,0.0025480725326629122,719.043212890625,0.0064346202517158065,719.4468470982143,0.005869976119805735,707.0541613769532,0.023500068935060195,721.1706849212084,0.003465612290130017,718.3601503572719,0.00739160231846958,710.0473504845402,0.019185526734661753,720.553567359561,718.9840896930417,0.006517380960555868,0.9133654249734641,64.25888261609646,3.7375218306034412,4.146758990712297,-0.409237160108856,91.02330193082658,93.27424944367567,96.01279340295335,1.3415613850343073,-8.976698060196725,3.3487723214285716,0.00462748545677857,0.049640123737294956,0.05279042799643652,0.054813826799663096,1.135002918903377,4022522.15,1.8238169303803582,24769888.0,8398618.428813644,67.13991523756265,-0.0027360268015922595,721.6900024414062,0,0.001658789912367527
2026-08-10 14:30:00+00:00,723.7098999023438,724.52001953125,721.14501953125,721.6900024414062,3780419,0.0,0.0,0.0,-0.0027360268015922395,-0.0010104654993199347,0.0010681067934081856,0.009497800804957102,-0.001349139110904285,-0.002739776564117332,0.77001953125,6.78997802734375,-2.79998779296875,5.5159109995032835e-05,721.672136579241,2.4756203349979757e-05,719.3482142857143,0.003255430553913264,719.4280366443452,0.003144116828708112,707.8235620117188,0.019590249850199706,721.274548425248,0.0005759998284491604,718.6628641831023,0.004212181273260349,710.5039250710839,0.01574386428503888,720.9064726329985,719.0013335170015,0.003739449148514579,0.5897315438836941,58.42217788804945,3.5511192099826303,4.027631034566364,-0.4765118245837341,73.24961509777104,86.75724071790813,83.19044305903057,0.880636808448596,-26.750384893252253,3.325199672154018,0.004607517993737736,0.050569687532347855,0.05251166115598052,0.05412052521969996,-0.4846998723069692,4005257.5,0.9438641585466101,20989469.0,9597747.054640915,59.96959332868749,0.00109462237895957,722.47998046875,1,0.0012702151588552982
2026-08-10 15:30:00+00:00,721.6500244140625,723.64501953125,720.8300170898438,722.47998046875,2486021,0.0,0.0,0.0,0.001094622378959631,-0.0007400042445143695,0.0035977243295661765,0.010998832113945589,0.002372408523057201,0.0010940237167162698,2.5899658203125,7.8599853515625,1.8199462890625,-5.539501338310476e-05,722.0121372767857,0.0006479713675288776,719.9474966866629,0.003517595093723543,719.4192272367932,0.004254477940085882,708.7092614746093,0.019430702747511092,721.5156348339484,0.0013365554233931319,719.0098747545248,0.00482622817302064,710.9735743023649,0.016184013839979135,721.3240414574033,719.0395939976638,0.004784696837004192,0.20178469260496043,68.39105522176602,3.4276268659797324,3.907630200849038,-0.4800033348693056,79.74095340601951,81.33795681153903,77.51668682108523,0.8881172701389041,-20.259046584729777,3.2169930594308034,0.0044527089281271755,0.04978965091305629,0.052678136430565854,0.05459011488325462,-0.3423953799830125,4020276.6,0.6183706364880465,23475490.0,10919436.85896083,61.39307729903819,-0.000747395141652795,721.9400024414062,1,0.001361676819528136
2026-08-10 16:30:00+00:00,722.4500122070312,722.6500244140625,720.5700073242188,721.9400024414062,2764821,0.0,0.0,0.0,-0.0007473951416527846,-0.002390565464375216,-0.0006644064119274429,0.0009566758286394528,0.000873417649755126,-0.000747674580644573,-0.47998046875,0.69000244140625,-3.0699462890625,-4.147971228111387e-05,722.1578543526786,-0.0003016679939973507,720.4153529575893,0.002116347850660749,719.4749407087054,0.0034261954005920916,709.5210620117188,0.017503272410911003,721.60050835544,0.00047047373447608244,719.2762499987867,0.0037033788375749944,711.4036303078176,0.014810680863428906,721.589708891369,719.0814535893312,0.0039752782355913655,0.1663649844600534,64.85267043617387,3.24873715991032,3.7758515926612946,-0.5271144327509747,74.41438760979078,75.80165203786044,61.240253725996446,0.9847500051638579,-25.585612380837137,3.1712777273995534,0.004392716453819923,0.04982346596861952,0.052908417861108885,0.05489804685955588,0.11214708162159526,4059384.6,0.6810936317785704,20710669.0,11851935.158107417,56.459829613881645,-0.0013367133725867657,720.9749755859375,1,0.001736439371986309
2026-08-10 17:30:00+00:00,721.9400024414062,722.1666259765625,720.8599853515625,720.9749755859375,1550559,0.0,0.0,0.0,-0.0013367133725867841,-0.0009907673004335704,-0.0028215721958304574,-0.002524920085574145,0.0001195491473149346,-0.001337607570853692,-2.0400390625,-1.82501220703125,-1.56005859375,0.0,722.3128487723214,-0.001852207376147341,720.7621372767857,0.0002952961846132678,719.4589872814361,0.0021071226175486033,710.3009619140626,0.01502745208607973,721.4754018015395,-0.0006936150759288044,719.4306795976187,0.0021465528675819173,711.7789771814694,0.012919738709999398,721.6643252418155,719.0720865995482,0.0026463118536352408,0.1779797486368863,60.89297644045348,2.994576562298221,3.61959658658868,-0.6250200242904591,65.00898775776903,73.05477625785977,50.580508912272734,0.8892810881535691,-34.991012232761165,3.0824672154017856,0.004275414986341772,0.050021424953716115,0.05287057628616986,0.05478392448128105,-0.4391828621093373,4009461.3,0.38672501964291306,19160110.0,12547951.809716234,52.69290564681218,0.0011443007524092792,721.7999877929688,1,0.0018155660869851589
2026-08-10 18:30:00+00:00,720.969970703125,722.139892578125,720.6900024414062,721.7999877929688,1551022,0.0,0.0,0.0,0.001144300752409233,-0.0009411924124735904,-0.0025840440550919386,0.0023608002564476926,0.006385791356804615,0.0011436465393333652,-1.8699951171875,1.70001220703125,0.1700439453125,-6.9418259745084524e-06,722.2242780412946,-0.0005874771331088004,721.2549918038504,0.0007556217916142743,719.5023774646577,0.0031933325035061926,711.090361328125,0.015060851682514679,721.5403189998253,0.0003598811962483304,719.6460712517414,0.0029930220246708705,712.1719579897634,0.013519248680288806,721.8027053106399,719.1511447384321,0.0036832911605757133,0.0641736374080463,65.76057099615525,2.8271345999174855,3.461104189254441,-0.6339695893369557,72.82169547263436,70.74835694673139,51.40305674964155,0.07625480665067416,-27.178304517895825,3.0613839285714284,0.004241318897674009,0.046351321399439156,0.05163205891422437,0.05423258531990841,0.0002986019880573121,3913530.85,0.39632292664819535,20711132.0,13325397.542124212,57.26077357538566,-0.0013784914574879305,720.8049926757812,1,0.001517488722586025
2026-08-10 19:30:00+00:00,721.8800048828125,722.0700073242188,720.3300170898438,720.8049926757812,4607352,0.0,0.0,0.0,-0.0013784914574879181,-0.0015721663320867885,-0.001226301822986442,-0.00015950485088622735,0.005531172467733825,-0.001379442450895096,-0.885009765625,-0.114990234375,0.9849853515625,0.00011085770462300167,721.9085606166294,-0.001528681056093873,721.69677734375,-0.0012356777748818324,719.6730927966889,0.0015727972747905839,711.8296606445313,0.012608819957165882,721.3932537350166,-0.0008154512898323334,719.751427744836,0.0014637899840573045,712.5105083696074,0.011641209790915225,721.7427054268974,719.9332330583482,0.0012108895344760883,-0.07208971221769282,63.68064495636177,2.5843569892746245,3.285754749258478,-0.7013977599838537,52.576593842076136,63.469092357493174,35.883829426848735,-0.2760092903814721,-47.423406145653864,3.0642482212611606,0.004251147331654529,0.04665518362056771,0.041649268237671976,0.04463830001698039,1.9705265302490873,3605573.2,1.277841758974689,16103780.0,13590005.39525524,55.78950491329076,0.0014220550973951937,721.8300170898438,1,0.001573142499328702
2026-08-11 13:30:00+00:00,723.2999877929688,723.2999877929688,718.4010009765625,721.8300170898438,6850179,0.0,0.0,0.0,0.0014220550973951251,0.0011859517082564164,-0.0008996282201266803,0.002694859495104396,0.006147074635137084,0.0014210449346031405,-0.64996337890625,1.94000244140625,0.23504638671875,0.0034614009926902515,721.6457083565848,0.0002554005810945909,721.7382071358817,0.0001272067254500461,719.9107113792783,0.002666032995794179,712.5942614746094,0.01296074935561412,721.480606405982,0.00048429670979211305,719.9403904125639,0.0026246987979023184,712.8759792998128,0.012560442559466029,721.7604707263765,720.1881453662884,0.00227978165721963,-0.22097562536778578,51.7059386994435,2.446463578191583,3.117896515045099,-0.6714329368535159,54.69813358942884,60.03214096804644,35.74483916549419,0.24025018227450037,-45.30186639461961,2.8363167898995534,0.003929341704755674,0.04679791584101987,0.042700956708668344,0.04579849344112948,0.4867930646497163,3735980.6,1.8335692107180637,22953959.0,14481810.500469025,53.87039724439625,-0.002549113796745485,719.989990234375,0,0.0020989738795111905
2026-08-11 14:30:00+00:00,721.7999877929688,722.4400024414062,719.8900146484375,719.989990234375,3376357,0.0,0.0,0.0,-0.0025491137967454947,-0.002507616499313303,-0.0027010723888921673,-0.0033636841910053006,0.008262212265989888,-0.002552368319261852,-1.95001220703125,-2.42999267578125,-1.300048828125,-4.160161833671812e-05,721.402849469866,-0.001958488570605672,721.5374930245536,-0.0021447295603303457,720.0330926804315,-5.98617570423348e-05,713.3100610351562,0.009364692248298756,721.1824831716606,-0.0016535245449106118,719.944899487274,6.263083068304423e-05,713.1549601207761,0.009584214505683015,721.5273751395089,720.4713572809567,-0.0006681279439028388,-0.32010124022845576,41.87391225750984,2.1637647339929345,2.9270701588346664,-0.7633054248417319,25.34684697437195,44.20719146862564,19.232096867141752,-0.1290008180971534,-74.6531530096765,2.7306038992745534,0.0037925581415123285,0.04438854026863807,0.041398725903038606,0.044990755494190314,-0.5071140476767104,3715187.1,0.9087986443536045,19577602.0,14967123.976614833,46.06314789146444,-0.001888894804106638,718.6300048828125,0,0.0019793927953086097
2026-08-11 15:30:00+00:00,720.0349731445312,720.364990234375,718.0349731445312,718.6300048828125,2435455,0.0,0.0,0.0,-0.001888894804106589,-0.003017442741197862,-0.0032524994383047456,-0.006064894472153082,0.00452898442532379,-0.0018906810155618536,-2.344970703125,-4.385009765625,-0.39495849609375,6.24771326911704e-05,720.8528529575893,-0.0030836363699659657,721.4324951171875,-0.00388461880125858,720.2492821103051,-0.002248217759753858,714.0472607421875,0.0064179843444189056,720.671987513891,-0.002833442490417821,719.8253636141411,-0.0016606232452344044,713.3696677585029,0.007373928780614998,721.1397100539434,720.5981787908418,-0.002731305692902398,-0.42484661058612966,45.391927222865796,1.8091298880261775,2.7034821046729687,-0.8943522166467912,8.968061226892845,29.671013930231208,-53.69542113559914,-0.17502809317873133,-91.0319387580356,2.6114414760044644,0.003633916561035717,0.04478211402155151,0.041180387892507636,0.04467902982061836,-0.2786737302957004,3712077.2,0.656089533913788,17142147.0,15174269.02646104,47.48264292916621,-0.001349834729541294,717.6599731445312,1,0.004696760525699744
2026-08-11 16:30:00+00:00,718.6099853515625,719.0700073242188,716.8699951171875,717.6599731445312,3586496,0.0,0.0,0.0,-0.0013498347295413105,-0.00577704424391301,-0.005735681239197987,-0.008304904041281924,0.002150446905328618,-0.0013507465770945472,-4.1400146484375,-6.010009765625,-1.7950439453125,-2.7857911740321422e-05,720.2414202008929,-0.003584141350323933,721.1996372767857,-0.004908022618556916,720.3573753720239,-0.003744533365950203,714.6618603515625,0.004195148725985884,720.0695846400192,-0.003346359222614934,719.6285099350857,-0.002735490275016088,713.5379150285432,0.005776929339231177,720.636707124256,720.6407192118699,-0.004136244300203246,-0.48080824515426224,39.87573068235689,1.4332837602062227,2.44944243577962,-1.0161586755733971,10.127939276451064,14.814282492571948,-113.49170485855358,-0.6588978541877336,-89.87206071072839,2.5807277134486606,0.0035960312822480986,0.045016804365250865,0.04099677898528939,0.044405443488759744,0.47261846349039494,3762494.9,0.9532228203153177,13555651.0,15020114.928702846,46.36762254058898,-0.0020622307556951392,716.1799926757812,0,0.004701704539318646
2026-08-11 17:30:00+00:00,717.6680297851562,718.469970703125,715.7899780273438,716.1799926757812,2967053,0.0,0.0,0.0,-0.002062230755695116,-0.005291736843943462,-0.006416437243075945,-0.00763487057737422,0.0017904157476673621,-0.00206436008148438,-4.625,-5.510009765625,-0.4849853515625,1.1226264423926884e-05,719.5564226422991,-0.004692376942609356,720.9346357073102,-0.006595109731213846,720.3602323986236,-0.005802985138306895,715.1982604980469,0.001372671372339891,719.2916662471716,-0.004326024778822875,719.315008366058,-0.004358334879448251,713.6415259166702,0.0035570614474078974,719.9674211774553,720.7076009519822,-0.006282170841842256,-0.6921879931294822,38.791466102790544,1.004422582666848,2.1604384651570654,-1.1560158824902174,4.392054436236446,7.8293516465267805,-173.42958023845208,-0.9453499352251062,-95.60794555250229,2.6685921805245534,0.0037261473481693787,0.0452260837934485,0.041438802070659184,0.0448896307226902,-0.17271537456057384,3756859.15,0.7897695605649734,10588598.0,14598065.697397813,45.26965570929136,0.002632033545899899,718.0650024414062,2,0.004357392047092256
2026-08-11 18:30:00+00:00,716.1799926757812,718.1364135742188,716.0999755859375,718.0650024414062,4007748,0.0,0.0,0.0,0.0026320335458998034,-0.0007862216127454413,-0.005215929733175528,-0.006110865555720046,0.004820754173907149,0.002628575811526107,-3.7650146484375,-4.41497802734375,0.8599853515625,0.0,719.0228533063616,-0.0013321563571303287,720.6235656738281,-0.00355048509970099,720.5109456380209,-0.0033947342665909333,715.7919604492188,0.0031755623390318254,719.0463334860186,-0.0013647674689521126,719.2013714638169,-0.0015800429024436047,713.8149955843069,0.005953933278768543,719.5848034086681,720.7882321952269,-0.003778127378027554,-0.6565989483894779,36.30942327225924,0.8073449737878491,1.8898197668832222,-1.082474793095373,25.619630212249966,13.37987464164582,-170.63196380863613,-0.7745216191229137,-74.38036977648878,2.56512451171875,0.0035722734056022882,0.046061912228075555,0.04157080743573366,0.04469212929055985,0.35075039104458194,3793129.5,1.0565808523015097,14596346.0,14597901.916693259,45.72370553192312,0.0003830076847185459,718.3400268554688,1,0.004371350375143938
2026-08-11 19:30:00+00:00,718.0900268554688,718.9349975585938,717.6500244140625,718.3400268554688,3980521,0.0,0.0,0.0,0.0003830076847184394,0.0009475987743301495,-0.0022916476635587157,-0.004986530146221746,-0.0040346248104419224,0.00038293435599820745,-1.64996337890625,-3.5999755859375,2.11505126953125,3.484978933297495e-05,718.6707153320312,-0.0004601390727452409,720.2896379743304,-0.002706704381228948,720.6880900065104,-0.0032580851322479318,716.3647607421875,0.002757346845526029,718.9050721599086,-0.0007859804114908321,719.1230674085125,-0.0010888825411545817,713.9924477910191,0.006089110715238337,719.2803315662202,720.7291352624434,-0.003314849213222598,-0.584879146209619,35.00166438336939,0.6656781967419647,1.6449914528549707,-0.979313256113006,28.71675028888243,19.57614497912294,-109.87465127506502,-0.464184840388563,-71.28324969985631,2.5054931640625,0.0034878930177771115,0.03142028899408926,0.03750224456809208,0.03956579146933435,-0.0067935908145921875,3539462.9,1.1246115900805174,18576867.0,14976850.972246282,46.2758405561183,0.009591493381542445,725.22998046875,2,0.004463522022293408
2026-08-12 13:30:00+00:00,726.969970703125,727.25,723.6099853515625,725.22998046875,9102226,0.0,0.0,0.0,0.009591493381542415,0.012636471118323556,0.009184108012597836,0.005901737268140916,0.003361915767598589,0.009545787037879182,6.5999755859375,4.2550048828125,8.24993896484375,0.012013730997869893,719.1564243861607,0.008445389454408338,720.4010663713727,0.00670309126788718,720.8776128859747,0.006037595709686282,717.10916015625,0.011324385133665302,720.1700538216769,0.007026016452940396,719.6782413230794,0.007714196187808002,714.4331353470086,0.015112464116718398,719.9390438988095,721.2430838393195,0.005527812631771675,-0.11858534891765463,53.57469527945882,1.0967255605518176,1.5353382743943402,-0.43861271384252265,82.37333630866046,45.56990560326428,197.46792340486857,0.3806333842235981,-17.62666368261356,2.832637241908482,0.0039058468598798285,0.046356778542800285,0.03713219170973999,0.039001611065962165,1.2866921189462386,3773479.9,2.4121570118870905,27679093.0,16186588.308222827,48.10061155543457,-0.0013788729464185325,724.22998046875,1,0.0009867109505513367
2026-08-12 14:30:00+00:00,725.239990234375,725.5999755859375,723.25,724.22998046875,5301376,0.0,0.0,0.0,-0.0013788729464185856,0.008585543100392057,0.009154763495351936,0.0033665734509242817,0.005735321514838132,-0.0013798244665038843,6.57000732421875,2.42999267578125,-0.02996826171875,1.380219502028366e-05,719.7621372767857,0.00620738846983835,720.5824933733259,0.005061859161112529,720.9457077752976,0.004555506271869623,717.7013598632813,0.009096569925272708,720.9820391510916,0.004504885200022621,720.0920357908676,0.005746410836681441,714.8173253517829,0.013167916869280854,720.4495657784598,721.4686931174159,0.0038273141685454606,0.2909079400426004,56.0939892958221,1.342170354869495,1.4967046904893713,-0.15453433561987628,73.64734954965813,61.57914538240033,135.08229297226632,0.31719783078877617,-26.35265044161588,2.7594212123325894,0.003810144963265362,0.04443724541327012,0.03587563132199072,0.038113881475942586,-0.41757367922967414,3843228.65,1.3794068692738328,22377717.0,16776219.612201605,46.745223001469675,-4.137948238397058e-05,724.2000122070312,1,0.0008233246389514644
2026-08-12 15:30:00+00:00,724.25,724.5499877929688,722.9199829101562,724.2000122070312,2464512,0.0,0.0,0.0,-4.137948238391864e-05,0.008157676215279963,0.011198329488772307,0.004710038867304478,0.004549782742371056,-4.138033853831805e-05,8.02001953125,3.39501953125,1.45001220703125,2.764250554363261e-05,720.5578526088169,0.005054638687265225,720.7053527832031,0.004848943344638252,721.1409476143973,0.00424197877370489,718.2669604492188,0.00826023203697625,721.6256337622796,0.003567470893912536,720.465488192337,0.005183487725496792,715.1852738559103,0.012604759466740055,720.9319016229539,721.5751793034384,0.003637643005020005,0.5921544546315065,54.2829438724731,1.516784388173619,1.5007206300262208,0.016063758147398133,73.38584689471,76.46884425100951,104.55343597987807,0.44731602764274647,-26.614153096564003,2.674778529575893,0.003693425137374266,0.044335515066316444,0.03534879925524923,0.03750907656207629,-0.5351184296303451,3845495.1,0.6408828865755152,19913205.0,17074980.125325263,46.75908043649363,0.0012151406627716652,725.0800170898438,1,0.0058803378803539376
2026-08-12 16:30:00+00:00,724.2294921875,725.4299926757812,723.6699829101562,725.0800170898438,2185083,0.0,0.0,0.0,0.0012151406627716188,-0.00020678044612731927,0.009769330944394472,0.004502445067472882,0.007209438019418535,0.0012144029768907242,7.0150146484375,3.25,-1.0050048828125,4.0706959364537654e-05,721.6178588867188,0.00479777233958909,720.9296395438058,0.005756980041295672,721.3390444800967,0.005186150172195557,718.7987609863281,0.008738546091659633,722.3165104277925,0.0038258943581542925,720.884990819383,0.005819272593935839,715.5733030023391,0.01328545104687936,721.5151901971726,721.6926426826924,0.004693652403819771,0.9769381640756069,57.68855992840678,1.7065047822610495,1.5418774604731866,0.16462732178786288,81.06475784998926,76.03265143145246,121.51309174628254,0.4544235733363928,-18.935242141284743,2.651920863560268,0.0036574182173717447,0.04401517851859251,0.0354676194068574,0.037702230179212676,-0.11338106692115923,3866731.45,0.565098204583098,22098288.0,17553390.39910381,51.321426565931816,-0.0004689508019176561,724.739990234375,1,0.006130036237793385
2026-08-12 17:30:00+00:00,725.0700073242188,725.4149780273438,724.6599731445312,724.739990234375,2211648,0.0,0.0,0.0,-0.0004689508019176669,0.0007042096839113832,0.00890937876164588,0.00659731394106422,0.0032114384694523768,-0.0004690607937334875,6.39996337890625,4.75,-0.61505126953125,-1.3805049634605912e-05,722.8407156808036,0.002627514627174807,721.1985691615513,0.004910466027318902,721.5699956984747,0.004393190618780319,719.3001611328125,0.007562669099069657,722.8012063891091,0.002682319603406286,721.235445311655,0.004859085816561328,715.9327809330073,0.012301726552984232,722.0232369559152,721.7981110449589,0.004075764600094382,1.1610448559724826,59.50999311286264,1.808574119275022,1.5952167922335536,0.21335732704146837,78.09768801146376,77.51609758538767,113.26635824593772,0.5459170786235461,-21.90231197981025,2.612518310546875,0.0036047663241246053,0.04247660500676561,0.03401028252085512,0.03659937636599985,0.012157432921312328,3799070.7,0.5821549991159678,19886640.0,17775604.646808207,54.7578322411629,-0.00088309553365549,724.0999755859375,1,0.006097428586234491
2026-08-12 18:30:00+00:00,724.739990234375,725.5599975585938,723.8200073242188,724.0999755859375,1817401,0.0,0.0,0.0,-0.0008830955336555091,-0.00013813396769890574,-0.001558133162230968,0.007611664787106953,0.0015006063712625917,-0.0008834856922313992,-1.1300048828125,5.469970703125,-7.52996826171875,0.0,723.7028547014509,0.0005487347215866865,721.3628540039062,0.003794375558479525,721.6499953497024,0.0033949702099623346,719.7861584472656,0.005993192683743353,723.0609602284749,0.0014369678555634965,721.4958571547716,0.0036093324796509707,716.2530630762595,0.010955502900001624,722.4100911458333,721.8217638916069,0.0031561970119115823,1.1416500616776954,55.86430988476512,1.8168771421966312,1.6395488622261691,0.17732827997046208,72.51292866363062,77.22512484169454,91.4617991581008,0.31447272104896007,-27.4870713276434,2.63323974609375,0.0036365693065509514,0.0425568743450491,0.03381987115010167,0.036346312119075797,-0.17825937943108483,3718129.65,0.48879441307271243,18069239.0,17803569.823302664,51.65959594729457,-0.0005938305348419635,723.6699829101562,1,0.0059034120199202575
2026-08-12 19:30:00+00:00,724.0900268554688,724.1099243164062,723.0349731445312,723.6699829101562,4175318,0.0,0.0,0.0,-0.0005938305348419659,-0.001944660101579898,-0.0007732316718389587,0.008374453070430166,0.0,-0.0005940069220268755,-0.55999755859375,6.010009765625,0.57000732421875,-1.3739443176594235e-05,724.4642769949777,-0.0010963882002781688,721.5674961635044,0.0029137769617223796,721.6811843145462,0.0027557855724010595,720.2523583984375,0.0047450375855949195,723.1827647648112,0.0006737137126088152,721.6935049507156,0.002738666685898617,716.5439226775889,0.009945043153710264,722.7177083333333,721.8159217054648,0.0025686066889577756,0.9506712633001712,57.52161619184423,1.768375796933924,1.6653142491677202,0.1030615477662038,68.76081826829545,73.12381164779661,60.97146625793596,0.5111171996402627,-31.23918172297856,2.5857369559151784,0.0035730885859233228,0.0425030227439733,0.03147370000281328,0.033417535776063614,1.297411523378715,3560078.35,1.172816322989071,13893921.0,17431222.31632146,52.05504894371298,0.012837397269320427,732.9600219726562,2,0.006022690048153773
2026-08-13 13:30:00+00:00,725.125,733.0399780273438,724.0399780273438,732.9600219726562,10430029,0.0,0.0,0.0,0.012837397269320316,0.01134204245528525,0.012096119328869559,0.023429905147422048,0.015616150276607232,0.012755696360082223,8.760009765625,16.780029296875,9.32000732421875,0.0020106085981216938,725.5685686383929,0.010187118976396714,722.3624965122768,0.014670647370997113,722.1235671270462,0.015006371954744116,720.9099584960937,0.016715074239900506,725.1382162063802,0.010786641210534555,722.717733770892,0.014171906573136606,717.1876912773954,0.021991914929753584,724.2367117745536,722.8832880984045,0.013939641488663257,1.132154059995345,70.3771164109733,2.451309473899755,1.8225132941141273,0.6287961797856279,99.53648663372252,80.27007785521619,209.59563182816652,1.9940744183316719,-0.46351336048037606,2.905094691685268,0.003963510429753946,0.061079747092950526,0.03981286929806456,0.03763893335724466,1.498020270551848,3892558.85,2.6794788214955303,24323950.0,18087672.571909893,55.10839870934397,-0.0014326140534908643,731.9099731445312,1,0.0014120042371837257
2026-08-13 14:30:00+00:00,732.9500122070312,733.7550048828125,731.7000122070312,731.9099731445312,5346685,0.0,0.0,0.0,-0.0014326140534908216,0.010785800057891093,0.009419589415937901,0.019280943446696952,0.013052254637786698,-0.0014336412261491509,6.8299560546875,13.844970703125,-1.9300537109375,-1.3656632455951012e-05,726.6657104492188,0.0072168847654354345,723.2139238630023,0.012024172923922086,722.6102323986236,0.012869649956416157,721.2280578613281,0.014810731732849676,726.4925675940104,0.007456931828572802,723.5533918957683,0.01154936365767906,717.765035664342,0.019706919085404322,725.5097086588542,723.5347586340862,0.011575414187764116,1.1636342262373203,72.47350429425742,2.874671741941029,2.0329449836795077,0.8417267582615211,89.72986929536985,86.00905806579594,213.51774409269768,1.9856200057447406,-10.270130699063781,2.8697378976004466,0.0039208891843175294,0.06156506529203245,0.03939254716724718,0.03697503731530713,-0.4873758260883071,4035592.05,1.3248824295805615,18977265.0,18172395.660299428,62.23801596285153,-0.00010924301843296644,731.8300170898438,1,0.0013101396296688395
2026-08-13 15:30:00+00:00,731.9199829101562,732.125,729.8599853515625,731.8300170898438,3394937,0.0,0.0,0.0,-0.00010924301843295847,0.01127590527780753,0.00978285585313965,0.01877939378295168,0.013699219623503511,-0.00010924898588610232,7.09002685546875,13.489990234375,0.26007080078125,1.367622520838322e-05,727.7557111467634,0.0055984527234484915,724.1567818777902,0.010596096596852567,723.0554722377232,0.012135368846532414,721.5048583984375,0.01431058789307568,727.560057493177,0.005868875775524372,724.305812367957,0.010388160074648165,718.3166035633814,0.018812614743146758,726.6585210890997,723.9193543647916,0.010927546939233965,1.0241764979293084,76.14894091289754,3.1672277738849743,2.259801541720601,0.9074262321643731,89.28480425134677,92.85038672681304,157.6081820601226,2.1852082680457543,-10.715195743086857,2.8650948660714284,0.003914973148355812,0.06141365570399722,0.039467024040062734,0.03711669726593448,-0.3650388979339535,4067097.85,0.8347320682240283,15582328.0,17925722.54979472,61.207991274127004,0.0016648453337667947,733.0484008789062,2,0.0013678271542717248
2026-08-13 16:30:00+00:00,731.8400268554688,733.3499755859375,731.4000854492188,733.0484008789062,1935657,0.0,0.0,0.0,0.0016648453337668734,0.00012057807192822345,0.012357996954395434,0.010780608387291002,0.01674596997372424,0.0016634610150122963,8.94842529296875,7.81842041015625,1.8583984375,1.3677719403736162e-05,728.8940516880581,0.005699524068307786,725.2559552873884,0.010744407591137019,723.5844435918899,0.013079271356393403,721.7728259277344,0.015622055231385453,728.6577261703229,0.006025702536160293,725.1005931416796,0.01096097260489033,718.8943211051667,0.019688679348531517,727.8440702892485,724.1739911930642,0.01225452694208103,1.2872437754910664,80.18711591804397,3.4575375852319894,2.499348750422879,0.9581888348091105,96.06678013591825,91.69381789421162,157.00185500776766,2.086635386286184,-3.933219858515379,2.84722900390625,0.0038840941477924396,0.06102440413740044,0.0396857070612703,0.037377879451620064,-0.42984008245219274,4086352.75,0.4736881807377005,17517985.0,17886890.402195223,66.14708636442565,-0.001430193255519341,732.0,1,0.0014261196825083526
2026-08-13 17:30:00+00:00,733.0499877929688,733.226318359375,731.7650146484375,732.0,2352568,0.0,0.0,0.0,-0.0014301932555192964,0.00012300263525855115,0.011510795371594051,0.010728663188205756,0.014131355471783236,-0.0014312169580714385,8.33001708984375,7.77001953125,-0.618408203125,2.1648148479625163e-06,729.9311959402902,0.002834245297657073,726.3859558105469,0.007728734489615641,724.1094447544643,0.010896909718116366,721.9658264160156,0.013898405183223377,729.3261809362583,0.0036661498430037983,725.7278119469814,0.008642617727688992,719.408269297121,0.01750289959158225,728.7432762509301,724.4559404709775,0.010413413856621357,1.3073989404191788,81.56826154733795,3.561953035859233,2.71186960751015,0.850083428349083,90.05946207054023,91.80368215260175,132.44560252673205,1.9016026719698085,-9.940537923795665,2.7601797921316966,0.0037707374209397897,0.06153496294774516,0.03968230851748958,0.03732526292221669,0.21538475050073447,4126430.05,0.570121865994069,15165417.0,17627702.45912901,66.77375874282666,0.00105193925034153,732.77001953125,1,0.0016542199506832229
2026-08-13 18:30:00+00:00,732.010009765625,733.9600219726562,732.010009765625,732.77001953125,2616587,0.0,0.0,0.0,0.001051939250341638,0.001284454613031949,-0.0002592262002160117,0.011833757497602404,0.016599533822666768,0.0010513863499595378,-0.19000244140625,8.57000732421875,-8.52001953125,1.3674543203533232e-05,731.1697736467634,0.0021886105555254374,727.4363141741071,0.007332195620713774,724.6318272181919,0.011230796119304852,722.14462890625,0.014713660116919203,730.0149486552567,0.0037739924107918067,726.3680126364604,0.008813723599341494,719.9322595023809,0.017831899959205512,729.5944847470238,724.9245080794879,0.010822522020308173,1.2673553568013474,80.70988082354718,3.6645940149305716,2.9024144889942343,0.7621795259363373,92.70384659434681,92.94336293360176,123.74233152790768,1.0396755878205868,-7.296153399521972,2.7547215053013394,0.0037593261621971983,0.06104425377998198,0.03975420797921283,0.03750549064575045,0.11222587402362016,4026891.8,0.6497783228245665,17782004.0,17642397.843973868,66.01045480457447,-0.0009689560895387725,732.0599975585938,1,0.0014187866208940747
2026-08-13 19:30:00+00:00,732.739990234375,732.864013671875,731.5499877929688,732.0599975585938,2965033,0.0,0.0,0.0,-0.0009689560895387306,-0.0013483466018443524,0.00020497659489171483,0.00962649680619343,0.014172284646728261,-0.0009694258309541753,0.1500244140625,6.97998046875,0.34002685546875,-4.0980520592489084e-05,732.3683471679688,-0.00042103077033155687,728.4163120814732,0.005002201923105804,725.1677798316592,0.009504307718311723,722.29994140625,0.013512469810434033,730.4239584359241,0.00223984865744372,726.8854658111998,0.007118771788361624,720.4078570732128,0.01617436618848625,730.2109758649553,725.539210956237,0.008987504057504517,1.1340447112998293,78.14141561400194,3.6466090518266583,3.0512534015607193,0.595355650265939,82.7896948177995,88.51766782756219,97.8079735750186,1.0811506428890232,-17.210305173142558,2.7567967006138394,0.0037658070510667684,0.061326291231031435,0.03721738913012574,0.03393992480156911,0.13316813085137236,3832634.5,0.7736279052959523,14816971.0,17373309.573119216,60.14409567989911,-0.0008194882288090508,731.4600830078125,1,0.001527910573008547
2026-08-14 13:30:00+00:00,733.260009765625,734.3900146484375,730.8400268554688,731.4600830078125,5946582,0.0,0.0,0.0,-0.0008194882288090621,-0.0007375915193817972,-0.0005054918128424291,0.009272418886757228,0.01593090588621049,-0.0008198241928458961,-0.36993408203125,6.7200927734375,-0.51995849609375,0.0016392265811977554,732.154070172991,-0.0009478703915606646,728.8613194056919,0.003565511755015387,725.6263543991815,0.008039576530338745,722.4555432128906,0.012463797778981172,730.6311833503019,0.0011344980564730364,727.3013401018009,0.005718046532712038,720.841277698099,0.014731128250047427,730.6168119884672,726.2445481497748,0.007181513267559715,0.8451819627552978,67.22279584718832,3.5431050390552628,3.1496237290596283,0.39348130999563447,74.45576692180454,83.31643611131695,86.49520303790318,1.0024952607561883,-25.544233069477094,2.3739406040736606,0.0032454820969978477,0.0604072459205869,0.0378816730188847,0.03496226226526971,1.005570258408591,3961145.75,1.5012277697683805,8870389.0,16563507.613774527,57.83152232265554,-0.0029255917896184006,729.3201293945312,0,0.0017088261042281885
2026-08-14 14:30:00+00:00,731.4721069335938,731.8400268554688,728.4199829101562,729.3201293945312,3069621,0.0,0.0,0.0,-0.002925591789618376,-0.004708012124903349,-0.005085982698966207,0.0072091616967251415,0.014875700206063547,-0.00292987969843411,-3.728271484375,5.22015380859375,-3.35833740234375,1.6438252832321866e-05,731.7840924944196,-0.003367062942685903,729.2249014718192,0.00013058786462137744,726.0706467401413,0.004475435922075519,722.5475463867188,0.009373200478876631,730.3689725591478,-0.0014360456208045629,727.4848664011399,0.00252275075145938,721.1737816861945,0.011295956557486424,730.6779866536458,726.604161238355,0.0037378923780778655,0.2887102634067135,63.23715675165285,3.250926335806639,3.1698842504090305,0.0810420853976086,55.798855921701694,71.01477255376857,47.915969716543735,0.5847785354366296,-44.201144069579925,2.450374058314732,0.0033598058788609467,0.06112650739962701,0.03856209489540507,0.03564803412708505,-0.4838007783294672,3992854.05,0.7687786634725603,5800768.0,15538484.793415047,60.32206702731908,0.0010281876222311805,730.0700073242188,1,0.001184016154786524
2026-08-14 15:30:00+00:00,729.3699951171875,730.2150268554688,728.3200073242188,730.0700073242188,2889901,0.0,0.0,0.0,0.0010281876222311137,-0.002718343088014108,-0.0026366020160946135,0.008843843969215781,0.017292359395928214,0.0010276593993816497,-1.92999267578125,6.4000244140625,1.79827880859375,6.837288681114461e-05,731.5326625279018,-0.001999439366967838,729.6441868373325,0.0005836001911169322,726.6154087611607,0.0047543700854668506,722.70724609375,0.010187750669796783,730.309179512162,-0.00032749442928090364,727.7198792123288,0.0032294405842402604,721.5226532798425,0.011846272609058725,730.7906674339657,727.107024401262,0.004075029979792194,-0.324470699797581,64.71423408736715,3.0447831258198903,3.1448640254912026,-0.10008089967131228,61.95516041617131,64.06992775322585,37.478167129855606,0.7354385243889621,-38.044839575022024,2.469303676060268,0.003382283412938899,0.06062609784126665,0.0384063929299651,0.035471223117204215,-0.05854794451823209,3958024.3,0.7301372555999718,8690669.0,14886311.860708851,59.80007036054863,-0.0014476485200352097,729.0131225585938,1,0.0013402015068136421
2026-08-14 16:30:00+00:00,730.0750122070312,730.0999145507812,728.760009765625,729.0131225585938,1942631,0.0,0.0,0.0,-0.0014476485200352052,-0.0033453096157437523,-0.005126979642343321,-0.005384876795108129,0.01791886119977404,-0.0014486973755255936,-3.75689697265625,-3.9468994140625,-1.826904296875,6.855346421963768e-06,730.9561941964286,-0.002658260034266826,729.9251229422433,-0.0012494437511236123,727.1560349237351,0.002553905277085237,722.834208984375,0.008548175359453396,730.0499681214485,-0.0014202391728354198,727.837446789262,0.0016152999196681023,721.8163971731269,0.009970299114347684,730.706525530134,727.5522051819241,0.0020079897583463488,-0.3997498585637087,59.77240187043422,2.764266633833927,3.068744547159748,-0.3044779133258211,52.6475346785785,56.80051700548383,27.556879788105157,0.6785177652676724,-47.35246531261484,2.439296177455357,0.003346025060414403,0.060270804719977956,0.03777455477158663,0.034671837883475276,-0.32778631517135015,3906803.2,0.4972431168275892,6748038.0,14111238.15968896,55.82237534713019,0.00022889864671000895,729.1799926757812,1,0.0008434097228326257
2026-08-14 17:30:00+00:00,729.030029296875,729.7999877929688,728.780029296875,729.1799926757812,1816304,0.0,0.0,0.0,0.00022889864671005178,-0.00019214706012071758,-0.003934110445069083,-0.003729940250740249,0.015479086428922484,0.00022887245341181637,-2.8800048828125,-2.72998046875,0.87689208984375,2.3191267424500915e-05,730.5533360072544,-0.0018798673057563704,730.2422659737723,-0.0014546861329274984,727.7750825427827,0.0019304180188307659,723.0024084472657,0.00854434806347897,729.8759730323151,-0.000953559758435911,727.9594964153092,0.0016765991328919329,722.1051656242114,0.00979750234225834,730.6071748279389,728.1268581478487,0.0014463613258409451,-0.4895401771029092,61.1276145526431,2.526298717736381,2.9602553812750747,-0.43395666353869355,54.117103214416964,56.23993276972226,20.017793470577722,0.7613981366837285,-45.882896776776384,2.458221435546875,0.00337121350041829,0.05995514540653908,0.03740532362396114,0.0345988275223393,-0.0650288191632894,3797231.0,0.47832328346629416,8564342.0,13582962.33495668,51.91228388038567,0.000932544341056267,729.8599853515625,1,0.0017461289616745351
2026-08-14 18:30:00+00:00,729.22998046875,730.0800170898438,729.0900268554688,729.8599853515625,2632943,0.0,0.0,0.0,0.0009325443410561629,-0.00028767374436600157,-0.0021875392703184504,-0.002691925299969533,0.0160369157577398,0.0009321097917188445,-1.60009765625,-1.97003173828125,1.2799072265625,6.855343463998162e-05,730.1376168387277,-0.00038024542327633236,730.6536952427456,-0.0010863010703289517,728.3367483956473,0.0020913910485341187,723.173408203125,0.009246160149945915,729.8727754961646,-1.7523800080688657e-05,728.1322681367868,0.002372806824224879,722.4092762017546,0.010313695290530573,730.556204078311,728.7054784452779,0.0015843258222048937,-0.507274075327822,64.40697108965684,2.365311319229477,2.8412665688659553,-0.4759552496364785,60.10556812216248,55.62340200505265,20.729011171161673,-0.42294757260378524,-39.89443186903085,2.4046500069754466,0.0032946730266543776,0.05993921617538433,0.0373226762860746,0.03443075714665178,0.44961581321188526,3729852.1,0.7059108322284412,11197285.0,13355754.96972271,56.18393881372479,0.001630453053037349,731.0499877929688,2,0.0027017430073092716
2026-08-14 19:30:00+00:00,729.8599853515625,731.1199951171875,729.760009765625,731.0499877929688,3336093,0.0,0.0,0.0,0.0016304530530373285,0.002794003525240063,0.0023718780391728256,-0.0027261679904648783,0.008025050647322951,0.0016291253074801927,1.7298583984375,-1.9984130859375,3.3299560546875,0.0,729.9933297293527,0.001447490025705258,731.1808384486607,-0.00017895799344162406,728.9419846307663,0.002891866851745809,723.3766320800781,0.010607690893767438,730.1082179555254,0.0012899044474245064,728.3975153782578,0.003641517658568418,722.7481276367041,0.011486519077398644,730.6090430850074,729.2413702467323,0.0024801356862433565,-0.33610354846515245,67.78283040600823,2.307155445990361,2.7344443442908366,-0.4272888983004757,67.72932330172681,60.65066487943542,38.75350388281291,-0.1174987885281217,-32.270676688611395,2.4250095912388394,0.0033171597451996373,0.050351234049861734,0.03597660190693663,0.032614858357507534,0.267058572859344,3441545.45,0.9693589837670163,14533378.0,13467909.544034835,63.64908532351607,0.001901394804251263,732.4400024414062,2,0.0025654655780104367
2026-08-17 13:30:00+00:00,732.9600219726562,734.030029296875,731.530029296875,732.4400024414062,6066528,0.0,0.0,0.0,0.0019013948042512219,0.004470788829054495,0.003246257336161129,0.0006010962314293433,0.011336208378645685,0.001899589441260039,2.3699951171875,0.44000244140625,0.64013671875,0.0026127271890821827,730.133318219866,0.003159264430174135,731.1436941964286,0.0017729869726916588,729.2853190104166,0.004325719096150126,723.6810327148437,0.01210335676989036,730.5745748527016,0.002553370529049924,728.7650142021803,0.005042761613967075,723.1282011584572,0.012877109851363332,730.7769316173735,729.9117794067231,0.003463737818746593,-0.13143437958739349,47.9766314666824,2.34618371730528,2.6567922188937256,-0.31060850158844566,67.87463171700578,65.23650771363168,83.71485866963813,0.08335068763471902,-32.12536826651977,1.9685843331473214,0.002687707288764743,0.05015624945446289,0.03604704710185106,0.03282931875703221,0.8184529028417373,3479803.05,1.7433538372236321,20599906.0,14147147.301745804,60.248225689794374,0.002375607870371875,734.1799926757812,2,0.0022806895397335693
2026-08-17 14:30:00+00:00,732.4500122070312,734.5800170898438,732.2000122070312,734.1799926757812,3721609,0.0,0.0,0.0,0.002375607870371832,0.0059189535128958415,0.00708748574930107,0.0019241687118056738,0.013780696355328192,0.002372790574972177,5.1668701171875,1.40997314453125,2.796875,1.3666328425019488e-05,730.8275844029018,0.004587139763770413,731.3058384486607,0.003930167210497973,729.7591291155134,0.006057976370395024,724.02783203125,0.014021782306400409,731.2956584173176,0.003944142461753536,729.2572849725076,0.006750303088782296,723.5616047473718,0.014675167751752297,731.1817714146206,730.3177653992421,0.005288420273362039,0.22980126785935068,58.38246689839916,2.4888269261510914,2.623199160345199,-0.1343722341941076,93.60984359488998,76.40459953787418,104.42393684218773,0.1543679510816348,-6.3901563891355995,1.9917994907924108,0.002712958008472031,0.05049906264291137,0.03638952758540269,0.032940702106310296,-0.3865339449517088,3542657.9,1.0505132318872785,24321515.0,15116134.701579537,58.80623138159335,-0.002015827839922586,732.7000122070312,0,0.001620718252056359
2026-08-17 15:30:00+00:00,734.2000122070312,734.280029296875,732.3699951171875,732.7000122070312,2978387,0.0,0.0,0.0,-0.0020158278399226015,0.0022570609966685584,0.004827367133775962,0.0008742652932436368,0.010509178211490111,-0.0020178623554778963,3.52001953125,0.6400146484375,-1.6468505859375,2.7267879061931193e-05,731.2032993861607,0.002046917488098065,731.3679809570312,0.0018212873473831188,730.1638910202753,0.0034733588142912787,724.3334326171876,0.011550729557797325,731.5765291752604,0.0015357013066505925,729.570260175646,0.004289856922933579,723.9199736673585,0.012128465657856094,731.3676612490699,730.6046360563442,0.0028680028120195763,0.4297573718439519,52.91157024562,2.4541606059317473,2.589391449462509,-0.13523084353076165,69.96801995684298,77.15083175624625,82.96426439603519,0.09563008292763575,-30.0319800271826,1.9664437430245536,0.0026838320052685253,0.051348072895782304,0.03644465311977362,0.032817725349437,-0.1997044826579042,3582323.1,0.8314121637995185,21343128.0,15709181.682381485,59.349278903725136,-0.0036372854075331557,730.0349731445312,0,0.005977409461512403
2026-08-17 16:30:00+00:00,732.7000122070312,732.8350219726562,729.9400024414062,730.0349731445312,3878631,0.0,0.0,0.0,-0.003637285407533164,-0.003283585397928057,0.00023975529071429413,-0.0019483084537178508,0.007306044900935893,-0.00364391641422689,0.17498779296875,-1.42510986328125,-3.34503173828125,0.0,731.3492780412946,-0.001797096047297052,731.1527361188616,-0.0015287680933292014,730.3998413085938,-0.0004995457876993757,724.6523315429688,0.007427895236456379,731.2682179691145,-0.0016864466337762635,729.612506809181,0.0005790283628733725,724.159777568424,0.008113120554453842,731.1899268740699,730.7931380608906,-0.0010374548923242585,0.41513811613760104,40.80541108833383,2.186437032615231,2.5088005660930537,-0.32236353347782254,27.39557739120111,63.65781364764468,10.38744199382958,-0.3732475829817131,-72.60442259282446,2.0339529854910716,0.0027861034886141087,0.05335614466954139,0.03734283249716913,0.03324543521836901,0.3022589072541615,3665672.25,1.0580954148314812,17464497.0,15876354.569773724,52.667364493974446,0.00021235872605833027,730.1900024414062,1,0.005987732563581476
2026-08-17 17:30:00+00:00,730.02001953125,730.77001953125,729.64501953125,730.1900024414062,2614815,0.0,0.0,0.0,0.00021235872605829265,-0.005434621311094512,-0.0011763701059058773,0.0011927177268467037,0.00841047791852323,0.0002123361811357103,-0.8599853515625,0.869873046875,-1.03497314453125,-2.048342042685813e-05,731.4935651506696,-0.0017820562905335696,731.0234505789621,-0.0011401113560647043,730.6593656994048,-0.0006423831405331235,724.9483312988282,0.007230406521772089,731.0525748635729,-0.001179904772685367,729.6650064121105,0.0007195028193506199,724.3962569752077,0.007998033411137306,731.0615623837425,730.9267585758685,-0.0010079753214900674,0.270592891775913,44.15888306685134,1.964132444353254,2.399866941745094,-0.4357344973918402,29.87207986730798,42.41189240511735,-29.572637053596846,-0.255442876734331,-70.1279201167176,2.0099312918526784,0.0027526140937696717,0.05315640778467759,0.037135908172611067,0.03297619548888507,-0.32584074123060436,3705542.95,0.7056496268650723,20079312.0,16276636.229795275,52.37844498971403,-0.00030133490946954774,729.969970703125,1,0.006056204701263074
2026-08-17 18:30:00+00:00,730.1900024414062,731.0,729.7000122070312,729.969970703125,2504386,0.0,0.0,0.0,-0.0003013349094695972,-0.003726001717514471,-0.0033723332014199414,-0.0001370233266538845,0.008705608829640887,-0.00030138031995616873,-2.47003173828125,-0.10003662109375,-1.61004638671875,0.0,731.50927734375,-0.0021042886102721928,730.8234470912388,-0.001167828415343756,730.9388892764136,-0.0013255808214644234,725.2253308105469,0.006542297532918115,730.8360540314833,-0.0011850582953311598,729.6927304385663,0.000379941108076689,724.6148339841458,0.007390321682386372,730.9210984002976,731.3244560262503,-0.0018520990402580975,0.15654346194440885,40.63127967570193,1.7500265177966412,2.269898856955404,-0.5198723391587627,26.35720135299095,27.87495287050001,-53.21517107723066,-0.20371751504990157,-73.64279863103464,1.9627859933035714,0.0026888585449758693,0.053092215492636076,0.03719467321248716,0.03308597334475346,-0.042232050833424184,3621996.35,0.6914380242266117,17574926.0,16400282.874576677,52.25348280433509,-0.0001507546764050453,729.8599243164062,1,0.006117168604919288
2026-08-17 19:30:00+00:00,729.9400024414062,730.614990234375,729.27001953125,729.8599243164062,3236305,0.0,0.0,0.0,-0.00015075467640501827,-0.00023978142769109922,-0.005884208780506439,0.001161572722916837,-0.004229558998192773,-0.0001507660410334422,-4.320068359375,0.8468017578125,-1.85003662109375,-4.105410211579359e-05,731.3392682756696,-0.002022787539836732,730.6662990025112,-0.0011036155454339416,731.233648390997,-0.0018786390336544628,725.5245288085938,0.005975532646602261,730.6408280884679,-0.0010687929582358126,729.7079298820063,0.00020829489193619706,724.8205238010972,0.0069526184066567,730.7926286969866,731.4641365438467,-0.0021931522644680324,-0.041115911716396725,42.330834065046524,1.5535577579609026,2.126630637156504,-0.5730728791956015,24.59927459534501,26.942851938547975,-68.6584793787575,0.07401344075370415,-75.40072538868058,1.964996337890625,0.00269229241450456,0.02593515803237123,0.02655801180631759,0.026771825840044262,0.29225486805947654,3262310.15,0.9920286089291661,14338621.0,16203934.124616992,51.960231633894466,-0.013876957106211101,719.731689453125,0,0.0060787020311930985
2026-08-18 13:30:00+00:00,720.219970703125,722.1300048828125,717.239990234375,719.731689453125,11529889,0.0,0.0,0.0,-0.013876957106211063,-0.01432272826704506,-0.017699362000613617,-0.01295743618524825,-0.01663904597321475,-0.013974142211987336,-12.96832275390625,-9.44830322265625,-8.64825439453125,-0.01320795030950208,729.5237949916294,-0.013422599243117695,729.8285566057477,-0.013834573971134995,730.6037277948288,-0.014880896343772957,725.6267626953126,-0.008124112209260867,728.4590003613994,-0.011980510782257679,728.8009989339262,-0.01244415072709163,724.6209616698042,-0.006747351339941447,729.3346807570684,729.491132181624,-0.013378425450216188,-0.8516516893170135,25.434779258857617,0.5739745210419187,1.816099413933587,-1.2421248928916684,14.369638751859625,21.77537156673186,-408.0282460952528,-1.4160721255993767,-85.63036124237337,2.612849644252232,0.0036303106873534054,0.055020612599497275,0.02965453386343157,0.031074254501909912,2.562670700073077,3571470.35,3.2283311549821483,2808732.0,14928200.588939182,35.12701641204019,-0.0027359031702962767,717.7625732421875,0,0.0013143922298065871
2026-08-18 14:30:00+00:00,719.5999755859375,720.2000122070312,715.9199829101562,717.7625732421875,8237973,0.0,0.0,0.0,-0.002735903170296261,-0.01672315019915005,-0.016810701341446688,-0.016574976505319472,-0.01922228320668795,-0.002739652593642475,-12.27239990234375,-12.097412109375,0.6959228515625,-0.0001830041237831245,727.178449358259,-0.012948508202310019,729.0030168805804,-0.015418926092343995,729.9300420851935,-0.01666936300940628,725.5570141601562,-0.010742699423807716,726.319714937557,-0.011781508224781445,727.7975056892226,-0.013788083043123709,724.3520052608781,-0.00909700252201035,727.7258829752604,728.1665265433102,-0.014287876360503878,-1.6039081404568913,25.61811292809216,-0.3571267386251975,1.3814541834218304,-1.7385809220470279,9.874528171755806,16.28114717298681,-328.0106225637583,-1.5432574487692525,-90.12547182288515,2.6742771693638394,0.003725852070107532,0.055351437186300506,0.03157875449843118,0.03312416555073493,-0.2855115083935327,3813622.15,2.1601439985343065,-5429241.0,12989396.628087832,32.03310983693862,0.0006512003327941528,718.22998046875,1,0.0004720658887133214
2026-08-18 15:30:00+00:00,717.7000122070312,719.489990234375,717.1500244140625,718.22998046875,7356272,0.0,0.0,0.0,0.0006512003327940885,-0.015934487509434048,-0.016379328575668928,-0.01753643052908349,-0.020214791263972964,0.0006509883938621836,-11.96002197265625,-12.82000732421875,0.3123779296875,-8.716118322186951e-05,725.1113019670759,-0.00949002102111604,728.1573006766183,-0.013633483038115558,729.2824212937128,-0.015155227251112293,725.4656140136718,-0.009973778777577585,724.7017680437956,-0.008930277060736465,726.9277306691797,-0.011965082405662188,724.1119258572652,-0.008122978200564122,726.2894781203497,727.1721321460604,-0.012297159478468603,-2.0767604427196518,24.720934278702416,-1.0452661605914955,0.8961101146191653,-1.941376275210661,12.379385462136607,12.207850795250673,-229.79551857325822,-1.5016885154561541,-87.62061453250435,2.706059047154018,0.003767677653032739,0.054827344570960154,0.03183125514262954,0.033615504073378995,-0.1070288771279051,4084652.9,1.8009540051738542,1927031.0,11935837.996841371,41.53773852501185,0.00016707060475139963,718.3499755859375,1,0.0014332320230058845
2026-08-18 16:30:00+00:00,718.2000122070312,719.6699829101562,717.7999877929688,718.3499755859375,4517225,0.0,0.0,0.0,0.000167070604751407,-0.0019197624440260297,-0.015918456352382315,-0.01923710721492977,-0.01864757433615094,0.00016705665001218384,-11.6199951171875,-14.09002685546875,0.34002685546875,-4.17251612069293e-05,723.4420166015625,-0.007038630462104354,727.3956473214286,-0.012435696816152973,728.5824962797619,-0.014044422897968286,725.4306140136719,-0.009760600519116154,723.4314095522241,-0.0070240715279763066,726.1479347525213,-0.010738802375346178,723.8859670230955,-0.00764760154132641,724.9818347749256,726.5660162285583,-0.011308044223231228,-2.266716234336989,26.284882741728126,-1.5629226082187415,0.40430357005158396,-1.9672261782703255,13.022444933655104,11.758786189182501,-167.2198732917769,-1.577016139618208,-86.97755506098585,2.743922642299107,0.0038197574101080027,0.05495986120898072,0.032029755732477815,0.034020045967626575,-0.3859355662759615,4192885.75,1.0773546596159933,6444256.0,11412830.187618382,46.859309388993985,-0.00047325931908774637,718.010009765625,1,0.0027939496129149566
2026-08-18 17:30:00+00:00,718.3400268554688,718.469970703125,716.6900024414062,718.010009765625,5615548,0.0,0.0,0.0,-0.00047325931908770436,0.00034473310905558385,-0.016235875071343275,-0.0220245485731958,-0.020142758808646244,-0.0004733713416244566,-11.84991455078125,-16.16998291015625,-0.22991943359375,-1.3849419930196638e-05,721.7020176478794,-0.005115695663817087,726.5977913992746,-0.011819168369751701,727.9163062686011,-0.013609114698561395,725.3724145507813,-0.010149827367926073,722.3471295949043,-0.0060042044213640304,725.4081233900762,-0.010198553594722805,723.6555373267241,-0.007801401730368329,723.7304164341518,725.8030939360356,-0.010737187861983166,-2.1586231781369176,25.347475716938007,-1.9778025957781438,-0.07211766311436157,-1.9056849326637821,11.200552127776147,12.200794174522613,-143.81248179386643,-1.7837327467432769,-88.79944786686481,2.7982090541294644,0.003897172763704182,0.054493203945455065,0.031964094347263494,0.03399635248908193,0.24314108772531817,4342833.8,1.2930607659910907,828708.0,10404818.550702345,44.293947219816936,-0.0001253838445763964,717.9199829101562,1,0.0027823730692233136
2026-08-18 18:30:00+00:00,718.010009765625,718.260009765625,717.0800170898438,717.9199829101562,3206663,0.0,0.0,0.0,-0.00012538384457638774,-0.0004316132256013683,-0.002517197129871196,-0.020172006347256244,-0.019315376739057144,-0.0001253917057877476,-1.81170654296875,-14.780029296875,10.0382080078125,0.0,719.9805908203125,-0.002862032583136202,725.7449340820312,-0.010781957688429088,727.2091616675967,-0.01277373725067801,725.3330139160156,-0.010220175924196204,721.4617002579548,-0.0049090857442984645,724.727383346447,-0.009393049845650982,723.4306136241137,-0.00761735902541314,722.5733753022694,725.2903932151793,-0.010162012862655155,-1.9478369302668443,22.9434235603822,-2.287493587655149,-0.5151928480225191,-1.7723007396326298,10.718093979002095,11.647030346811112,-118.57288267746695,-1.9824176018283148,-89.28190601563885,2.8117806570870534,0.00391656552821572,0.05458408508922776,0.03192730442399178,0.034009006904982944,-0.4289670393699778,4354915.3,0.7363318868681555,-2377955.0,9187411.54587355,44.71940400531365,-0.0004596000425423347,717.5900268554688,1,0.003010949664253143
2026-08-18 19:30:00+00:00,717.9199829101562,718.1699829101562,716.9199829101562,717.5900268554688,5513784,0.0,0.0,0.0,-0.00045960004254230746,-0.0010579087579822843,-0.00024039479509130324,-0.01704705493143366,-0.018962150463917582,-0.00045970569101379466,-0.17254638671875,-12.4449462890625,1.63916015625,0.0,718.2277483258929,-0.0008879098195658799,724.7835083007812,-0.009925007071652794,726.5201154436384,-0.012291591654973375,725.2364147949219,-0.01054330392607875,720.6873655774576,-0.004297756378041686,724.0785327563581,-0.008961052713689069,723.2015710057354,-0.007759308573479901,721.4860543387276,724.3224081260591,-0.009294730074689908,-1.7554006863402545,18.262045926576263,-2.530381957873942,-0.9182306699928038,-1.6121512878811384,8.949843977461406,10.289496694746544,-103.089648288142,-2.259659209702292,-91.05015601717955,2.803924560546875,0.003907418519777884,0.054612108790221374,0.030437445996403644,0.03249887773584699,0.7194772260134601,4333275.4,1.2724287037006692,-7891739.0,7560825.77959988,38.64679869885833,-0.0033724603948542976,715.1699829101562,0,0.0030137325991731866
2026-08-19 13:30:00+00:00,720.4099731445312,721.4998779296875,712.6099853515625,715.1699829101562,12649547,0.0,0.0,0.0,-0.003372460394854282,-0.0039554140149046235,-0.004260470381084125,-0.02057001531249436,-0.019401831807552283,-0.0033781599573854686,-3.05999755859375,-15.02001953125,-2.887451171875,0.003929745653539499,717.5760759626116,-0.003353084269461351,723.5499354771206,-0.011581719734971541,725.744396391369,-0.014570437655154554,725.0795141601562,-0.01366682006105815,719.5838890439974,-0.006133970202833587,723.2686645885215,-0.011197335201797352,722.8866067666931,-0.01067473623704404,720.204250953311,723.1080476409466,-0.010977702096770061,-1.5305414165863653,11.164547503785712,-2.8848947910574907,-1.3115634942057413,-1.5733312968517494,11.652225126359788,10.440054360941092,-100.49260674006423,-2.3925247720478815,-88.34777486908855,3.2260567801339284,0.004510895111959268,0.05484891819587457,0.039054507101271216,0.04085549567952101,1.294168034148599,4812271.7,2.6286019968490137,-20541286.0,4884434.181542749,27.51159820382945,0.00440458141328091,718.3200073242188,2,0.0024772588038824185
2026-08-19 14:30:00+00:00,715.1400146484375,718.7369995117188,714.8200073242188,718.3200073242188,3935023,0.0,0.0,0.0,0.004404581413280928,0.000557199163674138,-4.171819132348098e-05,-0.01595951045449817,-0.01609434695593781,0.004394909634260099,-0.02996826171875,-11.64996337890625,3.030029296875,-4.190369063975785e-05,717.6557094029018,0.0009256498800360604,722.4170793805804,-0.0056713388612972815,725.2205810546875,-0.009515137753569733,724.9725146484375,-0.00917622004943949,719.3311127000417,-0.001405618856143017,722.818786655403,-0.006223938024625163,722.7075244356158,-0.006070944279731068,719.5069271995908,722.6819194665071,-0.006035728893705191,-0.9287803982723111,16.462139701867272,-2.8784867180304445,-1.624948138970682,-1.2535385790597626,26.3498402993682,15.650636467729791,-80.6422261597291,-1.6047129591388962,-73.65015969601714,3.335841587611607,0.004643949150230627,0.05771755511504628,0.040376750692093996,0.04151427527724934,-0.6889198482759896,4864527.8,0.8089218854911261,-16606263.0,2837701.1166339153,27.630858888841928,-2.7869934076559898e-05,718.2999877929688,1,0.0012025047592053339
2026-08-19 15:30:00+00:00,718.3200073242188,719.7000122070312,716.7999877929688,718.2999877929688,3037338,0.0,0.0,0.0,-2.7869934076552028e-05,0.0009893684568207384,0.0004038634885303871,-0.015838568659958474,-0.014695393586367067,-2.787032245038073e-05,0.28997802734375,-11.5599365234375,0.3199462890625,0.0,717.6657104492188,0.0008838061154574237,721.3885062081473,-0.004281352403864225,724.6601039341518,-0.00877668869397595,724.9047143554687,-0.009111165138942862,719.1248877186272,-0.0011470885513004813,722.407986758818,-0.005686535920338632,722.5346798613944,-0.005860884171306618,718.9579816545759,722.4151146448644,-0.005696346558187557,-0.17948240541279842,17.545491050284994,-2.8422598801969343,-1.8684104872159326,-0.9738493929810017,28.1334592748797,22.045174900202557,-63.51835429314765,-1.6283453085726582,-71.86654072017593,3.40655517578125,0.004742524340343381,0.0577277861385583,0.04109785873815028,0.04260505694164343,-0.2281270020531011,4919263.15,0.6174375932704472,-19643601.0,696624.7245735428,31.52523229570464,-0.002450243346143947,716.5399780273438,0,0.0024586383928324297
2026-08-19 16:30:00+00:00,718.260009765625,718.52001953125,715.8300170898438,716.5399780273438,2603234,0.0,0.0,0.0,-0.0024502433461439654,0.0019156216702673756,-0.001922226593022991,-0.004434585099631239,-0.01733456043144299,-0.002453250104902904,-1.3800048828125,-3.19171142578125,-1.66998291015625,-5.565644998342527e-05,717.4071393694196,-0.0012087436749470624,720.424577985491,-0.005392098044467532,724.066144670759,-0.010394308170321971,724.7859143066406,-0.011377064753215973,718.6079057803706,-0.002877685781620145,721.8745314195929,-0.007389862309937976,722.2995935149611,-0.007973997963339662,718.3115112304688,722.1467678550658,-0.007764058605936454,-0.1314019097062947,18.291696531777788,-2.921886243480344,-2.079105638468815,-0.8427806050115292,21.370253100377262,25.284517558208382,-69.72300557360691,-1.8398007061614814,-78.629746894185,3.391911097935268,0.004733736011867151,0.05791833124431125,0.04176218892648617,0.04317091466299534,-0.14292251965372305,4958609.65,0.5249927265397871,-22246835.0,-1488466.6777667943,32.07977550499059,-5.579315679469933e-05,716.5,1,0.0025009655733278604
2026-08-19 17:30:00+00:00,716.5399780273438,717.7899780273438,715.3800048828125,716.5,3225306,0.0,0.0,0.0,-5.579315679471453e-05,-0.002533699890941876,-0.001519010597520909,-0.0017590402303708785,-0.018304860685200097,-5.579471329078191e-05,-1.09002685546875,-1.2625732421875,0.28997802734375,0.0,717.191423688616,-0.0009640713284871732,719.4467206682477,-0.004095814997261535,723.4623354957217,-0.009623632294473857,724.6771142578125,-0.011283803637397748,718.1863246242965,-0.002348032211802862,721.3859376541753,-0.006772987105982137,722.0721584751587,-0.007716899772064435,717.7882341657366,721.7673182100845,-0.007297806477494179,-0.18861877233614383,17.658644891928347,-2.9541628522969177,-2.2541170812344355,-0.7000457710624821,21.152863239053943,23.552191871436964,-67.77282764798244,-1.830477859008491,-78.84713675550832,3.4836948939732144,0.004862100340500143,0.057616378297526395,0.04227427501403863,0.04389760921925857,0.2389612305309472,4988227.8,0.6465835421549913,-25472141.0,-3772626.1370270997,31.847404496628172,0.0006008108262822749,716.9304809570312,1,0.0025011526184968813
2026-08-19 18:30:00+00:00,716.5001220703125,717.510009765625,716.25,716.9304809570312,2649581,0.0,0.0,0.0,0.000600810826282272,-0.0019065945415722707,0.0024616498020668676,-0.0018093083650875252,-0.019314010083721023,0.0006006304117175152,1.760498046875,-1.29949951171875,2.85052490234375,1.703702896019953e-07,717.050066266741,-0.00016677400273072834,718.5153285435268,-0.0022057255058231793,722.8466448102679,-0.008184535261668572,724.5962243652343,-0.010579331150818357,717.9351558908435,-0.0013993950923940812,720.9808961362531,-0.0056179230280892336,721.8705240626832,-0.006843392188730173,717.4527355375744,721.3382023894319,-0.0061104782996297255,-0.16811876905053946,19.498705060998503,-2.911444758902462,-2.385582616768041,-0.5258621421344212,23.996081274896603,22.1730658714426,-59.702221714707235,-0.3892017729854726,-76.00391871954939,3.480839320591518,0.00485519783722975,0.057126416749235555,0.042253990116603045,0.04399757093214559,-0.17850244286898664,4953902.2,0.5348472563709472,-22822560.0,-5586905.552548328,31.93418301423435,-0.001144456299826267,716.1099853515625,1,0.0022705540793004227
2026-08-19 19:30:00+00:00,716.9600219726562,717.760009765625,715.239990234375,716.1099853515625,4913886,0.0,0.0,0.0,-0.0011444562998262908,-0.0006000958620132613,-0.0030766537895675627,-0.0031182436284596937,-0.0222953648563865,-0.0011451116900287465,-2.21002197265625,-2.239990234375,-3.97052001953125,4.120485376144764e-05,716.8386317661831,-0.001016472023590989,717.5331900460379,-0.0019834687986797265,722.1352161225818,-0.008343632378659958,724.4824243164062,-0.011556441790471385,717.5701217829874,-0.0020348344880842476,720.5380860649176,-0.006145547055718014,721.6446205838157,-0.007669474800169617,717.1320231119792,720.3870929590221,-0.005937235202098412,-0.17095556802957274,18.871475421431725,-2.910249950452453,-2.4905160835049234,-0.4197338669475297,36.76463045210576,27.304524988685433,-61.79791206667202,-0.23024158018686236,-63.23536953739006,3.5647713797433034,0.004977966307770808,0.05611103273623442,0.042293266298161734,0.04399990309166899,0.8545898389217013,4896270.1,1.0035978203081566,-27736446.0,-7696385.5951627735,31.281961945177756,-0.005613604862834327,712.0900268554688,0,0.002253305129354886
2026-08-20 13:30:00+00:00,712.280029296875,714.9400024414062,711.0499877929688,712.0900268554688,8887959,0.0,0.0,0.0,-0.005613604862834354,-0.006154882267315087,-0.008645358545223636,-0.008244986601354864,-0.030087943066663736,-0.0056294203583453955,-6.2099609375,-5.91998291015625,-3.99993896484375,-0.005348279081462462,716.3986380440848,-0.006014264907556822,716.9873570033482,-0.006830427482488671,721.1661696661087,-0.012585369631009547,724.308125,-0.016868647089267982,716.4741027974836,-0.006118959394193128,719.7700806822404,-0.010670148750113895,721.2699306336845,-0.012727417833900006,716.4062680199032,719.2448720342213,-0.009947718026138662,-0.41244064993948526,26.086142656924707,-3.19682905519619,-2.631778677843177,-0.5650503773530131,9.952631547254184,23.571114424752178,-104.24420793273475,-0.8548729209640461,-90.04736844317634,3.024775913783482,0.004247743683669321,0.056671915264981276,0.04331437699121064,0.04564993584725417,0.8087434262821727,5154587.6,1.7242812984689597,-36624405.0,-10451435.062290128,32.40431313096802,-0.00019156787635566416,711.95361328125,1,0.001781988333557519
2026-08-20 14:30:00+00:00,712.0599975585938,714.625,710.8900146484375,711.95361328125,4747376,0.0,0.0,0.0,-0.0001915678763556583,-0.0069419111168737,-0.006400710200036741,-0.008310633177698978,-0.028314997379745077,-0.00019158622782502278,-4.58636474609375,-5.96636962890625,1.62359619140625,-4.217064660709369e-05,715.4891531808036,-0.004941430465899999,716.5724312918527,-0.006445709894628993,720.1077706473214,-0.011323523642482238,724.1105969238281,-0.01678884923685235,715.570004894237,-0.005053861380783286,719.0594927366958,-0.009882185726234395,720.9045848551576,-0.012416305516622029,715.7351021902901,718.5450324462091,-0.009173286109167258,-0.5891314676000968,29.466057930343283,-3.3958077379935503,-2.7845844898732515,-0.6112232481202988,10.024621472661861,18.913961157340598,-111.47537030004395,-0.8904242391685566,-89.97537851791296,2.985844203404018,0.004193874639723609,0.05683005961577866,0.0443857588663443,0.04726967800196804,-0.4658643227314617,5243037.05,0.9054629892420842,-41371781.0,-13396229.913500592,33.97618656128452,-5.4266532517740785e-05,711.9149780273438,1,0.001788790307045839
2026-08-20 15:30:00+00:00,711.9299926757812,712.2000122070312,710.1337280273438,711.9149780273438,3886104,0.0,0.0,0.0,-5.426653251772162e-05,-0.005858048917107728,-0.00639919326260463,-0.007908483417744083,-0.02482072199793106,-5.426800499926859e-05,-4.58502197265625,-5.675048828125,0.0013427734375,-3.317716916956743e-05,714.5770089285714,-0.003725324028008385,716.121359688895,-0.005873839126056507,719.1180071149554,-0.010016477151642477,723.9490966796875,-0.01662287957471082,714.8389995208584,-0.004090461622086122,718.409991399482,-0.009040817151605532,720.5520512540669,-0.011986744346475706,715.114108421689,717.8225465596488,-0.008229845329615763,-0.71224985852583,26.979436879231613,-3.516086068268919,-2.930884805552385,-0.5852012627165339,15.671533590068023,11.882928869994686,-136.59730920067392,-0.8488783798797346,-84.32846640113392,2.9662955147879466,0.004166642936777555,0.05640507080641811,0.04401428373366568,0.04747131055674221,-0.18142064163445237,5243410.7,0.7411404946783968,-45257885.0,-16430673.255071964,25.063174214221306,-0.0015802448813723234,710.7899780273438,0,0.0017858998753213413
2026-08-20 16:30:00+00:00,711.8499755859375,713.0,710.7349853515625,710.7899780273438,2252213,0.0,0.0,0.0,-0.0015802448813723169,-0.001825680432382848,-0.00856499073869832,-0.006124424944388029,-0.026568460741996036,-0.0015814947852578946,-6.1405029296875,-4.3800048828125,-1.55548095703125,-9.130646694114368e-05,713.7555803571429,-0.0041549269965932625,715.5813598632812,-0.006695789053038279,718.2015787760416,-0.01031966646650708,723.7922961425782,-0.017964156546721715,714.0291952221554,-0.0045365332629001345,717.7172629111058,-0.00965182982453963,720.1692248530189,-0.013023670690144238,714.4032575334821,717.3767319777146,-0.009181722317927486,-1.0063809480314234,24.32241932435153,-3.659995460156779,-3.076706936473264,-0.5832885236835148,5.773722901604009,10.489959321444625,-143.68006513436976,-0.9931475725052843,-94.22627708959793,2.994511195591518,0.004212933901935386,0.05614704298520422,0.044412586521149724,0.04787281890253474,-0.42044448630299136,5225280.6,0.43102240289258337,-47510098.0,-19390618.468874633,22.499087041675395,-0.0022088202883445165,709.219970703125,0,0.002155903949772677
2026-08-20 17:30:00+00:00,710.7550048828125,711.4868774414062,708.52001953125,709.219970703125,3050688,0.0,0.0,0.0,-0.0022088202883445707,-0.003839635795267915,-0.009621447528140425,-0.012668499454709492,-0.028425826859717396,-0.002211263330034004,-6.8900146484375,-9.10003662109375,-0.74951171875,-4.920320433929275e-05,712.715576171875,-0.0049046289790951785,714.9534999302456,-0.008019443540974282,717.2030058361236,-0.011130788727914937,723.62349609375,-0.0199047231997826,713.0673503183493,-0.005395534676354578,716.9447818012893,-0.010774624900324008,719.7398423373369,-0.014616214103187964,713.555072312128,716.8487726565006,-0.010642135753534364,-1.1033388900703864,22.446832100662107,-3.856278383252743,-3.23262122582916,-0.6236571574235832,5.392594821414487,8.945950437695501,-175.53550168304412,-1.1664119955805792,-94.60740517088126,3.079289027622768,0.004341796839936135,0.056087483360640976,0.04513792249490766,0.048575120249080096,0.35452907873278416,5252595.7,0.5807962718318487,-50560786.0,-22359205.852791335,23.408000128109194,0.0024111305988196072,710.9299926757812,2,0.0015093039763343112
2026-08-20 18:30:00+00:00,709.2000122070312,710.989990234375,708.719970703125,710.9299926757812,3143916,0.0,0.0,0.0,0.0024111305988196996,-0.0013835716089185546,-0.0016290555069421453,-0.010260330283218266,-0.025936389997512133,0.002408228487414385,-1.1600341796875,-7.3699951171875,5.72998046875,-2.8141475026337574e-05,711.8583635602679,-0.001304151123324882,714.4542149135044,-0.004932747493336426,716.2963402157739,-0.007491798071128741,723.51849609375,-0.017399007054990534,712.6398787898357,-0.0023993691132689846,716.3979827898795,-0.007632615174035733,719.3943580368838,-0.011765960167089307,713.0186046781994,716.247135613652,-0.007423614941660827,-0.975582649292522,30.109349575154013,-3.8297030985918354,-3.3520376003816947,-0.4776654982101407,18.567021845443936,9.911113189487473,-139.80531672605335,-0.5928646805219345,-81.43297814685182,3.1571480887276784,0.004440870579732386,0.057582708724359714,0.04548050937008143,0.04872110531697584,0.030559663918434232,5247976.25,0.599072070876845,-47416870.0,-24745650.0572874,23.29379560537393,2.8159638018155583e-05,710.9500122070312,1,0.001525134794648518
2026-08-20 19:30:00+00:00,710.9310302734375,711.6500244140625,710.4738159179688,710.9500122070312,4731848,0.0,0.0,0.0,2.8159638018054878e-05,0.00022514974132259447,-0.0014096439086717094,-0.0078013313865639144,-0.012201320818270966,2.815924154289127e-05,-1.00360107421875,-5.5899658203125,0.15643310546875,1.459493433865767e-06,711.1212245396206,-0.00024076391855683456,713.9799281529018,-0.0042436990542645495,715.3958682105655,-0.006214539671089419,723.3761962890625,-0.01717803840624101,712.3019054732748,-0.0018979217321388859,715.9027127368932,-0.006918119517833544,719.0632072200268,-0.011283006739213838,712.5513776506697,715.5897517130683,-0.0064837981468059665,-0.8777250038393161,30.765966750857572,-3.763641666822309,-3.434358413669818,-0.3292832531524912,18.721257204828653,14.22695795722902,-101.77005792531654,-1.0260044328475375,-81.27874278746711,3.1518772670200894,0.00443333175736386,0.03339878365137669,0.043256244232106396,0.045851529558512065,0.5050809245539638,4908074.2,0.9640946341031272,-42685022.0,-26454161.670879073,30.989554055970785,-0.0005063441105303349,710.5900268554688,1,0.0017122784048897086
2026-08-21 13:30:00+00:00,715.22998046875,715.3699951171875,709.2050170898438,710.5900268554688,8218251,0.0,0.0,0.0,-0.000506344110530299,0.0019317788682480241,-0.0018611087177099472,-0.008248392385947323,-0.009992923362275419,-0.0005064723459987766,-1.324951171875,-5.90997314453125,-0.32135009765625,0.006020069186617283,710.9069388253348,-0.000445785450328081,713.6527884347098,-0.004291669042524826,714.9605509440104,-0.006112958376185679,723.2211962890625,-0.017465153812399836,711.9595297497136,-0.0019235684572189008,715.4197412931273,-0.006750882256788293,718.730925637103,-0.011326768462629663,712.0993908110119,715.0668155049843,-0.006260657818874994,-0.7293602528314158,34.935395504535805,-3.6977104116650708,-3.4870288132688687,-0.21068159839620204,18.515283364342157,18.601187471538243,-74.8148587580481,-1.0733622537261496,-81.4847166267133,2.957240513392857,0.004161669037877148,0.03244183450256775,0.045277880495323664,0.046648900674772474,0.7367952225008072,4907088.1,1.6747714392981856,-50903273.0,-28782648.464128684,47.17256146743622,0.003025603087085747,712.739990234375,2,0.0016283876227608156
2026-08-21 14:30:00+00:00,710.5999755859375,712.8499755859375,710.1635131835938,712.739990234375,3947507,0.0,0.0,0.0,0.00302560308708566,0.002545957516550068,0.0027434435871522833,-0.0058450447204621,-0.0076437775972425515,0.0030210351615656997,1.95001220703125,-4.19049072265625,3.27496337890625,1.4000661552712071e-05,711.0192783900669,0.0024200635574914437,713.2542157854352,-0.0007209569038344197,714.7213803245908,-0.0027722552378566705,722.971396484375,-0.0141518824945752,712.1156218466459,0.0008767795124464475,715.1761275605135,-0.0034063459786399654,718.4959869938589,-0.008011174541918582,711.9776843843006,714.6853088724928,-0.0027219233611840282,-0.3392116148052639,30.35342049451218,-3.432408669715528,-3.4761047845582005,0.04369611484267244,37.745737632629115,24.994092733933304,-62.569099213642204,-0.5303246028818837,-62.254262358426324,2.8693455287388394,0.004025795616984067,0.03458351010135134,0.04546041229635398,0.04645127770343298,-0.5196658023708451,4736649.85,0.8333964141343485,-46955766.0,-30513421.562783092,47.15724314431426,0.0014451683797569554,713.77001953125,1,0.0010542259846172308
2026-08-21 15:30:00+00:00,712.780029296875,715.673828125,712.6799926757812,713.77001953125,5833125,0.0,0.0,0.0,0.0014451683797569448,0.003966533899429248,0.006415567829560764,-0.0032676067478150106,-0.0063756611823529985,0.0014441251289284728,4.550048828125,-2.3399658203125,2.60003662109375,5.6176253680921585e-05,711.2842843191964,0.0034947140923115914,712.930646623884,0.0011773556254591764,714.5090012323288,-0.001034251072839209,722.762197265625,-0.012441405718757868,712.4465013835668,0.0018577088175899452,715.0482995578532,-0.001787683471720443,718.3106549365017,-0.00632126973759948,712.0464582170758,714.4617740321264,-0.0009682176514097731,0.10902317443964701,35.109563119477045,-3.103267832030383,-3.401537394052637,0.29826956202225396,52.49999999475,36.25367366390709,-9.389367318766652,-0.38101611566590227,-47.49999999525,2.8760463169642856,0.004029373941551966,0.03514532938495445,0.045997242375824164,0.04708099564762076,0.4776731238221996,4802444.85,1.2146157180753465,-41122641.0,-31523823.413946606,49.52490995006152,-0.0004974172271054679,713.4149780273438,1,0.005752322715106156
2026-08-21 16:30:00+00:00,713.7794799804688,714.1099853515625,712.969970703125,713.4149780273438,2864954,0.0,0.0,0.0,-0.0004974172271055011,0.003975500731942638,0.0034954009215584225,0.0018606512124961228,-0.006399676433175627,-0.0004975409800940256,2.4849853515625,1.324951171875,-2.0650634765625,1.3254198074821987e-05,711.6592843191964,0.0024670425115361342,712.7074323381696,0.0009927575567044548,714.2740013485864,-0.0012026523709662113,722.5464965820313,-0.012637966688470684,712.6401967123222,0.0010871984468386697,714.8998157823523,-0.0020769871836959024,718.1186676067308,-0.006550017137218371,712.1110357375372,714.2358783150781,-0.0011493405927321782,0.2694802845843391,38.68248168032948,-2.8383514799445493,-3.2889002112310197,0.45054873128647044,52.804535183500356,47.68342427029315,-18.35424282893283,-0.4903547865603019,-47.19546480571211,2.7653329031808034,0.0038761912608329587,0.03514685468203131,0.0458190412127032,0.04683690605383374,-0.5088474874102646,4664915.15,0.6141492198416512,-43987595.0,-32710849.279285025,49.32688487731265,-0.0010652267668532502,712.655029296875,1,0.006415550279654608
2026-08-21 17:30:00+00:00,713.4249877929688,713.7750244140625,712.655029296875,712.655029296875,2292490,0.0,0.0,0.0,-0.0010652267668532778,-0.0001192032700060297,0.002398223588956361,0.0009851990390108423,-0.007333621766508425,-0.0010657945241149876,1.70501708984375,0.701416015625,-0.77996826171875,1.4030775822318543e-05,712.1500069754464,0.0007091516063767422,712.4327915736607,0.0003119420187315236,714.0190022786459,-0.0019102754652412885,722.2979968261719,-0.01335040048796404,712.6431632292328,1.6650784367956553e-05,714.6957442836726,-0.002855361883874315,717.9044072808541,-0.007312084910934632,712.1040486653645,714.0838227113371,-0.0020008763243439254,0.3559307264930522,36.76521253295017,-2.6590727383768353,-3.162934716660183,0.5038619782833478,44.75123523176735,50.018590136672564,-25.88878340034132,-0.48246165049444484,-55.24876475741013,2.673191615513393,0.00375103171326397,0.03523653321706029,0.04580726651233285,0.046761108536617024,-0.19981612270214466,4619206.5,0.4962951970213931,-46280085.0,-34003157.44316264,50.08928686189931,0.0010733855537874675,713.4199829101562,1,0.006761901129823264
2026-08-21 18:30:00+00:00,712.655029296875,713.8900146484375,712.4299926757812,713.4199829101562,3363952,0.0,0.0,0.0,0.0010733855537874426,-0.0004904053287690946,0.003982544009533573,0.0021140233444487677,-0.005811178791859661,0.0010728098874183858,2.8299560546875,1.5050048828125,1.12493896484375,0.0,712.5057198660714,0.0012831659011177828,712.1820417131696,0.0017382370299692008,713.8047165643601,-0.0005389900700783805,722.0715966796874,-0.011981656402636605,712.7985271654175,0.0008718532952211116,714.5797659769893,-0.0016230281377275283,717.7285475016112,-0.0060030558996808404,712.2356741768973,713.8402009240302,-0.0005886723854014357,0.4764334424401461,38.18847183370907,-2.4272874219764162,-3.01580525772343,0.5885178357470138,53.029962738996204,50.19524438475463,-15.251745180674401,0.18676796535946577,-46.97003725018127,2.6874782017299106,0.00376703521923157,0.03560059432152122,0.04586459926428436,0.04679010659020999,0.46737913796788644,4511714.9,0.7456038501014324,-42916133.0,-34852012.25809953,50.65283746315329,-1.403067739169365e-05,713.4099731445312,1,0.00666336892178451
2026-08-21 19:30:00+00:00,713.4099731445312,714.3099975585938,712.9099731445312,713.4099731445312,3665308,0.0,0.0,0.0,-1.40306773916965e-05,-7.015387911146753e-06,0.0009400102692931345,0.0036860327215906263,-0.0024609670535432615,-1.4030775822571237e-05,0.66998291015625,2.6199951171875,-2.15997314453125,-1.4030677391673984e-05,712.8571428571429,0.0007755134292010208,711.9891836983817,0.001995521109980036,713.6056663876489,-0.0002742316272626443,721.8577966308594,-0.011702891519278651,712.9208163612403,0.0006861305941196968,714.4734211740384,-0.0014884360957167807,717.5591916444708,-0.005782405895219338,712.3993983677456,713.4241378267793,-1.985450378956e-05,0.4927267465732722,40.39140724488013,-2.2188263443111964,-2.8564094750409836,0.6375831307297872,68.35454916797555,55.378582379579704,-2.479266306211291,0.20455825156461202,-31.645450818045873,2.607478550502232,0.003654951078137399,0.03368709688271871,0.03771636722558528,0.038789039499912525,0.08958391796315768,4062502.95,0.9022290063813982,-46581441.0,-35969100.7097091,57.740829641062206,-0.012867766111143859,704.22998046875,0,0.006945070333308398
2026-08-24 13:30:00+00:00,709.625,709.7899780273438,702.7000122070312,704.22998046875,8839791,0.0,0.0,0.0,-0.012867766111143819,-0.011822057632059901,-0.013365704360579822,-0.00703588511393427,-0.01961525046191437,-0.012951272951297945,-9.5400390625,-4.989990234375,-10.21002197265625,-0.0053054671044795425,711.9485648018973,-0.01084149152724845,711.427751813616,-0.01011736093581805,713.0847138904389,-0.012417505591119699,721.4689965820312,-0.023894326984149512,711.1826491827424,-0.00977620688858517,713.5421992917394,-0.013050691090477387,717.036477480717,-0.01786031452255313,711.364837937128,712.4419408096545,-0.011526497628088127,-0.19892611003481028,29.541807900640265,-2.762523475897183,-2.8376322752122234,0.07510879931504055,11.792739092912633,44.392416999961455,-225.48686901388027,-1.0794824938052905,-88.20726089937953,3.01104736328125,0.004275659155085615,0.053106602717826266,0.04177099026502246,0.041996548887603534,1.411745752335138,4307741.35,2.052070976824084,-55421232.0,-37821684.64211775,57.870636302190434,0.0036920277369661427,706.8300170898438,2,0.002893888463630247
2026-08-24 14:30:00+00:00,704.1599731445312,707.1900024414062,703.9500122070312,706.8300170898438,5169240,0.0,0.0,0.0,0.003692027736966086,-0.009237147792568123,-0.009230197206831825,-0.005767059525096263,-0.015968217872824098,0.0036852289316741367,-6.5849609375,-4.0999755859375,2.955078125,-9.940974704322056e-05,711.1042829241071,-0.0060107440454180506,711.0617806570871,-0.005951330365874575,712.5375714983259,-0.008010180286314223,720.946396484375,-0.019580345311868967,710.3121227641626,-0.004902219126942993,712.9320009097488,-0.008558998350628056,716.6362241320554,-0.013683660847698068,710.751806640625,711.8637879521687,-0.007071255691764527,-0.5391274396968565,38.18012337684883,-2.9496049342787956,-2.860026807025538,-0.08957812725325764,31.833385864324654,37.32689137507094,-188.98929678930995,-0.5571210990459535,-68.1666141279675,2.9756905691964284,0.004209909733946662,0.055579473630223135,0.04203043613644224,0.041522735785219436,-0.4152305184590903,4414336.45,1.1710117836622984,-50251992.0,-39005523.43810654,65.89866627194469,0.002844214207030437,708.8403930664062,2,0.002692045481086443
2026-08-24 15:30:00+00:00,706.7999877929688,709.3358764648438,706.510009765625,708.8403930664062,4142778,0.0,0.0,0.0,0.0028442142070304044,-0.006405265205339683,-0.005352710741734823,-0.0029673241499441616,-0.010745506457482956,0.0028401770829548194,-3.81463623046875,-2.109619140625,2.77032470703125,-4.248446748002293e-05,710.4000505719866,-0.0021954636747596205,710.8421674455915,-0.0028160602604313523,712.0871146065848,-0.004559444306147501,720.4850048828125,-0.016162184830320114,710.0177768246115,-0.0016582454645982798,712.560036560354,-0.005220112415927572,716.3305052667358,-0.010456223970986788,710.4556216285342,711.5483519835352,-0.00380572719981202,-0.7007863464533559,43.49855188103044,-2.9021931222391686,-2.8684600700682643,-0.033733052170904276,47.32902715535893,30.31838403753207,-111.22802510137386,-0.053520438284034674,-52.67097283693323,3.0299464634486606,0.0042745115728196545,0.05665970076864376,0.04213116869068674,0.04151413877780715,-0.19857116326577984,4491313.65,0.9223978378797925,-46109214.0,-39682065.39638211,72.35673931954955,-0.0022648366692237173,707.2349853515625,0,0.0031510890770624907
2026-08-24 16:30:00+00:00,708.8494873046875,709.0250244140625,707.0911865234375,707.2349853515625,3488163,0.0,0.0,0.0,-0.0022648366692237243,0.004267078889217846,-0.008669504228580927,-0.004721486901178573,-0.012930934610519862,-0.0022674052908647118,-6.18499755859375,-3.35504150390625,-2.370361328125,1.2829740474997445e-05,709.5171944754464,-0.0032165663378573785,710.5882393973214,-0.004718983315285735,711.6440197172619,-0.006195561605990804,719.9931042480468,-0.017719779288429535,709.4612185300017,-0.0031379208902338625,712.0759409959184,-0.006798369900797995,715.9738182112388,-0.012205520142477963,709.9746640159971,711.2232857205621,-0.005607662810074232,-0.9579958930604364,42.63238182393904,-2.960040402056279,-2.8867761364658673,-0.07326426559041188,34.95481339380466,38.039075471162754,-111.7997361621834,-0.5197427823105862,-65.0451865984875,3.006290980747768,0.0042507667790912616,0.05695427155326437,0.04192294198772995,0.04091293295145817,-0.15801353584478817,4504456.5,0.7743804385723337,-49597377.0,-40626380.787202865,67.3547879194266,0.0027218503507880757,709.1599731445312,2,0.002916447387531664
2026-08-24 17:30:00+00:00,707.25,709.280029296875,706.739990234375,709.1599731445312,3465071,0.0,0.0,0.0,0.00272185035078798,0.003296345653627464,-0.005957303878535769,-0.005022893536065665,-0.010838579219183297,0.0027181528240120103,-4.25,-3.58001708984375,1.93499755859375,2.123007027150258e-05,709.0179007393973,0.00020037915119714838,710.5839538574219,-0.00200395844172741,711.2944946289062,-0.003000896956872432,719.5153356933594,-0.014392135976969549,709.4009694529077,-0.0003397180420573287,711.8108530094286,-0.003724135216098598,715.7066086007798,-0.009147093763795421,709.784228515625,710.9500486708752,-0.0025178639901466356,-0.8940972221138468,49.87745981246072,-2.8180694109973956,-2.8730347913721728,0.05496538037477716,49.79229686814828,44.025379139103954,-82.58680456204584,-0.2517812830385347,-50.20770312414389,2.975803920200893,0.004196237848847413,0.05805630042512535,0.04244979147618096,0.04125341601723356,-0.0066201034756689925,4545231.0,0.7623531125260739,-46132306.0,-41150754.61699307,72.39206241837982,-0.002037546313641155,707.7150268554688,0,0.0027544575428100964
2026-08-24 18:30:00+00:00,709.1699829101562,709.530029296875,707.3300170898438,707.7150268554688,3333082,0.0,0.0,0.0,-0.0020375463136411698,-0.001587615804552578,0.004948733344750655,-0.008483114322674568,-0.011723001588886395,-0.002039624935136273,3.48504638671875,-6.05499267578125,7.73504638671875,1.4114961368449699e-05,708.2029070172991,-0.0006888988409896252,710.3543134416852,-0.003715450918324628,710.8556634812128,-0.004418107341734111,719.0296362304688,-0.015735943005494774,709.0637809334199,-0.0019021618565452133,711.4385051772504,-0.005233731790843537,715.3932132382186,-0.010732819714606812,709.4017049153646,710.5489593242606,-0.003988370444568657,-0.7932568687222399,43.36181471973243,-2.789990197061684,-2.856425872510075,0.06643567544839124,38.654892899360085,41.13400105377101,-77.86164986391694,-0.40459335078463154,-61.34510709293208,2.9708033970424106,0.004197739604651517,0.05826613720507944,0.04230361258007959,0.04087774124286708,-0.038091282978039986,4466190.8,0.7462918959933372,-49465388.0,-41942624.46299373,67.22338352286322,-0.002084223967445848,706.239990234375,0,0.002833901250694207
2026-08-24 19:30:00+00:00,707.739990234375,708.0499877929688,706.2100219726562,706.239990234375,6239938,0.0,0.0,0.0,-0.0020842239674458973,-0.0014068805104330284,-0.0008347507055487258,-0.010057242998749771,-0.008215304807633661,-0.0020863989848936186,-0.59002685546875,-7.17498779296875,-4.0750732421875,3.527320737717331e-05,707.1786237444196,-0.0013272933860378016,710.0178833007812,-0.005320842129831988,710.3856637137277,-0.005835806789335052,718.4990356445312,-0.0170620206875325,708.499022793611,-0.003188476605550416,710.9659129097162,-0.006647186017671502,715.0342633164993,-0.012299093250891286,708.8531284877232,710.061574873744,-0.005382046817620206,-0.7265633219342381,40.826079594652924,-2.8538627918482007,-2.8559132563777,0.0020504645294994184,27.285557691380692,38.57758248629635,-104.74300973230281,-0.9119735231712538,-72.71444230091147,3.018214634486607,0.0042736388143082915,0.05550606277576865,0.04104984042097854,0.03878852421414486,0.8721225580408762,4333789.75,1.4398340390186208,-55705326.0,-43253357.94270862,58.38689332665171,0.0043328013152841285,709.2999877929688,2,0.002511445241614934
2026-08-25 13:30:00+00:00,711.27001953125,714.0399780273438,709.1400756835938,709.2999877929688,7494218,0.0,0.0,0.0,0.004332801315284129,0.000197437325483385,0.0006483754750126192,-0.004707805833092049,-0.00372724491986387,0.0043234417573295185,0.4595947265625,-3.35504150390625,1.04962158203125,0.007122266320827565,707.9029105050223,0.001973543641666606,709.9257376534598,-0.0008814300247212965,710.2528047107514,-0.0013415179939618466,718.0438354492187,-0.012177317351060467,708.6592157934826,0.0009042032971627013,710.8144651718301,-0.0021306226210423187,714.8093897665569,-0.0077075120339140215,708.7574090866815,709.9967970082504,-0.0009814258574360217,-0.43407504400778046,47.726461060811346,-2.6272804008459616,-2.8101866852713524,0.1829062844253908,50.87150632596698,38.93731897223592,14.81353001807715,-0.6262565834875727,-49.12849366632518,3.1350010463169644,0.0044198521080865884,0.058005547245792155,0.04213997307549491,0.03991159533582079,0.20100840745533044,4471131.85,1.6761344222045251,-48211108.0,-43725524.61483161,57.90958600459572,0.0021006488932999953,710.7899780273438,2,0.0016093394587119191
2026-08-25 14:30:00+00:00,709.239990234375,710.8599853515625,707.4500122070312,710.7899780273438,3794864,0.0,0.0,0.0,0.0021006488932999723,0.004344900214338532,0.00502660749172934,-0.003686474931756556,-0.0015802448813723169,0.0020984456154161443,3.55499267578125,-2.6300048828125,3.09539794921875,-8.458700074188859e-05,708.4686192103794,0.0032765866462064587,709.7864510672433,0.001413843499816179,710.1973935081845,0.0008343941058853916,717.6304333496093,-0.009532002830938455,709.0853682402549,0.0024039556637825282,710.8122390677859,-3.131775062185346e-05,714.6517657767839,-0.005403733586577277,708.8726411365327,709.9224397696538,0.0012220183629780867,0.05056464711613526,46.481488392046614,-2.3009584473089717,-2.7083410376788764,0.40738259036990465,62.35610148040044,46.8377218325827,-16.788964910315137,-0.36794854058919263,-37.643898511891734,3.186680385044643,0.004483293917401814,0.0585692670958044,0.04292423685909324,0.04077039710837535,-0.49362775408988635,4466569.85,0.849614833628987,-44416244.0,-43791307.413419075,51.86804218954655,0.000520540706291819,711.1599731445312,1,0.001449797985417122
2026-08-25 15:30:00+00:00,710.760009765625,711.52001953125,709.469970703125,711.1599731445312,2622799,0.0,0.0,0.0,0.0005205407062918166,0.006966446219681677,0.002820238134890296,-0.0031538667592247993,0.0005205407062918166,0.0005204052719757081,2.0,-2.25,-1.55499267578125,-4.216190808131368e-05,708.7999877929688,0.0033295504969005326,709.6000191824777,0.002198356707837413,710.1614408947173,0.0014060637374996006,717.2672302246094,-0.008514618851550198,709.5002892211102,0.002339229382472483,710.8438512565809,0.00044471354347519986,714.5148327323818,-0.004695297332060314,709.0557774135044,709.9058439591328,0.0017666134122836057,0.592307761791631,45.17564342346845,-1.989556070405456,-2.5645840442241923,0.5750279738187363,72.86797253049728,62.031860112288236,15.715670100499311,-0.2097867959785137,-27.132027460889447,3.119267054966518,0.004386167912642341,0.05832623742812603,0.04282893144327811,0.0407451054630349,-0.30885560062231476,4485099.15,0.5847806062436768,-41793445.0,-43601034.80261726,49.29795013841962,-0.002362327379524522,709.47998046875,0,0.0018880994079014453
2026-08-25 16:30:00+00:00,711.1795043945312,711.2899780273438,709.27001953125,709.47998046875,1873484,0.0,0.0,0.0,-0.002362327379524576,0.00025376100222596065,0.002493876131362205,0.007454951004081778,0.0003666137113527146,-0.00236512207704312,1.76495361328125,5.25,-0.23504638671875,2.746393320424284e-05,709.1207013811384,0.0005066543494095903,709.3189479282925,0.00022702416300543108,710.0990600585938,-0.0008718214467032175,716.8554296875,-0.010288614570381181,709.4962274706381,-2.2899349227028394e-05,710.7198630031418,-0.001744544649632991,714.3173875455727,-0.006772069616613294,709.0397722516741,709.9137549686016,-0.0006110242220481078,0.3825367114698356,43.06624763688574,-1.8569233552823334,-2.4230519064358207,0.5661285511534873,58.39773312222404,64.54060237770726,-6.596675228822903,-0.5522697058931284,-41.60226686916269,3.1821201869419644,0.004485144436119351,0.05840696321050056,0.04232871070339784,0.039949972033375324,-0.2856928800110111,4426238.95,0.42326770451468726,-43666929.0,-43607310.44046324,50.12845188781171,-0.00020431654181133713,709.3350219726562,1,0.002126306923333987
2026-08-25 17:30:00+00:00,709.5,709.7100219726562,706.3200073242188,709.3350219726562,1451155,0.0,0.0,0.0,-0.0002043165418113002,-0.002046956343877304,0.0043824079365062385,0.0035439990128405263,-0.0022434989655196746,-0.00020433741727944648,3.09503173828125,2.5050048828125,1.330078125,2.8217189774325944e-05,709.1457083565848,0.0002669601096647742,709.081804547991,0.00035710608147145,710.1045386904761,-0.0010836668066337121,716.4618676757813,-0.009947278459124026,709.4639863710418,-0.0001817772302227573,710.5939683640067,-0.0017716817865020432,714.1220006603604,-0.006703306554441485,709.0419154575893,709.8785299969949,-0.0007656352479629947,0.2858685322938425,44.0203064212923,-1.743410955882382,-2.2871237163251332,0.5437127604427512,57.14916568917594,62.80495711396576,-50.48857037162362,-0.5711934687298988,-42.850834302210785,3.344264439174107,0.0047146472901746965,0.05772351802983854,0.04300501313649913,0.041287212201908334,-0.2254243964720275,4341600.9,0.33424421853238506,-45118084.0,-43751193.6366096,50.8563122280213,0.00027491568606951883,709.530029296875,1,0.0023038351395463243
2026-08-25 18:30:00+00:00,709.3699951171875,710.6699829101562,709.2100219726562,709.530029296875,2142736,0.0,0.0,0.0,0.0002749156860695212,-0.0022919510506885787,0.00032432187771780363,0.0009729076350819543,-0.0019973034471835183,0.00027487790367678735,0.23004150390625,0.68963623046875,-2.864990234375,4.930412773634185e-05,709.4049944196429,0.0001762531673944922,708.803950718471,0.0010243715172114655,710.0378737676712,-0.0007152357494687849,716.0688684082031,-0.009131578539162863,709.4771949562085,7.44693994987909e-05,710.497246630631,-0.0013613245348120188,713.9419233519884,-0.00617962597628837,709.1016787574405,709.8122429424367,-0.0003975891489154996,0.3161982783181544,42.84691339745394,-1.6190526688834552,-2.153509506836798,0.5344568379533428,58.82881745700275,58.125238756134245,-8.293755025794349,0.7526019872925109,-41.17118253438397,3.3442600795200894,0.004713345371484061,0.05773776715509125,0.04308381450525832,0.04139799752630836,0.4765727989084556,4212145.3,0.5087041987844055,-42975348.0,-43677303.57598011,49.80070368232923,0.0015643951710718506,710.6400146484375,2,0.002482126704367661
2026-08-25 19:30:00+00:00,709.530029296875,711.0800170898438,709.1799926757812,710.6400146484375,2663502,0.0,0.0,0.0,0.001564395171071764,0.0016350485025962147,-0.00021098127933993904,0.00481456569230998,7.034688228024777e-05,0.0015631727796488924,-0.14996337890625,3.405029296875,-0.3800048828125,0.0,710.0335693359375,0.0008541079445952491,708.6060965401786,0.002870308508756599,710.0231119791666,0.0008688487161360226,715.6844689941406,-0.00704843344272344,709.7097588946542,0.0013107551955193802,710.5102255413407,0.00018267028739488823,713.8124367361629,-0.004444335688835224,709.346487281436,709.6293301965505,0.0014242427826448485,0.28559274381007965,45.10447340356647,-1.414624379869224,-2.0057324814432835,0.5911081015740596,70.01786924686925,61.99861746434931,9.349165659772106,0.5390259986799738,-29.982130744312375,3.379974365234375,0.004756239862037229,0.05800869613541399,0.039348526567364914,0.038486758714337585,0.24303787307442448,3934407.85,0.6769765874679208,-40311846.0,-43356783.806839146,48.89661677708819,-0.002976176672828242,708.5250244140625,0,0.0023877247008556018
2026-08-26 13:30:00+00:00,708.5,712.2000122070312,707.969970703125,708.5250244140625,4994389,0.0,0.0,0.0,-0.0029761766728282346,-0.0011419111329666887,-0.0037051420636313726,-0.0008953533116841106,-0.005913749583387973,-0.002980614293571588,-2.63494873046875,-0.63494873046875,-2.4849853515625,-0.0030113905835898935,709.9228602818081,-0.001968996838880123,708.9128853934152,-0.0005471207920517653,709.9247785295759,-0.0019716935622540385,715.2339697265625,-0.00938007085297619,709.4728119985359,-0.0013359040240065424,710.3297527115881,-0.0025406908420120707,713.6050872333354,-0.007118871361976061,709.3356776646206,709.5120024511256,-0.0013910660195345524,0.2235386909188219,60.11755161924096,-1.4070558601088123,-1.8859971571763894,0.47894129706757704,45.34219726857443,58.06296132414881,-10.59557592707009,-0.04449078458678644,-54.657802721514734,2.9171229771205356,0.0041171770602299144,0.05778201727814041,0.04055601401074357,0.040730711180265944,0.8751211750544958,3986751.95,1.252746361608978,-45306235.0,-43542445.82523542,52.41053225016459,0.002646342663126954,710.4000244140625,2,0.0017473732058974876
2026-08-26 14:30:00+00:00,708.489990234375,711.0399780273438,708.469970703125,710.4000244140625,2173287,0.0,0.0,0.0,0.0026463426631269105,0.00122615686618599,0.0012967863373742894,0.0037938964932309194,-0.004721401887124221,0.002642847263706628,0.9200439453125,2.68499755859375,3.55499267578125,-4.944663699976327e-05,709.8671526227679,0.000750664105706317,709.1678859165737,0.0017374426027407586,709.8133515857514,0.0008265170371895499,714.7931701660157,-0.006146037672585324,709.6582544816413,0.0010452494954236665,710.3361410481766,8.993399349148852e-05,713.4793984953247,-0.004315995791542265,709.5339628673735,709.1778002176835,0.001723438319702197,0.17663944126646794,58.70704973617007,-1.2355186339706279,-1.7559014525352372,0.5203828185646093,53.51246433066158,56.29084361536842,10.549671454356613,0.44752297723538126,-46.487535656566955,2.869267054966518,0.004038945602977771,0.05841433465161861,0.040305274602219915,0.04006219558850048,-0.564854279472424,3803760.05,0.5713522860097339,-43132948.0,-43503446.03235585,49.57640629694362,-0.0016892063144578568,709.2000122070312,0,0.0017743340107400799
2026-08-26 15:30:00+00:00,710.3800048828125,711.2196044921875,708.7766723632812,709.2000122070312,1831761,0.0,0.0,0.0,-0.0016892063144579028,-0.00202634584560879,-0.00019033286309411146,0.004191240957162279,-0.005908154370359964,-0.0016906346321531106,-0.135009765625,2.96002197265625,-1.0550537109375,-2.8180645498265456e-05,709.587158203125,-0.0005455932955065976,709.1935729980469,9.079621177536608e-06,709.5957321893601,-0.0005576696200065137,714.2935705566406,-0.007130903258211967,709.5666060267192,-0.0005166446906799006,710.2328566080724,-0.0014542334833288185,713.3115794251956,-0.005764055059181621,709.5382463727678,709.0263819928953,0.0002448854070108182,-0.08841137612038616,50.913188187205876,-1.1827708564006798,-1.6412753333083259,0.45850447690764606,38.18655191816996,45.68040450580199,9.585465254392426,0.00564598454737988,-61.81344806905857,2.841914585658482,0.004007211698728591,0.05863941312232886,0.040825437490944985,0.040636199181051984,-0.15714721525504916,3752100.4,0.4881961580772198,-44964709.0,-43642613.93403625,43.280719466695466,0.0019881177668672227,710.6099853515625,2,0.004684172630317628
2026-08-26 16:30:00+00:00,709.2050170898438,710.6799926757812,708.2899780273438,710.6099853515625,1622970,0.0,0.0,0.0,0.001988117766867248,0.0029426779092582844,0.001522072371986427,0.0018468878910740116,-0.002869612731604798,0.0019861440762597472,1.0799560546875,1.30999755859375,1.2149658203125,7.057082242451945e-06,709.7485874720982,0.0012136662117654222,709.4346444266183,0.0016567289660522027,709.4621611095611,0.0016178794372975157,713.8517700195313,-0.00454125744883358,709.775281891688,0.0011760108884725914,710.2671410392988,0.00048269769563252075,713.205634559563,-0.003639412088492264,709.7271013532367,708.9212142914066,0.0023821702977833642,-0.08120840566145285,58.656121985152645,-1.0154888897220644,-1.5161180445910738,0.5006291548690094,56.19397283475451,49.29766302786201,22.905847031572772,0.4090570902461387,-43.80602715247402,2.8744986397879466,0.004045114337032277,0.05910362628290271,0.04131682576563557,0.041156626475603975,-0.11398375661453652,3718624.4,0.4364436483555585,-43341739.0,-43613959.17841375,48.59222350689107,0.0004081550618184854,710.9000244140625,1,0.004984049187629482
2026-08-26 17:30:00+00:00,710.5999755859375,711.2926025390625,710.5100708007812,710.9000244140625,1765666,0.0,0.0,0.0,0.0004081550618184604,0.0007038288046405938,0.00036588112161628494,0.00015482264820909641,-0.0035322230333588722,0.00040807178919920656,0.260009765625,0.11004638671875,-0.8199462890625,-1.4086159540853832e-05,709.9721592494419,0.0013069035912622047,709.5589338030134,0.0018900341425615269,709.3785894484747,0.0021447432840741953,713.4690710449219,-0.003600782059260431,710.000230396163,0.00126731510692065,710.3246758915501,0.0008099796361282989,713.1152184754258,-0.0031063620631965145,709.9224853515625,708.7693041296999,0.003006225399357443,0.036299272012645545,54.8713847364091,-0.8497179776267103,-1.3828380311982011,0.5331200535714908,59.89819621017591,51.42624032103347,78.39263212356006,0.6598372004018646,-40.101803777052616,2.74896240234375,0.0038668762244109234,0.05896994900779509,0.04115263497900794,0.04098574045167963,0.08792275889264745,3638710.1,0.4852450322986708,-41576073.0,-43419874.78046958,46.617266577643896,0.001983363477436053,712.3099975585938,2,0.004947524838266102
2026-08-26 18:30:00+00:00,710.9000244140625,713.02001953125,710.8099975585938,712.3099975585938,2345381,0.0,0.0,0.0,0.0019833634774359954,0.004385202055882997,0.005342045819286767,0.001617110716984671,-0.0015418561939765096,0.00198139920890434,3.78497314453125,1.1500244140625,3.52496337890625,0.0,710.3692975725446,0.002731959267775391,709.8871459960938,0.003413009484904688,709.3257330031622,0.004207184959711627,713.1114709472656,-0.0011239103861365467,710.4621838286492,0.002600861484258202,710.5051596794631,0.0025402178359160213,713.0836411845696,-0.0010849269023891902,710.2892938523065,708.6319919317841,0.005190290120515058,0.26518480702278063,62.88915363977598,-0.5976805964768346,-1.2258065442539279,0.6281259477770933,77.90561712676048,64.66592872389697,141.19511027820073,0.42436343118890923,-22.09438286046806,2.7496773856026784,0.0038602257374221864,0.05946431240167673,0.04147098224778772,0.04119691551953685,0.32832653514311305,3572713.75,0.656470449108888,-39230692.0,-43020904.99185343,53.14156893916556,-0.001417935686831235,711.2999877929688,1,0.004966772204869762
2026-08-26 19:30:00+00:00,712.3099975585938,712.4500122070312,710.885009765625,711.2999877929688,2174429,0.0,0.0,0.0,-0.0014179356868312398,0.0009710002049363453,0.001266840298391747,0.002565269456956676,0.01003934441915244,-0.0014189419089218522,0.89996337890625,1.82000732421875,-2.885009765625,0.0,710.4635794503348,0.0011772712448960053,710.2485743931362,0.0014803456673312275,709.2252575102307,0.0029253474277249917,712.7380712890625,-0.0020176886208573613,710.6297446215132,0.000943167910613726,710.5774167806909,0.001016878661230867,713.0136939927421,-0.002403468845281948,710.4776727585565,709.1470819962791,0.0030359087012331695,0.2929251827822548,64.57378917179686,-0.47397481652058104,-1.0754401987072586,0.6014653821866776,64.50776381947996,67.43719238547213,114.65435945995381,0.07175252625813791,-35.49223616756661,2.730037144252232,0.0038380953059189422,0.0360697008597237,0.03583035495382688,0.03696494824194114,-0.07288879717197339,3239445.65,0.6712349071206055,-41405121.0,-42867020.8021531,58.641478216450594,0.010733881479901345,718.9349975585938,2,0.005375138760716531
2026-08-27 13:30:00+00:00,716.97998046875,719.2692260742188,714.5250244140625,718.9349975585938,7917150,0.0,0.0,0.0,0.010733881479901397,0.011302536036841282,0.013726713457416828,0.013533767949649667,0.017125730622743696,0.010676682322694022,9.7349853515625,9.5999755859375,8.83502197265625,0.007985368723816829,711.9507184709821,0.009810059750486082,710.936789376395,0.01125023813889722,709.9254964192709,0.012690769925509646,712.5195727539062,0.009003857648264644,712.2907952089292,0.009327935155621806,711.3371968514093,0.01068101139769421,713.2459019757167,0.007976345278830281,711.6358625139509,710.3768698067319,0.012047306318093103,0.7481438735414707,71.96270259360091,0.23740769684559382,-0.8128706195966882,1.050278316442282,97.41892910258242,79.94410334960763,366.06620271265024,1.0932876859861493,-2.5810708896950967,2.74212646484375,0.003814150756538251,0.050216534331030314,0.037242555396168546,0.03928219208108843,2.6410248391646727,3376841.15,2.344543213115014,-33487971.0,-41973777.96385281,59.16408112054974,-0.0009945639840832409,718.219970703125,1,0.0022023455752172433
2026-08-27 14:30:00+00:00,718.9299926757812,719.5800170898438,717.1400146484375,718.219970703125,3015511,0.0,0.0,0.0,-0.0009945639840832632,0.008296911688432607,0.010709088682165913,0.012247461062164566,0.01323228434562429,-0.000995058891014098,7.6099853515625,8.68994140625,-2.125,-6.9615234054385245e-06,713.067853655134,0.007225283009989095,711.4675031389509,0.009490900897613985,710.4678751627604,0.010911254134576866,712.4893383789063,0.008043113090294556,713.4766303077683,0.00664820709446909,711.9629035652016,0.008788473537851385,713.4409634944386,0.0066985321185821355,712.6069533575148,710.871251045171,0.010337623932799482,1.0451799898775203,67.55671570591203,0.7350139886838178,-0.503293697940587,1.2383076866244047,89.74324746621272,83.88998012942504,284.59134536375973,1.2318868008915786,-10.256752526245803,2.6728428431919644,0.003721482209094765,0.050047271504820044,0.03697330158040929,0.03938378326446987,-0.6191166013022362,3320477.8,0.9081557479468766,-36503482.0,-41452797.395866826,68.17686485517615,0.0008771753898680039,718.8499755859375,1,0.0024799348684834345
2026-08-27 15:30:00+00:00,718.25,719.3200073242188,716.6699829101562,718.8499755859375,2789151,0.0,0.0,0.0,0.000877175389867979,0.010614351079064388,0.011182938386346875,0.011552911134002919,0.016423099075905112,0.0008767908963647484,7.949951171875,8.2099609375,0.3399658203125,4.1810723872743364e-05,714.4464198521206,0.006163591294532934,712.0167890276227,0.009596945835556798,710.9445219494048,0.011119649132178227,712.5110864257813,0.008896548111195751,714.5512993634022,0.006015909881290506,712.589001021632,0.008786235200543892,713.6530816156738,0.007282101211545078,713.5912830171131,711.3496195873297,0.010543839192531497,1.345583109580165,67.95053351497751,1.1667570400215936,-0.16928355034815085,1.3360405903697445,94.49441201209565,93.8855295269636,214.133699958677,1.34139064314163,-5.505587980362881,2.7156982421875,0.0037778372879127466,0.048838133667766355,0.037350146008274535,0.040147530656934376,-0.07506522111841074,3285527.2,0.8489203802665213,-33714331.0,-40715800.59626046,61.08734767165729,0.0012729207673049553,719.7650146484375,1,0.0026103249521265658
2026-08-27 16:30:00+00:00,718.8862915039062,720.6199951171875,718.7899780273438,719.7650146484375,2504199,0.0,0.0,0.0,0.001272920767305008,0.001154509229154721,0.010465972842435889,0.015863928368190283,0.014954371235705421,0.001272111290525474,7.45501708984375,11.239990234375,-0.49493408203125,5.051946748568536e-05,715.7542811802456,0.005603506082524297,712.7514343261719,0.009840149011957238,711.5411900111607,0.011557763278800886,712.541787109375,0.010137268676347205,715.5940424204093,0.005828684953712785,713.2413658967962,0.009146481210367863,713.8927652640175,0.00822567431712248,714.6243797665551,711.8317434085976,0.011144868591895559,1.4342053344221164,74.89716671637053,1.56471545799252,0.17751625131998336,1.3871992066725367,94.02111049276138,92.75292332368991,194.05050403456875,1.442502068825849,-5.9788895002456,2.7021309988839284,0.003754184968548388,0.0483579509404159,0.03695842144107642,0.03999512093799785,-0.10216442207682552,3237483.6,0.7735016788965353,-31210132.0,-39810498.82518803,66.47395538498512,-0.003383045173129319,717.3300170898438,0,0.0031603581031759923
2026-08-27 17:30:00+00:00,719.7568969726562,720.1599731445312,717.0399780273438,717.3300170898438,3386290,0.0,0.0,0.0,-0.003383045173129373,-0.0012391100910351671,0.008477477014424029,0.009755056922326366,0.013585963091806263,-0.0033887806095982387,6.030029296875,6.92999267578125,-1.42498779296875,-1.127823055584846e-05,716.6728515625,0.0009169672409246028,713.322505405971,0.005618092312377463,711.9302397228423,0.007584700109235432,712.5213879394531,0.00674875060844138,715.9412373542963,0.0019397957026161226,713.6130614598005,0.005208642933797263,714.0275594532656,0.004625112284324544,715.234857468378,712.3505213895706,0.00699023240770947,1.362760498703714,67.42203373092741,1.6644299066232406,0.4748989823806348,1.1895309242426058,73.99231874662358,87.50261375049354,128.30214521199872,0.9414052549104576,-26.007681245471296,2.6828438895089284,0.0037400412998040886,0.04960524388806844,0.0375202096587032,0.04028175237494944,0.3522447696848374,3240144.0,1.0451047854663247,-34596422.0,-39313920.079932034,63.31150205952794,0.0021398423430801427,718.864990234375,2,0.005692381306683953
2026-08-27 18:30:00+00:00,717.3099975585938,719.1199951171875,717.2999877929688,718.864990234375,2589654,0.0,0.0,0.0,0.0021398423430800673,2.08870403386463e-05,-9.737643104934524e-05,0.013628000368000937,0.01787635955846989,0.002137556141280147,-0.07000732421875,9.66497802734375,-6.10003662109375,-2.7908397492119302e-05,717.6092790876116,0.0017498535531175914,713.9892883300781,0.006828816599887145,712.4611903599331,0.008988278886036934,712.5384875488281,0.00887882240200317,716.5259879303121,0.0032643649266872227,714.0905095302163,0.006686100207791623,714.2172626211523,0.0065074422818614565,715.9738554454985,713.1708678918607,0.007984232950145909,1.202121310618177,69.21957541638231,1.8460339003377157,0.7491259659720511,1.0969079343656647,86.12647038275436,84.71329987404643,111.33848853807429,1.4593649432282048,-13.873529609340512,2.708561488560268,0.003767830573684517,0.04874236581990013,0.03749907397979621,0.04024310699955751,-0.23525333034087448,3057629.8,0.8469481818891219,-32006768.0,-38618000.834224224,63.72887166443619,0.003053434725626437,721.0599975585938,2,0.005531969386109445
2026-08-27 19:30:00+00:00,718.8800048828125,721.3499755859375,718.7100219726562,721.0599975585938,4182410,0.0,0.0,0.0,0.0030534347256263583,0.0017991745692012007,0.003954257708384867,0.014705692887021948,0.016579740544218735,0.003048782461664932,2.84002685546875,10.45001220703125,2.9100341796875,2.0886604079277553e-05,719.0035661969866,0.002860112881611002,714.7335728236607,0.008851444755744097,713.1669049944196,0.011067665239211898,712.6012878417969,0.011870185840392285,717.4327898559685,0.005055815337557101,714.7240993509779,0.008864816806038097,714.4856051677186,0.009201574312085185,716.9166166759672,713.9953986367988,0.009894460013710492,1.1487872703521251,70.53598704676803,2.1423791075978897,1.0277765942972188,1.114602513300671,97.8327509529195,85.98384669409916,124.16399332561454,1.5005592311611453,-2.1672490396066553,2.76141357421875,0.0038296585354404247,0.04774547148335136,0.035380689930046824,0.03739385156187454,0.6150458709928044,2892039.4,1.4461801592329617,-27824358.0,-37590034.85001239,65.04177912385961,-0.0010540173746959817,720.2999877929688,1,0.0051876236314402704
2026-08-28 13:30:00+00:00,719.75,721.6300048828125,716.7899780273438,720.2999877929688,8127692,0.0,0.0,0.0,-0.0010540173746960146,0.004140312871854901,0.0020171277127043474,0.013222623513979848,0.013379493323777858,-0.001054573241639033,1.45001220703125,9.39996337890625,-1.3900146484375,-0.0018167663759290462,719.1985648018973,0.0015314588278875383,715.5746416364398,0.006603568491074585,713.6907145182291,0.009260696741994036,712.6554870605469,0.010726782956435267,718.0062294433686,0.0031946217950994064,715.2309983002497,0.007087206098111627,714.7136201726305,0.007816232211974798,717.6588053385417,714.9867538826105,0.007431234049439681,0.9301355020442428,74.51577399376274,2.2895162646595963,1.2801245283696945,1.0093917362899019,90.02987696236303,91.32969943267896,95.78168611698327,1.5651403546058484,-9.970123030140735,2.8049839564732144,0.003894188538117175,0.047941913832596605,0.03677675067474893,0.03947538620870021,0.9433035020478624,3108680.8,2.6145148128427973,-35952050.0,-37434036.29286835,60.53689277308805,0.004317625162110072,723.4099731445312,2,0.005251793547926706
2026-08-28 14:30:00+00:00,720.3499755859375,724.125,719.8300170898438,723.4099731445312,4792205,0.0,0.0,0.0,0.004317625162109984,0.006322442978721865,0.0050640951170348725,0.015583068641437103,0.017225378905725286,0.004308330961568955,3.64495849609375,11.0999755859375,2.1949462890625,6.939857533781922e-05,719.9399937220982,0.00481981755797234,716.503923688616,0.009638536828036746,714.2916666666666,0.012765522689636852,712.8202868652344,0.014856039417525863,719.0869781836012,0.006011783125100966,715.9745414679116,0.01038505036975879,715.054653622509,0.011684868393880107,718.7035162062872,715.7170422934008,0.010748564581428593,0.8778113161814775,75.7622123984993,2.6267933101783,1.5494582847314158,1.0773350254468843,95.48452248655988,94.44905013394748,122.5498929290845,1.8012676512866839,-4.515477507125005,2.928196498325893,0.0040477690480178324,0.049650088285385946,0.03841253838771542,0.040532622135210965,-0.4103855067342611,3217151.1,1.489580330870999,-31159845.0,-36836494.26497613,62.68890822507807,-0.009814594558428882,716.3099975585938,0,0.004432208911881579
2026-08-28 15:30:00+00:00,723.4550170898438,723.489990234375,715.6900024414062,716.3099975585938,5326508,0.0,0.0,0.0,-0.009814594558428924,-0.006587523945417617,-0.001421966886856585,0.007043455435968848,0.009626793254027044,-0.00986307516406966,-1.02001953125,5.010009765625,-4.66497802734375,6.226613813000105e-05,719.5771397181919,-0.004540364026674244,717.0117797851562,-0.0009787596889576928,714.5369059244791,0.002481455638485301,712.7800866699218,0.004952314121398295,718.5315820585997,-0.003091839740207413,716.0050374761554,0.0004259189062592119,715.1038827964732,0.0016866287418301985,718.6776593889509,716.0930449782987,0.00030296702616527515,0.1708754208547087,61.412487579234835,2.2947269223454896,1.6985120122542305,0.596214910091259,50.647353344961644,78.72058426462819,57.055375219822814,0.7610033701971869,-49.352646648723244,3.3108433314732144,0.004622081700315466,0.061657686299833786,0.044415443097909395,0.043365232794839524,0.11149418691395718,3389802.3,1.5713329358470254,-36486353.0,-36803147.47783554,58.48917720200962,-0.0005863144610401667,715.8900146484375,1,0.0018398280414318074
2026-08-28 16:30:00+00:00,716.2899780273438,717.7899780273438,715.0850219726562,715.8900146484375,2768399,0.0,0.0,0.0,-0.0005863144610401827,-0.0061224117996220295,-0.004138434374120203,-0.0042354078192000655,0.009241039103852211,-0.0005864864105780804,-2.9749755859375,-3.04498291015625,-1.9549560546875,-2.7948138820070657e-05,719.0235682896206,-0.004358068051416835,717.3889247349331,-0.0020893967481409406,714.8421456473214,0.0014658746794590535,712.7318872070313,0.0044310174668591,718.0032685765673,-0.00294323719767507,715.9945808554538,-0.00014604329391884445,715.1347114965502,0.0010561690542271128,718.5280907040551,716.2599062577742,-0.0005164209333854328,-0.06343258429891895,58.75335427169395,1.974907304602425,1.7537910707238695,0.2211162338785555,39.51503359686814,61.88230314279656,18.875261297032885,0.5025925653309725,-60.48496639578698,3.333339146205357,0.004656216846155694,0.061729304844977226,0.043969625669889274,0.04271607688591732,-0.4802600502993706,3455664.5,0.801119147995993,-39254752.0,-37036633.622803584,54.240273314810786,0.00044001513495190017,716.2050170898438,1,0.0021123662217622085
2026-08-28 17:30:00+00:00,715.8400268554688,717.2899780273438,715.6699829101562,716.2050170898438,1808937,0.0,0.0,0.0,0.0004400151349519543,-0.009959713471143994,-0.006733115808931656,-0.0028054825756357316,0.00940761844792326,0.00043991835668068957,-4.85498046875,-2.01495361328125,-1.8800048828125,-6.982607934995211e-05,718.8628540039062,-0.00369727952871016,717.7678527832031,-0.0021773553765290204,715.1692882719494,0.0014482288807388362,712.7251879882813,0.004882427561427514,717.6436182792226,-0.002004617825246321,716.0137114222165,0.0002671815700945231,715.1766842649147,0.0014378724132828621,718.3702363513764,716.4644295809968,-0.0003620730917575417,-0.29060461381157654,58.78746577504761,1.7269587127552768,1.748424599130151,-0.021465886374874232,40.51835179592372,43.56024624591783,16.813640067272367,0.6895865852729023,-59.48164819656595,3.393157958984375,0.004737690853894124,0.0617252650935411,0.04401524994364156,0.04276927739660548,-0.34657648698760546,3438974.55,0.5260105806831282,-37445815.0,-37075603.27777467,54.28851809065819,0.0004537977245005519,716.530029296875,1,0.0020913351143294523
2026-08-28 18:30:00+00:00,716.2050170898438,716.739990234375,715.1500244140625,716.530029296875,3311536,0.0,0.0,0.0,0.00045379772450049316,0.0003071739038003063,-0.005233872775210036,-0.003227302452325276,0.008288323943243414,0.00045369478945306177,-3.76995849609375,-2.3199462890625,1.08502197265625,0.0,718.5292881556919,-0.0027824319645282586,718.0692836216518,-0.002143601404325935,715.5026216052827,0.001435924426504288,712.7257885742188,0.005337593761355451,717.420900482753,-0.0012417692114591742,716.0606494108217,0.0006555029751164623,715.2297566191093,0.0018179790000772864,718.205193219866,716.6854462039298,-0.00021685511806859557,-0.4242744830609465,57.25090448716484,1.5389434540313687,1.7065283701103946,-0.16758491607902593,42.636130623174246,40.889838671988706,8.284167553602192,-0.3345181789567002,-57.36386936927288,3.3488682338169644,0.004673730474490382,0.06159114993067326,0.04390013674159221,0.042732574400067065,0.8306530299286266,3471376.25,0.9539547895449245,-34134279.0,-36795477.15608184,49.06919256315467,-0.00011167304449510665,716.4500122070312,1,0.002042981749698995
2026-08-28 19:30:00+00:00,716.5349731445312,717.0800170898438,715.9349975585938,716.4500122070312,4485713,0.0,0.0,0.0,-0.00011167304449510862,0.0007822396557224387,-0.0096210464271681,-0.004605673204365779,0.011185191094023272,-0.00011167928039380087,-6.9599609375,-3.31500244140625,-3.19000244140625,6.899707554607945e-06,717.8707188197544,-0.001979056361369578,718.4371425083706,-0.0027659069719010473,715.7792881556919,0.0009370542881544033,712.7161791992188,0.005238877854579373,717.2267228276087,-0.0010829359752718506,716.0960460286589,0.0004942998642918471,715.2776097794199,0.001639087274060306,717.9892903645833,717.1886193545997,-0.0010298645678902686,-0.4637681337558648,59.140959111567156,1.3677171050832158,1.638766117104959,-0.27104901202174325,20.05200716956034,34.40216319621944,9.371612598638103,-0.24643682552554572,-79.94799282002296,3.3188694545200894,0.0046323810425959065,0.06032250395516599,0.04216108002588998,0.040230962391097504,0.3545717153610892,3445942.45,1.3017376421942273,-38619992.0,-36969240.47455024,54.919000439539204,-0.003950055191046553,713.6199951171875,0,0.002234513113206013
2026-08-31 13:30:00+00:00,715.1199951171875,717.0009765625,713.1599731445312,713.6199951171875,5825284,0.0,0.0,0.0,-0.00395005519104652,-0.0036093323992060222,-0.0037553607384716026,-0.005171987626709895,0.004532616261916367,-0.003957877264261341,-2.69000244140625,-3.71002197265625,4.26995849609375,-0.001856399005067727,716.9164341517857,-0.004598079884294639,718.0574994768415,-0.006179873287140457,716.0219058082217,-0.003354521239569731,712.6663793945313,0.0013380955664907784,716.5053772855244,-0.004027020954489091,715.8709504912523,-0.003144359150929345,715.2126052828618,-0.002226764676556812,717.3470040457589,717.1964972777013,-0.0049867814107908935,-0.8105016636749054,38.626169934511324,0.9922225384258354,1.5094574013691344,-0.517234862943299,4.195356552044037,22.29449811492621,-38.3898586203429,-0.7275482571283036,-95.80464343883605,3.0239955357142856,0.004237543169195337,0.06182678372149999,0.04300105665568855,0.04161151854755394,0.29863056330175386,3628542.3,1.6054061158388586,-44445276.0,-37681243.857926406,42.62939672033882,0.001537810202746334,714.7174072265625,2,0.0009826766716221178
2026-08-31 14:30:00+00:00,713.5501098632812,715.3099975585938,713.3699951171875,714.7174072265625,1950187,0.0,0.0,0.0,0.001537810202746348,-0.0025297224068769886,-0.001637971473105182,-0.0057696272097772505,0.007779744676485789,0.001536628983475481,-1.172607421875,-4.1475830078125,1.51739501953125,-9.793062748287459e-05,715.6746390206473,-0.0013375237040582787,717.8073163713727,-0.004304649833364614,716.2274954659598,-0.0021083918851967152,712.7189270019531,0.002804022944940077,716.1477832737321,-0.0019973196602367676,715.766082921735,-0.0014651095102053155,715.1931857512423,-0.0006652447676487979,716.9016584123884,717.3113371691327,-0.003616184225950626,-0.927057028507158,42.62538614422496,0.7742671055997334,1.3624193422152544,-0.588152236615521,14.203650409779447,12.817004710461276,-51.555522944734705,-0.7012854638862163,-85.79634958110066,2.98828125,0.0041810668381392115,0.06155640381051273,0.042764559459407325,0.041277686073660474,-0.6652202708056809,3634463.6,0.5365817943533674,-42495089.0,-38139705.30002866,37.87969085696522,0.00017156379243940827,714.8400268554688,1,0.0011399098370114922
2026-08-31 15:30:00+00:00,714.77001953125,715.0,713.3599853515625,714.8400268554688,7846468,0.0,0.0,0.0,0.00017156379243932207,-0.0022471705270866726,-0.0019058652226723316,-0.00862614862034361,0.005952690774269742,0.0001715490770549447,-1.364990234375,-6.219970703125,-0.1923828125,7.361273722377451e-05,715.4646432059152,-0.00087302196744026,717.5208914620536,-0.0037362878746546543,716.4960675920759,-0.0023113047112320456,712.7766552734375,0.0028948360847154252,715.8862319900795,-0.0014614125650956914,715.6818960066198,-0.0011763175173877746,715.1793363827805,-0.0004744397804157433,716.5060198102678,717.1751062200976,-0.003255940347585073,-0.8177280617695682,41.37276270274338,0.6044623681632402,1.2108279474048516,-0.6063655792416114,15.321929740157113,11.240312233993533,-64.51800720111072,-0.3471192024660058,-84.67807025072298,2.9161376953125,0.0040794269847147565,0.061269795541813186,0.04244056404767861,0.04104381496580875,3.023443905635716,3945638.5,1.9886434096788133,-34648621.0,-37807221.08097831,34.65178653839375,-0.0008813228962343469,714.2100219726562,1,0.005575180575638312
2026-08-31 16:30:00+00:00,714.8499755859375,715.280029296875,714.1199951171875,714.2100219726562,2203579,0.0,0.0,0.0,-0.0008813228962343267,0.0008268081885400846,-0.003237836837760133,-0.00845476318689442,0.004656066176565332,-0.000881711489592299,-2.32000732421875,-6.0899658203125,-0.95501708984375,1.3917422213330515e-05,715.2246442522321,-0.0014186064304806362,717.1241062709263,-0.004063570409617564,716.667497907366,-0.0034290322107282463,712.8225561523437,0.0019464392762762678,715.5509899865949,-0.001874035579158253,715.5480892762595,-0.0018699893461454728,715.1413240529718,-0.0013022629919302758,716.0645705450149,717.2414468967282,-0.004226505505480411,-0.7191075796161183,37.900264537700814,0.4142792086578311,1.0515181996554475,-0.6372389909976164,9.576345246300333,13.033975132078965,-71.13523400171974,-0.647544159883846,-90.42365474457976,2.868281773158482,0.004016020057002616,0.061411492681792884,0.042516671895795825,0.041115952226083476,-0.7191629405740264,3967534.15,0.5554026548202489,-36852200.0,-37716266.692313716,34.29772150314082,0.0013510953229797216,715.1749877929688,1,0.00587093107294515
2026-08-31 17:30:00+00:00,714.2000122070312,715.739990234375,713.989990234375,715.1749877929688,2427053,0.0,0.0,0.0,0.0013510953229796119,0.0006402258595910038,-0.0017796418345150666,-0.011383566244969723,0.004022111502287817,0.001350183414984394,-1.2750244140625,-8.2349853515625,1.04498291015625,-1.4015157050497412e-05,715.0774972098214,0.00013633568882753236,716.9701756068638,-0.0025038528448872214,716.8710675920759,-0.002365948182009588,712.9102563476563,0.003176741287061625,715.4757895478697,-0.00042042198952755075,715.5141709595966,-0.0004740411586433404,715.1426441996383,4.5226772019155246e-05,715.8046880812872,717.3253766080971,-0.0029977871761537275,-0.24961529353034967,44.98480153882437,0.33753150857262426,0.9087208614388829,-0.5711893528662586,18.37674156948147,14.425005518646307,-66.98038783032897,-0.8161609000003665,-81.62325842139863,2.7704249790736606,0.0038737721905226625,0.06121404299582457,0.0423214686649256,0.04095868749143678,0.10141410859333844,3971617.75,0.6110993435861242,-34425147.0,-37402826.72161717,39.07250020364652,0.00028666703022771123,715.3800048828125,1,0.005708791274605079
2026-08-31 18:30:00+00:00,715.1699829101562,715.52001953125,713.8491821289062,715.3800048828125,2438068,0.0,0.0,0.0,0.00028666703022772744,0.0007553830326472166,0.0024663122917905067,-0.001298310339030495,0.005736000505923267,0.00028662594908550283,1.760009765625,-0.92999267578125,3.0350341796875,-6.998123393462178e-06,714.9132080078125,0.0006529420211722343,716.7212480817523,-0.0018713596150911175,717.0172584170386,-0.002283422769820679,713.03345703125,0.003290936530985752,715.4566326148583,-0.00010710325203872776,715.5019740435254,-0.00017046656073275228,715.1519524617236,0.00031888666499979877,715.5926653180803,717.4093929764205,-0.0028287726833147774,-0.18271295307654825,41.35455148238828,0.28990967084575914,0.7849586233202582,-0.4950489524744991,20.24647789140212,16.066521569061308,-80.57166502333432,-0.6830463686698741,-79.75352209947798,2.759769984654018,0.003857767851789822,0.06091190940806406,0.042355265961554714,0.04112130379399223,0.004538425819295977,3984799.7,0.6118420456616676,-31987079.0,-36887041.2243203,34.67129519271582,0.0020688032355509266,716.8599853515625,2,0.005612317273704061
2026-08-31 19:30:00+00:00,715.3900146484375,717.5750122070312,714.9600219726562,716.8599853515625,5678055,0.0,0.0,0.0,0.00206880323555092,0.0037103419125750214,0.0029977975957158343,0.001354915815666713,-0.0028862306245734937,0.002066666209021235,2.142578125,0.969970703125,0.382568359375,1.399223567427737e-05,714.9717755998884,0.002640957050489468,716.4212472098214,0.0006124024705425126,717.2820202055432,-0.0005883806398202348,713.1520568847657,0.005199351850696231,715.7373031621993,0.0015685673841527143,715.6254296169833,0.0017251423488936612,715.218934143678,0.0022944739429291397,715.6111636207218,717.3230917581124,-0.0006456036503915768,-0.0446995179607014,39.197500795934246,0.3673564203237447,0.7014381827209555,-0.33408176239721077,33.743758729131166,24.12232606333825,-24.45271048626136,-0.9054323324418785,-66.25624126174894,2.7579868861607144,0.003847315992682023,0.04750213511051106,0.04068807173408322,0.0389180201606726,1.328915764449556,3872844.95,1.466119886880573,-26309024.0,-35879611.012480274,36.301606733221256,-0.011508523517258442,708.6099853515625,0,0.005158422130805157
2026-09-01 13:30:00+00:00,707.4299926757812,708.969970703125,705.6199951171875,708.6099853515625,8697065,0.0,0.0,0.0,-0.011508523517258396,-0.009179575003966267,-0.008715294709099819,-0.010604549754680836,-0.013380281450757314,-0.011575259086696993,-6.23004150390625,-7.59503173828125,-8.37261962890625,-0.013154580906260848,714.2560599190848,-0.007904832572444708,715.5862470354352,-0.009749015877211971,716.7903529575893,-0.011412496795279043,713.1052563476562,-0.006303797309125239,714.3118396000721,-0.0079823039916207,714.9876619564905,-0.008919981342709016,714.9597596812422,-0.00888130309949443,714.5696620396205,716.283993992784,-0.010713639709346986,-0.39641614710051853,28.295570685687395,-0.23427198302351826,0.5142961495720607,-0.748568132595579,16.15773815326325,23.382658257932178,-265.5873582799165,-1.0749552893669678,-83.84226184133281,3.2151271275111606,0.004537230908355748,0.062350353259599915,0.041292064484430846,0.039679818259828296,0.5316979141625082,4156922.65,2.0921883162776673,-35006089.0,-35796418.4398631,36.040170756512744,0.0023002849473025785,710.239990234375,2,0.0018516648576858892
2026-09-01 14:30:00+00:00,708.594970703125,711.0900268554688,708.5700073242188,710.239990234375,4005060,0.0,0.0,0.0,0.002300284947302611,-0.007185013018751518,-0.00555863347774932,-0.008778472367267476,-0.011977444034194318,0.0022976433420708055,-3.97003173828125,-6.2900390625,2.260009765625,-2.1188875048140336e-05,713.6164289202009,-0.004731447524169451,714.6455339704241,-0.006164655800151268,716.4103538876489,-0.008612890112184097,713.0982556152344,-0.004008234991949856,713.4974697269326,-0.0045655095228295285,714.5560554362982,-0.006040205200250919,714.7746706833259,-0.0063442097697857525,713.8568277994792,715.9180571042912,-0.007931168677145243,-0.5229796335119452,24.125782711269366,-0.5729346219683293,0.29684999526398276,-0.869784617232312,25.85336530106502,25.251620727819812,-171.58420252919356,-0.78923078942919,-74.14663469333901,3.088344029017857,0.0043483105309155765,0.06301854454889017,0.04123596446855936,0.0393101983233064,-0.5394929208876788,4217718.1,0.9495798213730784,-31001029.0,-35339714.68368566,35.09737491514035,-0.0017599684855643053,708.989990234375,0,0.0012384046881802869
2026-09-01 15:30:00+00:00,710.239990234375,712.2999877929688,708.6099853515625,708.989990234375,3836190,0.0,0.0,0.0,-0.0017599684855642561,-0.010978427137801394,-0.008648229683871689,-0.010412480767046928,-0.014970197487752968,-0.0017615190496623869,-6.18499755859375,-7.46002197265625,-2.2149658203125,0.0,712.7807094029018,-0.005318212345697474,714.1226763044085,-0.007187401045136986,715.9408307756696,-0.009708680162513113,713.0232556152343,-0.005656569191945325,712.5959738284212,-0.00506034797624236,714.0500495088505,-0.00708642101201299,714.5478204696416,-0.007778108163014027,713.1027553013392,715.5403535076136,-0.009154428874792724,-0.6465135567135117,31.326546795549547,-0.931454528583572,0.05118909049447179,-0.9826436190780439,27.691042311145875,23.23404858849138,-147.41256212427768,-1.0073968602978374,-72.30895768063719,2.794773646763393,0.003941908468743777,0.06274533901593034,0.042351101893972044,0.040824870963051284,-0.042164162334646704,4284317.65,0.8954027953552881,-34837219.0,-35291857.95190607,36.04504522744613,-0.0013046556449449608,708.0650024414062,1,0.0016153962656537861
2026-09-01 16:30:00+00:00,708.969970703125,709.4400024414062,707.0,708.0650024414062,3171869,0.0,0.0,0.0,-0.0013046556449449742,-0.0007690872573378194,-0.010225338130053774,-0.007784244715381083,-0.012915972324739733,-0.0013055074490755673,-7.31500244140625,-5.55499267578125,-1.1300048828125,-2.8236690962807233e-05,711.902849469866,-0.005390970174248285,713.5637468610491,-0.007706031092280173,715.3836873372396,-0.010230433018488767,712.9091552734375,-0.006794908995335387,711.6897795510182,-0.005093198207642683,713.5059543209011,-0.0076256572864423855,714.2935923116717,-0.008719929644194449,712.295065452939,715.1623304373268,-0.009924079742246118,-0.9352665652801528,30.539676543164504,-1.2755195268969146,-0.2141526329838055,-1.0613668939131091,20.451725879098586,24.665377830436494,-164.3925095143063,-1.1813917783409018,-79.54827411253672,2.775848388671875,0.0039203298836926505,0.06201648043288495,0.04197487298412001,0.04086896139329739,-0.1731720795893843,4273596.6,0.7422013111859925,-38009088.0,-35550641.766010255,35.81427761193089,-0.0016735717123539245,706.8800048828125,0,0.001427414539147015
2026-09-01 17:30:00+00:00,708.0800170898438,708.52001953125,706.6900024414062,706.8800048828125,2068254,0.0,0.0,0.0,-0.0016735717123539384,-0.004730774664566173,-0.013921798778956274,-0.01096573591814809,-0.01667209491959676,-0.0016749736979260778,-9.97998046875,-7.83740234375,-2.66497802734375,2.1205183684701724e-05,710.7178519112723,-0.005399958672958072,712.8976745605469,-0.00844114084315876,714.8860677083334,-0.011199075191343734,712.7784558105469,-0.008275293507599956,710.7278246173771,-0.005413914583449274,712.9035952810749,-0.00844937581760833,714.0028633928929,-0.009975952303920852,711.4038998558408,714.8728904286025,-0.011180848585525078,-1.1397331056594093,27.77116583093499,-1.625080005726545,-0.4963381075323534,-1.1287418981941917,10.539589831201756,19.560786007148742,-157.58754773540315,-1.335753668944033,-89.46041016043355,2.7908499581473216,0.003948124064714554,0.06121947049342674,0.041989318438626716,0.040997244538074074,-0.3479383921593231,4247526.6,0.4869313826074685,-40077342.0,-35981756.07400928,32.531548832135115,0.0010893214207942617,707.6500244140625,1,0.0014655042695232204
2026-09-01 18:30:00+00:00,706.8800048828125,707.72998046875,704.6599731445312,707.6500244140625,4406630,0.0,0.0,0.0,0.0010893214207943203,-0.0018899643701169033,-0.0013547098648684086,-0.010058197878250574,-0.01859758298884351,0.0010887285407343238,-0.9599609375,-7.19000244140625,9.02001953125,0.0,709.6135689871652,-0.002767061762788026,712.2633884974888,-0.006477047898182231,714.3520217168899,-0.00938192529603303,712.6783557128906,-0.007055540916198055,710.1122645767142,-0.0034673956295008398,712.4259979295283,-0.006703816999013465,713.7537324525467,-0.008551560238434867,710.7042131696429,714.1789269213606,-0.009141830234943143,-1.1828946198850279,29.27173979269108,-1.8190066860122442,-0.7608718232283316,-1.0581348627839127,23.151701321458802,18.047672343919718,-143.0118555064578,-0.8365755926074174,-76.84829867079829,2.8965672084263394,0.004093219965364401,0.05994944368362709,0.04228352604692426,0.04188078697324346,1.13060388134146,4258737.6,1.034726816697981,-35670712.0,-35952132.828865536,31.956970519647086,7.0725395885403465e-06,707.655029296875,1,0.0014265904213212768
2026-09-01 19:30:00+00:00,707.6599731445312,708.5499877929688,706.6699829101562,707.655029296875,4547030,0.0,0.0,0.0,7.072539588648397e-06,-0.0005790049545135734,-0.0036395598291317777,-0.009177962327770572,-0.017555128016645494,7.072514578358204e-06,-2.5849609375,-6.55499267578125,-1.625,1.405882869427375e-05,708.2985752650669,-0.0009085800687233805,711.6351754324777,-0.005592958685857922,713.7136898949033,-0.00848892305668389,712.563056640625,-0.006887849851326748,709.6208175207464,-0.002770195258274215,711.9922735083779,-0.006091701234516004,713.5145676229125,-0.008212219612488747,710.0897652762277,713.2763505607861,-0.007880986464059386,-1.1755847865262758,29.39805612325621,-1.949814872951606,-0.9986604331729866,-0.9511544397786195,23.190453684404762,18.96058161235511,-106.06272561126693,-0.9881357104597388,-76.80954630785233,2.949066162109375,0.004167378228111225,0.06003890901097988,0.04017663925579962,0.03893575698233558,0.03186108205136362,4079704.5,1.1145488600951365,-31123682.0,-35492280.36897358,31.96284666884894,0.002183243029716531,709.2000122070312,2,0.0014231753130778595
2026-09-02 13:30:00+00:00,707.1099853515625,709.3359985351562,705.1099853515625,709.2000122070312,7205168,0.0,0.0,0.0,0.0021832430297166194,0.003282038405660437,0.0002962269926924943,-0.008354564530250519,-0.01964302603644219,0.002180863217828899,0.21002197265625,-5.9749755859375,2.79498291015625,-0.0007702113639371498,708.3828648158482,0.001153539183072077,711.3194623674665,-0.0029796037822136115,713.1851196289062,-0.005587760193234255,712.478857421875,-0.0046020245803555775,709.5366564580033,-0.0004744564609982721,711.7384315718919,-0.0035665059694063076,713.3453693713094,-0.005811150309878309,709.7650768461682,712.2900861627326,-0.004338224012556319,-0.9148779460170517,38.983092076255055,-1.9068333072312953,-1.1802950079846484,-0.7265382992466469,35.15311908990573,27.165091365256433,-88.72311958673185,-0.7889897650582942,-64.84688090235137,2.976566859654018,0.004197076718014628,0.0580335248284199,0.04019456645793352,0.03953545261905706,0.5845877418886614,4200352.65,1.7153721604780012,-23918514.0,-34390016.905261815,43.13157908766695,0.0006274778857291425,709.64501953125,1,0.0009564155621469156
2026-09-02 14:30:00+00:00,709.1599731445312,709.798828125,707.2974853515625,709.64501953125,3296211,0.0,0.0,0.0,0.0006274778857291441,0.0028191832803783345,0.002231457683116389,-0.008016697856270016,-0.009304600033588906,0.0006272811037938435,1.58001708984375,-5.7349853515625,1.3699951171875,-5.645665793961556e-05,708.297869001116,0.0019019547976783764,710.9571489606585,-0.0018455815956346434,712.5296456473214,-0.0040484296108785215,712.587158203125,-0.004128812367724716,709.5583290726528,0.00012217523922296086,711.548121386379,-0.00267459332394595,713.2002576128757,-0.004984908577459456,709.5418178013393,711.7510503345338,-0.002958943021286732,-0.5315434618989543,36.9319503843984,-1.815928837487263,-1.3074217738851714,-0.5085070636020916,38.598771263551974,32.31411467928749,-61.69844232493062,-0.6391680739499104,-61.401228728705114,3.01666259765625,0.004250945916092852,0.04791723831299766,0.033738350002917285,0.03712884379954836,-0.5425212847222993,4098837.8,0.8041818585746426,-20622303.0,-33078806.057141643,47.524876170168895,-0.0017755493675658976,708.385009765625,0,0.0009722917364988808
2026-09-02 15:30:00+00:00,709.6699829101562,709.7399291992188,708.0,708.385009765625,1726428,0.0,0.0,0.0,-0.001775549367565854,0.0010315484784659823,0.0021290811345866523,-0.011822358283509415,-0.010483460768059616,-0.001777127523683582,1.5050048828125,-8.4749755859375,-0.07501220703125,3.517727627075319e-05,708.211443219866,0.0002450772963644638,710.496076311384,-0.0029712571485486596,712.1522652762277,-0.005289957912492453,712.6182580566406,-0.005940415142539277,709.3236652112472,-0.0013233104880849196,711.2605657844923,-0.004042900952468308,713.0114243639639,-0.006488556059896747,709.1988659086682,711.532086260944,-0.004422957946776842,-0.03770616318987399,34.29052696789027,-1.8245266406438532,-1.4108427472369078,-0.41368389340694534,28.842627597010594,34.1981726501561,-58.942570307105285,-0.9494149184786426,-71.15737239524648,3.023799351283482,0.004268581787578569,0.04814325929255189,0.03317941818076721,0.03622474597307278,-0.4762386267141272,4046739.25,0.4266220018994304,-22348731.0,-32056894.146937676,52.79114393682498,-9.176145811972588e-05,708.3200073242188,1,0.0022927619253996904
2026-09-02 16:30:00+00:00,708.3895263671875,709.0800170898438,707.719970703125,708.3200073242188,1743864,0.0,0.0,0.0,-9.176145811973235e-05,-0.001240841606973353,0.0009467715495536932,-0.0004092209160725391,-0.011009431067188213,-9.176566845989708e-05,0.66998291015625,-0.28997802734375,-0.83502197265625,6.375913521925004e-06,708.2478724888393,0.00010184970288131776,710.0753609793527,-0.002472066701075851,711.7917887369791,-0.004877523831675434,712.6078503417968,-0.006017114483815257,709.1229336338415,-0.0011322808381151925,710.9932422881038,-0.0037598598761338004,712.8274472251504,-0.006323325397291624,708.9087233770462,711.3553443168771,-0.0042669771400522215,-0.044778432102105976,35.26020916906619,-1.8156558647601742,-1.491805370741561,-0.3238504940186131,28.339319468505142,31.92690610968924,-59.320212608619805,-0.9868877394386206,-71.66068052375194,3.0380859375,0.004289143192456923,0.04803915596777757,0.03308159043102103,0.03611736260321705,0.010099465485962966,4043485.6,0.4312774107566995,-24092595.0,-31298389.466276947,49.23181268793429,0.0002965071867017259,708.530029296875,1,0.0030560115140739162
2026-09-02 17:30:00+00:00,708.3350219726562,709.489990234375,707.760009765625,708.530029296875,2597488,0.0,0.0,0.0,0.0002965071867018221,-0.00157119433475561,0.0012364781761946553,-0.002407581889236843,-0.011164919365417747,0.0002964632371332998,0.875,-1.7099609375,0.20501708984375,2.1197549528776982e-05,708.4835902622768,6.554708568607571e-05,709.6007210867746,-0.0015088651379303345,711.4263131277902,-0.004071094612986121,712.6337512207032,-0.0057585287208091985,709.0043527664482,-0.0006689993759865413,710.7693138343558,-0.0031505081802103486,712.6589210318848,-0.005793643513261064,708.7026791527157,711.0681671927425,-0.003569471976061562,0.08552443378066875,32.71795618333461,-1.7712607021920803,-1.5476964370316648,-0.2235642651604155,29.96550094285938,29.04914933612504,-50.17951672389192,-1.1620060018541423,-70.03449904939771,3.036655970982143,0.0042858535918249615,0.047998835758355854,0.03315213297235083,0.03621566149118823,0.4895014748856563,4007783.2,0.6481109057994952,-21495107.0,-30364743.517107714,49.36779876217129,0.0003104606636691075,708.75,1,0.003430429260794339
2026-09-02 18:30:00+00:00,708.530029296875,708.8900146484375,707.8499755859375,708.75,2658546,0.0,0.0,0.0,0.00031046066366902103,0.0005152427413670502,-0.0006345349679716117,-0.0003384959416643518,-0.010747452126228962,0.00031041248072952507,-0.45001220703125,-0.239990234375,-1.32501220703125,0.0,708.6407296316964,0.000154197132248089,709.1271493094308,-0.0005318500494552595,711.0558355422247,-0.003242833300795747,712.6255517578124,-0.00543841256919191,708.9534822131585,-0.0002870177215619367,710.5857398494143,-0.002583417800926753,712.5056300110266,-0.005271018014220048,708.5892496744792,710.6704854784357,-0.002702357165065167,0.15959604177884526,32.77024881191801,-1.6987453397917989,-1.5779062175836915,-0.12083912220810733,31.668714553313514,29.991178321559346,-47.87147362519126,0.0197590566505829,-68.33128543894358,2.9915989467075894,0.004220950894819568,0.048074094715910703,0.03312483383305162,0.03617548001374784,0.023506557104402415,3916424.85,0.6788196127394094,-18836561.0,-29266821.372621264,49.1919126036426,0.0007054673721340388,709.25,1,0.0034371506229772123
2026-09-02 19:30:00+00:00,708.72998046875,709.4249877929688,708.4329223632812,709.25,2558703,0.0,0.0,0.0,0.000705467372134061,0.001312955537278171,-0.0005566438435810062,0.0016735717123539384,-0.006123700494784834,0.0007052186469989253,-0.39501953125,1.18499755859375,0.05499267578125,-2.8246252204545683e-05,708.8685825892857,0.0005380650519460071,708.5835789271763,0.0009404974834891841,710.7129778180804,-0.002058465039670074,712.6562512207031,-0.00477965528943832,709.0127857705269,0.00033456974857652987,710.464308954013,-0.0017091765746811644,712.3779582458883,-0.004390868933657041,708.605629766555,710.3103057970158,-0.0014927360455857825,0.19868525749906507,29.162154189933887,-1.582686348284028,-1.578862243723759,-0.0038241045602691592,60.078770343806774,40.57099527999322,-32.08216974845358,-0.1393881290811174,-39.92122964310425,2.875675746372768,0.00405453048483428,0.04650338150876278,0.031225545285454452,0.034030484190820366,-0.03755549085853693,3753095.8,0.681757976974635,-16277858.0,-28029777.24189543,46.113284058808006,0.0053930380077987315,713.0750122070312,2,0.0033239636943748546
2026-09-03 13:30:00+00:00,710.8499755859375,713.8496704101562,709.6937866210938,713.0750122070312,8293275,0.0,0.0,0.0,0.005393038007798667,0.006414665183163137,0.0066206969045801145,0.008763874040044195,-0.002297964206447012,0.005378547652997905,4.69000244140625,6.19500732421875,5.08502197265625,0.0022558697017063716,709.4221540178571,0.00514906134306745,708.9025094168527,0.0058858626323738,710.6870262509301,0.003360109116800782,712.7929516601563,0.00039571175082135705,709.8252310578278,0.004578283508400915,710.7016456133782,0.003339469675212774,712.4052936953449,0.0009400807624709056,709.2044875372023,710.4038973384587,0.0037599946714484056,0.3658562348304433,66.13668140815108,-1.1685914484131672,-1.4968080846616407,0.3282166362484735,91.57036209518684,61.10594899743571,50.17268738811304,0.5761748443444284,-8.42963789393141,2.4013671875,0.003367622124444082,0.05037939876193447,0.03311261951672147,0.03594232332631311,2.241202671822404,4070250.2,2.0375344493564542,-7984583.0,-26120711.123619676,62.40935342571127,0.006528020449505312,717.72998046875,2,0.003255506296361701
2026-09-03 14:30:00+00:00,713.0599975585938,717.8200073242188,710.8099975585938,717.72998046875,5142101,0.0,0.0,0.0,0.00652802044950529,0.012670166446208109,0.013284917900425741,0.014244267232285779,0.004042797695582356,0.006506805202999711,9.40997314453125,10.0799560546875,4.719970703125,-2.1056197707738008e-05,710.5771484375,0.010066228624109875,709.4375087193081,0.011688798023098575,710.8304821196057,0.009706249974763596,712.9615515136719,0.0066881993074488595,711.4061809400122,0.008889154604157389,711.3405851456847,0.008982188639985636,712.6141049413609,0.007179026477174347,710.3814836774553,710.335401846928,0.010409981823495083,0.788750542439116,72.21232716984957,-0.4595043413298754,-1.2893473359952876,0.8298429946654122,99.31590712278798,83.65501318726054,128.46179629942654,1.3649845697789442,-0.6840928696132524,2.722080775669643,0.003792625151157901,0.0556299662033625,0.03886070298790416,0.04071865368174185,-0.3799673832110957,3935031.85,1.3067495247846592,-2842482.0,-23903736.921370182,63.240546883413465,-0.0013235495210254227,716.780029296875,1,0.0014434965358275846
2026-09-03 15:30:00+00:00,717.760009765625,717.864990234375,716.5999755859375,716.780029296875,3356490,0.0,0.0,0.0,-0.0013235495210254244,0.01061689009076483,0.011643825468042657,0.012894700980315976,0.0035983915727202387,-0.0013244261863180583,8.25,9.125,-1.15997314453125,4.1839267819558e-05,711.7764369419643,0.007029724637135762,709.9939400809152,0.00955795371320615,710.922863188244,0.008238820850908287,713.0813525390626,0.005186893114842251,712.4809506113849,0.006033955970043889,711.8350800685203,0.006946762483062515,712.7774745239301,0.005615433871016516,711.360486421131,710.5030326194428,0.008834581119635289,1.0186857999343932,73.520739439094,0.025505171492795853,-1.026376834497671,1.0518820059904668,91.78372181545828,94.2233303444777,155.53399614339898,1.4005240416567921,-8.216278176968835,2.5488673618861606,0.0035559966205851393,0.05576675603895982,0.03888854415448472,0.04069186878668316,-0.34725319475443983,3992677.4,0.8406614568960666,-6198972.0,-22217568.83362064,70.19897780906138,0.00026499260370901087,716.969970703125,1,0.001667983637346539
2026-09-03 16:30:00+00:00,716.7940063476562,717.9299926757812,716.3400268554688,716.969970703125,1547064,0.0,0.0,0.0,0.00026499260370904665,0.005462200230573977,0.011597842261904745,0.010955948057465026,0.002509851352178183,0.00026495749937049284,8.219970703125,7.76995849609375,-0.030029296875,1.949977707239037e-05,713.0121459960938,0.00555085173408446,710.6300092424665,0.008921606712623929,711.0542893182663,0.008319591729798978,713.1975524902343,0.005289443576626738,713.3787546297328,0.005034094511618988,712.3018883080298,0.006553516804759585,712.9418861388006,0.00564994797280655,712.2906238374256,710.4946435915518,0.009113829597407322,1.251680213442557,78.13595596211546,0.4203597433310051,-0.7370295189319357,1.157389262262941,92.76548183427222,94.6217035908395,145.48366067370097,1.3170276220602535,-7.23451815819199,2.4881504603794644,0.0034703691396389875,0.055598677600940526,0.03882555213361112,0.040716173174012806,-0.5390827918450525,3948677.95,0.39179290374896225,-4651908.0,-20544648.7542282,72.39562143745724,0.0022526065742298606,718.5850219726562,2,0.0023963302077275573
2026-09-03 17:30:00+00:00,716.9580078125,718.9099731445312,716.9580078125,718.5850219726562,2869446,0.0,0.0,0.0,0.002252606574229876,0.0011913136237500233,0.013161821604027235,0.012597851313479902,0.004480160289591417,0.0022500732597014288,9.33502197265625,8.94000244140625,1.11505126953125,-1.6685344036447483e-05,714.4485735212054,0.005789707761691399,711.466081891741,0.010006014709761568,711.2166718982514,0.010360204373061423,713.3796533203125,0.00729677196161802,714.4200080983176,0.005829923332381908,712.8730822775412,0.008012561895110492,713.1631855832654,0.00760251860862522,713.3512922014509,710.6355536706361,0.01118642074822695,1.5108741218970403,86.0044832374189,0.8537643126445573,-0.41887075261663714,1.2726350652611944,97.71964089226529,94.08961484733193,154.06479862560295,1.5445368468059684,-2.2803591007171677,2.496861049107143,0.0034746911955516368,0.056107209649322455,0.038938142575158874,0.040562973747713796,0.8547687749181676,3970246.85,0.7227374287822933,-1782462.0,-18757773.825254086,76.80414078510087,-0.0011898960843338955,717.72998046875,1,0.002271746385630103
2026-09-03 18:30:00+00:00,718.5999755859375,718.8400268554688,717.543701171875,717.72998046875,2511584,0.0,0.0,0.0,-0.0011898960843338413,0.0013253036260048034,0.00652802044950529,0.01319193739886848,0.001213619304976099,-0.0011906045727537596,4.65496826171875,9.344970703125,-4.6800537109375,2.0809803744835373e-05,715.731427873884,0.002792321975856312,712.1860787527902,0.007784344402885173,711.3285754975818,0.008999223694452774,713.5475524902344,0.005861456554525884,715.082002572404,0.0037030408915572927,713.314618476742,0.006189922199310398,713.3422755787747,0.006150911056560046,714.1864786783855,710.4452516762595,0.010253751116348872,1.5045092031793776,80.84448322260403,1.1153883502552162,-0.11201893204226646,1.2274072822974826,91.44932086608829,93.97814786420861,145.14685468438842,1.202759181455941,-8.550679126665335,2.3701695033482144,0.0033023136386151133,0.05588225958784332,0.03834595475481326,0.0399408824368379,-0.1247146661759796,3811923.3,0.6588757963729227,-4294046.0,-17380275.93713465,79.63038747326469,-0.00016718699295399517,717.6099853515625,1,0.0023223890399990655
2026-09-03 19:30:00+00:00,717.7150268554688,717.8800048828125,717.1400146484375,717.6099853515625,3631193,0.0,0.0,0.0,-0.00016718699295403816,0.0008926659059511621,-0.00016718699295403816,0.013115509841996387,0.012700921784971397,-0.00016720097025724857,-0.1199951171875,9.28997802734375,-4.77496337890625,-2.0834594747544126e-05,716.9257114955357,0.0009544557337725514,712.8971470424107,0.006610825037941769,711.3642897832962,0.00877988346893291,713.7091516113281,0.005465578984691529,715.5875991282358,0.002826189589908619,713.705106374453,0.005471277902074221,713.509636746335,0.00574673192070636,714.9096662248884,711.1387824191978,0.009099775026108736,1.3601986661861374,80.24911157201753,1.2980812096872114,0.17000109630362914,1.1280801133835823,90.57979026230076,93.24958400688479,114.0576895327631,1.1223873346652198,-9.420209730452852,2.2887398856026784,0.0031893924726789,0.03551370497191672,0.03705806631170434,0.038393533598714495,0.4457780428606011,3558629.7,1.0203907981771745,-7925239.0,-16479796.228836112,71.83104767751385,0.00275921676721961,719.5900268554688,2,0.002322189407293748
2026-09-04 13:30:00+00:00,719.3599853515625,721.8599853515625,718.5250244140625,719.5900268554688,8176048,0.0,0.0,0.0,0.0027592167672196855,0.0013985886876037856,0.003920306710205379,0.015609779545362912,0.013164615833597626,0.0027554171164041867,2.80999755859375,11.05999755859375,2.92999267578125,0.0024386505702540125,717.856427873884,0.0024149661607361914,713.6392909458706,0.008338576624197097,711.8871489025298,0.010820363824242564,713.8881518554688,0.007987070502812277,716.3880846736823,0.004469563704762691,714.2400991454543,0.00749037713845497,713.7480834172815,0.00818488143633123,715.8020501999628,712.1617768883696,0.010430565368931798,1.2263302785497965,80.75786150009787,1.5843757214091738,0.4528760213247381,1.1314997000844358,84.41230216695023,88.81380443177977,132.41909126606856,1.5817693676967,-15.58769782618282,2.2904532296316966,0.0031829974626490427,0.0358352711388143,0.03759614604615777,0.03943887178737915,1.2516148274134697,3767179.1,2.170336950531499,250809.0,-14886405.254661245,72.44986341531651,-0.002987846320574892,717.4400024414062,0,0.0018175429334647008
2026-09-04 14:30:00+00:00,719.5999755859375,719.6400146484375,716.9299926757812,717.4400024414062,5623135,0.0,0.0,0.0,-0.002987846320574916,-0.0004040210597784366,0.0006555807878818598,0.0122610263723546,0.011918380123022487,-0.002992318844423607,0.47003173828125,8.69000244140625,-2.3399658203125,1.382555357557005e-05,717.8150024414062,-0.0005224187272821566,714.1960754394531,0.004542067806732986,712.2300066266741,0.007315046777375797,714.0664514160156,0.004724421681898137,716.5984682272272,0.0011743455386665355,714.5309994450863,0.004071206145814581,713.8928645554826,0.004968725787905733,716.3088117327009,712.6968281465375,0.0066552482171098005,0.8294953110842194,70.95985368564901,1.6191130554381061,0.6861234281474118,0.9329896272906943,68.74131306977056,81.24446849967386,88.34525844508056,1.2875529454019978,-31.258686923157324,2.30535888671875,0.0032133124426719107,0.037173546313898534,0.03681802425152905,0.038029872707563646,-0.312242907575885,3856526.35,1.4580828677599982,-5372326.0,-13980302.468503032,62.93097260423668,0.001630774568151855,718.6099853515625,2,0.0012933195853848441
2026-09-04 15:30:00+00:00,717.4299926757812,718.85498046875,716.7899780273438,718.6099853515625,2795164,0.0,0.0,0.0,0.0016307745681518604,0.0013935146115755526,3.473963155764537e-05,0.013197018472417943,0.014892676341574873,0.001629446299181224,0.02496337890625,9.3599853515625,-0.445068359375,-1.3952059532397696e-05,718.0764247349331,0.0007430415457875926,714.9264308384487,0.0051523546398874265,712.6881016322544,0.008309222092717714,714.2306506347657,0.006131541278575239,717.0007716520943,0.0022443681556409984,714.9018163456751,0.005186962630528824,714.0778496847406,0.006346836929357828,716.8973330543155,713.0801909297537,0.007754800220422585,0.42356836589983676,77.62759488298963,1.7212094546421213,0.8931406334463537,0.8280688211957675,77.01558250415754,76.72306591362612,79.5148854941185,1.4226575639534058,-22.984417488770333,2.328578404017857,0.003240392495903625,0.03664029840373811,0.03659554086980974,0.03766196564290905,-0.5029171449734,3837691.1,0.7283452282024468,-2577162.0,-12894289.090550363,66.88647286202931,-0.001537663671914349,717.5050048828125,0,
2026-09-04 16:30:00+00:00,718.6094970703125,719.60498046875,717.4199829101562,717.5050048828125,3963491,0.0,0.0,0.0,-0.0015376636719143244,-0.0028975137159246156,-0.00031345435199814364,0.0062125198610873955,0.015030839642665272,-0.001538847089986516,-0.2249755859375,4.42999267578125,-0.24993896484375,-6.794801908582453e-07,718.1528581891741,-0.0009021106007908995,715.582502092634,0.002686626328276255,713.1376255580357,0.006124174588815451,714.3967504882812,0.004350879805097773,717.101618298238,0.0005625236009524146,715.1384698490513,0.003309198335054536,714.2122479278023,0.004610333923226749,717.2411429268973,713.4873628561221,0.005630992552694925,0.10794673622955021,73.49707231834347,1.693437998338709,1.0532001064248249,0.640237891913884,69.11356021222802,71.62348526205204,72.7598483692111,1.2352740575379395,-30.88643978067977,2.3875034877232144,0.003327507782485544,0.03652445670987817,0.03675410007728961,0.037908232879381665,0.41798155671724446,3932452.95,1.0078927962761763,-6540653.0,-12289180.891450329,71.32101242590565,8.072746933759751e-05,717.5629272460938,1,
2026-09-04 17:30:00+00:00,717.5,717.6699829101562,716.5599975585938,717.5629272460938,3861184,0.0,0.0,0.0,8.072746933751596e-05,0.0001713380969408096,-6.557615756375146e-05,-0.00023275218703722178,0.014008199660897613,8.072421105071745e-05,-0.04705810546875,-0.16705322265625,0.17791748046875,-6.97539777204823e-06,718.0068446568081,-0.0006182634803793538,716.2277090890067,0.0018642369460733557,713.6463361467634,0.005488140134610659,714.5358093261718,0.004236481755578275,717.1938800878092,0.0005145709807769182,715.3588750669642,0.0030810440129371086,714.3436471167549,0.00450662666677028,717.5051996140253,714.0581561798089,0.004908243167517905,0.08098481559413988,73.28920818167838,1.6570018835099063,1.1739604618418413,0.48304142166806496,69.32865730968075,71.81926667535544,53.7388513277185,1.1720729285981006,-30.671342683181496,2.3432181222098216,0.0032655228318434733,0.03657514664567506,0.03571928018965615,0.0365895924822619,-0.025812345732587727,3905180.65,0.9887337734299179,-2679469.0,-11373970.235121727,65.18846918630189,0.000539443923647335,717.9500122070312,1,
2026-09-04 18:30:00+00:00,717.5999755859375,718.3599853515625,717.4299926757812,717.9500122070312,2130410,0.0,0.0,0.0,0.0005394439236472426,-0.0009184024129700319,-0.0022790958562950436,0.0016322760991318574,0.014548024791663394,0.0005392984760787166,-1.6400146484375,1.16998291015625,-1.59295654296875,5.163078865554652e-05,718.0382777622768,-0.00012292597481089145,716.8848528180804,0.0014858165642114268,714.1368117559524,0.005339593742125448,714.6768090820312,0.004579976687923741,717.3451065116536,0.0008432561815586235,715.5944329887884,0.00329177968643651,714.4850731987265,0.0048495610871022304,717.7348400297619,714.5531534532372,0.00475382235369506,0.009365711146802472,73.51741649989194,1.6404504299324572,1.2672584554599646,0.3731919744724925,70.87990762646635,69.77404171612505,58.451795272176064,0.6836587899644107,-29.120092366086013,2.335357666015625,0.0032528137423290943,0.03649042225823293,0.035375341822772605,0.03610738240399082,-0.44824955246888,3784349.65,0.5629527387882881,-549059.0,-10343026.307967277,69.53893215932256,0.0015460482383032814,719.0599975585938,2,
