timestamp,open,high,low,close,volume,Dividends,Stock Splits,return_1,return_3,return_5,return_10,return_20,log_return,momentum_5,momentum_10,acceleration_5,gap,sma_7,close_to_sma_7,sma_14,close_to_sma_14,sma_21,close_to_sma_21,sma_50,close_to_sma_50,ema_9,close_to_ema_9,ema_21,close_to_ema_21,ema_50,close_to_ema_50,wma_14,vwap_20,close_to_vwap,trend_slope_10,rsi_14,macd,macd_signal,macd_hist,stoch_k,stoch_d,cci_20,roc_12,williams_r_14,atr_14,atr_pct,hist_vol_20,parkinson_vol_20,garman_klass_vol_20,vol_change_1,vol_ma_20,rel_volume_20,obv,obv_ema_20,mfi_14,target_return_1,target_price_1,target_direction,target_volatility
2026-07-17 12:15:00+05:30,1320.5,1321.9000244140625,1319.699951171875,1321.0,1325524,0.0,0.0,0.0007575757575757347,0.001136794240242489,0.018582755133207618,0.011640335888726705,0.022683324251536074,0.0007572889419087576,24.0999755859375,15.199951171875,6.2999267578125,0.00037878787878759185,1311.4000069754463,0.007320415566175982,1306.4428536551338,0.011142581785439294,1303.6380964006696,0.013318039452247596,1298.3940014648438,0.01741073858138193,1312.3268240864763,0.006609006045086779,1306.4503642713014,0.011136768855970135,1300.7168099794685,0.015593855530194973,1310.4095249720983,1301.9234612874475,0.014652580800466901,2.4296365343225017,71.15013037977559,5.226233392639642,3.1540200451285125,2.0722133475111297,91.50956795167215,88.67942393661109,176.8828812137433,2.0155977368003746,-8.490432045183189,7.050022670200893,0.005336883171987552,0.06961688987302803,0.06764554473778134,0.06760056318089798,0.12192112076663353,1627484.1,0.8144620276167363,-9227492.0,-8698077.492089974,30.59960285620552,-0.0005298646267032552,1320.300048828125,1,0.00182170738282426
2026-07-17 13:15:00+05:30,1320.199951171875,1324.4000244140625,1316.5,1320.300048828125,2127889,0.0,0.0,-0.0005298646267032359,0.0007579776874018229,0.014912771196849306,0.010098747983122047,0.02008807774019683,-0.000530005054571916,19.4000244140625,13.2000732421875,-4.699951171875,-0.000605638779806506,1313.9857352120537,0.00480546587900934,1308.1000017438616,0.009326540071852182,1305.0000058128721,0.011724170840682021,1298.9980029296876,0.016398828828356613,1313.921469034806,0.004854612656569015,1307.70942650374,0.00962799691521491,1301.4847801303963,0.014456771976871778,1312.2571509951638,1304.1407537738824,0.012390759975461994,2.8902444033218053,73.2933946587626,5.6397557433353995,3.65116718476989,1.9885885585655094,87.38469050211894,89.08638835822853,143.0553258549969,1.8592885792383242,-12.615309494804144,7.307163783482143,0.005534472099703638,0.0697746904716338,0.06832157017443014,0.06867979761881922,0.6053191039920816,1563201.55,1.3612377751288685,-11355381.0,-8951154.016652834,29.632367356140577,0.003635481769521125,1325.0999755859375,2,0.0018202489701678133
2026-07-17 14:15:00+05:30,1320.4000244140625,1326.9000244140625,1320.0,1325.0999755859375,4098234,0.0,0.0,0.0036354817695212205,0.0038636178681343836,0.004244013327728391,0.015324496493857254,0.024825967197167342,0.0036288893785199785,5.5999755859375,20.0,-13.800048828125,7.572186793915584e-05,1318.0142996651787,0.00537602355494433,1310.2571411132812,0.011328184374582738,1306.4666689918154,0.014262366607857641,1299.9700024414062,0.019331194640889133,1316.1571703450325,0.006794633226481516,1309.2903855112124,0.012074930244401158,1302.4108662266922,0.017420853854638166,1314.5238141741072,1307.286601832783,0.013626219168900711,3.3158300119612965,78.81693524863985,6.282369910533816,4.177407729922676,2.1049621806111407,94.8570033455041,91.25042059976506,146.04274270609716,1.47801547220941,-5.1429966516387715,7.450020926339286,0.005622233087008688,0.06994686640069535,0.06767942058764581,0.06734850476484766,0.9259623034848152,1668723.65,2.455909341250121,-7257147.0,-8789820.015066849,42.95461237051994,0.002943192578611265,1329.0,2,0.0016484011804395618
2026-07-17 15:15:00+05:30,1325.0,1330.300048828125,1324.300048828125,1329.0,3176091,0.0,0.0,0.002943192578611198,0.006056018168054456,0.007352346557169431,0.01901552657308514,0.019328079635006157,0.002938869866971995,9.699951171875,24.800048828125,4.0999755859375,-7.544757963882461e-05,1322.0285818917412,0.0052732733646937415,1312.6000017438616,0.012494284804462564,1308.1809547061011,0.015914499610308264,1301.0300024414062,0.021498349389396196,1318.725736276026,0.00779105422859179,1311.0821686465567,0.01366644424119226,1303.4535773550572,0.019599027605387783,1317.0228620256696,1309.0749261411765,0.015220728363915987,3.641751992140646,79.81835854839065,7.0253616482298185,4.746998513584105,2.278363134645714,96.61445832671124,92.95205072477809,145.5895311975328,1.6754666684335724,-3.385541670684597,7.67144775390625,0.005772345939729479,0.06511587314283479,0.06399080824981208,0.0633783737739607,-0.22500984570427163,1827528.2,1.7379162740142662,-4081056.0,-8341366.299346196,50.19387843122422,0.00022577037481188864,1329.300048828125,1,0.0027798919390995924
2026-07-20 09:15:00+05:30,1316.800048828125,1345.800048828125,1316.800048828125,1329.300048828125,0,0.0,0.0,0.00022577037481186224,0.006816632331406947,0.0070454915364583925,0.020811011113817113,0.021831058406547532,0.00022574489251615037,9.300048828125,27.10009765625,-0.39990234375,-0.009179797721494222,1323.4285888671875,0.004436552157271172,1314.278573172433,0.011429445752449155,1309.395240420387,0.01520152799801865,1302.1180029296875,0.020875255420214366,1320.8405987864458,0.0064045957168829964,1312.7383395721538,0.01261615415403832,1304.4671644716482,0.019036802943611018,1319.249534970238,1309.2194031541376,0.015337876619911307,3.5037032100656282,75.71132454167731,7.551352099685573,5.307869230804398,2.243482868881175,69.38776896659618,86.95307687960384,138.36396973992206,1.8542696877535452,-30.612231031548536,8.807155064174108,0.0066254079144371,0.06409679375816328,0.0784750163417336,0.08041830944851965,-1.0,1786397.25,0.0,-4081056.0,-7935622.461313225,44.44309176876274,0.0026329646215581693,1332.800048828125,2,0.0027451828981974896
2026-07-20 10:15:00+05:30,1329.0999755859375,1334.9000244140625,1323.0,1332.800048828125,2254634,0.0,0.0,0.0026329646215581537,0.005810937577583664,0.008932663760881976,0.02768141239744537,0.02271339684262008,0.0026295044425641003,11.800048828125,35.9000244140625,2.5,-0.00015051021954278016,1325.3571602957588,0.005615760608030851,1316.114292689732,0.012678044932009414,1310.9142892020088,0.016695034760374733,1303.00400390625,0.02286719367901178,1323.2324887947816,0.007230445227391925,1314.5621313226966,0.01387375847124378,1305.5782579758238,0.020850370849837187,1321.7190650576638,1310.7186519100883,0.01684678621597474,2.8202039927137124,76.82692182925082,8.156599865359567,5.877615357715432,2.278984507644135,75.88127251874283,80.62783327068342,116.97732079875959,2.192922766982912,-24.118727479401876,9.2071533203125,0.006908127988441368,0.06429173160784668,0.08014519092419481,0.0825191374072473,inf,1831619.15,1.2309513143057054,-1826422.0,-7353793.845950061,37.245701330657745,-0.0005252650184122104,1332.0999755859375,1,0.002002473049108314
2026-07-20 11:15:00+05:30,1333.0,1333.800048828125,1329.800048828125,1332.0999755859375,1784763,0.0,0.0,-0.0005252650184122132,0.0023325625176353615,0.008937306916170895,0.023983358126177023,0.025244305029770153,-0.0005254030184084932,11.7999267578125,31.199951171875,-0.0001220703125,0.00015002338276522321,1327.085728236607,0.0037783899281242346,1318.0428641183037,0.010665139845073689,1312.2904808407739,0.01509535810429469,1303.87400390625,0.021647775471482864,1325.0059861530128,0.005353930100735484,1316.156480801173,0.012113677224038862,1306.6183253330832,0.01950198444242619,1323.8504894438245,1312.1879921458128,0.015174642322055981,1.9070703780306244,78.97004812347237,8.481997829227339,6.398491852017814,2.0835059772095255,74.58243592305503,73.283825802798,112.32034241342596,2.2961162290884687,-25.417564075089693,9.257149832589286,0.0069492905954828856,0.06277123474876904,0.0789405633088816,0.08116346792049885,-0.2084023393597364,1846407.8,0.9666136592360577,-3611185.0,-6997354.908240532,43.25149979334062,-0.00022515333932092763,1331.800048828125,1,0.0023679461612881834
2026-07-20 12:15:00+05:30,1332.5,1332.5999755859375,1326.300048828125,1331.800048828125,920587,0.0,0.0,-0.00022515333932093817,0.0018806890153986178,0.005056277538021181,0.009321749775009547,0.026752042167383694,-0.00022517869013932753,6.7000732421875,12.300048828125,-5.099853515625,0.0003002960899284192,1328.6285923549108,0.0023870150706230297,1320.0142996651787,0.008928501127546009,1313.838099888393,0.013671356418453887,1304.706005859375,0.020766397063438944,1326.3647986880355,0.004097854636568769,1317.5786233490778,0.010793606716909054,1307.6058439015162,0.018502674211367705,1325.6847807384672,1313.1812419197527,0.014178398467784339,1.9333339907168348,80.00026534730497,8.61635252873748,6.842063987361747,1.774288541375733,74.02598578955808,74.82989807711864,92.64418331123159,2.6910342938580305,-25.974014208586638,9.49285888671875,0.007127840921063609,0.06206915445662405,0.07927066021334483,0.08167079073369425,-0.48419650116009805,1822723.35,0.5050612864535913,-4531772.0,-6762537.4884081,43.447718059282835,-0.005030840213651453,1325.0999755859375,0,0.0027039487364029823
2026-07-20 13:15:00+05:30,1331.5,1332.9000244140625,1325.0,1325.0999755859375,1153752,0.0,0.0,-0.005030840213651411,-0.005777365666333689,-0.00293455561629985,0.004396215070987308,0.023322226119765865,-0.005043537493504505,-3.9000244140625,5.7999267578125,-10.60009765625,-0.00022529570290134252,1329.3142961774554,-0.0031702965985044465,1321.6500156947545,0.0026103430183571047,1315.1714332217261,0.007549238155121896,1305.3840063476562,0.01510357806009106,1326.111834067616,-0.0007630265077825385,1318.2623826433378,0.005186822466164894,1308.2918882812976,0.012847352685728137,1326.362870861235,1314.6162183929305,0.007974766358667819,1.3730641373020023,72.5839266123219,8.08894535343552,7.091440260576502,0.9975050928590177,61.5954288187617,70.06795017712493,71.16867042299099,1.8602468074175247,-38.40457117938301,9.614292689732142,0.007255522501593591,0.06527034895226426,0.07987197213004003,0.08187678603584508,0.2532786146230612,1779992.65,0.6481779573640372,-5685524.0,-6659964.775226377,44.27312443234866,-0.0005282251790590314,1324.4000244140625,1,0.0025735569923352685
2026-07-20 14:15:00+05:30,1325.0,1327.0999755859375,1320.699951171875,1324.4000244140625,1717401,0.0,0.0,-0.0005282251790590387,-0.005780310271748301,-0.003686168836285142,0.003333351828835207,0.02175595919186102,-0.0005283647391271933,-4.9000244140625,4.4000244140625,-1.0,-7.544757963882461e-05,1329.2143031529017,-0.003621898084767904,1323.61430140904,0.0005936193075168438,1316.576195126488,0.005942557154329242,1306.1300073242187,0.01398790088841032,1325.7694721369053,-0.001032945584902056,1318.82035007704,0.0042308069758646445,1308.9235798943473,0.011823795336434064,1326.7295386904761,1315.3677471796286,0.006866731569018431,0.7441077440175492,79.82655895894308,7.527716329406076,7.178695474342417,0.34902085506365843,60.296818698504694,65.30607776894149,44.82422459234662,0.3713546353966492,-39.70318129964002,9.514290945870536,0.007183849871999693,0.06554537104231294,0.0803925882695054,0.0826037359993349,0.4885356645102241,1835621.75,0.9355963449441581,-7402925.0,-6730722.891871483,48.099225381154135,-0.0018876472016874533,1321.9000244140625,0,0.002438064080133495
2026-07-20 15:15:00+05:30,1324.5999755859375,1325.5,1321.0,1321.9000244140625,1181441,0.0,0.0,-0.0018876472016874368,-0.007433566639957534,-0.008178289326779664,0.0006813205254068144,0.012329587213897097,-0.0018894310528744039,-10.9000244140625,0.9000244140625,-6.0,0.00015097490802547432,1328.2000209263392,-0.004743258856356673,1325.11430140904,-0.002425660180074506,1317.8000081380208,0.003111258347791126,1307.0220068359374,0.01138314236508586,1324.9955825923369,-0.0023362781121244215,1319.1003204713147,0.0021224344345131584,1309.432460071591,0.009521349685939694,1326.5009684244792,1316.6196450236191,0.0040105579545295705,-0.02154931475959335,73.54267819741938,6.802790839589534,7.103514547391841,-0.30072370780230706,51.42278691958692,57.77167814561776,32.66411654059343,0.19707234819288993,-48.577213078380574,9.192862374441964,0.006954279601068759,0.061855236826727424,0.07782023562997639,0.08064705385996122,-0.31207621283555786,1744306.35,0.6773127896943099,-8584366.0,-6907260.330740866,52.03845309541374,-0.005068517375326727,1315.199951171875,0,0.0026042959783675397
2026-07-21 09:15:00+05:30,1321.800048828125,1323.0,1313.5999755859375,1315.199951171875,0,0.0,0.0,-0.005068517375326764,-0.007471152815986537,-0.012686753790104088,-0.003862832286325224,0.006196905927036367,-0.00508140587836437,-16.9000244140625,-5.10009765625,-6.0,-7.563021718056095e-05,1326.1857212611608,-0.008283734256187267,1324.8071550641741,-0.007251775366375125,1318.2476225353423,-0.002311911139732244,1307.7180053710938,0.005721375533597793,1323.0364563082444,-0.005923121089369063,1318.745741444093,-0.002688759599960884,1309.6586361931709,0.004231113990747252,1325.1790550595238,1317.1301026965446,-0.001465422072365147,-1.257241194344661,43.42499195536652,5.622825814406497,6.807376800794772,-1.1845509863882757,4.968856976982199,38.89615419835794,-9.90983852126767,-0.36364006273646693,-95.03114301991224,7.928580147879464,0.006028421869092132,0.06503084432766192,0.07862084316962639,0.08099209648499976,-1.0,1663337.55,0.0,-8584366.0,-7066984.680194117,52.03845309541374,0.0009884799850901948,1316.5,1,0.0022312778672687376
2026-07-21 10:15:00+05:30,1315.199951171875,1317.4000244140625,1314.0,1316.5,978477,0.0,0.0,0.0009884799850901071,-0.005964983591387085,-0.01148824768521961,-0.006490057915920389,0.00873498170815945,0.0009879917604566758,-15.300048828125,-8.5999755859375,1.5999755859375,0.0,1323.857142857143,-0.005557354052008344,1324.6071515764509,-0.0061204196027450095,1318.6952427455358,-0.0016647081709065688,1308.036005859375,0.006470765409135359,1321.7291650465954,-0.003956306015542242,1318.5415831309938,-0.0015483646152018335,1309.9269249699091,0.0050178944373075254,1324.0714343843006,1317.5433150422125,-0.0007918639412460453,-1.9899039217916277,45.857921899457,4.737981603593198,6.393497761354459,-1.6555161577612605,9.006266514241709,21.799303470270274,-25.10635932507871,-0.340651021952808,-90.99373348265271,7.857151576450893,0.0059682123634218955,0.06469576519138238,0.07862941416738926,0.08104474023376183,inf,1646417.6,0.5943066935144519,-7605889.0,-7118308.901128011,46.79698021052223,-0.004481598491502089,1310.5999755859375,0,0.0021189944644882668
2026-07-21 11:15:00+05:30,1316.5,1316.5,1310.300048828125,1310.5999755859375,1197762,0.0,0.0,-0.004481598491502092,-0.008548338466922822,-0.010942570573656774,-0.013845014608022899,0.004907241721878508,-0.004491670959124727,-14.5,-18.4000244140625,0.800048828125,0.0,1320.7857142857142,-0.007711878308191343,1323.9357212611608,-0.010072804488204141,1318.9571475074404,-0.006336196696981308,1308.2280053710938,0.0018131168306315718,1319.503327154464,-0.006747502173958095,1317.8196188087159,-0.005478476052207587,1309.953319111714,0.0004936484871547931,1322.2038109188989,1317.7836258335822,-0.005451312420956131,-2.675428602106261,37.948724355604526,3.5200762817078157,5.81881346542513,-2.2987371837173143,0.8448641064902855,4.939995865904732,-60.19679987436212,-0.734687031996232,-99.15513589069282,8.000008719308036,0.006104081236324854,0.06693747231478618,0.07911898394205623,0.08112073419950032,0.22410848696494656,1653215.85,0.7245043047464125,-8803651.0,-7278817.672449153,41.40308983350559,-0.0035861065614424155,1305.9000244140625,0,0.0036746614058466593
2026-07-21 12:15:00+05:30,1310.5999755859375,1311.800048828125,1305.4000244140625,1305.9000244140625,1401636,0.0,0.0,-0.003586106561442426,-0.00707111245672265,-0.013968589292487121,-0.017603267550235446,0.0028414017669542435,-0.003592552055677381,-18.5,-23.4000244140625,-4.0,0.0,1317.0857107979912,-0.008492755097269282,1322.8571515764509,-0.012818562565253329,1319.0381033761162,-0.00996034832384024,1308.316005859375,-0.0018466344785897377,1316.7826666063836,-0.0082645697489014,1316.7360193182928,-0.008229436079247063,1309.794366378473,-0.0029732468426895953,1319.7990513392858,1318.1383524061916,-0.009284554970864356,-3.3757611922465407,32.31856007676822,2.1508372462155876,5.085218221583221,-2.9343809753676338,1.2376230144395237,3.696251211723839,-107.87641523789034,-1.4489435910955024,-98.76237698308525,8.300005231584821,0.0063557738543596025,0.0680514021562742,0.07915530170213407,0.08086013593132012,0.17021244621218568,1639198.65,0.8550739106575028,-10205287.0,-7557529.036977805,41.28636995831782,-0.0006891985582635449,1305.0,1,0.003639627594751173
2026-07-21 13:15:00+05:30,1305.699951171875,1309.9000244140625,1304.300048828125,1305.0,2133959,0.0,0.0,-0.0006891985582635485,-0.00873528294720849,-0.012784646419500167,-0.02085837920892064,0.006245643791700228,-0.0006894361647682175,-16.9000244140625,-27.800048828125,1.5999755859375,-0.0001532071662814438,1314.2142857142858,-0.007011250611440988,1321.7642909458705,-0.01268326815960587,1319.1714390345983,-0.010742681819247497,1308.376005859375,-0.0025803024851063358,1314.426133285107,-0.007171291749610409,1315.6691084711754,-0.008109264253809919,1309.6063520106898,-0.0035173561915104734,1317.418097795759,1319.690496153029,-0.011131773848369369,-3.556229613415743,32.167836136987844,0.9817638349932167,4.264527344265221,-3.282763509272004,1.6866293297786354,1.2563721502361482,-130.5627663933904,-1.8058690744907406,-98.31337066781174,8.135716029575892,0.006234265156758359,0.06630618507387034,0.0786477728925724,0.08066529214852554,0.5224773050920495,1552206.85,1.3747903509123147,-12339246.0,-8012930.652503728,41.31739233146158,-0.00107281564295977,1303.5999755859375,1,0.0036294646298651303
2026-07-21 14:15:00+05:30,1305.0999755859375,1307.4000244140625,1303.0999755859375,1303.5999755859375,3559914,0.0,0.0,-0.0010728156429598013,-0.005341065260489164,-0.008819933102644728,-0.021394790573030398,0.00207544862879927,-0.0010733915215729239,-11.5999755859375,-28.5,5.300048828125,7.660964439649302e-05,1311.2428501674108,-0.005828725457295465,1320.2285766601562,-0.012595244011663724,1319.4904843284971,-0.012042912723720354,1308.3780053710936,-0.003651872597626946,1312.2609017452733,-0.006600003206534881,1314.5719145725175,-0.008346396925830843,1309.37080783717,-0.00440733229783892,1314.9961890811012,1320.116880271209,-0.012511698723120475,-3.498993844272849,22.784978328440772,-0.05704792289793659,3.4002122908325894,-3.457260213730526,1.1709581788124253,1.365070174343528,-159.06005394298015,-1.933353817659501,-98.82904181884567,7.950003487723214,0.006098499260974423,0.06564593805094887,0.07756138708763097,0.07945874796537511,0.6682204297270942,1576896.6,2.2575443437445406,-15899160.0,-8764000.11417004,23.292501470326926,0.0006137226473676458,1304.4000244140625,1,0.003965278254174371
2026-07-21 15:15:00+05:30,1303.5999755859375,1304.5,1302.800048828125,1304.4000244140625,1032273,0.0,0.0,0.0006137226473676982,-0.0011486331051054899,-0.009191018295433007,-0.02057367728599524,-0.0114437101825976,0.0006135343966423033,-12.0999755859375,-27.4000244140625,-0.5,0.0,1308.7428501674108,-0.0033183186084183294,1318.471435546875,-0.010672518761823076,1319.6571509951636,-0.011561432126203438,1308.3180053710937,-0.002994670210868883,1310.6887262790312,-0.004798013242104555,1313.6471972853853,-0.007039312298176273,1309.175875153911,-0.0036479825441966328,1312.8857154482887,1319.602906765478,-0.01152080089658818,-3.03164868045113,16.209074043619736,-0.8064601010773913,2.5588778124505933,-3.3653379135279846,3.720873455582073,2.1928203213910447,-149.8245956575034,-2.1308540946567445,-96.27912654209236,7.642857142857143,0.005859289328275244,0.03897988442395503,0.06386688317536135,0.06811755233891142,-0.7100286692318971,1628510.25,0.6338756541446389,-14866887.0,-9345227.436630037,9.343878475864244,-0.00866302408511606,1293.0999755859375,0,0.0038513109480814824
2026-07-22 09:15:00+05:30,1302.0,1303.699951171875,1292.300048828125,1293.0999755859375,0,0.0,0.0,-0.0086630240851161,-0.009118792654454033,-0.013352663151222965,-0.024149121266001217,-0.019859070925874578,-0.008700766210316114,-17.5,-32.0,-5.4000244140625,-0.0018399450852040215,1305.5857107979912,-0.009563320974471037,1315.8857160295759,-0.017315896180082033,1318.4000069754463,-0.019189950891710536,1307.9880053710938,-0.011382390147317109,1307.1709761404124,-0.010764468314627513,1311.779268039981,-0.014239661282297289,1308.545447719873,-0.01180354275110372,1309.5028541201636,1319.587245156849,-0.020072389808332067,-3.3764327844707855,11.814485076460954,-2.2858443625659675,1.5899333774472812,-3.8757777400132487,1.8777634183851102,2.2565316842598695,-174.46205445583044,-2.9277081836756422,-98.12223657926748,6.435712541852679,0.004976964398233409,0.04834470109144238,0.06617440252164121,0.06947838776534873,-1.0,1561290.7,0.0,-14866887.0,-9871099.775998605,9.343878475864244,-0.002397320891242628,1290.0,0,0.0014090051048529617
2026-07-22 10:15:00+05:30,1293.0,1293.0,1287.0999755859375,1290.0,1866849,0.0,0.0,-0.0023973208912426713,-0.010432629518748349,-0.012175529609318003,-0.02597404392927405,-0.022727272727272707,-0.0024001990658293134,-15.9000244140625,-34.4000244140625,1.5999755859375,-7.73146607570858e-05,1301.7999965122767,-0.00906436975255928,1312.82856968471,-0.017388842848061314,1317.0047665550596,-0.020504683992660512,1307.7420043945312,-0.013566899537445092,1303.73678091233,-0.010536468030538136,1309.7993345818008,-0.015116311376129506,1307.81817526027,-0.013624352067679705,1306.0514253162203,1317.8059938025401,-0.021100218039139883,-3.529966000729533,4.46826967396369,-3.666148097225232,0.5387170825127785,-4.204865179738011,6.209892646122453,3.9361765066965457,-180.40933943867643,-3.1386129520624535,-93.79010735173622,6.0142822265625,0.004662234284153363,0.04823385754133742,0.06657681031179652,0.06982648558445934,inf,1595559.3,1.17002796448869,-16733736.0,-10524684.178284451,9.566064305612883,-0.0007751937984496124,1289.0,1,0.0027488378053678437
2026-07-22 11:15:00+05:30,1290.0999755859375,1291.4000244140625,1288.300048828125,1289.0,1143562,0.0,0.0,-0.0007751937984495916,-0.01180621291461581,-0.01226053639846747,-0.02488843619519987,-0.024224072672218044,-0.0007754944165303904,-16.0,-32.9000244140625,-0.0999755859375,7.75004542150562e-05,1298.7142857142858,-0.007479925200742283,1309.75,-0.0158427180759566,1315.528576078869,-0.020165716322119956,1307.53400390625,-0.014174777750227269,1300.789424729864,-0.00906328457605915,1307.9084859834554,-0.01445704052391946,1307.0802076030045,-0.013832515784281636,1302.8742826915923,1316.6603503399213,-0.021007961797254084,-3.4659904706973044,4.43993671849033,-4.785575261448685,-0.5261413862795141,-4.2594338751691705,4.148520498638079,4.078725521048547,-152.16328637887642,-2.7243209003869646,-95.85147949917852,5.949994768415179,0.004615977322273516,0.047736511433327626,0.06667917356684212,0.06994143263770318,-0.3874373342461013,1586461.2,0.7208256968402375,-17877298.0,-11224933.113685932,0.0,0.0011636927851047323,1290.5,1,0.002747533135098551
2026-07-22 12:15:00+05:30,1289.0999755859375,1292.5,1287.0999755859375,1290.5,1041739,0.0,0.0,0.001163692785104642,-0.0020106531861616705,-0.01004907627437579,-0.018780377196537135,-0.02257066403547814,0.001163016219481078,-13.0999755859375,-24.699951171875,2.9000244140625,7.756057869466442e-05,1296.5142822265625,-0.004638809081400371,1306.7999965122767,-0.012473214383048185,1314.076195126488,-0.01794126947425661,1307.3460034179689,-0.0128856502975595,1298.7315397838915,-0.006338138046031388,1306.3258963485957,-0.012114814835118637,1306.4300033832787,-0.012193537611668758,1300.3076160249257,1315.495453441096,-0.01900079044415814,-3.364309599497508,7.422844398004315,-5.4884247461084215,-1.5185980582452956,-3.969826687863126,7.423626177228809,5.927346440663114,-127.26435076902118,-2.5596514488917244,-92.5763738205878,5.885716029575893,0.00456080281253106,0.04843515359450054,0.06605379190857383,0.06907258961470879,-0.08904020945082125,1532153.7,0.6799180787149484,-16835559.0,-11759278.436192034,5.584036451226652,-0.0001549408538357226,1290.300048828125,1,0.002828465295415386
2026-07-22 13:15:00+05:30,1290.5,1292.300048828125,1289.0,1290.300048828125,984982,0.0,0.0,-0.00015494085383571665,0.0002325959907945041,-0.010809548698276994,-0.019901216233858765,-0.026262114103824175,-0.00015495285840982565,-14.0999755859375,-26.199951171875,-1.0,0.0,1294.4142892020088,-0.003178457166458687,1304.3142874581474,-0.01074452588978587,1312.6476236979167,-0.017024808841552153,1307.1560034179688,-0.012895136116695892,1297.0452415927382,-0.005200429829513942,1304.869001119462,-0.011165068891074041,1305.7974561458218,-0.011868155543377237,1298.107623000372,1313.3363102113633,-0.017540260787820137,-2.8457877929526147,8.571636170540259,-5.9924946666483265,-2.413377379925902,-3.5791172867224246,8.000183105268746,6.524109927045212,-109.80675147961945,-2.390496633807115,-91.99981689223127,5.557146344866071,0.004306863624401836,0.045246002685280645,0.06533975555932954,0.06857327340116631,-0.05448293670487525,1376491.1,0.715574550391208,-17820541.0,-12336541.537507078,10.984853695929004,0.0007750135334089299,1291.300048828125,1,0.00313154045153659
2026-07-22 14:15:00+05:30,1290.4000244140625,1291.699951171875,1290.0,1291.300048828125,1700897,0.0,0.0,0.0007750135334090302,0.0017843668177850436,-0.0013919470975142234,-0.014726024048019704,-0.02836715663797973,0.0007747133654999956,-1.7999267578125,-19.2999267578125,12.300048828125,7.748243211198995e-05,1292.6571568080358,-0.0010498591778664982,1301.9500034877233,-0.008180002788940061,1311.0381033761162,-0.015055286720613015,1307.0180053710938,-0.012025814853632426,1295.8962030398156,-0.0035466993428222007,1303.6354600020675,-0.00946231638552809,1305.2289303686573,-0.010671600373267445,1296.3723911830357,1310.1068800777825,-0.014355188523646709,-2.3508374760408075,10.87489141774941,-6.239358625286286,-3.178573628997979,-3.060784996288307,10.937683780586378,8.78716435436131,-96.08470774759158,-1.8172067541849006,-89.06231621680946,5.221426827566964,0.004043542654785344,0.04313816811803705,0.06468616833343258,0.06801720955382902,0.726830541065725,1302731.4,1.3056390595943255,-16119644.0,-12696837.01012545,20.275421541530605,-0.005653255286987644,1284.0,0,0.0028401488973876852
2026-07-22 15:15:00+05:30,1291.300048828125,1291.4000244140625,1281.5999755859375,1284.0,2021934,0.0,0.0,-0.0056532552869876795,-0.005036807438977164,-0.0046511627906976605,-0.01677006202973974,-0.03407812169123159,-0.0056692954158521726,-6.0,-21.9000244140625,-4.2000732421875,0.0,1289.7428676060267,-0.00445272290335047,1299.2428588867188,-0.011732109037542184,1308.8952462332588,-0.01902004480869145,1306.7620043945312,-0.017418630414694564,1293.5169624318526,-0.007357431489690724,1301.8504181836977,-0.01371157387542905,1304.3964232953765,-0.01563667527072187,1293.9790573846726,1308.3468177716074,-0.0186088408982082,-2.386527218513333,9.766616125335005,-6.944006834151651,-3.931660270028714,-3.0123465641229368,5.7971570016497465,8.245007962501623,-110.9283820284045,-2.468666919861399,-94.2028429959348,5.600001743861607,0.004361372074655176,0.045138751729992495,0.04786899017300431,0.04775262043774158,0.18874570300259208,1403828.1,1.4403002760808097,-18141578.0,-13215383.771065885,19.426622920935046,-0.0009345414111176012,1282.800048828125,1,0.0022454799709449684
2026-07-23 09:15:00+05:30,1283.0,1284.699951171875,1278.4000244140625,1282.800048828125,0,0.0,0.0,-0.0009345414111175954,-0.00581260150056695,-0.004809892297808371,-0.017011456836685812,-0.03751500462801072,-0.000934978367199056,-6.199951171875,-22.199951171875,-0.199951171875,-0.0007788161993763405,1288.271449497768,-0.004247086801288397,1296.9285801478795,-0.01089383913348001,1306.6809605189733,-0.01827600800224811,1306.4780053710938,-0.018123501846650028,1291.3735797111071,-0.006639078743498441,1300.1185664241002,-0.013320721696633757,1303.549506649602,-0.015917659985765855,1291.7866827101934,1306.435801012062,-0.018091782363594853,-2.2666599258090074,11.057901096082588,-7.512670261256744,-4.64786226827432,-2.864807992982424,11.282113881922253,9.338984888052794,-117.56507182101649,-2.121160329288318,-88.71788611551365,5.378566196986607,0.004192832859568325,0.04225107526709956,0.045131686883268414,0.04432720735778931,-1.0,1291096.4,0.0,-18141578.0,-13684545.126202468,19.426622920935046,0.0015590894323921003,1284.800048828125,2,0.00228029275774105
2026-07-23 10:15:00+05:30,1282.800048828125,1287.300048828125,1282.699951171875,1284.800048828125,757238,0.0,0.0,0.0015590894323920246,-0.005033686791771519,-0.004416854840662565,-0.014421545803851687,-0.03550779042466923,0.0015578753142449539,-5.699951171875,-18.7999267578125,0.5,0.0,1287.528599330357,-0.0021192154517182056,1294.664297921317,-0.007619155876177492,1304.3952462332588,-0.01502243852981253,1306.206005859375,-0.01638788746584443,1290.058873534511,-0.004076422258135909,1298.725973915375,-0.01072275858567436,1302.814233793858,-0.013827132447932322,1290.1695452008928,1303.9461231179464,-0.01468317896756758,-1.8302967827116474,12.529651792852988,-7.713045649886226,-5.260898944596701,-2.4521467052895245,16.797975104888877,11.292415329486959,-93.9765178706151,-1.615742031660393,-83.20202489248646,5.464285714285714,0.004253024211250205,0.043775231164796854,0.04532232848058123,0.044488364119365915,inf,1239720.15,0.6108136582276246,-17384340.0,-14036906.542754615,23.656212886509437,-0.004203007634524842,1279.4000244140625,0,0.0020339471932235534
2026-07-23 11:15:00+05:30,1285.0,1286.699951171875,1279.0999755859375,1279.4000244140625,1614097,0.0,0.0,-0.004203007634524858,-0.0035825355030666417,-0.008447666435386192,-0.019165899671943043,-0.03934526392319193,-0.00421186509848418,-10.9000244140625,-25.0,-5.2000732421875,0.0001556282411860283,1286.1571742466517,-0.005253751227210525,1292.4357299804688,-0.010086153813306568,1301.8857247488838,-0.01727163905967342,1305.7220068359375,-0.02015894829377884,1287.9271037104213,-0.006620777893241248,1296.969069415256,-0.013546232840464714,1301.8960295044542,-0.01727941754222659,1288.1343087332589,1301.5899745352867,-0.01704834130205234,-1.4087473035960776,12.6795278353449,-8.212908136687474,-5.851300783014856,-2.3616073536726185,2.9940097874570037,10.358032924756044,-99.604340311435,-1.961683952943899,-97.005990209549,5.564287458147321,0.0043491381522298275,0.04414991642629641,0.04595161282544831,0.044354704935059885,1.1315583739854578,1274395.65,1.2665587802343792,-18998437.0,-14509433.25296846,23.185091857910322,-0.003204608025402532,1275.300048828125,0,0.0017448169990655334
2026-07-23 12:15:00+05:30,1279.300048828125,1280.4000244140625,1274.5,1275.300048828125,1409435,0.0,0.0,-0.0032046080254025666,-0.005846585371470425,-0.012390613641283688,-0.013765313660103362,-0.03758201469726219,-0.0032097537780551287,-16.0,-17.7999267578125,-5.0999755859375,-7.814255434550934e-05,1283.9857526506696,-0.006764641900898834,1290.2500174386162,-0.011586877278372779,1299.1952485584077,-0.018392308436148072,1305.2080078125,-0.022914323851320195,1285.4016927339621,-0.007858744828897623,1294.9991584527893,-0.01521167754903003,1300.8530498700884,-0.019643264890293062,1285.8495512462798,1299.060420335384,-0.018290428324424138,-1.7360215104692869,12.864173311461343,-8.838007474949109,-6.448642121401706,-2.3893653535474026,2.26002337948836,7.350669423944747,-115.22893890144874,-2.170905744691399,-97.73997661768679,5.528573172433036,0.0043351156282859975,0.042947381685371405,0.045253709844793634,0.04409490717926415,-0.12679659276982735,1287179.8,1.094979116359656,-20407872.0,-15071189.32411432,23.21621865825925,-0.002430877077985439,1272.199951171875,0,0.0030635506056034653
2026-07-23 13:15:00+05:30,1275.300048828125,1275.300048828125,1271.300048828125,1272.199951171875,1481126,0.0,0.0,-0.002430877077985394,-0.009807049484270025,-0.00919006918078269,-0.013798487463662745,-0.039414128873398124,-0.0024338364565660224,-11.800048828125,-17.800048828125,4.199951171875,0.0,1281.4000244140625,-0.007179704281952998,1287.9071568080358,-0.012195914552627774,1296.6761997767858,-0.018876145493458837,1304.6420068359375,-0.024866634290518712,1282.761344421545,-0.008233326717858237,1292.9265032454334,-0.016030727208016647,1299.7293989407467,-0.02118090718828586,1283.4428757440476,1295.859644830217,-0.018257913773851272,-2.2410785916370237,12.212052851765023,-9.47434087237707,-7.0537818715967795,-2.4205590007802904,2.492805962106032,2.5822797096837986,-126.42061254373097,-2.468573492754043,-97.50719403512389,5.414289202008929,0.004255847673172249,0.04266558327844165,0.04457064801209519,0.04279568403092001,0.05086506295075677,1275366.05,1.161334034256282,-21888998.0,-15720504.436103433,24.088787602931347,-0.0006287743975116922,1271.4000244140625,1,0.003033077810824304
2026-07-23 14:15:00+05:30,1272.0999755859375,1274.9000244140625,1268.0,1271.4000244140625,3685773,0.0,0.0,-0.0006287743975117444,-0.006252930942113877,-0.008886828796488389,-0.013653976404916612,-0.03820258647955188,-0.0006289721590358281,-11.4000244140625,-17.5999755859375,0.4000244140625,-7.85848056709402e-05,1278.557163783482,-0.005597825089208168,1285.6071602957588,-0.011050915334367674,1294.1523902529761,-0.017580901608077636,1304.2360083007814,-0.02517641261068532,1280.4890804200486,-0.007098112857782,1290.9695506243997,-0.015158782173333945,1298.6184430769554,-0.020959519563252472,1281.2419247581845,1291.5093757053728,-0.015570426099548661,-2.6289588591089474,12.38327752305868,-9.928734804063424,-7.6287724580901095,-2.2999623459733147,9.315135380737942,4.689321574110778,-126.94767274483773,-1.6781340639980602,-90.68486461652235,5.600001743861607,0.004404594648673237,0.042944652823550984,0.04547336914278082,0.04430512629179695,1.4884938891086916,1400582.65,2.631599784561088,-25574771.0,-16659006.013617393,24.047129564278634,0.0008651687626358469,1272.5,1,0.0028957351734327417
2026-07-23 15:15:00+05:30,1271.5999755859375,1278.199951171875,1271.4000244140625,1272.5,2182628,0.0,0.0,0.0008651687626357596,-0.0021956000320849656,-0.009573512111354598,-0.013948082138705908,-0.03246650909150983,0.0008647947198663721,-12.300048828125,-18.0,-0.9000244140625,0.00015726849774679865,1276.914306640625,-0.0034570108719628482,1283.3285871233259,-0.008437891302328492,1291.8000081380208,-0.014940399455349541,1303.8000073242188,-0.024006754984172447,1278.8912643360388,-0.004997504099265219,1289.2905005676362,-0.013023054587178602,1297.594190407271,-0.019339012607150707,1279.4943033854167,1290.2460994851947,-0.013754042342977507,-2.6020261202654105,12.992990153677994,-10.083846130534312,-8.11978719257895,-1.964058937955361,12.605059256829243,8.137666866557739,-107.56625170574343,-1.35658914728577,-87.39494074036965,5.964285714285714,0.004687061465053852,0.042376780633511454,0.04434044027920936,0.04406146070461895,-0.4078235420358226,1509714.05,1.4457227843908578,-23392143.0,-17300257.15517764,33.60382965591093,-0.0029862859160117877,1268.699951171875,0,0.0032845361484253356
2026-07-24 09:15:00+05:30,1265.5999755859375,1270.800048828125,1249.800048828125,1268.699951171875,0,0.0,0.0,-0.0029862859160117994,-0.002751139863490848,-0.00836335238236996,-0.016740368006548212,-0.03630843055687427,-0.002990753764864366,-10.7000732421875,-21.60009765625,1.5999755859375,-0.005422416042481004,1274.9000069754463,-0.004863170264054973,1281.585728236607,-0.010054557241716628,1289.5857224237352,-0.016195721531865187,1303.3140063476562,-0.02655849243326665,1276.8530017032062,-0.006385269502792749,1287.4186324407488,-0.014539700449551097,1296.461082986275,-0.021413008210345516,1277.54381859189,1289.384682446085,-0.016042327441763184,-2.577786326497305,15.730279281279437,-10.393594271402662,-8.574548608343694,-1.8190456630589686,43.749823392432766,21.890006009999983,-160.90578649876798,-1.5748680239029675,-56.25017660525242,6.721426827566964,0.005297885304837607,0.0414383810087717,0.05654681054154323,0.06020140160517983,-1.0,1460790.2,0.0,-23392143.0,-17880436.75944644,33.60382965591093,0.0046504489959290655,1274.5999755859375,2,0.0026305716713555674
2026-07-24 10:15:00+05:30,1268.5999755859375,1275.0,1267.9000244140625,1274.5999755859375,1240599,0.0,0.0,0.004650448995929146,0.002516872039034057,-0.0005489478674691739,-0.01293275970781782,-0.027468335625372875,0.004639669066086688,-0.7000732421875,-16.7000732421875,10.0,-7.880159989371449e-05,1273.4428536551338,0.0009086563464402817,1280.4857264927455,-0.004596498645029387,1287.5904831659227,-0.010089005588200764,1302.7300048828124,-0.021593138402752735,1276.4023964797525,-0.0014121102395173828,1286.253299999402,-0.009059898554554493,1295.6037846568502,-0.016211599039485255,1276.612384905134,1287.7238447643433,-0.0101915245506674,-1.8309848153820185,29.947897615387646,-10.047171701771276,-8.86907322702921,-1.1780984747420664,58.079520178858125,38.144800942706716,-92.67927239173885,-1.232082480747786,-41.92047981879996,6.799996512276786,0.0053350044268951685,0.046141474124718224,0.05690329634895851,0.06058141538793466,inf,1462932.05,0.8480222987800419,-22151544.0,-18287208.877594396,41.136859510794864,0.0032166763411812624,1278.699951171875,2,0.0019953332856132533
2026-07-24 11:15:00+05:30,1274.699951171875,1282.699951171875,1274.5,1278.699951171875,1596163,0.0,0.0,0.0032166763411811683,0.004872260252946958,0.005109259746483019,-0.004127763884832603,-0.020828603058179573,0.003211513905466633,6.5,-5.300048828125,7.2000732421875,7.843683340058318e-05,1273.3428431919642,0.00420712144301812,1279.750008719308,-0.0008205177107074067,1286.0714343843006,-0.005731783643844712,1302.2860034179687,-0.01811126909463192,1276.861907418177,0.0014395008129055235,1285.5666319241723,-0.005341365108406884,1294.940889226067,-0.012541837383701683,1276.374281529018,1286.2805591421736,-0.005893432747944402,-1.1515274817101684,37.5903026040358,-9.334196744899828,-8.962097930603335,-0.3720988142964927,67.68134751898397,56.503563696758285,-46.80479335413478,-0.8990232672451992,-32.31865247867411,7.164280482700893,0.005602784669014437,0.048118783869007434,0.05758643241592609,0.06159199607591082,0.28660671175778796,1472658.4,1.0838650701343904,-20555381.0,-18503225.270204455,48.30468855877919,0.0018769253974421272,1281.0999755859375,2,0.0018620527311295214
2026-07-24 12:15:00+05:30,1278.5,1283.4000244140625,1278.5,1281.0999755859375,1007564,0.0,0.0,0.0018769253974422195,0.00977380380807058,0.007629346378489554,-0.001325283113093545,-0.018314194953304552,0.0018751661739120266,9.699951171875,-1.7000732421875,3.199951171875,-0.00015637067295701135,1274.1714041573662,0.005437707521891758,1279.078578404018,0.0015803541831184813,1284.8904796781994,-0.0029500600652036177,1301.84400390625,-0.015934342561822346,1277.709521051729,0.0026535409483486845,1285.16057225706,-0.0031596025887939954,1294.398108299003,-0.010273603327905558,1276.554277111235,1284.577060643292,-0.0027067936707592904,-0.34411826595155465,38.91507191934412,-8.477770580475408,-8.86523246057775,0.38746188010234306,73.64688648723772,66.4692513950266,-23.474932503175754,-0.7899072916040177,-26.353113510409344,7.128566196986607,0.005564410532223019,0.04922172163408492,0.057439379187845745,0.061248968171982665,-0.36875870446815273,1416338.65,0.7113863622940738,-19547817.0,-18602710.19685165,48.19544940954725,-0.00187340914823201,1278.699951171875,0,0.0020805882713300266
2026-07-24 13:15:00+05:30,1281.199951171875,1281.800048828125,1277.0999755859375,1278.699951171875,873251,0.0,0.0,-0.0018734091482319748,0.0032166763411811683,0.004872260252946958,-0.004747896500948867,-0.019100970297940112,-0.0018751661739118991,6.199951171875,-6.10009765625,-3.5,7.803886335388936e-05,1275.0999755859375,0.002823288883117111,1278.25,0.00035200561069794487,1283.6380964006696,-0.0038469917982625773,1301.432001953125,-0.01746695236256485,1277.9076070757583,0.0006200323808457687,1284.5732430674977,-0.004572173620550462,1293.7824942940176,-0.01165771154629906,1276.5037934802826,1281.6000283584544,-0.0022628566810284465,0.4888796821797991,36.99543467817592,-7.901623589179735,-8.672510686298148,0.770887097118413,68.97367470206316,70.10063623609494,-30.806550933840146,-0.41277638848293396,-31.0263252955502,7.228567940848214,0.00565306030880652,0.04933676370455441,0.05754377753060178,0.06128576892406658,-0.13330468337495183,1282005.5,0.6811601042273214,-20421068.0,-18775887.130484827,43.4110278211207,-0.00031274134591426723,1278.300048828125,1,0.0018887830724245022
2026-07-24 14:15:00+05:30,1278.800048828125,1280.300048828125,1275.699951171875,1278.300048828125,1695991,0.0,0.0,-0.00031274134591430247,-0.00031274134591430247,0.007566877926796334,-0.0008597589221097657,-0.02000918054080969,-0.00031279025968752996,9.60009765625,-1.0999755859375,3.400146484375,7.828080086981032e-05,1276.085693359375,0.0017352717613492211,1277.3214285714287,0.0007661503477555101,1282.433337983631,-0.0032230050740894712,1301.0560034179687,-0.017490372843324678,1277.9860954262317,0.00024566261167992715,1284.0029526821002,-0.004441503691294603,1293.175339569865,-0.011502918658096474,1276.5104666573661,1280.499212430827,-0.0017174267514975014,0.9797955136122976,35.22727271606405,-7.392080422974004,-8.41642463363332,1.024344210659315,68.50965558967557,70.37673892632549,-33.54025135369403,-0.3507951222879491,-31.490344407920585,7.435721261160714,0.00581688256053151,0.049053797276995874,0.05798652958809351,0.061870380647761264,0.9421575240108515,1315191.4,1.2895393020361896,-22117059.0,-19094093.975200556,34.67244051811569,0.0015645778953333293,1280.300048828125,2,0.0018637294847078957
2026-07-24 15:15:00+05:30,1278.300048828125,1280.9000244140625,1277.9000244140625,1280.300048828125,754373,0.0,0.0,0.0015645778953332634,-0.0006244061923790234,0.004472048761468894,0.0039206459723690745,-0.009898636609294242,0.001563355218487286,5.7000732421875,5.0,-3.9000244140625,0.0,1277.199986049107,0.0024272336461615557,1277.0571463448662,0.002539355809203979,1281.2857200985864,-0.0007692829592955603,1300.76400390625,-0.015732258131878816,1278.4488861066104,0.0014479755441382319,1283.6663250590113,-0.0026223919449853677,1292.6704262074438,-0.009569629759073713,1276.9076160249256,1280.4769315806454,-0.00013813817973429312,1.303036057028504,45.21969528061648,-6.74908129933192,-8.082955966773039,1.333874667441119,81.33333333116445,72.93888787430107,-10.453959582126181,-0.35024905269119333,-18.66666666616889,6.950003487723214,0.00542841773229581,0.04058085320687698,0.05510789291853156,0.05994767976965587,-0.5552022386911251,1352910.05,0.557592871750786,-21362686.0,-19310150.35851479,41.23224204859088,0.002733734176768637,1283.800048828125,2,0.0017912568186982305
2026-07-27 09:15:00+05:30,1288.0999755859375,1288.5,1281.4000244140625,1283.800048828125,0,0.0,0.0,0.0027337341767685874,0.003988502268711169,0.003988502268711169,0.009118140309284373,-0.004806163699127897,0.0027300043215694055,5.10009765625,11.60009765625,-0.5999755859375,0.0060922646726021615,1279.357142857143,0.003472764423745236,1277.1285749162946,0.0052238075655479145,1280.8428664434523,0.00230877843187875,1300.516005859375,-0.0128533266456734,1279.5191186509132,0.0033457336547828196,1283.6784817652942,9.470211159377827e-05,1292.322568271,-0.006594730798728219,1277.8066696893602,1279.7687383934299,0.0031500304029560135,1.5414208818102149,51.21951217763237,-5.8891921705596815,-7.644203207530367,1.7550110369706857,87.85540800328137,79.23279897470712,48.832215382326545,0.3439131100590823,-12.144591994134663,7.085719517299107,0.0055193326435542325,0.041466862732548654,0.05550290163078825,0.06021741338441749,-1.0,1259567.6,0.0,-21362686.0,-19505629.94341814,41.23224204859088,-0.0019473437489600062,1281.300048828125,0,0.0009049026785175649
2026-07-27 10:15:00+05:30,1283.5999755859375,1284.0,1280.0999755859375,1281.300048828125,824790,0.0,0.0,-0.0019473437489599954,0.002346866843000006,0.00015617301225523406,0.007786710888750381,-0.005973585082913124,-0.0019492422879373657,0.2000732421875,9.9000244140625,-4.9000244140625,-0.00015584455100307442,1280.3142961774554,0.0007699302066781048,1276.8785749162946,0.0034627207306041417,1280.4285830543154,0.0006806047485523714,1300.026005859375,-0.014404294180912788,1279.8753046863558,0.0011131898057188132,1283.462260589188,-0.0016846710865255129,1291.8903126065734,-0.008197494535796015,1278.3628662109375,1279.3856178889082,0.0014963674067043776,1.4128064497445756,45.78313251467557,-5.347806760034246,-7.184923918031144,1.8371171579968983,81.39545153245186,83.5280642889659,22.70744053596554,0.47047751668391324,-18.604548464964175,7.035714285714286,0.00549107470349638,0.04187513726736006,0.05564509629677634,0.06029870488916036,inf,1243629.0,0.6632122602480317,-22187476.0,-19761043.853568792,36.93274673758861,-0.0008585792666254463,1280.199951171875,1,0.0006163113495356689
2026-07-27 11:15:00+05:30,1281.4000244140625,1283.9000244140625,1279.4000244140625,1280.199951171875,756077,0.0,0.0,-0.0008585792666254699,-7.818296683004267e-05,0.0011730664403524216,0.0060510421782906665,-0.007981440393742711,-0.0008589480569095807,1.5,7.699951171875,1.2999267578125,7.802667769259783e-05,1280.5285818917412,-0.00025663677055956215,1276.9357125418526,0.002556306161664246,1280.009533110119,0.00014876300279822432,1299.4880053710938,-0.014842810491117893,1279.9402339834596,0.0002029135279284711,1283.165687005796,-0.0023112649160990303,1291.4318670601147,-0.008697257807181032,1278.8057163783483,1278.9892476750845,0.0009466095973757168,1.165665443356182,51.075168237309114,-4.950457812570676,-6.738030696939051,1.787572884368375,78.55281834323723,82.60122595965682,22.103082772111744,0.6288319687974039,-21.447181654178802,6.814287458147321,0.005322830587444021,0.04155407324719949,0.05543231737954433,0.06003857521226165,-0.0833096909516362,1229345.9,0.6150238106297011,-22943553.0,-20064139.962752715,38.75174049120086,0.0003905639892755095,1280.699951171875,1,0.0025125546956303252
2026-07-27 12:15:00+05:30,1280.4000244140625,1281.4000244140625,1278.0,1280.699951171875,827996,0.0,0.0,0.0003905639892756163,-0.00241478231682557,0.001877417078995025,0.009458501191645707,-0.00744020560564107,0.00039048773901384845,2.39990234375,12.0,0.89990234375,0.00015628280723194827,1280.471435546875,0.00017846210282873283,1277.3214198521205,0.002645012654796807,1279.5428641183037,0.0009042972189663551,1299.0000048828124,-0.01408780111018877,1280.0921774211429,0.00047478905148538603,1282.9415292027122,-0.0017472176087623462,1291.011007613517,-0.007986807533651002,1279.307614862351,1278.5591909466168,0.0016743536321314504,0.5636393228483467,58.035545584933146,-4.542843021109775,-6.298993161773196,1.7561501406634212,79.84480963740313,79.93102650436408,15.262225690897802,0.7314713370476101,-20.1551903600129,6.635716029575893,0.00518131981148188,0.04164130133065961,0.05545368588551484,0.06006467473238926,0.09512126410405286,1221496.6,0.6778537083115903,-22115557.0,-20259513.013919123,40.07874490899888,-0.0008588862558564109,1279.5999755859375,1,0.0028900527275998885
2026-07-27 13:15:00+05:30,1280.9000244140625,1281.800048828125,1278.0999755859375,1279.5999755859375,761373,0.0,0.0,-0.0008588862558563948,-0.0013268346034501777,-0.0005468040424025933,0.003922799384725728,-0.009060692944916626,-0.0008592553099887907,-0.7000732421875,5.0,-3.0999755859375,0.00015622179262540876,1280.6000104631696,-0.0007809111893335337,1277.8499930245537,0.0013694741721916933,1279.0333368210565,0.00044302110708768484,1298.5080053710938,-0.014561350185698756,1279.9937370541018,-0.00030762765220257194,1282.6377516011871,-0.0023683818844837745,1290.563516161455,-0.00849515768748684,1279.6114222935269,1277.699672577031,0.0014872845706161218,0.17037069915864192,61.70890840826652,-4.259463752363445,-5.891087279891246,1.6316235275278013,77.00249187575055,78.46670661879698,22.80608539406452,0.5579548594052589,-22.997508121665476,6.614292689732143,0.005169031584810906,0.041448838571241736,0.0557243823750485,0.060389018392852434,-0.08046294909637242,1174520.4,0.6482416141941847,-22876930.0,-20508790.822117303,41.843557547537685,0.0,1279.5999755859375,1,0.002921809535498466
2026-07-27 14:15:00+05:30,1279.5999755859375,1280.300048828125,1278.0,1279.5999755859375,1633880,0.0,0.0,0.0,-0.0004686577166232997,-0.0032715945493392296,0.000703858957089798,-0.0034268102913259657,0.0,-4.2000732421875,0.9000244140625,-3.5,0.0,1280.7857142857142,-0.0009257900728827801,1278.4357038225446,0.000910700287789825,1278.4761904761904,0.0008790035497866254,1298.056005859375,-0.0142182079895733,1279.914984760469,-0.0002461172642573626,1282.3615901452554,-0.0021535381132266372,1290.1335733937876,-0.008164734276414953,1279.8447533017113,1277.1155771224617,0.0019453199913758898,0.013463903354849491,63.31158791323082,-3.9889020602990968,-5.5106502359728164,1.5217481756737197,77.00249187575055,77.94993112963475,20.378776574080177,0.8591491159107993,-22.997508121665476,6.285723005022321,0.0049122562714485314,0.03661524763098273,0.0534433367360741,0.05880529776615692,1.1459652496214074,1155117.7,1.4144705773273136,-22876930.0,-20734327.88667756,47.84779768134112,0.00031261677219032936,1280.0,1,0.0028810629885856046
2026-07-27 15:15:00+05:30,1279.699951171875,1282.0,1279.199951171875,1280.0,917494,0.0,0.0,0.0003126167721902995,-0.0005465379859150854,-0.001014632622010736,-0.0008586180679883704,-0.002182763269055754,0.00031256791774871885,-1.300048828125,-1.0999755859375,2.9000244140625,7.813034373624646e-05,1280.7428501674108,-0.0005800150805550844,1278.9714181082588,0.0008042258624213446,1278.2857142857142,0.0013410818059891672,1297.7180053710938,-0.01365320146422221,1279.9319878083752,5.3137348134572876e-05,1282.1469001320502,-0.0016744572184570978,1289.736178358737,-0.007548968945819136,1280.053326125372,1277.2410326769864,0.0021600991922635818,0.04645905670733156,62.45843131169101,-3.6995551738241375,-5.148431223543081,1.448876049718944,78.03614799659569,77.34704391603226,41.54077227579577,0.4236642489794381,-21.963852000820342,6.000017438616071,0.004687513623915143,0.03653698814609431,0.05261269234548198,0.05775628429003392,-0.43845692462114716,1200992.4,0.7639465495368658,-21959436.0,-20851004.849851128,42.76724073249302,-0.005546855926513672,1272.9000244140625,0,0.0027730802294681574
2026-07-28 09:15:00+05:30,1275.800048828125,1276.800048828125,1269.199951171875,1272.9000244140625,0,0.0,0.0,-0.005546855926513716,-0.00523597319451885,-0.005702177031900568,-0.004535799624061254,-0.009262160617846016,-0.005562296857399521,-7.2999267578125,-5.7999267578125,-5.9998779296875,-0.00328121185302478,1279.1857038225446,-0.004913813052861619,1279.2714233398438,-0.004980490308414934,1277.8142845517114,-0.003845832838978671,1297.1580053710939,-0.01870086824933318,1278.5255951295128,-0.004400045440526384,1281.3062750667784,-0.006560687960629283,1289.0759370275734,-0.012548455951165887,1279.243806966146,1276.9906345192023,-0.0032033203647392266,-0.5138124407521136,56.28753017416751,-3.9970785411474026,-4.918160687063946,0.921082145916543,24.271873424794315,59.770171099046856,-77.76096632344021,-0.453579962405768,-75.72812657035131,5.1500244140625,0.00404589859005549,0.04070850967404697,0.053589544844297364,0.05887456307465505,-1.0,1163130.5,0.0,-21959436.0,-20956569.721293878,42.76724073249302,0.0021996438872733575,1275.699951171875,2,0.0016716119926407003
2026-07-28 10:15:00+05:30,1272.9000244140625,1279.199951171875,1272.0,1275.699951171875,1115292,0.0,0.0,0.0021996438872733393,-0.0030478465836767388,-0.003904115085992532,-0.0020340276593383555,-0.0028920378080202758,0.0021972282124256277,-5.0,-2.60009765625,2.2999267578125,0.0,1278.3856898716517,-0.0021008829503123307,1279.3499930245537,-0.002853044024369462,1277.3809465680804,-0.001315970306837892,1296.2820043945312,-0.01587775896978052,1277.9604663379853,-0.0017688459272813437,1280.7966092581507,-0.00397928761634042,1288.5513885626442,-0.009973554415314998,1278.7676106770834,1276.5878471505725,-0.0006955228194273423,-0.855900311607113,51.815145594610456,-3.9612741611772435,-4.726783381886605,0.7655092207093617,33.678671269427504,45.328897563605835,-26.74237147240329,-0.42151467621318717,-66.32132872539117,5.15716552734375,0.004042616386872372,0.03922172837467869,0.05345217365406568,0.05928890643205954,inf,1138190.25,0.9798818782712284,-20844144.0,-20945862.50974208,42.22062727985656,-0.0017245051783956686,1273.5,0,0.0017427499312583513
2026-07-28 11:15:00+05:30,1275.9000244140625,1276.800048828125,1272.0,1273.5,836244,0.0,0.0,-0.001724505178395619,-0.005078125000000044,-0.004767095734855897,-0.005311293110040194,-0.0014114708376111729,-0.0017259938491772714,-6.0999755859375,-6.800048828125,-1.0999755859375,0.00015683409096594635,1277.4285539899554,-0.0030753610271836815,1278.9785679408483,-0.004283549449670978,1277.0999930245537,-0.0028188810932689716,1295.3660034179688,-0.016880173912435598,1277.0683730703884,-0.002794191090807703,1280.1332811437733,-0.00518171134324497,1287.9611380307758,-0.011227930411685334,1277.9876116071428,1276.484852191989,-0.0023383373385598527,-1.1481522581205101,40.8451248874523,-4.063574251422324,-4.594141555793749,0.5305673043714254,22.279989373062897,26.74351135576157,-49.343927731863346,-0.40665921407953415,-77.72001062175576,4.914315359933036,0.003858904876269475,0.03802235938899669,0.053147580634070546,0.05916621545359695,-0.2502017408893814,1109530.7,0.7536916283614319,-21680388.0,-21015817.318338074,31.610637654639632,-0.000706732951756969,1272.5999755859375,1,0.0018681563261095484
2026-07-28 12:15:00+05:30,1273.5,1274.0,1271.0,1272.5999755859375,707326,0.0,0.0,-0.0007067329517569387,-0.00023572065548760346,-0.005470459622972879,-0.008724157046427261,0.00031443517482765415,-0.0007069828052162058,-7.0,-11.2000732421875,-0.9000244140625,0.0,1276.2714146205358,-0.002876691425144082,1278.3714250837054,-0.004514689068073835,1276.9714181082588,-0.003423289245419357,1294.4180029296874,-0.01685547272546565,1276.1746935734982,-0.002801119631629814,1279.4484351839699,-0.005352665578149928,1287.3587395035272,-0.01146437544151057,1277.137132626488,1276.5999582497677,-0.0031333094114393595,-1.144108730395832,34.20068611968195,-4.169212175654366,-4.509155679765873,0.3399435041115071,17.61666223834443,24.525107626944944,-75.00994709491559,-0.4459104298250285,-82.38333775647423,4.778599330357143,0.003754989330526428,0.03708212587743717,0.052962968068258454,0.059159812825586425,-0.15416313898814227,1070840.7,0.6605333547744304,-22387714.0,-21146474.14516302,23.810181974890725,-0.00125724942372471,1271.0,1,0.0021004364780803776
2026-07-28 13:15:00+05:30,1272.800048828125,1273.0999755859375,1270.199951171875,1271.0,845490,0.0,0.0,-0.0012572494237247378,-0.0036842136487953425,-0.007031250000000044,-0.008038748486387304,-0.0003146330080077142,-0.00125804042484144,-9.0,-10.300048828125,-2.0,0.00015721612920448466,1275.0428466796875,-0.003170753586996878,1277.8214285714287,-0.005338326951559664,1276.9142775762648,-0.0046316950793957486,1293.4180029296874,-0.01733237273556704,1275.1397548587986,-0.003246510700510441,1278.6803956217907,-0.006006501427629929,1286.7172203073103,-0.012214976266148281,1276.1542759486608,1277.389911782313,-0.005002318965704287,-1.2713758679014493,35.24905287852465,-4.332097921715331,-4.473744128155764,0.14164620644043335,9.326654269436935,16.407768626948087,-93.47579706680689,-0.7263960379155019,-90.67334572538172,4.6500244140625,0.0036585557939093952,0.037294081027207035,0.05191213397978077,0.057782615413141565,0.1953328451096099,928826.55,0.9102775970389725,-23233204.0,-21345210.321814157,23.877326919262245,-0.001888296155832022,1268.5999755859375,0,0.0020480176786708427
2026-07-28 14:15:00+05:30,1271.0999755859375,1272.199951171875,1266.0999755859375,1268.5999755859375,2584166,0.0,0.0,-0.00188829615583197,-0.0038476830891734926,-0.0033781512653394685,-0.009061065480684527,-0.00306485219179764,-0.0018900812345435144,-4.300048828125,-11.5999755859375,4.699951171875,7.865899759041805e-05,1273.4714181082588,-0.0038253253689462707,1277.1285661969866,-0.006677942093519029,1276.7809419177827,-0.006407494083950372,1292.3840014648438,-0.018403219052487523,1273.8317990042265,-0.0041071540389984425,1277.7639938003495,-0.007171917708487768,1286.0067401221586,-0.013535515789407196,1274.9247488839285,1276.62898252822,-0.006289225023213548,-1.486866549430464,32.74006818673345,-4.601801260956336,-4.499355554715879,-0.10244570624045668,11.16070212101608,12.70133954293248,-121.34242305753547,-1.1839907044754012,-88.83929787451964,4.757158551897321,0.0037499279863192083,0.03771242873461128,0.05167734827657232,0.05734706113540509,2.0564122579805795,948903.45,2.7233181626644916,-25817370.0,-21771130.291165188,22.22190076483963,0.002364811648852798,1271.5999755859375,2,0.002704339503628308
2026-07-28 15:15:00+05:30,1268.5,1272.0,1266.9000244140625,1271.5999755859375,1840260,0.0,0.0,0.002364811648852827,-0.0007857928800757419,-0.0032139027536775,-0.007105470393444446,0.002285823698017664,0.002362019882254066,-4.0999755859375,-9.0999755859375,0.2000732421875,-7.880781007523254e-05,1272.2714146205358,-0.0005277482672972049,1276.5071323939733,-0.0038442063373582626,1276.7380836123511,-0.004024402571177377,1291.3140014648438,-0.015266639916029588,1273.3854343205687,-0.0014021353523510911,1277.2036285081301,-0.004387438930731604,1285.4417689638753,-0.010768121677798129,1274.187603469122,1276.0577387272701,-0.003493386706604106,-1.3272733847296907,35.05140798776789,-4.521348877046194,-4.503754219181943,-0.017594657864250962,24.553544666235375,15.013633685562795,-120.04479635130642,-0.7570493149556656,-75.44645532930035,4.907156808035714,0.0038590412883349563,0.03715553592594777,0.03849780879523858,0.040512382583845805,-0.28787082563581445,1040916.45,1.7679228721959368,-23977110.0,-21981223.596768506,28.3532626678916,0.0016514435563510115,1273.699951171875,2,0.002713080613362522
2026-07-29 09:15:00+05:30,1276.0,1280.0,1272.0999755859375,1273.699951171875,0,0.0,0.0,0.001651443556351051,0.0021242731486035282,0.00015700916519434394,-0.004610835047383355,-0.0007061230435445598,0.0016500814228926244,0.199951171875,-5.9000244140625,4.2999267578125,0.003460226878371528,1272.3856898716517,0.0010329110981708845,1275.7856968470983,-0.0016348714994816398,1276.9761788504463,-0.0025656137779469595,1290.2080004882812,-0.012794874400209807,1273.4483376908302,0.00019758436490709965,1276.8851123866525,-0.0024944775249368858,1284.9813055210518,-0.008779391809590188,1273.813312639509,1276.283185043432,-0.0020240287593125982,-0.9993300516991552,31.76874464060367,-4.239271619240753,-4.450857699193705,0.21158607995295142,42.45790625593939,26.057384347730277,-35.69736657699935,-0.5077331860577657,-57.54209373847402,4.92144775390625,0.003863898832197002,0.03366293032225669,0.03891728505556827,0.042175749440151324,-1.0,978886.5,0.0,-23977110.0,-22171308.016123883,28.3532626678916,-0.002119770177733692,1271.0,0,0.0031900623325264764
2026-07-29 10:15:00+05:30,1273.4000244140625,1274.5,1269.0999755859375,1271.0,974831,0.0,0.0,-0.002119770177733682,0.0018918685639686128,-0.0012572494237247378,-0.006720831314489084,-0.006021702874719259,-0.0021220200706030456,-1.5999755859375,-8.5999755859375,-1.7999267578125,-0.00023547677577934675,1271.7142682756696,-0.0005616578295040539,1275.0499790736608,-0.0031763296656025686,1276.8047514415923,-0.004546310964956735,1289.0419995117188,-0.013996440394136899,1272.9586701526641,-0.0015386753698984487,1276.350102169684,-0.004191719936861507,1284.4330190300302,-0.010458325837935878,1273.1752197265625,1275.841039947511,-0.0037943911474319753,-0.7555585147442757,31.54106650616312,-4.185340851260889,-4.3977543296071415,0.21241347834625213,27.528151529814494,31.51320081732975,-90.6331507074187,-0.7573945140695687,-72.47184846456754,5.028590611049107,0.003956404886738906,0.03212434970998298,0.03754425152107603,0.04078861031946331,inf,947819.9,1.0284981355635168,-24951941.0,-22436130.205064464,28.0593468695877,0.0007081230637785208,1271.9000244140625,1,0.0029040998711120846
2026-07-29 11:15:00+05:30,1271.0,1273.300048828125,1269.0,1271.9000244140625,1006701,0.0,0.0,0.0007081230637784319,0.00023596164979999834,0.0007081230637784319,-0.006328105926513672,-0.00718129056841732,0.0007078724629388821,0.9000244140625,-8.0999755859375,2.5,0.0,1271.4857003348213,0.0003258582295748499,1274.4571271623884,-0.0020064250839236224,1276.480945405506,-0.0035887108287265745,1287.8239990234374,-0.012365023964018193,1272.746941004944,-0.0006654241810332011,1275.9455496464457,-0.0031706096184911515,1283.9415290450904,-0.00937854595292529,1272.7552257719494,1275.3309642780634,-0.0026902348959592904,-0.3117840185333359,35.01809029726219,-4.023594389171876,-4.322922341520089,0.29932795234821263,36.478238502769,35.48809876284096,-83.31195538170189,-0.6017467426367465,-63.52176149094171,5.014308384486607,0.003942376199570128,0.03133198319991163,0.03735071106081045,0.040758624842723155,0.032692846247195595,947776.75,1.0621710228700998,-23945240.0,-22579854.94743928,27.57139177127779,0.005346274571340686,1278.699951171875,2,0.003208444255426341
2026-07-29 12:15:00+05:30,1271.9000244140625,1279.5,1271.300048828125,1278.699951171875,1021275,0.0,0.0,0.005346274571340626,0.003925571321094612,0.007961513306251389,0.004556466844662266,0.0,0.005332033978973707,10.0999755859375,5.7999267578125,9.199951171875,0.0,1272.3571254185267,0.004985098622571785,1274.3142700195312,0.0034416009107965883,1276.3666585286458,0.00182807395322999,1286.7559985351563,-0.006260742030692742,1273.9375430383302,0.0037383372203497155,1276.195949785121,0.0019620822234811563,1283.735976971631,-0.003922945130533999,1273.3209356398809,1275.2166020668253,0.0027315744630373104,0.1272737136840678,47.05880239045159,-3.308572725781687,-4.120052418372409,0.811479692590722,79.2450077875429,47.750465940042126,3.962108155944897,-0.07033638881164164,-20.754992206167806,5.357160295758929,0.00418953663902554,0.036719474517645095,0.03900771578986421,0.041434966953796865,0.014476989692073339,955177.95,1.0691986765397996,-22923965.0,-22612627.333397444,34.386578986483656,0.000312836810305572,1279.0999755859375,1,0.0028238387686000915
2026-07-29 13:15:00+05:30,1279.199951171875,1282.0,1276.199951171875,1279.0999755859375,1720493,0.0,0.0,0.0003128368103055834,0.006372915488542574,0.005898081270836908,0.002665222657521671,0.0006257738615795816,0.0003127878870737016,7.5,3.4000244140625,-2.5999755859375,0.000391022146783833,1273.5142647879463,0.004386060645278177,1274.278555733817,0.003783646699869467,1276.385707310268,0.002126526691831477,1285.7019970703125,-0.005134954677999762,1274.9700295478517,0.0032392495057685182,1276.4599521306498,0.0020682383735415957,1283.5541729957215,-0.003470206013498254,1273.9590297154018,1275.3102379250502,0.002971620197333577,0.719863840137912,49.24924482518439,-2.678755255898068,-3.831792985877541,1.1530377299794732,81.76088074232621,65.8280423442127,47.27848098964552,-0.07031440734857788,-18.2391192513845,5.507158551897321,0.004305495001960472,0.036715376911426345,0.03944825596132352,0.042017682393715006,0.6846520281021273,956403.05,1.7989204446807212,-21203472.0,-22478422.06355007,43.57159949628988,-0.002736299012433879,1275.5999755859375,0,0.002871526913735545
2026-07-29 14:15:00+05:30,1279.0,1280.699951171875,1275.199951171875,1275.5999755859375,2095684,0.0,0.0,-0.002736299012433885,0.002908995283319893,0.001491736269844779,0.0016489796513055044,-0.0036710716729954074,-0.0027400495218157066,1.9000244140625,2.0999755859375,-5.5999755859375,-7.816088487659024e-05,1274.5142647879463,0.0008518624137729503,1273.9928414481026,0.0012614938526710126,1276.2571323939733,-0.0005149094107725651,1284.7119970703125,-0.007092656957471511,1275.0960187554688,0.0003952304948455608,1276.381772444767,-0.0006125102032218848,1283.242243685534,-0.0059554368142071355,1274.135219029018,1275.3385172584449,0.00020501092373063643,0.8915818338565759,44.56518852960522,-2.4339836740130067,-3.5522311235046344,1.1182474494916277,59.748335927084526,73.58474148565121,17.10542593631675,0.2121102301899721,-40.25166406662617,5.735726492745536,0.004496493103260194,0.03750265707984983,0.04019145461240706,0.042719385699846006,0.21807179686287603,1023468.6,2.0476290137284114,-23299156.0,-22556587.200354826,42.29138409331633,0.0002352217261427704,1275.9000244140625,1,0.0015376762559410893
2026-07-29 15:15:00+05:30,1275.5999755859375,1277.0999755859375,1274.699951171875,1275.9000244140625,810305,0.0,0.0,0.0002352217261427647,-0.002189666743356411,0.0038552513092544594,0.002593154873042902,-0.006153625263742413,0.00023519406584998945,4.9000244140625,3.300048828125,3.0,0.0,1275.1285574776787,0.0006050111040640942,1273.699986049107,0.0017272814548565446,1276.047607421875,-0.00011565634930389538,1283.7419970703124,-0.006108682799301074,1275.2568198871875,0.0005043725442937993,1276.3379771692482,-0.00034313227610504297,1282.9543135180254,-0.0054984725719605995,1274.389510091146,1275.3598972391812,0.0004235096117182868,0.9865336304570195,44.414176170919944,-2.190537842383492,-3.2798924672804057,1.089354624896914,61.6354325773309,67.7148830822472,2.777624718091077,0.015683409096594634,-38.3645674163798,5.7071533203125,0.004473041156127377,0.03594318995118321,0.038635273345252345,0.04134056627758828,-0.6133458097690301,1063983.85,0.7615764092659858,-22488851.0,-22550136.133654363,36.663196338832115,0.003840445426993985,1280.800048828125,2,0.0023231471048831107
2026-07-30 09:15:00+05:30,1278.199951171875,1283.699951171875,1276.0,1280.800048828125,0,0.0,0.0,0.0038404454269940214,0.0013291167810465243,0.006997424517042994,0.007710502618509141,-0.0003902286591320747,0.0038330897431751586,8.9000244140625,9.800048828125,4.0,0.0018025916716060129,1276.142857142857,0.0036494281648773853,1274.2642735072545,0.005129057964464804,1275.904750279018,0.003836727269831669,1282.9199975585936,-0.001652440319350603,1276.3654656753752,0.0034743835304254732,1276.7436200473278,0.0031771678488149873,1282.869832549794,-0.001613401195625203,1275.3361851283482,1275.100216554157,0.0044701053297338655,1.215494791519334,61.4493512309773,-1.5839553960547619,-2.940705053035277,1.356749656980515,83.52325927711925,68.3023425938449,91.27287031943428,0.5732272342457219,-16.476740717198915,5.49285888671875,0.004288615456987359,0.03823641627794047,0.04018858445011585,0.04329355912821113,-1.0,1022744.35,0.0,-22488851.0,-22544299.45425871,36.663196338832115,0.0039818671076751995,1285.9000244140625,2,0.0021623621042807625
2026-07-30 10:15:00+05:30,1280.800048828125,1286.9000244140625,1280.4000244140625,1285.9000244140625,982191,0.0,0.0,0.00398186710767523,0.008074669979037719,0.0056307761923264366,0.01363711899815745,0.004452486689262569,0.003973960456716088,7.2000732421875,17.300048828125,-1.699951171875,0.0,1278.2714320591517,0.00596789708631445,1274.9928501674108,0.008554694440216679,1276.1237967354912,0.007660877184151468,1282.3339990234374,0.0027808865656981947,1278.2723774231126,0.005967153108886374,1277.5760204443036,0.0065154666622950115,1282.9886636032948,0.0022692022878743703,1276.8876185825893,1275.32010359831,0.00829589432950444,1.443778606201259,63.85882272461532,-0.6838263056536107,-2.4893293035589434,1.8055029979053328,95.19231897379123,80.1170036094138,165.89207616606694,1.0451083673792205,-4.80768102140108,5.442862374441964,0.004232725928221243,0.04060974713092294,0.04093438557759576,0.043423635005373475,inf,1034050.05,0.9498486074247556,-21506660.0,-22445476.649091214,36.143758666357826,0.0028773241322247677,1289.5999755859375,2,0.001997733699638534
2026-07-30 11:15:00+05:30,1286.0999755859375,1291.5,1285.0,1289.5999755859375,1297798,0.0,0.0,0.0028773241322248566,0.010737480139297428,0.008208897037301544,0.014155395050008401,0.006949343916128559,0.002873192558497725,10.5,18.0,3.2999267578125,0.0001554951147667603,1280.7999965122767,0.006870689489082583,1276.1428484235491,0.010545157369335053,1276.5714169456846,0.010205898759205103,1281.7959985351563,0.0060883144117266355,1280.5378970556776,0.007076774963934395,1278.6691072753613,0.008548629390022251,1283.247930739869,0.004949974742917593,1278.8352353050595,1275.9565741663248,0.010692684763598819,1.885526817427175,71.01828505816695,0.32434873108581996,-1.926593696629991,2.250942427715811,92.51959610741254,90.41172478610768,211.84217948079936,1.4634127132905481,-7.480403888650454,5.564287458147321,0.004314739115604309,0.041689011650416996,0.04194327916993048,0.04433784003552722,0.32132955810020647,1057540.15,1.227185558865069,-20208862.0,-22232465.730130143,43.31591854388486,0.0020161101389259764,1292.199951171875,2,0.002967437580443969
2026-07-30 12:15:00+05:30,1289.4000244140625,1296.9000244140625,1287.800048828125,1292.199951171875,2072638,0.0,0.0,0.0020161101389259972,0.008900610484970262,0.013013464960527577,0.014524613888050375,0.009846808241902316,0.0020140805163837506,16.5999755859375,18.5,6.0999755859375,-0.00015504898857027035,1282.7285679408483,0.0073837781957438245,1277.5428466796875,0.01147288682353754,1277.1190359933037,0.011808543098592257,1281.427998046875,0.00840621021345714,1282.8703078789172,0.0072724758189906796,1279.899183993226,0.00961073132358879,1283.5989903646534,0.006700660308848821,1280.9761823381696,1277.3332222355482,0.011638880659735673,2.3979788112623663,74.50004422454823,1.317938635886776,-1.2776872301266378,2.595625866013414,84.74004613024172,90.81732040381517,221.50338722421242,1.8603165726074213,-15.25995386651153,6.0,0.0046432442553136265,0.04183249205676831,0.04412013604500416,0.04698596224714755,0.5970420666390301,1123103.4,1.845456081781961,-18136224.0,-21842347.470117748,51.974256499366014,-0.0017024851067978298,1290.0,0,0.003216197411131753
2026-07-30 13:15:00+05:30,1292.199951171875,1293.9000244140625,1289.699951171875,1290.0,1204165,0.0,0.0,-0.0017024851067978242,0.0031884092916210083,0.011051003461194142,0.014948859166010964,0.008127559090723047,-0.0017039359815295132,14.0999755859375,19.0,-2.5,0.0,1284.2857142857142,0.004449388209117832,1278.8999895368304,0.008679342054870873,1277.6142752511162,0.009694416373392283,1281.1099975585937,0.006939296749179227,1284.2962463031338,0.004441151107682605,1280.8174399938416,0.007169296512854607,1283.8500103503532,0.00479027113764151,1282.6371361142112,1277.9452488537165,0.00943291675217451,2.32794579885503,73.39909917671997,1.9058783409132047,-0.6409741159186693,2.546852456831874,77.59735884399726,84.95233369388383,169.7888222983925,1.446997858392497,-22.402641152756,6.092860630580357,0.004723147775640026,0.042529495229747125,0.04449644782899966,0.047326296246433495,-0.4190181787654188,1101617.65,1.0930879693149425,-19340389.0,-21604065.711058915,50.86674939752331,0.0025581773861434107,1293.300048828125,2,0.0028310215457579596
2026-07-30 14:15:00+05:30,1289.9000244140625,1294.5999755859375,1288.699951171875,1293.300048828125,3161989,0.0,0.0,0.00255817738614339,0.0028691635485695866,0.00975952492462584,0.01682524098065108,0.010390663146972567,0.0025549108201580483,12.5,21.4000244140625,-1.5999755859375,-7.75004542150562e-05,1286.8142961774554,0.005040162104144176,1280.6642804827009,0.009866573572780268,1278.2666596912202,0.011760761358294788,1280.8759985351562,0.009699651103750527,1286.0970068081322,0.005600698844532673,1281.95222261514,0.008851988407046023,1284.2206000945794,0.00707000707890053,1284.5571440197173,1279.70911606065,0.01062032972719728,2.2686919649501753,79.75921189660342,2.6080472090218336,0.008830149069431359,2.5992170599524025,88.000081377275,83.445828783838,153.05660878912474,1.5388316249993907,-11.99991861939167,6.078578404017857,0.0047000527136150895,0.04320415353557685,0.04531035619125072,0.04803798302068121,1.6258768524247094,1213842.4,2.6049419595163243,-16178400.0,-21087335.64333902,66.6249669884001,-0.0003093051874736779,1292.9000244140625,1,0.0027846244356886122
2026-07-30 15:15:00+05:30,1293.300048828125,1295.0,1288.199951171875,1292.9000244140625,2312573,0.0,0.0,-0.00030930518747362967,0.0005417685100146397,0.005443658034915755,0.01110508624730433,0.01571215304925966,-0.00030935303218912886,7.0,14.2000732421875,-5.5,0.0,1289.2428676060267,0.0028366701883128158,1282.1857125418526,0.008356287055298029,1278.8809465680804,0.010961988200380818,1280.6619995117187,0.009556014707237557,1287.4576103293184,0.0042272569139948195,1282.9474773241332,0.007757563942274387,1284.5609696757356,0.006491754720233696,1286.1885765438988,1280.780994733419,0.009462218545143616,2.4006766884716346,77.37802349506593,3.0965473979108538,0.6263735988377158,2.470173799073138,85.66309497980043,83.7535117336909,127.77278399484153,1.723054635251398,-14.33690501661534,6.20001220703125,0.004795430497293305,0.037003853841496924,0.04491115646785224,0.04777509108380829,-0.2686334455938968,1329471.05,1.7394684901186817,-18490973.0,-20840063.010640066,55.067993686792455,0.0060328924205469,1300.699951171875,2,0.002617786405606123
2026-07-31 09:15:00+05:30,1295.9000244140625,1300.9000244140625,1293.800048828125,1300.699951171875,0,0.0,0.0,0.0060328924205468315,0.008294535792151114,0.008607301330704642,0.016886854818399133,0.019597084703997014,0.00601476738612526,11.0999755859375,21.5999755859375,4.0999755859375,0.002320365026953471,1292.0857107979912,0.006666926429019183,1284.1142839704241,0.012916036686513447,1280.2047526041667,0.01600931298372493,1280.587998046875,0.015705248804188783,1290.10607849783,0.00821162914476935,1284.5613385830186,0.012563520405063814,1285.1938709108783,0.01206516823021783,1288.6571416945685,1281.0063677729959,0.015373524983408675,2.8437689061683478,80.26915768688066,4.0662035562343135,1.3143395903170354,2.751863965917278,99.37281162990888,91.01199599566144,156.19797653003872,2.264323154727305,-0.6271883669563266,6.171439034598214,0.004744706132289209,0.041213310891182915,0.044814483537698,0.04719538440566298,-1.0,1273706.45,0.0,-18490973.0,-20616340.15248387,55.067993686792455,-0.0011532252297300112,1299.199951171875,1,0.0015454081948055452
2026-07-31 10:15:00+05:30,1300.699951171875,1301.0,1296.0,1299.199951171875,960259,0.0,0.0,-0.0011532252297300483,0.004561897565144246,0.0054171182978701715,0.018501078737554133,0.02018056629122489,-0.0011538907056235501,7.0,23.5999755859375,-4.0999755859375,0.0,1293.9857003348213,0.004029604682416847,1286.1285661969866,0.0101633579398128,1281.3238002232142,0.01395131421544866,1280.7099975585938,0.014437268115743578,1291.924853032639,0.005631208442312202,1285.8921215456419,0.010349102699398111,1285.7431289603292,0.010466182481112507,1290.6685639880952,1281.8969736541883,0.013497947084116422,2.645784011674248,82.48849608625822,4.6599090528554825,1.983453482824725,2.6764555700307575,94.37484740916017,93.13691800628982,133.11548586529557,1.6031908018137153,-5.62515258771484,6.142865862165179,0.004728191266186241,0.04076463481028047,0.04484694484413772,0.04735201258329059,inf,1279907.2,0.7502567373634583,-19451232.0,-20505377.471294932,60.25060186125871,0.0010776050390085695,1300.5999755859375,1,0.0013972261118249398
2026-07-31 11:15:00+05:30,1299.0999755859375,1300.699951171875,1298.0,1300.5999755859375,676598,0.0,0.0,0.0010776050390086667,0.005955565802827412,0.008217035337936052,0.019358845285090576,0.022002200642120995,0.0010770248394785008,10.5999755859375,24.699951171875,3.5999755859375,-7.695165462963982e-05,1295.55712890625,0.0038924155231509837,1288.1785627092634,0.009642617286333432,1282.6142752511162,0.014022688412138547,1280.9219970703125,0.015362355054106758,1293.6598775432988,0.00536470069382753,1287.229199185669,0.01038725380741586,1286.3257503966277,0.011096897644237793,1292.5980852399553,1282.6289105086664,0.014011118048267041,2.237030131778508,82.68794418264619,5.183641414545491,2.623491069168878,2.560150345376613,98.65311423330607,97.46692442412505,122.01028258307419,1.6808693933509262,-1.3468857633269202,6.028573172433036,0.004635224731349428,0.04026121861996369,0.044784056920098236,0.047226582752298005,-0.2954005117369376,1278370.8,0.5292658436816606,-18774634.0,-20340544.759743035,65.00297026509043,0.0013071453745196284,1302.300048828125,1,0.0014491332557004816
2026-07-31 12:15:00+05:30,1300.5999755859375,1303.4000244140625,1299.5999755859375,1302.300048828125,858162,0.0,0.0,0.0013071453745197026,0.0012301819914795065,0.0069589419780466955,0.016786382870356276,0.024626316937942594,0.0013062918037510588,9.0,21.5,-1.5999755859375,0.0,1297.0,0.004086390769561229,1289.8642839704241,0.009641142104820359,1284.028564453125,0.014229811454987138,1281.187998046875,0.01647849559425945,1295.3879118002642,0.00533595918634854,1288.5992764258922,0.010632298692750446,1286.9521934723728,0.011925738526720025,1294.4809500558035,1283.6409898359682,0.014536041728089918,1.9616164901873123,80.41245867792247,5.670518578613155,3.2328965710577338,2.4376220075554214,96.16734223074292,96.39843462440307,120.51026287197602,2.093138425304695,-3.8326577657727747,5.71429443359375,0.004387847822574661,0.03929416653607363,0.04495240037232427,0.047462990641976684,0.2683484136813883,1279004.4,0.6709609443094953,-17916472.0,-20109680.687386557,64.7239457567209,0.0019196804931779167,1304.800048828125,2,0.001493067781616169
2026-07-31 13:15:00+05:30,1302.300048828125,1305.0,1301.0,1304.800048828125,871421,0.0,0.0,0.001919680493177811,0.004310420156034223,0.009204133490101407,0.014697895680245043,0.0285354516308165,0.0019178402613083138,11.9000244140625,18.9000244140625,2.9000244140625,0.0,1299.114292689732,0.004376640431394626,1291.7000034877233,0.010141708837206864,1285.6380905877977,0.014904628589178999,1281.4739990234375,0.018202515090001974,1297.2703392058365,0.00580427178107857,1290.0720739170042,0.01141639696640459,1287.6521093686767,0.013317214591324983,1296.4723853701637,1285.958536699335,0.014651726001318744,1.9259316798486243,81.41816366563593,6.18678395127472,3.8236740471011315,2.363109904173588,99.34009620247608,98.05351755550835,118.89557929623835,2.265069665416124,-0.6599037942236021,5.585719517299107,0.004280900757408391,0.03758672233607034,0.04425565147751078,0.04655676462083251,0.015450462733143544,1193367.15,0.7302203684758705,-17045051.0,-19817811.19334974,63.042066987797874,0.0030656038092522334,1308.800048828125,2,0.0018425707069310918
2026-07-31 14:15:00+05:30,1304.9000244140625,1309.0999755859375,1301.5,1308.800048828125,2742230,0.0,0.0,0.0030656038092522486,0.0063048388406230504,0.0062274913203095306,0.01488839454534241,0.029254540701800558,0.0030609144273083338,8.10009765625,19.2000732421875,-3.7999267578125,7.662138427049728e-05,1301.328578404018,0.005741417308505257,1294.0714372907366,0.011381606233588424,1287.5523797898065,0.016502372541745178,1281.8439990234374,0.021029118851594135,1299.5762811302943,0.007097519269743287,1291.7746170907426,0.013179877907581806,1288.4814403278708,0.015769422720647092,1298.7523914155506,1289.4022809123035,0.015044000001366365,2.1521957857239764,90.09668313828728,6.839849027277296,4.426909043136364,2.412939984140932,99.12812050598089,98.2118529797333,125.39259879632364,2.1861335831144677,-0.8718794911121436,5.7357177734375,0.004382424785641452,0.03790370479986965,0.04515832896937686,0.047592775604340394,2.1468486529473125,1238465.65,2.214215630445623,-14302821.0,-19292574.032078337,76.0014636707042,-0.0007640586512014431,1307.800048828125,1,0.0014394486573939247
2026-07-31 15:15:00+05:30,1308.800048828125,1309.300048828125,1304.300048828125,1307.800048828125,1353102,0.0,0.0,-0.000764058651201438,0.004223297084991362,0.006619533543310796,0.01207251063746173,0.02677247308118047,-0.0007643506927800811,8.60009765625,15.60009765625,0.5,0.0,1303.4571533203125,0.003331828358720083,1296.3500104631696,0.00883252074866386,1289.2761928013392,0.014367639866615996,1282.1739990234375,0.019986405764104903,1301.2210346698605,0.005056031206818478,1293.2314745214137,0.01126524879244176,1289.239032818077,0.014396877179138824,1300.5828729538691,1290.3207254191545,0.013546495119094391,2.2518577701395053,87.8860366846743,7.1937906221248795,4.980285358934068,2.213505263190812,95.49550209761837,97.98790626869179,118.07620632417827,1.703089198091003,-4.5044978993786495,5.921430315290179,0.004527779549015649,0.03869122207440534,0.04395018494652588,0.04613923644346925,-0.5065687414987072,1306120.75,1.0359700663204372,-15655923.0,-18946226.314737543,81.04988867202289,0.002293928649634321,1310.800048828125,2,0.0013611096268213241
2026-08-03 09:15:00+05:30,1315.199951171875,1315.199951171875,1308.800048828125,1310.800048828125,0,0.0,0.0,0.0022939286496344025,0.004598405713878373,0.007842590676347072,0.01612406885901163,0.03131396445957901,0.002291301612033758,10.2000732421875,20.800048828125,1.5999755859375,0.005658282663603769,1304.9000244140625,0.004521437890774244,1298.4928676060267,0.00947805069178316,1291.0428641183037,0.015303275560334607,1282.71,0.021898986386714895,1303.1368375015136,0.005880588366528036,1294.8286176402055,0.012334783901374321,1290.0845628576867,0.01605746364760387,1302.509544735863,1291.0490077124998,0.015298444131571024,2.160276264994882,87.31347812748223,7.628431009858787,5.509914489119012,2.1185165207397745,87.3565758478621,93.99339948382045,136.74115414856533,1.6439263061042382,-12.643424149264334,5.892857142857143,0.004495618647650304,0.03659496262534776,0.044247306850326906,0.04612833122997464,-1.0,1257379.2,0.0,-15655923.0,-18632864.094286352,81.04988867202289,0.0007628928614200275,1311.800048828125,1,0.000808400924914441
2026-08-03 10:15:00+05:30,1311.0,1314.9000244140625,1309.699951171875,1311.800048828125,831713,0.0,0.0,0.0007628928614200614,0.002292175953604314,0.007294785874076171,0.014304491843762923,0.031370409346790806,0.0007626020065790459,9.5,18.5,-0.7000732421875,0.0001525413216558901,1306.7000383649554,0.003902969551869943,1300.3428693498884,0.008810891149005871,1292.9857235863096,0.014551069589242004,1283.29,0.022216372626688293,1304.8694797668359,0.005311312103431395,1296.3714750209256,0.011901352432132528,1290.936150542802,0.01616183594869062,1304.2838355654762,1292.5433163386072,0.014898326613959501,2.0936135440433667,85.87263421877125,7.961799621218688,6.000291515538947,1.9615081056797408,88.74202701425648,90.5313683199123,126.382257110834,1.516800680766148,-11.257972982432253,5.800005231584821,0.004421409525607,0.0365788554481251,0.04446546149425466,0.04642498693040959,inf,1248629.8,0.6661005527819369,-14824210.0,-18270135.132925745,80.914376050891,-0.001143466949357107,1310.300048828125,1,0.0036983506356348572
2026-08-03 11:15:00+05:30,1311.800048828125,1312.4000244140625,1309.0,1310.300048828125,1100963,0.0,0.0,-0.0011434669493570748,0.0019116072080285207,0.004215205237721786,0.013458136039519397,0.024712676048270543,-0.001144121206484366,5.5,17.4000244140625,-4.0,0.0,1308.0857631138392,0.001692767994824039,1301.8214460100446,0.006512876895721733,1294.8142961774554,0.011959825201478402,1283.8,0.02064188255811217,1305.9555935790936,0.0033266485249484517,1297.6377090033982,0.00975799311075962,1291.6955191030106,0.014403185154671351,1305.6114594959076,1293.9894003212062,0.012604932082795606,1.6572520449906192,80.53105945707216,8.012594976315995,6.402752207694357,1.6098427686216379,82.11708099138954,86.07189461783605,104.17236288672292,1.5736471959774623,-17.882919004960808,5.578578404017857,0.004257481642470239,0.034854517637150965,0.04266034239426442,0.0454891478507887,0.32372945956117083,1252614.2,0.8789322362783363,-15925173.0,-18046805.405980434,74.60738303126071,-0.0007631839752233515,1309.300048828125,1,0.006300324247897561
2026-08-03 12:15:00+05:30,1310.0999755859375,1311.0,1307.4000244140625,1309.300048828125,862089,0.0,0.0,-0.0007631839752233471,-0.0011443392921300921,0.000382029325600719,0.006611899730219584,0.02361040873943665,-0.0007634753483703426,0.5,8.60009765625,-5.0,-0.00015269269230836407,1309.0857631138392,0.00016369111965277794,1303.0428815569196,0.004801965737094019,1296.2714436848958,0.010050830948017283,1284.3980004882812,0.019388108927573477,1306.6244846289,0.0020476917666079,1298.697921714737,0.008163659105099096,1292.385892817721,0.013087543050716728,1306.6086065383186,1295.5914087235228,0.010580990281571868,1.5037130745757283,76.47069935688214,7.881308203514209,6.698463406858328,1.182844796655881,78.14850983506857,83.0025392802382,87.17794742999739,1.2371452405406946,-21.851490161227723,5.185721261160714,0.003960682095596176,0.03543194893856027,0.04196218091713303,0.0445597808511214,-0.21696823598976533,1209694.0,0.7126504719375307,-16787262.0,-17926848.891125154,67.69532293732277,0.0003818834349296173,1309.800048828125,1,0.006488209037726838
2026-08-03 13:15:00+05:30,1309.300048828125,1309.9000244140625,1306.699951171875,1309.800048828125,635337,0.0,0.0,0.0003818834349296196,-0.0015246225991427664,0.001529285766422861,0.008158942468161845,0.026810970442734616,0.00038181053600935236,2.0,10.60009765625,1.5,0.0,1309.800048828125,0.0,1304.4571707589287,0.0040958631597569186,1297.7333519345239,0.009298286797980565,1285.0880004882813,0.01922984910794817,1307.2595974687451,0.0019433411422620317,1299.7072059977722,0.0077654742420211675,1293.0688008965603,0.012939178425734945,1307.5095621744792,1297.6590343025514,0.00935608985459701,1.153539792315985,82.35291767283309,7.728518758116252,6.904474477109913,0.8240442810063389,80.00036168685185,80.08865083776999,78.81615703251772,1.307140853501682,-19.99963830944446,5.114292689732143,0.0039046362032922385,0.03247832093936082,0.04127757593250849,0.04404943395283543,-0.26302620727094306,1136676.65,0.5589425981434558,-16151925.0,-17757808.520541806,69.99415203647298,-0.0006108175280958356,1309.0,1,0.006443161415596638
2026-08-03 14:15:00+05:30,1309.699951171875,1310.9000244140625,1306.300048828125,1309.0,1595982,0.0,0.0,-0.0006108175280958861,-0.0009921764326329408,-0.0013732444011840261,0.006458576481426004,0.025942452349382306,-0.0006110041531219617,-1.800048828125,8.4000244140625,-3.800048828125,-7.642208926429703e-05,1309.82861328125,-0.0006326119866732864,1305.5785958426338,0.002620603744775196,1299.3238292875744,0.007447081700736311,1285.8240014648438,0.018024238549549123,1307.607677974996,0.001064785752221269,1300.5520054525202,0.00649569914317562,1293.6935538025775,0.011831585735601852,1308.1152727399553,1299.1601854194146,0.0075739810155906325,0.7158219564578465,77.93575905342274,7.456916080896008,7.014962797867132,0.4419532830288757,77.03721787909122,78.39536313367054,72.67245733175972,0.6381217144384937,-22.962782117205084,5.021432059151786,0.003836082550915164,0.03298991082738481,0.04176018071822061,0.044663025636857444,1.5120243272467997,1175960.5,1.3571731363425887,-17747907.0,-17756865.518585443,56.06817497795832,0.007639419404125287,1319.0,2,0.006398071350921599
2026-08-03 15:15:00+05:30,1309.0,1319.0,1309.0,1319.0,400705,0.0,0.0,0.0076394194041253805,0.007408501344330354,0.005488604134682662,0.012823428200668952,0.029825070046512137,0.007610386807414762,7.199951171875,16.699951171875,9.0,0.0,1311.4286063058037,0.005773393730916552,1307.442879813058,0.008839483824016588,1301.376209077381,0.013542425933158863,1286.7760009765625,0.025042430849624923,1309.8861423799967,0.006957747948563604,1302.2290958659275,0.012878612670612792,1294.6859634573784,0.01877987189856734,1309.9047932942708,1299.4367010160702,0.015055215054813841,0.896964435918213,84.61528495525384,7.956863657650501,7.203342969823806,0.7535206878266951,99.99999999603175,85.67919318732494,120.70863255828746,1.5240185939239121,-0.0,5.25,0.003980288097040197,0.03908779163953086,0.042925844078373,0.04324152336397071,-0.7489288726313956,1195995.75,0.3350388159824144,-17347202.0,-17717849.94538683,67.3908202944829,-0.010083433531557998,1305.699951171875,0,0.004257223231983984
2026-08-04 09:15:00+05:30,1313.699951171875,1313.699951171875,1304.300048828125,1305.699951171875,0,0.0,0.0,-0.01008343353155805,-0.003130323334403884,-0.0035107208157124647,0.0006896860132388216,0.015397718626558587,-0.010134615699450967,-4.60009765625,0.89990234375,-11.800048828125,-0.004018232621774816,1310.7000209263392,-0.0038148086325096716,1307.8000226702009,-0.0016058047575472842,1302.5619187127977,0.002409123446642686,1287.44,0.014183147309281025,1309.0489041383726,-0.002558310049309667,1302.544628166468,0.002422429863187167,1295.1178845442214,0.008170736234848212,1309.6724028087797,1300.080569973095,0.004322333037322462,0.23231336802739636,55.78701085517186,7.1969114120361155,7.202056658266269,-0.005145246230153333,42.17370074544897,73.07030620685731,47.76515269468245,0.39212484097087363,-57.826299250203206,5.728567940848214,0.004387354028544151,0.055539503233273654,0.044276946914326425,0.043913821213094756,-1.0,1146886.2,0.0,-17347202.0,-17682550.141064275,67.3908202944829,-0.004135638006958298,1300.300048828125,0,0.0023780197954989817
2026-08-04 10:15:00+05:30,1305.800048828125,1305.800048828125,1300.0,1300.300048828125,1030542,0.0,0.0,-0.004135638006958264,-0.00664625757973647,-0.006873901828733153,-0.006494498535212223,0.008297203353563765,-0.00414421340915973,-9.0,-8.5,-4.39990234375,7.666206631935996e-05,1309.057163783482,-0.006689635256294161,1307.8786010742188,-0.005794537994476975,1303.2476341610864,-0.002261723141248195,1288.072001953125,0.0094932945180463,1307.299133076323,-0.005353850600147215,1302.340575499346,-0.0015668149404290887,1295.3211066730019,0.003843789875321022,1308.672406296503,1300.8208339022087,-0.00040035111716429006,-0.47542810915954403,51.16782947028245,6.088729706004642,6.979391267813944,-0.8906615618093019,10.952613466740353,51.04210473607369,-15.659088927705847,-0.15357443945411542,-89.04738652849774,5.785714285714286,0.004449522470543719,0.05755283359650008,0.0439865032441764,0.042919926666130065,inf,1133523.4,0.9091492950211696,-18377744.0,-17748759.080010533,59.65033563835146,-0.003153193495566772,1296.199951171875,0,0.002347076322200505
2026-08-04 11:15:00+05:30,1300.300048828125,1300.699951171875,1294.4000244140625,1296.199951171875,1216772,0.0,0.0,-0.003153193495566753,-0.01728585961192186,-0.010383338791610242,-0.008869932117409274,0.0030954961702114314,-0.0031581752852980665,-13.60009765625,-11.60009765625,-4.60009765625,0.0,1307.0428641183037,-0.00829575926244371,1307.5643136160713,-0.008691245490448937,1303.5619187127977,-0.005647577944119933,1288.5040014648437,0.005972779050958454,1305.0792966954334,-0.006803682769341934,1301.7823369241214,-0.004288263555205626,1295.3555711631539,0.0006518519142680567,1307.1152529761905,1301.422868771102,-0.004013236377315889,-1.3912563129626758,45.5823199524767,4.8240356252135825,6.548320139293873,-1.7242845140802903,7.316782699444039,20.147698970544454,-73.15042484124761,-0.659112303373025,-92.68321729649091,6.042855398995536,0.004661977801748579,0.058566960710135674,0.042621794769884425,0.04065244874557128,0.1807107327988573,1090730.1,1.115557368408554,-19594516.0,-17924545.453342862,52.299599618889864,-0.003085943643481594,1292.199951171875,0,0.0023026023666109442
2026-08-04 12:15:00+05:30,1296.199951171875,1296.4000244140625,1292.0999755859375,1292.199951171875,1126459,0.0,0.0,-0.0030859436434815812,-0.010339281998045347,-0.012834261900783073,-0.01418988172366853,0.0017053885053295303,-0.0030907149861585043,-16.800048828125,-18.60009765625,-3.199951171875,0.0,1304.5999930245537,-0.009504861198045235,1306.8428780691963,-0.011204810572901017,1303.5619187127977,-0.008716093480341436,1288.7740014648436,0.0026583013803309933,1302.503427590722,-0.0079105177004391,1300.9112109466444,-0.006696275427147462,1295.2318213595743,-0.0023407934685502445,1305.0666713169642,1301.5820599763513,-0.007208234573115991,-2.17105626551967,40.30702616511857,3.4591153553603817,5.930479182507175,-2.471363827146793,0.3716561159755651,6.21368409405332,-115.53197985969895,-1.268344822503692,-99.62834388030697,6.078569684709821,0.004704047294842073,0.059351426344015724,0.04264670212722641,0.04028898722085469,-0.0742234370942132,1086844.8,1.0364488103545226,-20720975.0,-18190872.076834016,45.095323272058614,0.0018573165955361299,1294.5999755859375,2,0.001873640579565221
2026-08-04 13:15:00+05:30,1292.0999755859375,1294.9000244140625,1290.4000244140625,1294.5999755859375,1406698,0.0,0.0,0.0018573165955362292,-0.004383659946275209,-0.01849888128435373,-0.013111810185975292,0.001005123875925218,0.0018555939157795182,-24.4000244140625,-17.2000732421875,-7.5999755859375,-7.736851084598511e-05,1302.4285539899554,-0.006010754586137747,1306.11430140904,-0.008815710700565851,1303.7809651692708,-0.0070418190084054815,1289.0440014648439,0.004310150867445667,1300.922737189765,-0.004860213003487825,1300.337462277489,-0.004412305926723188,1295.2070430939416,-0.00046870306275781533,1303.4342843191964,1302.4836717546855,-0.0060528176588357,-2.480819753224126,40.19226028003435,2.5417681985591116,5.252736985717562,-2.7109687871584507,14.685156492907108,7.457865102775571,-120.24869720177668,-1.0093342062500719,-85.31484350359638,6.114283970424107,0.004722913707496442,0.05901634390195365,0.042178128342500454,0.039795029952533034,0.2487786950079851,999080.25,1.4079930015631863,-19314277.0,-18297863.021897443,37.35543186497133,-0.0030897575123076883,1290.5999755859375,0,0.001896205077303741
2026-08-04 14:15:00+05:30,1294.699951171875,1297.0999755859375,1288.300048828125,1290.5999755859375,3736158,0.0,0.0,-0.003089757512307667,-0.0043203022657689605,-0.01156465968493392,-0.015034780209163823,-0.0017789842870236106,-0.003094540668118847,-15.0999755859375,-19.7000732421875,9.300048828125,7.722507942437872e-05,1299.7999790736608,-0.007078014799071503,1304.8142961774554,-0.010893749886975366,1303.6523902529761,-0.010012189418450565,1289.282001953125,0.0010222539605880404,1298.8581848689996,-0.006358053080204953,1299.4522362146206,-0.006812301662170694,1295.0263737799023,-0.003417998492989526,1301.3657075427827,1301.782838694956,-0.008590421364150634,-2.9124677763725626,32.4999706474938,1.4749945777198263,4.497188504118015,-3.022193926398189,7.4916300187623905,7.516147542548354,-134.89766282418756,-1.5410491676614797,-92.50836997798028,6.199994768415179,0.004803963184328709,0.060061143006814886,0.043169716851453904,0.04065054373978816,1.6559773313106296,1070259.5,3.490889826252415,-23050435.0,-18750488.924573876,17.018846563908767,0.00023248786130557352,1290.9000244140625,1,0.001579341117935275
2026-08-04 15:15:00+05:30,1290.5999755859375,1290.9000244140625,1290.5999755859375,1290.9000244140625,500859,0.0,0.0,0.00023248786130558585,-0.001005979575090965,-0.0072291194809491754,-0.014053329052062025,-0.0075343485244103725,0.00023246084019073164,-9.4000244140625,-18.4000244140625,5.699951171875,0.0,1295.7856968470983,-0.0037704324449018166,1303.6071515764509,-0.009747666041116678,1303.557152157738,-0.009709683785413559,1289.5340014648436,0.0010593151849164649,1297.2665527780123,-0.004907648586415311,1298.6747624145698,-0.005986670585671597,1294.8645561577125,-0.0030617347001998547,1299.5104713076637,1301.5317277105005,-0.008168608624802292,-3.134684244411705,33.52829617574902,0.6463297433772368,3.7270167519698596,-3.080687008592623,8.468989319548864,10.21525861040612,-135.21451888108962,-1.5932324772145925,-91.5310106771938,5.864283970424107,0.00454278709389703,0.05559112024923367,0.04156634568734017,0.03912014538253734,-0.8659427679450387,1095302.45,0.45727917435042675,-22549576.0,-19112306.741281126,8.618071334497344,0.0008520997483416868,1292.0,1,0.002951972671432648
2026-08-05 09:15:00+05:30,1297.9000244140625,1298.199951171875,1290.5999755859375,1292.0,0,0.0,0.0,0.0008520997483416615,-0.002008323524616773,-0.003240203155445154,-0.013589897819938801,-0.0055418345462380225,0.0008517369174485456,-4.199951171875,-17.800048828125,5.2000732421875,0.0054225732958459475,1293.8285609654017,-0.0014132946362197404,1302.2642909458705,-0.007881880058622625,1303.1428687686011,-0.0085507652580887,1289.7680004882814,0.0017305434084827025,1296.21324222241,-0.0032504236842873886,1298.067965831427,-0.004674613341633287,1294.752220622116,-0.0021256736063302636,1297.9628510974703,1301.6600207476906,-0.007421308631830268,-3.005386711809532,30.971666913231303,0.07747267211948383,2.9971079359997845,-2.9196352638803007,12.051977382765672,9.337532240358975,-98.36639211235969,-1.3966304011419213,-87.94802261397699,5.878574916294643,0.004549980585363849,0.05567313202637941,0.04262681590892422,0.039491785266158284,-1.0,1047289.5,0.0,-22549576.0,-19439665.71830197,8.618071334497344,-0.0006192328391060372,1291.199951171875,1,0.0034318945815015544
2026-08-05 10:15:00+05:30,1292.0999755859375,1294.0999755859375,1289.5999755859375,1291.199951171875,1346592,0.0,0.0,-0.000619232839106032,0.0004648811384526663,-0.0007738740425529134,-0.013598203841195589,-0.007227452399288015,-0.000619424642945457,-1.0,-17.800048828125,3.199951171875,7.738048447168934e-05,1292.5285470145088,-0.0010279044479919635,1300.7928553989955,-0.007374659375854767,1302.7619163876489,-0.008874964082327847,1289.9159985351562,0.0009953769378594414,1295.210584012303,-0.0030965102431456783,1297.4436008623768,-0.004812270596076002,1294.6129159377929,-0.002636282029862922,1296.4876057942708,1301.094654032792,-0.0076049062458603146,-2.744108565797431,29.065024504938833,-0.4329175058630881,2.31110284762721,-2.7440203534902983,9.445950996535181,9.98897256628324,-106.92101210638845,-1.3824254931049973,-90.55404900020748,5.828569684709821,0.004514072107434158,0.0554529592818679,0.043041444072923964,0.040161689925326365,inf,1080789.2,1.245933989717883,-23896168.0,-19864094.507035114,2.713518727268763,-0.003252750411013556,1287.0,0,0.0034983840689171166
2026-08-05 11:15:00+05:30,1291.300048828125,1291.5999755859375,1286.0999755859375,1287.0,2296325,0.0,0.0,-0.003252750411013583,-0.003021166891551297,-0.005870520415001357,-0.02426080363912053,-0.011748482112008518,-0.003258052103475061,-7.5999755859375,-32.0,-6.5999755859375,7.752297090708163e-05,1291.2142682756696,-0.0032638024371386635,1299.1285661969866,-0.009335924490123368,1302.1142985026042,-0.011607505209007891,1290.0299975585938,-0.002348780698375818,1293.5684672098425,-0.005077788595145095,1296.4941826021607,-0.00732296583321169,1294.3143702147422,-0.00565115429686763,1294.6485584077382,1299.7885644810265,-0.009838957527775133,-1.7569008770492476,27.553002819698662,-1.162901157527358,1.6163020465962965,-2.7792032041236547,2.735634486795229,8.077854288698694,-120.06503692332672,-1.7407274376349844,-97.26436551016528,5.978567940848214,0.004645351935387389,0.05599776982064887,0.043549763635838096,0.04035011977012244,0.7052863822152515,1152697.35,1.9921317594770196,-26192493.0,-20466799.12541272,2.5171909168734175,-0.0011655011655011655,1285.5,1,0.008574356233174521
2026-08-05 12:15:00+05:30,1287.0999755859375,1287.9000244140625,1283.0,1285.5,2971471,0.0,0.0,-0.0011655011655011815,-0.0050309597523219285,-0.003951631553086088,-0.015470591963908209,-0.014791575801563539,-0.0011661808901825075,-5.0999755859375,-20.199951171875,2.5,7.768110795448509e-05,1290.2571323939733,-0.0036869646170008745,1297.4285627092634,-0.009194003471254857,1301.3142961774554,-0.012152557014010319,1290.1359985351562,-0.00359341847713451,1291.954773767874,-0.004996129817334276,1295.4947114565098,-0.007714976655724918,1293.9687086376937,-0.006544755357031081,1292.83141624814,1297.9646611477667,-0.009603236144144973,-1.4148146502388608,27.29009322248453,-1.8412313557541893,0.9247953661261994,-2.7660267218803885,6.944444444251544,6.375343309193984,-122.74729393540848,-1.7952635599680709,-93.05555555297069,6.071428571428571,0.00472300939045029,0.05523330316756887,0.04381540471322552,0.040873914079038794,0.294011518404407,1257699.85,2.362623323839943,-29163964.0,-21295100.54204008,2.2305843450230185,-0.006767756648677558,1276.800048828125,0,0.008460914220029439
2026-08-05 13:15:00+05:30,1284.800048828125,1287.5,1276.699951171875,1276.800048828125,5966030,0.0,0.0,-0.00676775664867757,-0.01115234114645125,-0.010922593012063442,-0.018072751763086536,-0.024449876838446127,-0.0067907617678214915,-14.0999755859375,-23.5,-9.0,-0.000544497216549557,1287.7142857142858,-0.008475666541276473,1295.0714198521205,-0.014108388729686974,1299.9809628441221,-0.01783173344728347,1290.0580004882813,-0.010277019835641475,1288.9238287799244,-0.009406126010771471,1293.7951966721112,-0.013135887262286795,1293.295427860848,-0.012754532860287016,1290.0809477306548,1293.4363495388295,-0.01286209461843505,-1.7279377431091556,22.77232109957434,-3.045717144648279,0.13069286397130375,-3.1764100086195826,0.23663721206174923,3.3055720477028405,-139.59389409421152,-3.199389778001744,-99.76336278557419,6.614283970424107,0.00518036005441076,0.05724205926884703,0.04569688786881435,0.041923813635454124,1.0077698890549494,1418889.85,4.204716807298323,-35129994.0,-22612709.442798167,1.731811337490896,0.0025062273257367004,1280.0,2,0.006190300269606627
2026-08-05 14:15:00+05:30,1276.800048828125,1280.0,1271.4000244140625,1280.0,9956579,0.0,0.0,0.0025062273257367984,-0.00543900543900544,-0.009287925696594423,-0.012498034085890009,-0.02125710948935633,0.0025030919755402556,-12.0,-16.199951171875,2.0999755859375,0.0,1286.2000034877233,-0.004820403880350042,1292.999991280692,-0.01005413098866747,1298.6095319475446,-0.01433035218802166,1290.0660009765625,-0.007802702318280487,1287.1390630239396,-0.005546458210321012,1292.5410878837374,-0.009702660906711364,1292.7740385329716,-0.009881106946932217,1288.0714250837054,1288.5458833532352,-0.0066321917314960555,-1.8343370223471005,26.984126978130504,-3.6994268043486045,-0.6353310696926779,-3.0640957346559263,18.06718486699713,8.416088841103475,-142.04542435638527,-1.968289203717089,-81.93281513090204,6.899998256138393,0.005390623637603909,0.05875279584054958,0.04720390082860528,0.0438638661663315,0.6688784669202132,1849063.7,5.384659814586158,-25173415.0,-22856586.162531674,1.2836809231163926,0.0,1280.0,1,0.006061354589941481
2026-08-05 15:15:00+05:30,1280.0,1280.0,1280.0,1280.0,266176,0.0,0.0,0.0,-0.004278490859587758,-0.008674064122841774,-0.009441225532326514,-0.023497137382364808,0.0,-11.199951171875,-12.199951171875,0.800048828125,0.0,1284.642857142857,-0.0036141228801750878,1290.2142769949776,-0.007916729164367652,1297.2857200985864,-0.013324528151947446,1290.0740014648438,-0.00780885550239542,1285.7112504191516,-0.004442094146166379,1291.400988985216,-0.008828387992923868,1292.2730958454042,-0.00949729270450041,1286.3380929129464,1288.484813157895,-0.006585109169500599,-2.0188514373079003,13.207547166322527,-4.169433782126816,-1.3421516121795056,-2.8272821699473107,20.33094675310717,12.878256277388681,-112.78760842550835,-1.561181886165773,-79.66905324452877,6.185712541852679,0.00483258792331863,0.05756448031963379,0.046044254412003126,0.04276434307237867,-0.9732663196867116,1862372.5,0.14292307258617698,-25173415.0,-23077236.528004847,0.8333777203485795,0.016250038146972658,1300.800048828125,2,0.005964659844998576
2026-08-06 09:15:00+05:30,1284.300048828125,1305.0,1283.5999755859375,1300.800048828125,0,0.0,0.0,0.016250038146972567,0.018796991762357607,0.010722648662101708,0.004789180719226627,-0.008385424295285437,0.016119419416878968,13.800048828125,6.2000732421875,25.0,0.0033594131469700315,1285.9000069754463,0.011587247664546899,1289.8642839704241,0.008478229061456153,1296.8095296223958,0.0030771822033788744,1290.4900024414062,0.007989249329483998,1288.7290101009464,0.009366622953745475,1292.255448970935,0.006612160052401157,1292.6074861584523,0.006338012704857655,1287.7495291573662,1287.9446953393492,0.00998129309067783,-0.6006681396578315,45.95049392015195,-2.8308947980042376,-1.639900249344452,-1.1909945486597855,85.4651265921466,41.287752737416966,2.469319538573953,0.35489105304220786,-14.534873404946438,6.921430315290179,0.005320902564172173,0.0844675166570664,0.05736830081474322,0.051583280065612955,-1.0,1820786.85,0.0,-25173415.0,-23276872.572956763,0.8333777203485795,0.005765682440400167,1308.300048828125,2,0.0027103646782787446
2026-08-06 10:15:00+05:30,1300.699951171875,1308.699951171875,1298.199951171875,1308.300048828125,1994316,0.0,0.0,0.0057656824404002105,0.022109413146972567,0.017736327365324822,0.01371460838138594,-0.0015263679504466943,0.005749124508098645,22.800048828125,17.7000732421875,9.0,-7.695083986205245e-05,1288.3428780691963,0.015490574053409164,1290.4357125418526,0.01384364684938087,1296.6428629557292,0.008990282679545181,1291.1980029296874,0.013245099403515467,1292.6432178463822,0.012112260185618643,1293.7140489579522,0.01127451609720876,1293.2228807729493,0.01165859982785991,1290.2076311383928,1288.1923724768144,0.015609218608113519,0.892261646303884,56.389766377155276,-1.1516304110364217,-1.5422462816828462,0.39061587064642445,98.92787364614458,68.24131566379945,69.54493403775042,1.2459447658728533,-1.0721263511744534,7.25714111328125,0.0055470005674738716,0.08718581613355483,0.059627551271209236,0.053557665746153726,inf,1865454.5,1.0690778038274313,-23179099.0,-23267560.80410374,6.984302618523756,0.005961879130707881,1316.0999755859375,2,0.0023114848554232517
2026-08-06 11:15:00+05:30,1309.300048828125,1319.5,1307.699951171875,1316.0999755859375,4068988,0.0,0.0,0.005961879130707892,0.02820310592651376,0.030780016646994035,0.01952122604019091,0.0051935587750864265,0.005944177451327691,39.2999267578125,25.199951171875,16.4998779296875,0.0007643506555663276,1292.5000174386162,0.018259154993337467,1291.857142857143,0.018765877374923245,1296.9190499441963,0.014789608991055914,1292.0060034179687,0.018648498617042146,1297.3345693942933,0.014464585030206195,1295.74913319686,0.01570585066790858,1294.1200217460078,0.01698447861911427,1293.629532877604,1290.3800237159878,0.019932075355492872,2.6417552803510835,65.00757645521489,0.7993729430349958,-1.073922436739278,1.8732953797742737,92.93133858474172,92.4414462743443,133.94731730554122,1.6607446628640994,-7.06866141317927,7.650006975446429,0.005812633627650343,0.08970035345203084,0.06235223623773392,0.056571862529988214,1.0402925113171633,2025799.45,2.008583821068763,-19110111.0,-22871613.203712907,18.059682215872925,0.003495156653193886,1320.699951171875,2,0.0029465947731377303
2026-08-06 12:15:00+05:30,1316.0999755859375,1324.699951171875,1314.0999755859375,1320.699951171875,3314813,0.0,0.0,0.003495156653193776,0.015298202334538269,0.031796836853027255,0.02221358449835531,0.008321806334869342,0.003489062788391946,40.699951171875,28.699951171875,1.4000244140625,0.0,1297.5285818917412,0.017858080048096595,1293.892857142857,0.020718171432055007,1297.461902436756,0.017910390040322476,1292.9500024414062,0.021462507195211415,1302.0076457498099,0.014356525081145839,1298.0173893764068,0.017474774976896052,1295.1623719195713,0.019717666144388114,1297.4752406529017,1292.3693339616298,0.021921455783370087,4.412121704799793,71.30047950862101,2.6857767806525317,-0.32198259326091605,3.007759373913448,92.49529925416145,94.78483716168257,158.50244907363214,2.3322467189919687,-7.504700743962371,8.100001743861608,0.006133112776045939,0.09042773643595794,0.06445103429083618,0.059251779779715734,-0.18534706909924537,2159773.25,1.5347967662809041,-15795298.0,-22197678.42240692,25.939958223832548,0.00037858712689157234,1321.199951171875,1,0.003148802267561144
2026-08-06 13:15:00+05:30,1320.699951171875,1323.4000244140625,1317.699951171875,1321.199951171875,2517537,0.0,0.0,0.0003785871268915386,0.009860048813194355,0.032187461853027344,0.023234201622120976,0.00932005437118022,0.00037851548086748586,41.199951171875,30.0,0.5,0.0,1303.8714250837054,0.013290057405041966,1295.7928553989955,0.019607374486593127,1298.0047549293154,0.017869885417950482,1293.922001953125,0.021081602428549808,1305.8461068342228,0.011757774715784005,1300.1248949941767,0.016210024328298496,1296.1834534588775,0.019300121172062087,1301.1161865234376,1293.3978392168187,0.021495406217679754,5.766996954530347,70.46155809321851,4.173007402368285,0.5770154058649242,3.5959919965033604,93.43338684715675,92.95334156201999,149.4435040938811,2.3471939100428876,-6.566613150967074,8.185721261160714,0.006195671786010865,0.0903448851903828,0.06467188779950288,0.059590270232223706,-0.24051914844065114,2205851.0,1.1412996616725242,-13277761.0,-21348162.477415785,31.7696000458196,0.0005298768302001151,1321.9000244140625,1,0.003785411123519183
2026-08-06 14:15:00+05:30,1321.0999755859375,1323.5,1319.5999755859375,1321.9000244140625,3447699,0.0,0.0,0.0005298768302000045,0.004406997139820401,0.016220767830494864,0.027117346087072614,0.0021986538393194976,0.0005297364950437899,21.0999755859375,34.9000244140625,-20.0999755859375,-7.56702918803079e-05,1309.857142857143,0.009194041978228042,1298.028573172433,0.018390543732999937,1298.6190418061756,0.017927492096133753,1294.9400024414062,0.020819514357272566,1309.0568903501908,0.009810982363361002,1302.1044522141663,0.015202752871491696,1297.1919464375123,0.019047356903800616,1304.597142392113,1295.2751005039247,0.0205554201572769,6.449152987433772,75.36472737217541,5.3465072375352065,1.5309137721989807,3.815593465336226,94.74684689252493,93.55851099794772,147.76220325417432,2.3142433756996406,-5.253153105598904,7.835728236607143,0.00592762545720841,0.08630610129717206,0.0629191809631611,0.05933889473966152,0.36947302065471144,2358200.7,1.4620040609775065,-9830062.0,-20251200.527185712,41.04245319792739,0.002345090800124296,1325.0,2,0.0038039764659068753
2026-08-06 15:15:00+05:30,1321.0,1325.0,1321.0,1325.0,0,0.0,0.0,0.00234509080012435,0.0032558862626665963,0.012764618626158075,0.03072734344612993,0.014781381289631801,0.0023423453660509764,16.699951171875,39.5,-4.4000244140625,-0.0006808566438000926,1316.2857142857142,0.006620360321245291,1300.4642857142858,0.018866888199254934,1298.9047560918898,0.020090190435983,1296.0680029296875,0.022322900499735388,1312.2455122801528,0.009719589513150918,1304.185865649242,0.015959484686165065,1298.2824583419238,0.020579143996274474,1308.1933326357887,1295.2751005039247,0.02294871528410291,6.7380412186697995,76.43413961318575,6.452278582626377,2.51518673428446,3.9370918483419173,99.99999999813434,96.06007791260534,141.82397099346912,2.6177238310319306,-0.0,8.100010463169642,0.006113215443897003,0.07765236181778715,0.06136790627917499,0.05823173019326953,-1.0,2358200.7,0.0,-9830062.0,-19258711.143644214,41.579364933672636,-0.004226396668632075,1319.4000244140625,0,0.004074662151790177
2026-08-07 09:15:00+05:30,1320.199951171875,1331.5,1317.0,1319.4000244140625,2157278,0.0,0.0,-0.004226396668632115,-0.001362342434402919,0.002507445398785668,0.033364641256895755,0.0146888986147089,-0.004235353127639531,3.300048828125,42.5999755859375,-13.39990234375,-0.0036226783608463227,1318.9428536551338,0.0003466190803198055,1302.42143031529,0.013036175314352133,1299.557140531994,0.015268958372950187,1297.02400390625,0.017251816805552763,1313.6764147069348,0.004356940295986221,1305.5689709914984,0.010593889507078024,1299.11059818789,0.015617936035975928,1310.718097795759,1296.3530430712892,0.017778321627689577,5.511109630802946,69.85512526734057,6.79837171414556,3.37182373025668,3.42654798388888,79.86692096166611,91.5379226174418,117.08626801129094,2.5174844144551147,-20.133079036669997,8.592869349888392,0.006512709709625722,0.07772865460849515,0.06496789163178567,0.06408086781892329,inf,2414537.5,0.8934539223350224,-11987340.0,-18566199.60615429,39.309805206867665,0.004244334911562863,1325.0,2,0.003104457248847951
2026-08-07 10:15:00+05:30,1319.300048828125,1326.699951171875,1317.5,1325.0,1183943,0.0,0.0,0.0042443349115628415,0.00234509080012435,0.0032558862626665963,0.03515625,0.02221883190327789,0.004235353127639468,4.300048828125,45.0,1.0,-7.577352136386596e-05,1321.3285609654017,0.0027785965906262093,1304.8357195172991,0.015453501296044244,1300.7333286830358,0.01865614633055881,1298.0500048828126,0.020761908259150388,1315.9411317655479,0.006883946413538499,1307.3354281740894,0.01351188948544641,1300.1258688471885,0.019132094629305454,1313.7285737537202,1296.9895922881683,0.021596478397635968,4.2868668778999925,72.89982266947517,7.438774679152857,4.185213920035915,3.253560759116942,89.18468778477717,89.68386958152587,102.44088190741427,3.0727343446106006,-10.815312213558952,8.928580147879464,0.0067385510549982834,0.07724742258054751,0.06583124042237418,0.06496914006095211,-0.45118663426781347,2412896.05,0.4906730233985835,-10803397.0,-17826885.07223483,42.44678921982394,0.005433925412735849,1332.199951171875,2,0.002979962203979596
2026-08-07 11:15:00+05:30,1325.0,1337.0,1323.5999755859375,1332.199951171875,2745310,0.0,0.0,0.005433925412735796,0.005433925412735796,0.008325764764253396,0.0407812118530273,0.03095496170211476,0.005419214906507587,11.0,52.199951171875,6.699951171875,0.0,1323.6285574776787,0.006475679030772499,1308.0642874581474,0.018451435411183006,1302.4476143973213,0.02284340379271074,1299.27400390625,0.025341804089520886,1319.1928956468134,0.009859858681754203,1309.5958393557064,0.017260372350657503,1301.3836759971762,0.023679623267951627,1317.3771379743303,1298.9352239824468,0.025609227138683015,2.8929241960403353,79.42712636676288,8.430097612123973,5.034190658453527,3.395906953670446,92.68284967154652,87.24481947266327,118.92463626487678,4.338964616625277,-7.31715032692909,9.492867606026786,0.007125707817110504,0.07702830393911704,0.06888176558615816,0.06851447247465481,1.318785617212991,2493838.6,1.1008370790314974,-8058087.0,-16896523.35106961,48.80813713559912,0.0003002735540641755,1332.5999755859375,1,0.0047472695028638896
2026-08-07 12:15:00+05:30,1332.199951171875,1334.699951171875,1329.0,1332.5999755859375,1062222,0.0,0.0,0.0003002735540642565,0.010004510328652572,0.008094372474664047,0.024446437241804064,0.02935269636692306,0.0003002284809832317,10.699951171875,31.7999267578125,-0.300048828125,0.0,1325.3285609654017,0.005486499600697971,1311.4285714285713,0.01614377223327344,1304.3714250837054,0.02164149716818502,1300.4880029296876,0.024692248282094608,1321.8743116346384,0.008113981682590966,1311.6871244675456,0.015943475184194675,1302.6078446085003,0.02302468168109978,1320.6485630580357,1299.8064813058645,0.025229520510700505,2.360940130185206,81.10969742087212,9.142616414723307,5.855875809707483,3.286740605015824,93.29264321260105,91.72006022297491,108.74772642567132,4.109373092648156,-6.707356785874549,9.550005231584821,0.007166445599984771,0.07714051445342607,0.06908589317435378,0.06892766080781995,-0.6130775759386007,2476614.8,0.42890077213460875,-6995865.0,-15953603.5081106,53.945299250761,-0.001951054805320932,1330.0,0,0.0058426735824691975
2026-08-07 13:15:00+05:30,1332.5999755859375,1332.9000244140625,1329.0,1330.0,794250,0.0,0.0,-0.0019510548053209842,0.0037735849056603765,0.0037735849056603765,0.016586371903992703,0.030528455880509897,-0.001952960592013977,5.0,21.699951171875,-5.699951171875,0.0,1326.5857107979912,0.0025737418805396556,1315.2285679408483,0.011231076041989401,1306.057140531994,0.018332168421233874,1301.51400390625,0.021886814900364236,1323.4994493077108,0.004911638380873158,1313.3519313341324,0.0126760149116646,1303.682046780716,0.02018740173975144,1323.124753534226,1300.958016709888,0.022323536130348518,1.7986555000976376,88.21843614601184,9.389262821132434,6.562553211992473,2.826709609139961,89.3292643200406,91.76825240139605,91.96590129314147,3.906249999996948,-10.670735678435015,9.057146344866071,0.006809884469818993,0.076351866061875,0.06783277264251437,0.0674060047625639,-0.25227494817467533,2329519.4,0.34095015478299934,-7790115.0,-15176128.412100067,62.049614465360236,0.0,1330.0,1,0.005878410640339744
2026-08-07 14:15:00+05:30,1330.0999755859375,1332.699951171875,1325.199951171875,1330.0,1498100,0.0,0.0,0.0,-0.0016513671014173337,0.008033936175380063,0.010561526230463025,0.030288926211528233,0.0,10.5999755859375,13.9000244140625,5.5999755859375,7.516961348678558e-05,1327.7428501674108,0.00169999019938456,1318.7999965122767,0.008492571669195122,1307.9333321707588,0.0168714010771486,1302.5320043945312,0.021088154082030342,1324.7995594461688,0.003925454621981682,1314.8653921219386,0.011510385754107913,1304.7141233775508,0.01938039618745873,1325.0942778087797,1301.9571588696274,0.021538989158981354,1.5218879877679696,87.650657764984,9.475504161525578,7.1451434018990945,2.3303607596264833,87.7192982440751,90.11373525890558,78.8241298433417,2.244768609761234,-12.280701754170515,8.97857666015625,0.006750809518909398,0.07640812652586355,0.06888962793707888,0.06887756311260475,0.8861819326408562,2379381.45,0.6296174159044567,-7790115.0,-14472698.563328633,82.16264201008343,0.0036090592692669173,1334.800048828125,2,0.0059084444306818935
2026-08-07 15:15:00+05:30,1329.0,1334.800048828125,1329.0,1334.800048828125,439792,0.0,0.0,0.003609059269267023,0.001650962991516014,0.00739626326650944,0.010676230921140561,0.03312697277718657,0.00360256224227374,9.800048828125,14.10009765625,-0.7999267578125,-0.0007518796992475549,1329.142857142857,0.0042562706144502836,1322.7142857142858,0.009137092752652617,1310.0238095238096,0.0189128160298877,1303.716005859375,0.02384264888136925,1326.79965732256,0.006029841401755754,1316.6776336406829,0.013763744993008604,1305.8939635912989,0.022135093692684096,1327.2276181175596,1302.2402006879506,0.025002951162887293,1.6895657418511805,88.48320673076283,9.817999087877524,7.67971453909478,2.138284548782744,95.88024313289554,90.97626856567041,84.39996040142752,2.025529237250768,-4.1197568652318095,9.392865862165179,0.00703690853952584,0.07672219819157419,0.0683761270751555,0.0682286017790119,-0.7064334824110541,2401371.05,0.18314204295916695,-7350323.0,-13794377.081106858,82.29401235636954,-0.009140000596267912,1322.5999755859375,0,0.00551288066092348
2026-08-10 09:15:00+05:30,1330.0,1332.0,1322.0,1322.5999755859375,0,0.0,0.0,-0.009140000596267961,-0.00556392813087403,-0.007206107144421381,0.0010596612668813954,0.02431848327252828,-0.00918202667665428,-9.5999755859375,1.4000244140625,-19.4000244140625,-0.003596080800518071,1329.5999930245537,-0.005264754418874034,1324.2714233398438,-0.0012621640280431011,1311.4809512183779,0.008478220257199678,1304.6500048828125,0.013758456778393666,1325.9597209752358,-0.0025338216057005573,1317.2160283629787,0.004087368439970942,1306.5491013165788,0.012284937667610293,1327.212376767113,1302.5461756859347,0.015395845670827637,0.9649818496305071,67.41208885058596,9.001224323245197,7.944016495924864,1.0572078273203322,62.88658171931677,82.16204103209581,52.62886113444197,0.49388345266864797,-37.113418278105925,8.521440778459821,0.006442946420498923,0.08551119713782297,0.0698443129375557,0.06919038398756708,-1.0,2334041.45,0.0,-7350323.0,-13180657.644810967,82.29401235636954,0.006048692082015081,1330.5999755859375,2,0.003352581529563856
2026-08-10 10:15:00+05:30,1322.800048828125,1331.5,1322.800048828125,1330.5999755859375,1137646,0.0,0.0,0.006048692082015084,0.0004511094631109991,-0.001500825481495771,0.006581398752701695,0.03387721490748841,0.0060304721782075184,-2.0,8.699951171875,7.5999755859375,0.00015127267948021275,1330.3999895368304,0.00015032024254343524,1325.8642752511162,0.003571783645743699,1313.357142857143,0.013128822439927162,1305.6460034179688,0.019112356720446533,1326.887771897376,0.0027976772167026508,1318.4327508377933,0.009228551657567205,1307.4922728565537,0.017673299650851047,1328.0561837332589,1303.911790437527,0.020467784204508753,0.7582481717304816,67.67031328601226,8.896899657812355,8.134593128302363,0.762306529509992,78.15694966111896,78.97459150444377,59.69346620111957,0.7496043598147011,-21.84305033546808,8.407156808035714,0.006318320278284429,0.08543845615831931,0.07064532123963708,0.06949264967189973,inf,2276107.5,0.4998208564402163,-6212677.0,-12517040.440543257,81.69451164533707,-0.002404893454522936,1327.4000244140625,0,0.0015227599464679934
2026-08-10 11:15:00+05:30,1330.5,1332.5999755859375,1326.199951171875,1327.4000244140625,1139095,0.0,0.0,-0.002404893454522883,-0.005543919795747199,-0.0019548688616071175,0.0018113391804244205,0.032594340267648736,-0.0024077898554088683,-2.5999755859375,2.4000244140625,-0.5999755859375,-7.51357190529032e-05,1329.7142857142858,-0.0017404199722336454,1326.671421595982,0.00054919613569676,1315.2809535435267,0.009214054866282611,1306.4760034179687,0.016015618305530957,1326.9902224007133,0.0003088206728513318,1319.247957526545,0.006179328791833539,1308.2729689960638,0.014620079961341476,1328.2609502883186,1305.8134528965631,0.016531129672159035,0.470034820807925,59.65816137728266,8.458507878787259,8.199376078399343,0.25913180038791594,58.078753922100134,66.3740951008453,58.30738301822342,0.4692759212323222,-41.921246073533055,8.021440778459821,0.0060429716972429486,0.08609683207070624,0.07092286981590223,0.06974772419099838,0.0012736826745753937,2184488.7,0.5214469637677683,-7351772.0,-12025110.11287247,79.22310585877581,-0.0018833810110132727,1324.9000244140625,0,0.0030553404242394497
2026-08-10 12:15:00+05:30,1327.199951171875,1331.5,1324.5999755859375,1324.9000244140625,1063335,0.0,0.0,-0.0018833810110132632,0.0017390358918658588,-0.0038345681097274875,0.004168561390198944,0.03767228520243604,-0.0018851568030418704,-5.0999755859375,5.5,-2.5,-0.0001507256580590053,1328.614292689732,-0.0027955956037078386,1326.971426827567,-0.0015610000122271933,1317.1571451822917,0.005878477947817898,1307.1820043945313,0.013554363478040982,1326.5721828033834,-0.0012605106687718487,1319.7617817890464,0.0038933106685714995,1308.925010385005,0.012204682393796172,1328.024763997396,1310.3134967070819,0.011132089949181292,-0.41683024905511484,53.723467561210576,7.819215084636198,8.123343879646715,-0.3041287950105165,39.5001220683375,58.57860855051887,47.40911011169282,0.2269460582941961,-60.499877926662506,7.757158551897321,0.005854901055890668,0.0814042179598137,0.06950002201852308,0.06901459265090075,-0.06650893911394573,1939353.95,0.548293414928203,-8415107.0,-11681300.292598901,71.25603847340838,0.000830232897326698,1326.0,1,0.003215973855750955
2026-08-10 13:15:00+05:30,1324.9000244140625,1327.699951171875,1323.4000244140625,1326.0,1050537,0.0,0.0,0.0008302328973266437,-0.0034570687436784597,-0.0065927843169101275,0.0007547169811321641,0.035937499999999956,0.0008298884446321965,-8.800048828125,1.0,-3.7000732421875,0.0,1328.0428641183037,-0.001538251643450079,1327.3142874581474,-0.0009901855729010003,1319.5,0.004926108374380503,1307.8580053710937,0.01387153234860907,1326.457746242707,-0.0003450892001672467,1320.3288925354966,0.004295223331520508,1309.5946178208872,0.012527069030260844,1327.895240420387,1321.9103137552092,0.0030937698285823253,-0.8962911996493552,54.2105691341632,7.316984137844656,7.962071931286303,-0.6450877934416468,44.99999999775,47.52629199606255,35.6754982522524,0.07547169811315059,-54.99999999725,7.657148088727679,0.005774621484707318,0.08144599361224115,0.06834868342642048,0.06760279777798969,-0.012035717812354574,1494051.85,0.7031462796957142,-7364570.0,-11270183.121875197,62.96895055960054,0.00045247027597096533,1326.5999755859375,1,0.0031082104363402236
2026-08-10 14:15:00+05:30,1326.0,1327.5,1324.699951171875,1326.5999755859375,2048600,0.0,0.0,0.0004524702759709509,-0.0006027187083096353,0.003024346041007542,-0.004203554865027215,0.03640623092651363,0.0004523679421631395,4.0,-5.5999755859375,12.800048828125,0.0,1327.5571463448662,-0.0007210015490205488,1327.6499982561384,-0.0007908881644855715,1321.7190464564733,0.003692864336446003,1308.5900048828125,0.013762882672120088,1326.4861921113531,8.577810704773213e-05,1320.8989909946276,0.004315988300523073,1310.2614945959872,0.012469633777168835,1327.7999988374256,1322.5444798760218,0.0030664342648746364,-0.8195282906203601,54.130016892054336,6.887975219004602,7.747252588829963,-0.8592773698253611,47.99987792728751,44.16666666445834,32.4271308396737,0.5456988812067817,-52.000122067712496,7.578578404017857,0.005712783464107038,0.08133063990662771,0.06849674208360454,0.06780287718836854,0.950050307604587,1583173.05,1.293983623584294,-5315970.0,-10703115.20550613,59.82489438506346,0.0005277199269344846,1327.300048828125,1,0.0036779176926683434
2026-08-10 15:15:00+05:30,1324.0,1327.300048828125,1324.0,1327.300048828125,304041,0.0,0.0,0.0005277199269344557,0.0018114758622063132,-0.002480029173575926,-0.003977132564093044,0.020372077956080537,0.0005275807317423786,-3.2999267578125,-5.2999267578125,-7.2999267578125,-0.0019598791148681977,1326.4857177734375,0.0006139011101105373,1327.8142874581474,-0.00038728204303814615,1323.9714297340029,0.0025141170114134307,1309.2700048828126,0.01377106622626127,1326.6489634547077,0.0004907744183671409,1321.4809053431272,0.004403501754330988,1310.929673193326,0.01248760781721386,1327.7533389136904,1322.5792476189372,0.0035693900518121574,-0.595284715573888,52.11013652617813,6.529207974629344,7.50364366598984,-0.9744356913604957,51.500244138049986,48.166707354362494,20.89332099882037,0.1735885908017558,-48.49975585695001,7.528581891741071,0.005672102474781338,0.06085758143613744,0.05897084064286971,0.06063787642357824,-0.851585961144196,1598375.1,0.19021880408422265,-5011929.0,-10161097.471648403,58.73197389891398,-0.0064039777648653455,1318.800048828125,0,0.0036525956813084864
2026-08-11 09:15:00+05:30,1326.4000244140625,1326.4000244140625,1314.300048828125,1318.800048828125,0,0.0,0.0,-0.006403977764865343,-0.00542982742976994,-0.006478812285492963,-0.008421015918703034,0.00802568188345254,-0.006424571197475501,-8.5999755859375,-11.199951171875,-5.300048828125,-0.0006780866277044551,1325.94287109375,-0.005386975880587983,1327.7714320591517,-0.006756722591257177,1324.8285725911458,-0.004550417984438101,1309.7880053710937,0.006880535949381415,1325.0791805293911,-0.004738684143201743,1321.2371911144905,-0.0018445910414525333,1311.2383153750827,0.005766864317775416,1326.5514404296875,1323.7444775298975,-0.003735183629241684,-1.007403954791611,49.47737339320349,5.495652920208613,7.102045516833595,-1.606392596624982,19.823831186814246,39.77465108405058,-99.24251127491958,-1.0058476831464123,-80.17616880878046,7.421439034598214,0.005627417925247438,0.06353262286012197,0.05970193819234769,0.061658130263557,-1.0,1498659.3,0.0,-5011929.0,-9670700.474348554,67.45172483170853,0.0012132055859106355,1320.4000244140625,1,0.0022239737465598692
2026-08-11 10:15:00+05:30,1318.9000244140625,1324.300048828125,1318.300048828125,1320.4000244140625,708761,0.0,0.0,0.0012132055859106483,-0.004673564967567989,-0.00339648269082804,-0.007218026756343976,0.0032672660951995613,0.0012124702466988087,-4.5,-9.5999755859375,4.0999755859375,7.580799380941916e-05,1324.4857352120537,-0.0030847525868853173,1327.442862374442,-0.005305567689577584,1325.404761904762,-0.003776006873178316,1310.1820068359375,0.00779892986226662,1324.1433493063255,-0.0028269785852273214,1321.161085050815,-0.0005760543853156783,1311.5975980824937,0.006711224802813662,1325.5685860770088,1325.0950182023425,-0.00354313745337738,-1.1717138834859202,45.69290871192921,4.750892420948276,6.631814897656531,-1.880922476708255,26.872196946514066,32.732090757126095,-93.2807345530607,-0.9154998795870147,-73.12780304908064,7.19287109375,0.005447493911503405,0.06017351102220486,0.057369969788038044,0.05956151911325892,inf,1330647.95,0.5326435140113502,-4303168.0,-9159506.905362979,66.34829868960071,-0.0006816301101341563,1319.5,1,0.002424854315692862
2026-08-11 11:15:00+05:30,1320.5,1320.9000244140625,1318.0,1319.5,733547,0.0,0.0,-0.0006816301101341127,-0.005876628148256069,-0.004901960784313708,-0.011462427531042985,-0.0009085721331406615,-0.0006818625255578687,-6.5,-15.300048828125,-2.0,7.571613457201291e-05,1323.3571602957588,-0.0029146782225396165,1326.5357230050224,-0.005303832292641905,1325.5666678292412,-0.00457665991192387,1310.5880078125,0.006799995219220783,1323.2146794450605,-0.002807314264844436,1321.0100773189226,-0.0011431232394428807,1311.9074961969059,0.0057873774066375,1324.5095377604166,1325.6489942318906,-0.004638478404646476,-0.9057189734802832,36.51812648586425,4.041452561762981,6.113742430477822,-2.072289868714841,25.365615471323625,24.02054786821731,-122.06117829638666,-0.7894736842099327,-74.63438452379833,6.44287109375,0.0048828124999963,0.05892579573684002,0.05495401341171077,0.05681403961580299,0.034970885813412345,1201584.65,0.6104829984304473,-5036715.0,-8766860.057233172,54.57793458238476,0.0034103827207275484,1324.0,2,0.0052124233325658645
2026-08-11 12:15:00+05:30,1319.9000244140625,1324.9000244140625,1319.199951171875,1324.0,1215531,0.0,0.0,0.0034103827207274673,0.003942941294622804,-0.0019598791148697225,0.001058539573495887,0.002119322533762791,0.00340458055357468,-2.5999755859375,1.4000244140625,3.9000244140625,0.0003031636332415285,1323.2285853794642,0.0005829791081137932,1325.9214390345983,-0.0014491349019862198,1325.7238130115327,-0.0013002806426291357,1311.0560083007813,0.009872950977880147,1323.3717435560484,0.0004747392008408335,1321.2818884717476,0.0020571776181646014,1312.3817120323215,0.00885282678137739,1324.171441359747,1326.0320570499211,-0.0015324343322743038,-1.0646446560683427,41.60159834449241,3.7985415317825755,5.650702250738773,-1.8521607189561973,47.31683498244796,33.184882466761884,-63.22094595059517,-0.451127819548533,-52.683165012673996,6.442879813058036,0.00486622342375617,0.06018006855594013,0.054952266208602794,0.05640431945545922,0.6570594658556304,1136484.35,1.0695536634534377,-3821184.0,-8295843.289877631,55.12202949480819,0.0,1324.0,1,0.004722874426035242
2026-08-11 13:15:00+05:30,1324.0,1328.4000244140625,1321.5999755859375,1324.0,2215065,0.0,0.0,0.0,0.002726427991043945,-0.0024862869786214103,-0.004960150087956472,0.0015886039391430629,0.0,-3.300048828125,-6.5999755859375,-0.7000732421875,0.0,1322.94287109375,0.000799073738819284,1325.4928676060267,-0.00112627358661074,1325.8571486700148,-0.001400715508361006,1311.4900073242188,0.009538763243263502,1323.4973948448387,0.00037975530372678554,1321.5289895197707,0.0018698117860625918,1312.837331168309,0.008502705222244646,1323.9152494884672,1326.5914883175315,-0.001953493852743014,-0.6498332937974949,43.82717288480592,3.564938399669245,5.233549480524867,-1.668611080855622,47.31683498244796,39.99976181207318,-28.37328251469581,-0.809113607509882,-52.683165012673996,6.6500244140625,0.005022677049892355,0.06016073963271293,0.055676471960438234,0.057395978181155834,0.8223023518116774,1074852.65,2.0608080558763087,-3821184.0,-7869685.262270237,65.69033376210663,-0.002567994270439955,1320.5999755859375,0,0.00464893705653271
2026-08-11 14:15:00+05:30,1324.0,1326.300048828125,1319.5999755859375,1320.5999755859375,2624098,0.0,0.0,-0.002567994270439966,0.0008336306070007016,0.0013648215735295732,-0.005122833134741489,-0.0033207731426886378,-0.0025712972235813853,1.7999267578125,-6.800048828125,5.0999755859375,0.0,1322.085728236607,-0.0011237944854379284,1324.8214372907366,-0.003186438251957074,1325.7952415829614,-0.003918603592827001,1311.806005859375,0.006703712048333475,1322.9179109930585,-0.0017521385022138559,1321.444533707604,-0.0006391173447865345,1313.1417485964514,0.005679681570898284,1323.2628638857886,1326.1101196778513,-0.00415511804800061,-0.5892288772433931,40.961536193298365,3.0700629053003468,4.800852165479963,-1.7307892601796162,30.731350036610667,41.788340000502195,-77.03792147240964,-0.1512173020502627,-69.26864995851129,6.592886788504464,0.004992342049358491,0.060241734155395694,0.056346164440057786,0.05840043981899945,0.18465959238216478,1206057.55,2.1757651614551876,-6445282.0,-7734027.80872069,60.69843082506343,0.00249890117305265,1323.9000244140625,2,0.005144350839173938
2026-08-11 15:15:00+05:30,1320.5999755859375,1323.9000244140625,1320.5999755859375,1323.9000244140625,1007777,0.0,0.0,0.0024989011730527366,-7.55102612820524e-05,0.00265071185647181,-0.000754773931295083,0.0034106411374354995,0.002495784111256058,3.5,-1.0,1.7000732421875,0.0,1321.6000104631696,0.0017403253122592543,1324.0428641183037,-0.00010788148035991244,1325.7428617931548,-0.001390041336219881,1312.1080053710937,0.008987079565622188,1323.1143336772595,0.0005938192314935786,1321.6677601354638,0.0016889753582006064,1313.5636417657695,0.0078689622029964,1323.1400088355654,1326.291409348314,-0.0018030614670305513,-0.42222353740673385,39.2079226958458,2.9106052261402056,4.422802777612011,-1.5121975514718056,52.45909293770556,43.50242598558807,-64.49196190987965,-0.5035285807005672,-47.54090705682993,6.414315359933036,0.0048450149117317725,0.0589357918757414,0.05155900950367285,0.05163311625908082,-0.6159529865119366,1148582.5,0.8774093284548556,-5437505.0,-7515311.350747292,62.15181014741505,-0.009592924698228898,1311.199951171875,0,0.004808814247764227
2026-08-12 09:15:00+05:30,1322.800048828125,1325.5,1311.0999755859375,1311.199951171875,0,0.0,0.0,-0.009592924698228922,-0.009667710595260615,-0.0062902984676961315,-0.011161424455599533,-0.010415131191037763,-0.009639233194274465,-8.300048828125,-14.800048828125,-11.800048828125,-0.0008308600088012697,1320.5142822265625,-0.007053563282159468,1323.2285766601562,-0.009090361030920709,1325.3523821149554,-0.010678240092258113,1312.1760034179688,-0.0007438424750571662,1320.7314571761826,-0.007216838784683336,1320.7161411387738,-0.007205325709645922,1313.4709480169893,-0.001729004245233725,1321.4276204427083,1326.4666426023064,-0.011509291632444789,-0.9299719196052896,38.82353221702471,1.7393934499154966,3.8861209120727085,-2.146727462157212,0.46500272526906966,27.885148566528432,-177.36289572559332,-1.220436412853487,-99.53499727007977,6.528599330357143,0.004979102786357854,0.06627938195395305,0.05459410894548712,0.053155177666664055,-1.0,1089385.35,0.0,-5437505.0,-7317425.0316285025,62.15181014741505,0.0006864127879642689,1312.0999755859375,1,0.0025982721426499587
2026-08-12 10:15:00+05:30,1311.0999755859375,1315.0,1309.800048828125,1312.0999755859375,943455,0.0,0.0,0.000686412787964219,-0.006436468390989214,-0.008987933847479201,-0.010930197698515443,-0.015087806877831289,0.0006861773144550025,-11.9000244140625,-14.5,-3.5999755859375,-7.624739906989116e-05,1319.3285609654017,-0.0054789880196100035,1321.9071480887276,-0.00741895716122143,1324.7380952380952,-0.00954008924298104,1312.202001953125,-7.775202829720864e-05,1319.0051608581336,-0.005235146515801696,1319.9328533612431,-0.005934300184553383,1313.4171843922422,-0.0010028868374470396,1319.9438069661458,1325.1843372082142,-0.009873616262196263,-1.139403474714584,28.929455264249754,0.8737520576999032,3.2836471411981476,-2.4098950834982444,10.08743046476474,21.00384204257979,-200.20239255248083,-0.9661143174766084,-89.91256953084928,6.264308384486607,0.004774261490009108,0.0626719073193936,0.050899410503879854,0.04924687527638406,inf,999292.6,0.9441228725200197,-4494050.0,-7048532.171473407,55.41916295629757,-0.0009907223397607324,1310.800048828125,1,0.003356103799630647
2026-08-12 11:15:00+05:30,1312.0999755859375,1314.0,1310.5,1310.800048828125,1038858,0.0,0.0,-0.000990722339760719,-0.009894988552277884,-0.009969751640388935,-0.012431250955326822,-0.01635894278643313,-0.000991213429520493,-13.199951171875,-16.5,-1.2999267578125,0.0,1318.0857107979912,-0.005527456909801245,1320.721435546875,-0.007512096382863893,1323.7190522693452,-0.009759626424551693,1312.182001953125,-0.001053171833588694,1317.364138452132,-0.004982745037916896,1319.102598403687,-0.006294089319210607,1313.314551625022,-0.0019146234188784075,1318.4628603980655,1324.118088316602,-0.010058045129040365,-1.1804749972264408,30.23818172883624,0.08188784029584895,2.643295281017688,-2.561407440721839,4.608305300013775,5.053579496682528,-176.3361401075856,-1.146300993353208,-95.39169469537792,6.057163783482143,0.004620967010866926,0.06255172225504367,0.05039683912751049,0.04848027433875715,0.10112088016916543,998124.4,1.040810143505157,-5532908.0,-6904187.012285464,48.18740975156626,0.003127842106508113,1314.9000244140625,2,0.007219649315947911
2026-08-12 12:15:00+05:30,1310.800048828125,1315.4000244140625,1310.4000244140625,1314.9000244140625,1198623,0.0,0.0,0.003127842106508183,0.00282189855092696,-0.004316183005641849,-0.002957252251793663,-0.011353365102208635,0.0031229605848238084,-5.699951171875,-3.9000244140625,7.5,0.0,1316.7857142857142,-0.0014320400435640923,1320.0071498325892,-0.0038690134513063557,1322.876197451637,-0.006029417607583795,1312.2740014648436,0.002001123962134063,1316.8713156445183,-0.0014969505425740718,1318.7205462228121,-0.0028971428553909873,1313.3767270285139,0.0011598327838455748,1317.6866722470238,1323.2430449200172,-0.00630497967699701,-1.3804705582817443,38.53213576534786,-0.21238821309748346,2.0721585821946538,-2.2845467952921372,27.419259568916537,14.03833177789835,-132.40167294801918,-0.8819502025618917,-72.58074042570712,5.92144775390625,0.00450334447026908,0.06391360705963799,0.05066292806216465,0.04856654788965206,0.15378906453047492,1018343.05,1.1770326315871638,-4334285.0,-6659434.439686849,55.689658303185325,-0.0007605140934160479,1313.9000244140625,1,0.00710879324024053
2026-08-12 13:15:00+05:30,1314.9000244140625,1316.199951171875,1313.300048828125,1313.9000244140625,694169,0.0,0.0,-0.0007605140934160426,0.0013718838972778258,-0.0075534404528966315,-0.004922750590590441,-0.012105244801456805,-0.0007608034309653416,-10.0,-6.5,-4.300048828125,0.0,1315.3428606305804,-0.001096927850298356,1319.142865862165,-0.00397443035457118,1322.1095319475446,-0.006209400458207738,1312.3660009765624,0.0011688991000661478,1316.2770573984274,-0.001805875876208897,1318.2823169674712,-0.0033242443572225134,1313.3972484946137,0.00038280567438732664,1316.872388857887,1322.4677950108453,-0.006478623244436778,-1.470029888552875,36.0920211022797,-0.5202980758631384,1.5536672505830955,-2.073965326446234,22.042908426271566,18.023491098400626,-105.12975321932768,-1.0095700987793454,-77.95709156835208,5.821446010044643,0.004430661315069465,0.06388175332841024,0.04943783718179652,0.0467537696702527,-0.42086127164254317,978146.5,0.7096779470150936,-5028454.0,-6504102.969240482,61.753900328498744,0.0050231946596399355,1320.5,2,0.007223029498725957
2026-08-12 14:15:00+05:30,1313.800048828125,1323.5,1313.0,1320.5,2016084,0.0,0.0,0.005023194659639962,0.007400023505146347,0.007092776978685267,0.0007578628268283261,-0.010713251651945588,0.005010620508040319,9.300048828125,1.0,19.300048828125,-7.609071016039315e-05,1315.328578404018,0.003931657595589563,1318.7071533203125,0.0013595487634779364,1321.6571509951636,-0.0008755303856915356,1312.58,0.0060339179326167084,1317.1216459187422,0.0025649522135814153,1318.4839245158828,0.0015290861319040632,1313.6757877693346,0.005194746142233388,1317.053340076265,1321.9207209077374,-0.0010747398730241162,-1.1387170860888254,43.83842368151381,-0.22911489509647254,1.197110821447182,-1.4262257165436545,57.52669470915556,35.66295423478122,-35.1138485992282,0.1289013579719135,-42.47330528546809,6.371442522321429,0.004825022735567288,0.065299346334155,0.05144160167126389,0.0493203862444277,1.9043129266792382,1056961.1,1.907434436328828,-3012370.0,-6171556.97216996,61.63999366395309,0.006436955698599016,1329.0,2,0.006672974261928265
2026-08-12 15:15:00+05:30,1320.5,1329.0,1320.5,1329.0,357533,0.0,0.0,0.006436955698599034,0.010723230149927598,0.012880134691348966,0.003776435045317328,0.004838972124755481,0.00641632697605844,16.9000244140625,5.0,7.5999755859375,0.0,1316.0571463448662,0.009834568119682842,1318.828578404018,0.007712466777360373,1321.3809581938244,0.00576596912413825,1312.98,0.012201252113503466,1319.4973167349938,0.007201745046752173,1319.4399313780752,0.007245550475293405,1314.2767372685764,0.011202559030308416,1318.4257196335566,1321.9913392743247,0.005301593525958544,0.02761255129084494,51.483376709292834,0.6796937496083046,1.0936274070794065,-0.4139336574711019,99.99999999479165,59.856534376739596,70.15350955453448,0.6513159214570062,-0.0,6.742867606026786,0.0050736400346288275,0.06134970890738093,0.050746977896519545,0.047804138085757224,-0.8226596709264098,1074837.75,0.33263904249734405,-2654837.0,-5836631.260534726,63.85072907389703,-0.01151245209038751,1313.699951171875,0,0.005330386691134305
2026-08-13 09:15:00+05:30,1323.0999755859375,1323.0999755859375,1307.4000244140625,1313.699951171875,0,0.0,0.0,-0.011512452090387537,-0.00015227432717090927,0.002212314796862014,-0.007779493072601951,-0.012701055707310172,-0.011579233406182101,2.89990234375,-10.300048828125,-14.0001220703125,-0.004439446511706592,1316.4142892020088,-0.002061917781048367,1318.4642857142858,-0.0036135484245036335,1320.9571475074404,-0.005493892325919678,1312.8739990234376,0.0006291176069075574,1318.33784362237,-0.0035179847661415934,1318.9181149956933,-0.003956397114032619,1314.2541182059608,-0.0004216589671728576,1317.7419026692708,1321.6388173688665,-0.006006834917871351,0.19932643489797727,46.021770749487445,0.16346080119728867,0.9075940859029831,-0.7441332847056944,29.166360547288562,62.23101841707859,-87.87536158382545,-0.4395641400621906,-70.8336394480818,7.357151576450893,0.0056003287279430955,0.0703393922271322,0.05502288673233968,0.05322603902879538,-1.0,1017955.45,0.0,-2654837.0,-5533603.2357218955,63.85072907389703,-0.0019791243682533545,1311.0999755859375,0,0.0016060306880072842
2026-08-13 10:15:00+05:30,1313.699951171875,1314.0,1310.199951171875,1311.0999755859375,872393,0.0,0.0,-0.0019791243682533155,-0.007118534202243509,-0.002889990689458166,-0.007193699966399736,-0.012279680976591933,-0.001981085422760188,-3.800048828125,-9.5,-6.699951171875,0.0,1316.2714320591517,-0.003928867821069517,1317.7999965122767,-0.005084247187787664,1320.028576078869,-0.006763944852956961,1312.9819995117186,-0.0014333965937686948,1316.8902700150834,-0.004396945258829477,1318.2073750493519,-0.005391715748171174,1314.1304263385089,-0.002306050215283916,1316.7599946521577,1320.8079698955505,-0.007350042194531406,0.10033357663977438,42.85711606053779,-0.45026347351495133,0.6360225740193962,-1.0862860475343474,17.129422933757994,48.76526115861274,-117.72576137408696,-0.9743220856535315,-82.87057706161237,7.20001220703125,0.005491581375255563,0.07021298622819108,0.054408724640164975,0.052413945685916445,inf,1004620.35,0.8683807768775529,-3527230.0,-5342520.070415049,58.41750847203083,0.002364408240151255,1314.199951171875,2,0.001504753681275359
2026-08-13 11:15:00+05:30,1311.199951171875,1315.9000244140625,1308.699951171875,1314.199951171875,962051,0.0,0.0,0.0023644082401512723,-0.011136229366535022,0.0002282721304813773,-0.007326892562359966,-0.008076136346151563,0.0023616174252064485,0.2999267578125,-9.7000732421875,4.0999755859375,7.625321317906678e-05,1316.7571323939733,-0.0019420295202405098,1317.421421595982,-0.0024452846836223708,1319.4000011625744,-0.003941223272785751,1313.2599975585938,0.000715740687318507,1316.3522062464417,-0.001635014598944,1317.843063787763,-0.0027644510306212853,1314.1331528025626,5.083074661797384e-05,1316.2799886067708,1320.099654119693,-0.0044691345304137325,0.5616122158410167,46.06237370305774,-0.6786788730751141,0.3730822846004942,-1.0517611576756083,31.481177978389606,25.925653819812055,-90.25721006511135,-0.7401849568064651,-68.51882201698075,7.507158551897321,0.005712341219612327,0.07080633467088346,0.05453839121686612,0.05249786681588953,0.10277248900438218,999556.15,0.9624781959472701,-2565179.0,-5078011.397042187,63.87807346454102,-0.0007609192186533699,1313.199951171875,1,0.0032132739042238165
2026-08-13 12:15:00+05:30,1314.199951171875,1316.699951171875,1312.5,1313.199951171875,1518453,0.0,0.0,-0.0007609192186533997,-0.00038060441393328315,-0.0055282459887353586,0.001525320374068384,-0.009653128829656854,-0.000761208864622835,-7.300048828125,2.0,-7.5999755859375,0.0,1316.5142647879463,-0.0025174916100150703,1316.6499895368304,-0.0026203154918691945,1318.8428548177083,-0.004278677800934021,1313.5999975585937,-0.00030454201237965886,1315.7217552315285,-0.0019166697287055382,1317.420962640864,-0.003203995980544039,1314.0965566601826,-0.0006822980273121502,1315.7171258835565,1319.3692684384991,-0.0046759595014070525,0.15217934552027454,41.536018358818175,-0.9296746548036481,0.11253089671966574,-1.0422055515233137,26.851543116187514,25.154048009445038,-65.00548611247876,-0.5603532145132425,-73.14845687918286,7.400006975446429,0.005635095378154078,0.0706660186978771,0.05452523683843125,0.05248398834698957,0.5783497964245139,1022951.95,1.4843835040345723,-4083632.0,-4983308.597323883,64.56582752885443,-0.00015226254897174443,1313.0,1,0.003473185095113778
2026-08-13 13:15:00+05:30,1313.699951171875,1316.5,1311.0999755859375,1313.0,1730806,0.0,0.0,-0.00015226254897171554,0.00144918347146894,-0.012039127163280705,0.0006859419486389129,-0.010251753230984817,-0.00015227414209043868,-16.0,0.9000244140625,-8.699951171875,0.00038074932880817475,1316.3856898716517,-0.0025719588853774728,1315.8642752511162,-0.0021767254457663436,1318.2238071986608,-0.003962761990892774,1314.0159985351563,-0.0007732010388672277,1315.1774041852227,-0.0016555973196406917,1317.0190569462397,-0.0030516315804538494,1314.0535544382146,-0.0008017591327655192,1315.2304606119792,1318.166222371757,-0.003919249548404832,-0.22963932946501003,41.406249990942385,-1.1316797094152662,-0.13631122450732067,-0.9953684849079455,25.92584220013685,28.086187764904654,-66.36660450254023,-0.8233268534667826,-74.0741577952335,7.300005231584821,0.005559790732352827,0.07059326561404398,0.05504103198132083,0.053221492466269525,0.1398482534526917,1007062.25,1.7186683345542921,-5814438.0,-5062463.778531132,51.83695498204233,0.00045695017969345014,1313.5999755859375,1,0.0035111118637536558
2026-08-13 14:15:00+05:30,1313.0,1316.4000244140625,1311.199951171875,1313.5999755859375,2208802,0.0,0.0,0.0004569501796933828,-0.0004565329540626717,-7.610229858678874e-05,0.0021360441360340765,-0.010321760519999446,0.00045684580975338673,-0.0999755859375,2.7999267578125,15.9000244140625,0.0,1315.3999720982142,-0.0013684024254646675,1315.3642752511162,-0.0013413011880990193,1317.604759579613,-0.0030394425677016195,1314.3959985351562,-0.0006056188166315378,1314.8619184653658,-0.0009597531586435871,1316.7082313680303,-0.002360626073447581,1314.035767032243,-0.000331643519330859,1314.9285539899554,1317.6112911154814,-0.003044384604616538,-0.6835082595972851,44.28104117866061,-1.2291878426751737,-0.35488654814089127,-0.8743012945342824,28.70351008926323,27.160298468529195,-57.41640455276204,0.18304030685142003,-71.29648990610713,7.192862374441964,0.005475687049421631,0.070579970982138,0.055430563851465,0.05404932531053406,0.27616959959695087,1102300.3,2.0038114840393293,-3605636.0,-4923718.275813881,68.54193852360504,0.002588325576472322,1317.0,2,0.0038093343040968394
2026-08-13 15:15:00+05:30,1314.300048828125,1317.0,1314.300048828125,1317.0,511504,0.0,0.0,0.0025883255764722612,0.0028937320814959033,0.004500056840765154,0.0015970610289350873,-0.0013649141351825822,0.0025849816307313396,5.9000244140625,2.0999755859375,6.0,0.0005329424902544598,1313.6856863839287,0.0025229121778679335,1314.8714163643974,0.0016188530749922823,1317.114281063988,-8.676624772124448e-05,1314.9239990234375,0.0015787992143292478,1315.2895347722927,0.0013004476828002488,1316.7347557891185,0.00020144088223930662,1314.1520114623513,0.0021671682672976017,1315.14665062314,1317.5770221236703,-0.00043794185385824476,-0.6653226601150618,44.37191462418245,-1.0203482463280125,-0.48797888777831555,-0.5323693585496969,44.44438164894523,33.02457797944843,-17.104880965952923,0.37344901343135745,-55.55561834642514,7.200003487723214,0.005466973035472853,0.06778121805842553,0.05205786765338445,0.050586356548427414,-0.76842469356692,1127875.5,0.45351104798357583,-3094132.0,-4749471.963831606,67.41815587057154,-0.006074411541381929,1309.0,0,0.0036612464301237512
2026-08-14 09:15:00+05:30,1315.5,1315.5,1307.199951171875,1309.0,0,0.0,0.0,-0.0060744115413818855,-0.0030464584920030235,-0.003956742782738831,-0.0037293738663621845,-0.008633765679549543,-0.006092935833381069,-5.199951171875,-4.9000244140625,-11.0999755859375,-0.0011389521640082468,1313.0142647879463,-0.003057289547872188,1314.7142769949776,-0.004346402176474626,1316.6476120721727,-0.005808397024417867,1315.2859985351563,-0.004779187600379141,1314.031627817834,-0.0038291527474008337,1316.031596171926,-0.005343029903213634,1313.949971797161,-0.003767245255454328,1314.363795107887,1317.4659813468202,-0.0064259582157553214,-1.2343421189581267,48.0565751952666,-1.483276217892353,-0.6870383538011231,-0.79623786409123,8.25708622138554,27.134992653198,-99.50055550224945,-0.13732444011830008,-91.74291377402731,6.871433803013393,0.005249376472886282,0.07083375725030164,0.05289962659031593,0.050678631498584696,-1.0,1092437.45,0.0,-3094132.0,-4591820.538704786,67.41815587057154,-0.0037433341589476698,1304.0999755859375,0,0.0023753211398751324
2026-08-14 10:15:00+05:30,1308.699951171875,1309.4000244140625,1303.0999755859375,1304.0999755859375,1084785,0.0,0.0,-0.0037433341589476754,-0.007232034239162077,-0.00692961919303825,-0.01241955654226623,-0.0116711060356669,-0.0037503579680489402,-9.0999755859375,-16.4000244140625,-3.9000244140625,-0.00022921988397614268,1312.0142647879463,-0.006032167038429222,1314.1428484235491,-0.007642147008334343,1315.8714192708333,-0.00894574007193632,1315.527998046875,-0.008687023368484429,1312.0452973714548,-0.006055676432382992,1314.9469033913815,-0.008248947373814437,1313.5636974359365,-0.0072046158617697295,1312.9485549200149,1316.8167931699418,-0.009657241348951608,-1.5454520792002986,43.399323968589215,-2.2199507788677693,-0.9936208388144523,-1.226329940053317,3.8610002213682737,18.854156030566347,-164.58194455863094,-0.8213589343364289,-96.13899977477072,6.95001220703125,0.005329355369325309,0.07180849030103238,0.05368545875520422,0.0512531400093212,inf,1109999.35,0.9772843560674148,-4178917.0,-4552496.392161474,66.77426393225872,0.0002300811546217435,1304.4000244140625,1,0.0022805458927399845
2026-08-14 11:15:00+05:30,1304.0,1305.800048828125,1301.800048828125,1304.4000244140625,996521,0.0,0.0,0.00023008115462164191,-0.00956717964004361,-0.006549867163699541,-0.018510139643293844,-0.014803606938019298,0.0002300546900120467,-8.5999755859375,-24.5999755859375,0.5,-7.666251653175893e-05,1310.6142752511162,-0.004741479590444919,1313.6857038225446,-0.007068417796932478,1315.1523728143602,-0.00817574345190135,1315.7919995117188,-0.008657884454286953,1310.5162427799764,-0.004667029805700872,1313.9880962116254,-0.007296924397716424,1313.2043377095886,-0.006704450360615863,1311.64951171875,1315.9104015483458,-0.00874708271986532,-0.987871882771672,44.63084979176635,-2.747883354267742,-1.3444733419051103,-1.4034100123626319,9.558750930885166,7.22561245787966,-174.99658887616934,-0.723038269538759,-90.44124906543836,6.985726492745536,0.005355509323819718,0.07033855231557502,0.053295621988208225,0.0511412732171723,-0.08136543185976941,1099048.85,0.906712199371301,-3182396.0,-4422010.640527047,67.00157979631689,0.0022232630786442934,1307.300048828125,2,0.0029699242377493307
2026-08-14 12:15:00+05:30,1304.5,1307.5,1304.0,1307.300048828125,801864,0.0,0.0,0.0022232630786442886,-0.001298663996848748,-0.004795924843864596,-0.004871662161546886,-0.012613256172111065,0.0022207952863100454,-6.2999267578125,-6.39990234375,2.300048828125,7.66448819888151e-05,1309.7714320591517,-0.0018868813065646569,1313.1428484235491,-0.004449477528232418,1314.3571370442708,-0.005369231860383384,1316.1980004882812,-0.006760344307504255,1309.8730039896063,-0.0019642783335809427,1313.3800919040343,-0.0046293096060945485,1312.9727969691392,-0.004320537450665224,1310.7980910528274,1314.591413672831,-0.005546487500880016,-1.0565567785966798,43.49317429712791,-2.898849853481579,-1.6553486442204042,-1.2435012092611748,20.220624533638297,11.213458561963911,-133.99680733369937,-0.9996176578466492,-79.77937546268522,6.878583635602679,0.005261671673433684,0.07108588278797616,0.05247264812816722,0.04972306871211373,-0.19533657594772214,1028388.8,0.7797284451172545,-2380532.0,-4227584.103333995,66.03864476914563,0.00191233833597805,1309.800048828125,2,0.002769417391047117
2026-08-14 13:15:00+05:30,1307.300048828125,1313.0999755859375,1306.199951171875,1309.800048828125,3212586,0.0,0.0,0.0019123383359780366,0.004370886702629084,-0.005466933311978006,-0.0009914779818613884,-0.008178045553136282,0.0019105121448486342,-7.199951171875,-1.2999267578125,-0.9000244140625,0.0,1309.3142961774554,0.00037099774445860313,1312.8499930245537,-0.0023231475131441797,1313.6809488932292,-0.002954218121508826,1316.6840014648437,-0.005228249624856788,1309.85841295731,-4.455758623044627e-05,1313.054633442588,-0.0024786360990385102,1312.8483754734132,-0.002321918282594227,1310.352384440104,1312.909059951954,-0.0023680323479072373,-1.0801233360959277,46.57765114531681,-2.784662924336317,-1.881211500243587,-0.9034514240927298,29.411817503473888,19.730397655999116,-69.02913940951666,-1.4446915855425548,-70.58818249284964,7.164306640625,0.005469771242587308,0.07124043006916536,0.05256389913806184,0.050000853621046816,3.006397593606896,1057813.2,3.0370069119954235,832054.0,-3745713.8077783766,71.27876172278582,0.00015265778318904159,1310.0,1,0.005797890014555087
2026-08-14 14:15:00+05:30,1309.9000244140625,1310.5,1306.300048828125,1310.0,2973355,0.0,0.0,0.00015265778318895862,0.004293142809816297,0.0007639419404126269,-0.0031958235640854316,-0.010499300670543055,0.00015264613217530473,1.0,-4.199951171875,8.199951171875,7.632889159446252e-05,1308.800013950893,0.0009168597465733354,1312.0999930245537,-0.0016004824599620058,1313.1761881510417,-0.0024187067810842746,1317.3480004882813,-0.005577873489428866,1309.886730365848,8.647284648820383e-05,1312.7769394932618,-0.00211531708831784,1312.7366744744559,-0.0020847093919649875,1309.9723853701637,1311.966701280194,-0.0014990481681230402,-0.8444363885234857,40.186915877334265,-2.647515659307828,-2.0344723320564353,-0.6130433272513929,30.146933425573042,26.593125154228407,-75.0185746235644,-0.28164354947046116,-69.85306657075047,6.714303152901786,0.005125422254119588,0.07045626038182094,0.052739765017840945,0.05055737740614774,-0.074466800266203,1156092.1,2.571901494699252,3805409.0,-3026559.2546566264,55.61620587403231,-0.003511431744990458,1305.4000244140625,0,0.005808669850337788
2026-08-17 09:15:00+05:30,1311.5999755859375,1311.5999755859375,1304.0,1305.4000244140625,0,0.0,0.0,-0.0035114317449904675,-0.0014533958105223954,0.0009968935299924375,-0.005939633755584595,-0.004423373225898031,-0.00351761129171902,1.300048828125,-7.7999267578125,0.300048828125,0.001221355409111663,1307.1428745814733,-0.0013333279791373069,1310.4142804827009,-0.003826466288804099,1312.2952357700892,-0.0052543140964580095,1317.8560009765624,-0.009451697722103403,1308.989389175491,-0.002742088508209052,1312.1063108496983,-0.005111084658443403,1312.4489627073817,-0.0053708284997025495,1309.0790562220982,1311.966701280194,-0.005005216107786005,-0.9050449151891191,26.209690312864552,-2.8768425991549975,-2.2029463854761477,-0.6738962136788498,16.901351946893755,25.486700958646892,-100.37819150948212,-0.4347457309137172,-83.09864804841139,6.650015694754464,0.005094235920314368,0.06297746388213737,0.04891538289765846,0.04780626594378134,-1.0,1156092.1,0.0,3805409.0,-2375895.6113559953,54.66456684961955,-0.004060095548492089,1300.0999755859375,0,0.00535237906359432
2026-08-17 10:15:00+05:30,1305.4000244140625,1305.4000244140625,1299.300048828125,1300.0999755859375,1311873,0.0,0.0,-0.004060095548492071,-0.007405766438065231,-0.0032965721769719902,-0.00982484723081678,-0.009145644557032484,-0.004068360113958932,-4.300048828125,-12.9000244140625,-5.60009765625,0.0,1305.8714425223213,-0.0044196287233540296,1309.4428536551338,-0.0071350025265400525,1311.7666655040923,-0.008893875888866705,1318.2580004882811,-0.01377425731200126,1307.2115064575803,-0.005440229707669064,1311.01482582572,-0.008325497183374435,1311.9646887026192,-0.009043469857718138,1307.7038155691964,1311.3743607025244,-0.008597381079296426,-1.1966302016121086,32.8283030558749,-3.446526089892359,-2.45166232635939,-0.9948637635329689,4.519372680747164,17.18921935107132,-167.0085507349165,-1.072894240587499,-95.48062731360311,5.542872837611607,0.004263420461268177,0.06431675348824244,0.04920436723066935,0.047402693567735195,inf,1174513.0,1.1169505999507872,2493536.0,-1912140.2197982818,50.74618869382338,0.0013076480840800723,1301.800048828125,1,0.005061325776016115
2026-08-17 11:15:00+05:30,1300.0999755859375,1302.5,1298.5,1301.800048828125,1094731,0.0,0.0,0.0013076480840801263,-0.006259504711354946,-0.004207144339151703,-0.00898289203495839,-0.00686603575278022,0.0013067938569288,-5.5,-11.7999267578125,-1.199951171875,0.0,1305.5428815569196,-0.0028668784316975052,1308.778573172433,-0.005332089390328986,1311.2761928013392,-0.007226657530449535,1318.2780004882814,-0.01249960300789403,1306.1292149316891,-0.0033145006283220226,1310.1771188259386,-0.0063938454407705975,1311.566075374208,-0.00744608047542636,1306.6847749255953,1310.8716171899143,-0.006920256906033961,-1.1670004075816092,37.984613478314806,-3.717964280239812,-2.7049227171354744,-1.0130415631043377,17.83810177268443,13.086275466775115,-147.4588392563833,-0.8681010331723101,-82.16189822191016,5.557155064174107,0.00426882382526592,0.0645780701848943,0.0493126026004208,0.047521233576746945,-0.1655205953625084,1177306.65,0.929860542280976,3588267.0,-1388291.9131508265,50.15706731895389,0.010370256178859913,1315.300048828125,2,0.005230476936721729
2026-08-17 12:15:00+05:30,1301.800048828125,1317.699951171875,1301.300048828125,1315.300048828125,5708174,0.0,0.0,0.010370256178859893,0.007583900895441031,0.004199114212066757,-0.0012907753772779529,0.0003042242046049637,0.01031685395146904,5.5,-1.699951171875,11.0,0.0,1307.1000279017858,0.0062734456057628426,1308.8571515764509,0.004922536614411344,1311.490478515625,0.002904763987923766,1318.4180004882812,-0.002364918909631932,1307.9633817109764,0.005609229753470443,1310.6428397352283,0.0035533777408297937,1311.7125057057342,0.0027350071809049917,1307.554305013021,1310.8707649148278,0.0033788867917743585,0.0915864372784609,51.12026013638314,-2.8113364888567958,-2.726205471479739,-0.08513101737705675,87.50047683381354,36.61931709574838,4.483026848240416,0.17517508211144311,-12.499523160978116,6.214285714285714,0.004724614524129036,0.07414032945024307,0.055485326656158865,0.05181169764815343,4.21422522975964,1402784.2,4.069174716966442,9296441.0,-370698.30237455736,60.38530163096021,-0.00015211224417254187,1315.0999755859375,1,0.003602251120012148
2026-08-17 13:15:00+05:30,1315.300048828125,1319.0999755859375,1313.4000244140625,1315.0999755859375,1834659,0.0,0.0,-0.0001521122441725531,0.011537574249426141,0.003893111134303462,0.00466002718559011,0.0009132743356254913,-0.00015212381441329843,5.0999755859375,6.0999755859375,-0.4000244140625,0.0,1308.2143031529017,0.005263413201060018,1308.9928676060267,0.0046655013415582616,1311.5,0.00274492991683931,1318.3980004882812,-0.002501539672481136,1309.3907004859686,0.0043602532825729986,1311.0480339034746,0.0030906126836525737,1311.8453476618206,0.00248095397061501,1308.386681547619,1311.0992055320573,0.003051462495741164,0.7683500038525737,51.966892004903066,-2.0849378056529986,-2.5979519383143908,0.5130141326613922,80.58250125531016,61.97369328726938,67.33475003866222,0.11419001430247257,-19.417498739835455,6.321428571428571,0.004806804569065007,0.07408620603703504,0.05605117916411016,0.05267494821739913,-0.6785909119098332,1459808.7,1.2567804260928153,7461782.0,375252.2026134957,60.924854147194154,0.003725971032642833,1320.0,2,0.00352197636176772
2026-08-17 14:15:00+05:30,1315.0999755859375,1320.699951171875,1313.5999755859375,1320.0,1641483,0.0,0.0,0.0037259710326429385,0.013980604155191534,0.011184292410665986,0.012192335489400241,-0.00037864445285873405,0.0037190467969128588,14.5999755859375,15.9000244140625,9.5,0.0,1309.6714390345983,0.007886375664576877,1309.4928676060267,0.008023817963341841,1311.7904750279017,0.006258259324468265,1318.3840014648438,0.001225741918408807,1311.512560388775,0.00647148938375594,1311.8618490031586,0.006203512209017395,1312.1651379495925,0.0059709420893809375,1309.8542992001487,1310.94525764435,0.0069070331524854235,1.2969654222964957,56.603743150293724,-1.1011769147771702,-2.2985969336069467,1.1974200188297766,96.8470598542116,88.31001264777842,101.07023228830954,0.22779043280164937,-3.1529401412838913,6.442853655133929,0.004880949738734128,0.07306876890639254,0.05463939629785575,0.051153017460879614,-0.10529259115726686,1441078.65,1.139065518734872,9103265.0,1206491.5166503056,68.20640578153284,-0.0030303030303030303,1316.0,0,0.003508304938755255
2026-08-17 15:15:00+05:30,1320.0,1320.0,1316.0,1316.0,288336,0.0,0.0,-0.00303030303030305,0.000532160834707307,0.012229847482995826,0.008892958731082645,-0.009781790820165503,-0.003034903695154047,15.9000244140625,11.5999755859375,1.300048828125,0.0,1310.5285818917412,0.004174970453797118,1309.664297921317,0.004837653503064932,1311.5761893136162,0.0033728964603234827,1318.2800024414062,-0.0017295282012789073,1312.41004831102,0.0027353887556691523,1312.2380445483261,0.0028668239480633922,1312.3155246966671,0.0028076138961944446,1310.7219168526785,1310.8200421198965,0.003951692615046074,1.3912406945388562,52.12767107406556,-0.6369633744641305,-1.9662702217783834,1.3293068473142529,78.82900220691641,85.41952110547938,105.49256733048534,0.5347593582883615,-21.170997788579072,6.357134137834821,0.004830649040904248,0.06963922600664813,0.05329379004758408,0.050703494739123105,-0.8243442058187627,1437618.8,0.20056498982901433,8814929.0,1931104.6103026574,64.00288993749454,0.006003058065397036,1323.9000244140625,2,0.002970059513273267
2026-08-18 09:15:00+05:30,1313.800048828125,1328.4000244140625,1311.4000244140625,1323.9000244140625,0,0.0,0.0,0.006003058065397138,0.006691543602382222,0.016976474694275767,0.01269790787571523,0.007764385796839468,0.005985111499365707,22.0999755859375,16.5999755859375,6.199951171875,-0.0016716954193566325,1313.1714390345983,0.008169980750832782,1310.1571568080358,0.010489480238766375,1311.3333333333333,0.009583140122562018,1318.3200024414064,0.004232676408093805,1314.7080435316286,0.006991651817794446,1313.2982245361204,0.008072652258156178,1312.7698188032316,0.00847841369553203,1312.620013718378,1310.8200421198965,0.009978472920663253,2.022893320987966,55.66501968072618,0.36419691236710605,-1.5001767949492855,1.8643737073163915,84.94984506188874,86.87530237433892,151.82367286997842,1.5182922474339877,-15.050154934766777,7.328560965401786,0.005535584885754312,0.05991936446218137,0.05428234922200114,0.051771073653795824,-1.0,1437618.8,0.0,8814929.0,2586706.933130976,63.119696163306024,-0.0004531879861570664,1323.300048828125,1,0.001204277755152318
2026-08-18 10:15:00+05:30,1323.699951171875,1324.0,1319.199951171875,1323.300048828125,1026211,0.0,0.0,-0.00045318798615701095,0.0025000369910037623,0.006082262375894931,0.010306916702345736,0.00930521963951314,-0.0004532907068681099,8.0,13.5,-14.0999755859375,-0.00015112413210801033,1316.4857352120537,0.005176139348724911,1311.1785888671875,0.009244705537329414,1311.7904808407739,0.008773937725150647,1318.2860034179687,0.0038034579728165284,1316.426444590928,0.005221411545958214,1314.207481289939,0.006918669744030313,1313.1827690002863,0.007704395813488487,1314.3723993210565,1311.1942949043757,0.009232616379422923,2.5798002811477345,63.364470611382046,1.0965700600104356,-0.9808274239573413,2.077397483967777,82.94323938956944,82.24069555279154,142.6780943527275,1.4489438868676743,-17.056760607086076,6.971418108258929,0.005268206643253236,0.05936016616087258,0.054483059659710974,0.052241417599233266,inf,1445309.7,0.7100284458064589,7788718.0,3082136.558547073,64.85751984821587,0.0012846301739204392,1325.0,1,0.0012703117396701458
2026-08-18 11:15:00+05:30,1323.300048828125,1325.699951171875,1320.800048828125,1325.0,904537,0.0,0.0,0.0012846301739204424,0.006838905775075954,0.007527963347160327,0.011450381679389388,0.00821796471571501,0.0012838057425626343,9.9000244140625,15.0,1.9000244140625,0.0,1319.800013950893,0.003939980295603066,1312.6714477539062,0.009391955821983917,1312.4523867652529,0.009560433095529779,1318.3980029296874,0.005007590314637068,1318.1411556727423,0.0052034217259166685,1315.1886193544901,0.007460055919825364,1313.6461898238044,0.008642974237766242,1316.215254138765,1311.5325931464918,0.010268449998019779,3.072727601163743,70.7753015754611,1.7934788012480567,-0.42596617891626176,2.2194449801643183,88.62869017140436,85.50725820762085,142.1362331280224,1.3539318068356112,-11.371309825251167,6.871407645089286,0.005185968034025735,0.059025882752491245,0.053795109563070556,0.05141303404183477,-0.11856625976529189,1442434.0,0.6270907369071995,8693255.0,3616528.7910663993,69.54449097118344,-0.001735885908018868,1322.699951171875,0,0.0026041855528977035
2026-08-18 12:15:00+05:30,1325.300048828125,1325.800048828125,1321.699951171875,1322.699951171875,1356789,0.0,0.0,-0.0017358859080188749,-0.0009064681773978123,0.002045417554450868,0.013252586513147646,0.007234237247360831,-0.0017373943038164578,2.699951171875,17.2999267578125,-7.2000732421875,0.00022645194575454607,1320.857142857143,0.0013951609564260227,1313.9785853794642,0.00663737285329159,1312.8571486700148,0.007497237998683957,1318.352001953125,0.0032980184444710557,1319.0529147725688,0.002764890140841904,1315.871467701525,0.005189324062381494,1314.0012392884346,0.006620018020793014,1317.5523879278273,1311.9562165963512,0.008189095367365572,2.8834988882763266,67.4950926780438,2.1355717398462275,0.08634140483623609,2.0492303350099914,80.9362254556688,84.16938500554754,121.0799846447506,0.9848756957431528,-19.063774540986724,6.878557477678571,0.005200391420275749,0.0593840549041356,0.05376918599601782,0.05121995258710415,0.4999817586234725,1434350.8,0.9459255016276347,7336466.0,3970808.5252505518,68.35771971407917,0.00022684572405039038,1323.0,1,0.0028013304363805206
2026-08-18 13:15:00+05:30,1323.0999755859375,1324.9000244140625,1322.5,1323.0,926968,0.0,0.0,0.00022684572405040626,-0.00022674285275714468,0.005319148936170137,0.017614048799394544,0.007616146230007725,0.00022681999844956777,7.0,22.9000244140625,4.300048828125,0.0003024302024868052,1321.9857177734375,0.0007672414406034914,1315.1000104631696,0.006007139741442217,1313.3238176618304,0.0073677049087476285,1318.1680029296874,0.0036656913683002367,1319.8423318180553,0.002392458633746567,1316.5195160922954,0.004922436643351209,1314.3541318653588,0.006578035496692379,1318.7552432105654,1312.2409817475375,0.008198965283134439,2.0868630968640502,65.79465739997187,2.403191792104053,0.5497114822897995,1.8534803098142536,81.93973242261912,83.83488268323076,107.34068755018335,0.9923664122129829,-18.060267574036402,6.79998779296875,0.005139824484477407,0.059355319226037755,0.053191070801623504,0.05038964426275672,-0.3167928100832186,1394158.9,0.6648940805814886,8263434.0,4379629.999036213,68.55174343652587,-0.00128492152069161,1321.300048828125,1,0.0027054390355860792
2026-08-18 14:15:00+05:30,1323.300048828125,1325.0999755859375,1318.699951171875,1321.300048828125,2900426,0.0,0.0,-0.0012849215206915954,-0.0027924159787735547,-0.001963876076736426,0.014979258925019945,0.005861809824374342,-0.0012857477401760635,-2.5999755859375,19.5,-9.5999755859375,0.00022679427673830173,1322.1714390345983,-0.0006590599227501675,1315.9214390345983,0.0040873335094141735,1313.7190580822173,0.0057706331496543365,1317.9420043945313,0.0025479455259746864,1320.1338752200693,0.0008833752621190996,1316.9541099773708,0.0032999926252750096,1314.6265207658596,0.005076368045863355,1319.5819149925596,1313.0857430044427,0.0062557269145890075,1.0047134757830987,61.758655964744555,2.4498701806796817,0.9297432219677759,1.5201269587119057,76.2542816407842,79.7100798396907,80.07442626437337,1.218019313366196,-23.74571835587131,6.764273507254464,0.005119407596517272,0.05964904382340755,0.05352215248119308,0.05077377280927775,2.1289386472887952,1428740.1,2.030058510991606,5363008.0,4473285.04674705,54.86931128580607,0.0005297443018304541,1322.0,1,0.003202432075704991
2026-08-18 15:15:00+05:30,1321.300048828125,1322.0,1321.300048828125,1322.0,552814,0.0,0.0,0.0005297443018303927,-0.0005291836377969705,-0.0009824293660959382,0.0050938576166286165,0.0037965072133636646,0.0005296040368519277,-1.300048828125,6.699951171875,1.2999267578125,0.0,1323.0285818917412,-0.0007774449515441812,1316.7785818917412,0.003965296960369412,1314.1190592447917,0.005997128418281477,1317.7820043945312,0.0032008295692302975,1320.5071001760555,0.0011305503951810302,1317.4128272521552,0.0034819554303332175,1314.9156768142573,0.005387663491016439,1320.3923897879465,1313.199564626874,0.0067015216956912435,0.7023588751253033,62.14571295491475,2.514359379962116,1.246666453566644,1.2676929263954717,78.59525354822651,78.92975587054327,74.87770179719926,1.684487718275328,-21.40474644842902,6.514273507254464,0.0049275896423975315,0.059045662591294755,0.05335500509928398,0.05071828215024565,-0.8094024808769471,1430805.6,0.3863655551809411,5915822.0,4610669.518485427,64.45567593661933,-0.005975812718655446,1314.0999755859375,0,0.0031720526447810275
2026-08-19 09:15:00+05:30,1319.800048828125,1320.0,1312.800048828125,1314.0999755859375,0,0.0,0.0,-0.005975812718655438,-0.006727153752125847,-0.00822643352004715,-0.0007603984629035443,0.003896085245177705,-0.00599373934058175,-10.9000244140625,-1.0,-9.5999755859375,-0.0016641082994503296,1321.6285749162946,-0.005696456230774398,1317.4000069754463,-0.0025049577744292754,1313.9809628441221,9.057417510652005e-05,1317.46400390625,-0.00255341194168158,1319.225675258032,-0.003885385016546188,1317.1116589188628,-0.0022865816368181574,1314.8836885307937,-0.0005960321446616558,1320.035242280506,1313.199564626874,0.0006856619384568904,-0.1838403566696355,58.25419251672135,1.9060300599876427,1.378539174850844,0.5274908851367988,52.173788788208554,69.00777465907309,15.480476531773045,0.9448399367380109,-47.82621120844696,6.628557477678571,0.005044180504392714,0.05890766186237713,0.05292111970193613,0.050365256484316806,-1.0,1430805.6,0.0,5915822.0,4734969.754820148,64.45567593661933,0.000684897976397262,1315.0,1,0.0023799210714346777
2026-08-19 10:15:00+05:30,1314.5,1315.699951171875,1310.5999755859375,1315.0,969225,0.0,0.0,0.0006848979763973695,-0.004768068262551384,-0.005821389170728497,-0.0037878787878787845,0.008358273612546485,0.0006846635408151962,-7.699951171875,-5.0,3.2000732421875,0.00030440942203338123,1320.4428536551338,-0.004121991072967133,1318.4642944335938,-0.0026275223744905186,1314.2666771298364,0.0005579711354810864,1317.0680029296875,-0.001570156533364922,1318.3805402064256,-0.0025641611836092096,1316.9196899262388,-0.0014577122211187029,1314.8882497648801,8.498838980405247e-05,1319.7152413504464,1313.5106409650996,0.0011338766420689059,-0.6390598694511577,65.42440132051964,1.4794944484801817,1.3987302295767117,0.08076421890347008,55.183901427478176,61.984314587971085,-6.462332059132561,-0.02281219622793311,-44.816098569177335,6.55712890625,0.004986409814634991,0.05704272568249771,0.05256882441335925,0.050445826527552126,inf,1425027.6,0.6801447214075007,6885047.0,4939739.016265849,65.56265644068844,-0.0021293146981939165,1312.199951171875,0,0.003008374314406033
2026-08-19 11:15:00+05:30,1314.9000244140625,1315.9000244140625,1312.0999755859375,1312.199951171875,1258492,0.0,0.0,-0.002129314698193885,-0.007413047525056782,-0.00816330221324646,-0.002887575097359374,0.005979704547549591,-0.0021315849119747277,-10.800048828125,-3.800048828125,-3.10009765625,-7.602706154937184e-05,1318.6142752511162,-0.0048644430745410855,1319.2071446010045,-0.0053116703148568456,1314.6523902529761,-0.0018654658062329033,1316.8600024414063,-0.0035387598232828345,1317.1444223995156,-0.003753932479651138,1316.4906227667511,-0.003259173685457439,1314.7828262906446,-0.00196448802579406,1318.8799955822174,1313.8353082984875,-0.0012447200317132015,-1.4929355401178594,60.52618571697161,0.9050880719958059,1.3000017980605305,-0.39491372606472464,40.2210780920551,49.192922769247275,-16.17664462399577,-0.22051741068341216,-59.77892190425486,6.5428466796875,0.00498616592222805,0.057758540041747485,0.052523468727175296,0.050180331091847816,0.2984518558642215,1438126.15,0.8750915210046067,5626555.0,5005150.062335768,64.97481365388472,0.0021338583541512745,1315.0,2,0.0028952749172661742
2026-08-19 12:15:00+05:30,1312.199951171875,1316.699951171875,1312.0,1315.0,1029896,0.0,0.0,0.0021338583541512524,0.0006848979763973695,-0.004768068262551384,-0.0067225804440946835,0.005889964724454355,0.0021315849119747372,-6.300048828125,-8.9000244140625,4.5,0.0,1317.5142822265625,-0.0019083529191892513,1319.1857125418526,-0.0031729516944086914,1315.1571509951636,-0.00011949218011293433,1316.5480029296875,-0.0011758043962252893,1316.7155379196126,-0.0013028918321430763,1316.3551116061374,-0.0010294422790541036,1314.7913429066978,0.00015869977728997272,1318.31904296875,1314.0706337173217,0.0007072422583925704,-1.5407451794744382,49.61234195384081,0.6681059106463181,1.173622620577688,-0.50551670993137,24.719170471392424,40.04138333030857,-8.586425177352707,-0.37878787878759185,-75.2808295229896,5.707135881696429,0.004340027286457862,0.05772000483237861,0.05276526653452202,0.050533358166769154,-0.1816427915314519,1449527.75,0.7105045074162942,6656451.0,5162416.81830379,53.891695694404284,-0.002889770971958175,1311.199951171875,0,0.0025869528643418342
2026-08-19 13:15:00+05:30,1315.0999755859375,1315.199951171875,1310.5999755859375,1311.199951171875,978190,0.0,0.0,-0.0028897709719581943,-0.0028897709719581943,-0.008169477177099038,-0.009143880608910693,0.001068790877662984,-0.0028939544215112675,-10.800048828125,-12.10009765625,-4.5,7.602706154937184e-05,1315.8285609654017,-0.0035176389469212224,1318.9071393694196,-0.005843617012509036,1315.3428606305804,-0.003149680271740034,1316.2240014648437,-0.0038170176864831093,1315.612420570065,-0.0033539280484101526,1315.886460657568,-0.003561484691732099,1314.650504015136,-0.0026246921388763575,1317.2542747860864,1314.5318962315046,-0.002534700808081595,-1.7434377957167044,45.390060673589645,0.17168458528658448,0.9732350135194674,-0.8015504282328829,3.370640112828236,22.770296225425255,-37.562001497494435,-0.36474535168095384,-96.6293598815538,5.628566196986607,0.00429268334852501,0.058453121880392055,0.05209427195624329,0.04930428876990029,-0.05020506924971069,1337807.95,0.7311886582823786,5678261.0,5211544.835608191,44.00057683371831,-0.003279382945346721,1306.9000244140625,0,0.0023326836570277077
2026-08-19 14:15:00+05:30,1311.0999755859375,1311.5,1304.199951171875,1306.9000244140625,1671678,0.0,0.0,-0.003279382945346687,-0.0040389627762745794,-0.005478998025751136,-0.013660358932783057,-0.0023663935770514843,-0.0032847719064679525,-7.199951171875,-18.0999755859375,3.60009765625,-7.624739906989116e-05,1313.7714146205358,-0.005230278365017367,1317.971426827567,-0.008400335688722503,1315.2047642299108,-0.006314408251634203,1315.8640014648438,-0.006812236705917648,1313.8699413388647,-0.005304875852243317,1315.0695119081586,-0.006212209636155264,1314.3465636386234,-0.005665582754627728,1315.6533261253721,1314.7262474408126,-0.005952739623156006,-1.9178454464215742,34.292622797738474,-0.5622201213623157,0.6661439865431108,-1.2283641079054264,11.157293678636245,13.082368087618969,-93.7425183730977,-1.2840848769914552,-88.84270631723153,5.642857142857143,0.004317742013496979,0.059638337123087005,0.05299597520478597,0.050121848981029844,0.7089502039481081,1272724.1,1.3134645599937949,4006583.0,5096786.565550268,32.10486798939817,0.003137176149166949,1311.0,2,0.0015691848094510365
2026-08-19 15:15:00+05:30,1306.5999755859375,1311.0,1306.5999755859375,1311.0,340017,0.0,0.0,0.003137176149166976,-0.003041825095057016,-0.003041825095057016,-0.008845506618117893,0.0042898540533207186,0.0031322654798141775,-4.0,-11.699951171875,3.199951171875,-0.0002295882030144538,1312.199986049107,-0.0009144841196952186,1317.6142839704241,-0.005019893948392857,1315.2523832775298,-0.003233131018496921,1315.5640014648438,-0.003469235597628457,1313.2959530710918,-0.0017482373761383324,1314.6995562801442,-0.002813993708653113,1314.2153258488736,-0.0024465746104385985,1314.723802548363,1314.6577955649632,-0.002782317632238655,-1.77037300062716,44.01914572769454,-0.8037460399855263,0.3721659812373834,-1.1759120212229097,28.099290278136923,14.209074689867135,-73.11776246353143,-0.9294981012815846,-71.90070971773086,5.671430315290179,0.004326033802658926,0.059280063262581555,0.05202368924961355,0.04924337145728205,-0.7966013789737019,1289724.95,0.2636352813055216,4346600.0,5025340.225974052,34.418701805735694,-0.0007627765064836003,1310.0,1,0.001082767813057434
2026-08-20 09:15:00+05:30,1314.800048828125,1314.800048828125,1307.0,1310.0,0,0.0,0.0,-0.0007627765064835978,-0.0009151549851741381,-0.0016765365445337022,-0.009826152683295564,0.007614817783225147,-0.0007630675685026116,-2.199951171875,-13.0,1.800048828125,0.002898587969582076,1311.6142752511162,-0.0012307545606774337,1316.6214250837054,-0.005029103246804143,1315.4714297340029,-0.004159291954447896,1315.232001953125,-0.003978006880422268,1312.6367624568736,-0.002008752559951431,1314.27232389104,-0.0032507143408362655,1314.0500189528393,-0.003082088881261666,1313.7085646856399,1315.3574814601402,-0.004073023140590609,-1.5037056763749717,30.085938826899877,-1.0635883290494803,0.08501511918001067,-1.148603448229491,26.851956505753265,22.03618015417548,-71.59617598709968,-1.1320754716972588,-73.14804348961712,5.014290945870536,0.0038277030121119907,0.05724244246438966,0.05260856626224058,0.05025134885137052,-1.0,1224131.3,0.0,4346600.0,4960698.299690809,34.418701805735694,7.631724117366412e-05,1310.0999755859375,1,0.001600762557077301
2026-08-20 10:15:00+05:30,1309.800048828125,1311.699951171875,1307.199951171875,1310.0999755859375,437742,0.0,0.0,7.631724117374006e-05,0.002448504944599472,-0.0037262543072719145,-0.008476555534922547,0.006375730869947471,7.631432916124678e-05,-4.9000244140625,-11.2000732421875,-2.7000732421875,-0.00015263448234721172,1310.914271763393,-0.0006211666124890132,1315.6785627092634,-0.004240083620298652,1315.9476202101935,-0.004443675822991714,1314.8880004882812,-0.003641393716089952,1312.1294050826866,-0.0015466687118559632,1313.893019499667,-0.002886874241230801,1313.8951152913921,-0.002888464734576676,1312.8390380859375,1315.915679246165,-0.004419510878960414,-1.1818173596526247,30.81386063578013,-1.2470725449188649,-0.18140241363976445,-1.0656701312791004,27.314804348035793,27.422017043975327,-97.73926377323613,-0.9525951501521376,-72.6851956473346,4.99285888671875,0.0038110518126541456,0.05714614791574556,0.052709958224638094,0.05047829566895924,inf,1191281.85,0.3674546036271766,4784342.0,4943902.461625018,28.2249259654497,0.0007633005256356513,1311.0999755859375,1,0.001735980840611152
2026-08-20 11:15:00+05:30,1310.199951171875,1311.800048828125,1308.800048828125,1311.0999755859375,487728,0.0,0.0,0.0007633005256355574,7.625902817509633e-05,-7.624739906997302e-05,-0.00824510167478254,-0.0031932434321200187,0.0007630093599445356,-0.0999755859375,-10.9000244140625,4.800048828125,7.631141729676773e-05,1310.7571323939733,0.00026156118741676326,1314.6857038225446,-0.002727441415220852,1316.3904738653273,-0.004018942999375592,1314.7339990234375,-0.0027640750449874417,1311.9235191833368,-0.0006277375055455336,1313.6391064166005,-0.0019328983266853346,1313.7855019696096,-0.002044113273927891,1312.2285598028275,1317.1506607194644,-0.004593768438165831,-0.5966320101339099,29.37686318603123,-1.2968442519968448,-0.40449078131118055,-0.8923534706856643,31.944413046422177,28.70372463340375,-83.26650974452988,-0.8994727448264177,-68.0555869489482,4.857151576450893,0.0037046385988044137,0.04322514623489764,0.045709536205679635,0.04592059321312017,0.11419055059829764,930259.55,0.5242923870010251,5272070.0,4975156.512898826,25.867090116647802,0.0021356486006138802,1313.9000244140625,2,0.0021245091879087143
2026-08-20 12:15:00+05:30,1311.199951171875,1316.0999755859375,1310.199951171875,1313.9000244140625,1213776,0.0,0.0,0.002135648600613882,0.002977117873330215,0.005356186295228271,-0.00015215826466008497,-0.0009124410266529992,0.0021333713448435884,7.0,-0.199951171875,7.0999755859375,7.625321317906678e-05,1310.5999930245537,0.0025179546826416687,1314.057137625558,-0.00011956345504065955,1316.3238060360864,-0.001841326283781853,1314.6039990234376,-0.0005355031704585761,1312.318820229482,0.0012048933233333669,1313.6628262345516,0.00018056245086160163,1313.7899930458627,8.375110845881259e-05,1312.123802548363,1317.0285111463204,-0.002375413064924872,-0.28013204962934424,37.13463754025672,-1.0976946088371733,-0.5431315468163791,-0.5545630620207942,46.41177947714131,35.223665623866424,-39.548120243900755,-0.5600563188217589,-53.588220518074,4.9857177734375,0.0037945944750682995,0.04398430373231801,0.04578079387644458,0.045795786807564014,1.4886330085621493,899215.4,1.3498167402382104,6485846.0,5119031.702146557,35.67068104849261,7.609071016045106e-05,1314.0,1,0.0022098229090201068
2026-08-20 13:15:00+05:30,1313.9000244140625,1316.5,1311.9000244140625,1314.0,549945,0.0,0.0,7.60907101604591e-05,0.00297689068524587,0.0022883295194509046,-0.0007604562737643095,-0.004545454545454519,7.608781540921425e-05,3.0,-1.0,-4.0,0.0,1311.0,0.0022883295194490554,1313.4142804827009,0.0004459518417017914,1316.2714262462798,-0.0017256518685934744,1314.4939990234375,-0.000375809264860933,1312.6550561835857,0.0010245980542090084,1313.693478395047,0.00023332810126099727,1313.7982286126917,0.0001535786720623258,1312.1161841982887,1316.8301437530724,-0.002149209422715785,0.11178845747803236,36.76470586721453,-0.9211810854453688,-0.6187414545421771,-0.3024396309031917,46.89013100416368,41.74877450924239,-26.56502657940773,-0.6051437216334302,-53.109868991051634,5.142857142857143,0.003913894324850251,0.041685308585740564,0.044938961746949904,0.045372621136161126,-0.5469139281053506,844638.5,0.6511010331638912,7035791.0,5301580.206704028,33.679752200298594,-0.00228310502283105,1311.0,0,0.0022354831614484925
2026-08-20 14:15:00+05:30,1314.0,1315.0,1311.0,1311.0,1189012,0.0,0.0,-0.0022831050228310223,-7.625321317916711e-05,0.0007633587786259888,-0.000914457564796689,-0.0037993920972644313,-0.002285715280855951,1.0,-1.199951171875,-2.0,0.0,1311.5857107979912,-0.00044656692518734884,1312.6785627092634,-0.001278730952837123,1315.8428548177083,-0.003680420348047934,1314.2339990234375,-0.002460748257797397,1312.3240449468685,-0.0010089314083406302,1313.4486167227699,-0.0018642653329504785,1313.688494157292,-0.002046523334296745,1311.7942801339286,1316.5214992543279,-0.004194006142285578,0.1279477719752319,35.410715877206485,-1.0117054635807108,-0.6973342563498839,-0.3143712072308269,38.20241670909659,43.834775730133856,-48.17425682213028,-0.2359010458510136,-61.79758328528545,4.971426827566964,0.003792087587767485,0.0410985062529742,0.04494251533264144,0.045590781281643754,1.162056205620562,889672.3,1.3364606271320334,5846779.0,5353503.901303644,39.14220365921662,0.001678071069317315,1313.199951171875,2,0.00207450993911399
2026-08-20 15:15:00+05:30,1311.0,1313.199951171875,1311.0,1313.199951171875,300846,0.0,0.0,0.0016780710693173884,-0.0005328207848231958,0.002366212994203698,-0.0013688584244296864,-0.008082236607649618,0.0016766646811868856,3.0999755859375,-1.800048828125,2.0999755859375,0.0,1311.8999895368304,0.0009908999507672641,1312.0499877929688,0.0008764630841845858,1315.7095191592261,-0.0019073875736286543,1314.017998046875,-0.0006225537825320803,1312.4992261918699,0.0005338860138132863,1313.4260107635976,-0.00017211444715561997,1313.6693356088444,-0.0003573079040864927,1311.8637985956102,1316.454080758051,-0.002471889930486437,0.5010094433315274,38.043427768427875,-0.8956050342940216,-0.7369884119387116,-0.15861662235531004,56.96184927865452,47.351465663971595,-42.38666046402693,-0.13688584244286167,-43.038150715016386,5.078569684709821,0.003867323997517616,0.03485113187793185,0.03575900852172138,0.03637142019698454,-0.7469781633827077,904714.6,0.33253138614099925,6147625.0,5429134.482131869,37.64809966674264,-0.0023606272473366604,1310.0999755859375,0,0.0018378432389872152
2026-08-21 09:15:00+05:30,1314.0,1314.300048828125,1308.0,1310.0999755859375,0,0.0,0.0,-0.002360627247336655,-0.0029680551096366026,-0.000762718342323998,-0.000838907586104165,-0.009975117324205529,-0.0023634179205282504,-1.0,-1.0999755859375,-4.0999755859375,0.000609236108644721,1311.914271763393,-0.0013829380596762193,1311.7642735072545,-0.0012687477124727138,1315.0523739769346,-0.0037659324366044063,1313.807998046875,-0.0028223473037513663,1312.0193760706836,-0.0014629360813961422,1313.1236439292647,-0.002302653186776234,1313.5293607059853,-0.002610817255125493,1311.603796968006,1316.110613997033,-0.004566970547282909,0.42895178998378025,43.74999998085937,-1.04172833405255,-0.7979363963614793,-0.24379193769107077,47.200195308723984,47.454820432158364,-63.633844751140295,-0.16003472520026332,-52.79980468327602,4.871433803013393,0.0037183679824365646,0.03553821169923111,0.03638242868355228,0.036642419825045375,-1.0,853404.05,0.0,6147625.0,5497562.150500262,37.64809966674264,0.0024426175878343014,1313.300048828125,2,0.0020879916671659665
2026-08-21 10:15:00+05:30,1310.0,1313.9000244140625,1309.5,1313.300048828125,681104,0.0,0.0,0.0024426175878342615,0.0017544232098589685,-0.00045663716781274566,0.00489710329367532,-0.008830151827830202,0.002439639246474122,-0.5999755859375,6.4000244140625,0.4000244140625,-7.631141729676773e-05,1312.3714250837054,0.0007075921699222258,1311.6428484235491,0.0012634540008862702,1314.576183500744,-0.0009707574871923304,1313.5959985351562,-0.0002252973573009061,1312.275510622172,0.0007807340742542626,1313.1396807382519,0.000122125690225783,1313.5203680833242,-0.00016773189099499744,1311.8085670107887,1315.5391387058337,-0.0017020321264707516,0.24713936234378106,47.521940575508395,-0.8890643548961634,-0.8161619880684162,-0.0729023668277472,72.80078124417594,58.987608610518144,-36.23061315179356,-0.12927385337442643,-27.199218747824062,4.821437290736607,0.003671238187370181,0.036532733729160556,0.03622850217394912,0.036116264821540636,inf,842232.4,0.8086889081920847,6828729.0,5624339.945690713,45.4426580584538,-0.0009137845104462923,1312.0999755859375,1,0.0022093982802685952
2026-08-21 11:15:00+05:30,1312.800048828125,1313.4000244140625,1311.5,1312.0999755859375,898921,0.0,0.0,-0.0009137845104463249,-0.0008376299321027902,-0.001445985094415958,0.0008390355346585832,-0.00801389277783382,-0.0009142022660238633,-1.9000244140625,1.0999755859375,-1.300048828125,-0.00038072030869546977,1312.5142822265625,-0.0003156587674778292,1311.635707310268,0.00035396129663267363,1313.9618966238838,-0.001417028182269947,1313.6139990234376,-0.0011525634156034402,1312.240403614925,-0.00010701395003584482,1313.0451620880415,-0.000719843101664681,1313.46466641676,-0.0010390007936373045,1311.8695172991072,1314.712419007238,-0.001987083550386749,0.2101015032889271,49.847132452648886,-0.8550563751061873,-0.8239408654759705,-0.03111550963021681,63.200195307443984,61.067057286781306,-28.644385886954737,0.06864127879637455,-36.799804684556015,4.685721261160714,0.0035711617623227724,0.03626175837535799,0.035755156460373076,0.0357006373590487,0.31979991308228994,819339.0,1.0971295153776384,5929808.0,5653432.141339216,56.316310956223184,-0.0014480789950582966,1310.199951171875,1,0.0023144789969463102
2026-08-21 12:15:00+05:30,1312.0,1312.4000244140625,1310.199951171875,1310.199951171875,734346,0.0,0.0,-0.0014480789950582773,7.63114172968038e-05,-0.0006102584501335162,0.00015263448234725807,-0.009675018010676495,-0.0014491284747215674,-0.800048828125,0.199951171875,1.0999755859375,-7.619509778039455e-05,1311.9857003348213,-0.0013611041358829166,1311.2928466796875,-0.0008334488444583353,1313.3666585286458,-0.0024111373135632845,1313.5759985351563,-0.002570119556876429,1311.832313126315,-0.001244337357835486,1312.786506550208,-0.0019702787661400795,1313.336638367941,-0.0023883344943163936,1311.6780831473213,1314.039948764283,-0.0029222837524964496,-0.030977910612827588,42.45276498480333,-0.9702366134283693,-0.8532000150664503,-0.11703659836191904,48.780294154546276,61.5937569020554,-55.85854333590705,0.25250032107769443,-51.21970583732367,4.507158551897321,0.0034400539763893047,0.03636514254043478,0.03572511952312587,0.03553044163512186,-0.18308060441351348,809707.9,0.9069270535707988,5195462.0,5609815.937402149,47.200747607154575,-0.0012211690166118864,1308.5999755859375,1,0.0030392413674604803
2026-08-21 13:15:00+05:30,1310.5,1311.5999755859375,1308.0,1308.5999755859375,735085,0.0,0.0,-0.001221169016611845,-0.003578826671316593,-0.003502875233762026,-0.0011449507884534471,-0.009611801084432936,-0.0012219152510762133,-4.5999755859375,-1.5,-3.7999267578125,0.00022900995214997525,1311.2142682756696,-0.0019937951812925877,1311.107134137835,-0.001912245373864263,1312.680943080357,-0.0031088799726459357,1313.5319970703124,-0.0037547783345753837,1311.1858456182395,-0.001972161338487234,1312.4059128261836,-0.0028999695925228807,1313.1508868862938,-0.003465642330824505,1311.3190336681548,1312.213126384082,-0.0027534786274376693,-0.3643128879503695,45.608145704108296,-1.1770540934599012,-0.9179708307451405,-0.2590832627147607,35.772414200858975,49.25096788761641,-98.14976844381387,-0.18306822380325471,-64.22758579101098,4.43572998046875,0.003389676037919244,0.03634720747911078,0.03469998439795433,0.0341059698206357,0.0010063376119704426,701440.85,1.0479643436791555,4460377.0,5500345.5624114685,48.45219994977551,0.002751013031561137,1312.199951171875,2,0.003006073702351292
2026-08-21 14:15:00+05:30,1308.5,1312.5999755859375,1308.5,1312.199951171875,1142266,0.0,0.0,0.0027510130315611114,7.619509778056255e-05,0.0016029124685681406,0.0008389715555032762,-0.007413047525056782,0.0027472359208792524,2.0999755859375,1.0999755859375,6.699951171875,-7.639889026641516e-05,1311.3856898716517,0.0006209167192470675,1311.4857003348213,0.000544611989952141,1312.2476050967261,-3.6314735623082554e-05,1313.4779956054688,-0.0009730231019238881,1311.3886667289667,0.0006186453059193626,1312.3871890394282,-0.00014266968552940814,1313.11359528965,-0.0006957845239373698,1311.4647426060267,1311.7648616733288,0.00033168253797470284,-0.3851914325080239,59.16941568164587,-1.0384993191826197,-0.9420765284326365,-0.09642279074998328,56.56527045950873,47.039326271638,-29.95252927527204,0.16793520395979547,-43.434729530390285,4.2071533203125,0.003206183109938427,0.0379842405672828,0.03531701938182402,0.03443352497035953,0.5539236958991136,730913.45,1.5627924209083832,5602643.0,5510088.175515139,64.47728500453006,0.0028959373338882715,1316.0,2,0.0025735494918740576
2026-08-21 15:15:00+05:30,1314.0,1316.0,1314.0,1316.0,295128,0.0,0.0,0.0028959373338883765,0.004426842500594885,0.0020558524872393846,0.0015982765407696053,0.001445875085124504,0.0028917521853724488,2.699951171875,2.0999755859375,0.5999755859375,0.001371779374413232,1311.7856968470983,0.0032126460617977965,1311.8428431919642,0.0031689442295675095,1311.961890811012,0.0030779165288778083,1313.5199951171876,0.0018880602442517549,1312.3109333831735,0.00281112236664307,1312.7156263994802,0.002501968845701672,1313.2267876312324,0.002111754340442437,1312.0666492280507,1311.8354797829436,0.003174575075330554,0.016832550766057334,58.7412288651046,-0.6149724605202209,-0.8766557148501535,0.26168325432993256,94.73684209529087,62.35817558521953,143.96549741557757,0.45034917365136445,-5.263157894182825,4.164297921316964,0.0031643601225788756,0.03339313020396036,0.03349413020155185,0.03304090573960473,-0.7416293577853145,745669.85,0.39578910157088903,5897771.0,5547010.349275602,64.29896355113522,-0.001519756838905775,1314.0,0,0.0013123268860394065
2026-08-24 09:15:00+05:30,1314.0,1320.0,1312.699951171875,1314.0,0,0.0,0.0,-0.001519756838905817,0.004126566188910941,0.0014480789950583883,0.0,-0.0007604562737643095,-0.0015209128407067314,1.9000244140625,0.0,-0.7999267578125,-0.0015197568389046202,1312.3428431919642,0.001262746862705384,1312.1285574776787,0.0014262646077282263,1311.9571300688244,0.001557116375492276,1313.3899951171875,0.0004644506849297462,1312.6487467065388,0.0010294096549823648,1312.832387635891,0.0008893841857532189,1313.2571096849094,0.0005656853556027875,1312.3542701357887,1311.701249443225,0.00175249551507942,0.2767675123296679,56.75673443811007,-0.4356853494823554,-0.788461641776594,0.35277629229423857,53.12517880910181,68.14243045463381,142.7313967288567,0.22119018137913182,-46.874821183085714,4.128583635602679,0.0031419966785384604,0.033773326175380015,0.034540891404192545,0.03451278496770873,-1.0,697208.6,0.0,5897771.0,5580416.125535069,64.29896355113522,-0.004185692541856925,1308.5,0,0.002099618879178156
2026-08-24 10:15:00+05:30,1314.0,1315.5,1308.199951171875,1308.5,833697,0.0,0.0,-0.004185692541856967,-0.0028196550141391663,-0.001297474610920668,-0.0019069412662090501,-0.0028196550141391663,-0.004194477074355315,-1.699951171875,-2.5,-3.5999755859375,0.0,1311.6571219308037,-0.0024069719730975664,1312.0142735072545,-0.0026785329841401448,1311.6476062593006,-0.0023997346880957303,1312.9799951171874,-0.00341208177873581,1311.818997365231,-0.0025300726486616864,1312.4385342144465,-0.00300092850961653,1313.0705563639326,-0.0034808155142748835,1311.8704624720983,1311.483428324043,-0.0022748501884261225,-0.018853081594936996,47.714328544221516,-0.7289996032334329,-0.7765692340679617,0.04756963083452881,4.166666666319444,50.676229190237386,-41.18255462466719,-0.4109920324011369,-95.83333332534723,4.328587123325893,0.003308052826383328,0.036167825833953525,0.035997084448616226,0.03561545168005171,inf,675968.85,1.2333364177949897,5064074.0,5531240.68500792,61.48947880406237,-0.0006878291280569354,1307.5999755859375,1,0.0023496120269433946
2026-08-24 11:15:00+05:30,1308.4000244140625,1308.5,1304.300048828125,1307.5999755859375,905917,0.0,0.0,-0.0006878291280569826,-0.006382997275123481,-0.0007641754689413638,-0.004264373891379014,-0.005627394991682522,-0.0006880657910403695,-1.0,-5.5999755859375,0.699951171875,-7.640472750280749e-05,1311.0142647879463,-0.002604311252523618,1311.7642735072545,-0.0031745779370708138,1311.4285598028273,-0.002919399755532624,1312.8579956054687,-0.004005018088115647,1310.9751930093726,-0.0025745852716591833,1311.9986652482182,-0.003352663214367818,1312.8560237844035,-0.00400352217093165,1311.2818894159227,1310.9296420133903,-0.0025399276366475437,-0.1723912299875216,44.985694380734245,-1.0222933495649613,-0.8257140571673618,-0.19657929239759953,21.018707137852914,26.103517537758055,-173.632876188721,-0.4870642628658774,-78.98129285577764,4.414297921316964,0.0033758779471799354,0.035189952183587773,0.03584201819702222,0.03568349354859324,0.08662619632792246,669769.9,1.3525794455677966,4158157.0,5400470.810245261,53.65476533929433,-0.001911899699202538,1305.0999755859375,0,0.0036354460803653932
2026-08-24 12:15:00+05:30,1307.5999755859375,1308.0999755859375,1304.0999755859375,1305.0999755859375,1108907,0.0,0.0,-0.0019118996992025794,-0.0067732301476883805,-0.005410742150688819,-0.003816502628178231,-0.004652208521275236,-0.0019137297123388718,-7.0999755859375,-5.0,-6.0999755859375,0.0,1310.2856968470983,-0.003957702716006951,1311.13569859096,-0.004603431217305908,1310.9571300688244,-0.004467845933737713,1312.7379956054688,-0.005818388776050165,1309.8001495246856,-0.0035884664850971007,1311.3715116425562,-0.004782425118232558,1312.5518650315225,-0.0056774057041931785,1310.3933163597471,1310.4048554368062,-0.004048275484370318,-0.6316518044268031,37.283202310594206,-1.439862030029417,-0.948543651739773,-0.491318378289644,6.289298518640477,10.491557440937612,-182.47664499469855,-0.4500400010723111,-93.71070147507022,4.278581891741071,0.0032783556599308658,0.0343901166808654,0.035657916999158525,0.03577948002917637,0.22407130013014442,676305.75,1.6396533668388866,3049250.0,5176545.018793331,41.318695356085684,-0.0016090534251942616,1303.0,0,0.003585504176636742
2026-08-24 13:15:00+05:30,1305.0999755859375,1307.199951171875,1303.0,1303.0,925623,0.0,0.0,-0.00160905342519424,-0.00420328620557886,-0.009878419452887588,-0.007842875538850325,-0.0029841796168080803,-0.001610349341976256,-13.0,-10.300048828125,-5.9000244140625,0.0,1309.4857003348213,-0.00495286075530115,1310.3499843052455,-0.005609176474433937,1310.5666562034971,-0.005773576008267108,1312.5139965820313,-0.007248682000191836,1308.4401196197487,-0.004157713859557804,1310.6104651295966,-0.005806809370195481,1312.17728208911,-0.006993934595858726,1309.308556547619,1310.345546369523,-0.005605808628013496,-0.9138010967958018,34.972717678098945,-1.9181277149689322,-1.142460464385605,-0.7756672505833273,0.0,9.102668552164465,-208.66115463757146,-0.7767249125135123,-99.99999999411764,4.250008719308036,0.00326171045226767,0.03290536046583501,0.03430690800913286,0.034447341907010494,-0.16528347282504308,639003.0,1.4485424951056545,2123627.0,4885790.921765395,34.0920300438554,0.0016116466507578664,1305.0999755859375,2,0.003769773508490169
2026-08-24 14:15:00+05:30,1303.0,1306.699951171875,1302.5999755859375,1305.0999755859375,2010176,0.0,0.0,0.0016116466507578586,-0.0019118996992025794,-0.0067732301476883805,-0.005334959324935662,-0.004500400010726491,0.0016103493419762696,-8.9000244140625,-7.0,4.0999755859375,0.0,1308.4714181082588,-0.0025766267995315215,1309.9285539899554,-0.003686138751084305,1310.4809395926338,-0.004106098642201473,1312.3519970703126,-0.005525972833933968,1307.7720908129866,-0.0020432575720329663,1310.1095115347184,-0.003823753590574816,1311.899740657613,-0.005183143849286647,1308.6085553850446,1309.593210322067,-0.00343101560141804,-1.0188522594514184,41.7366774211872,-2.1034588719269323,-1.3346601458938705,-0.7687987260330618,14.367795931572664,6.885698150071047,-167.57150385780344,-0.38165026281753434,-85.63220406268022,4.257149832589286,0.003261933884164494,0.03129170656355129,0.034212304994532254,0.034928823146810686,1.171700573559646,722510.95,2.7822083526900143,4133803.0,4814173.0244544055,50.4331084921028,0.0036013127960387525,1309.800048828125,2,0.0037742356035212403
2026-08-24 15:15:00+05:30,1304.0999755859375,1309.800048828125,1304.0999755859375,1309.800048828125,0,0.0,0.0,0.0036013127960388136,0.0036013127960388136,0.0009935413283339578,-0.0003052223772350704,-0.0001526344823473691,0.003594843596200506,1.300048828125,-0.39990234375,10.2000732421875,-0.0007662248246922799,1307.5857107979912,0.0016934553596343411,1309.6857038225446,8.730721061287193e-05,1310.4237990606398,-0.000475991227388762,1312.287998046875,-0.0018958865907871792,1308.1776824160142,0.0012401728250807911,1310.0813785613918,-0.00021474218157008305,1311.8173998015545,-0.0015378291016212827,1308.5914213634674,1309.593210322067,0.00015794103422916707,-0.8855169532807117,45.54988877845942,-1.8497556864413127,-1.437679254003359,-0.4120764324379538,41.379673214450705,18.582489715341122,-70.22123984619795,-0.26650421608682884,-58.62032677980218,4.507158551897321,0.003441104278417476,0.03401074989185534,0.033106336251343696,0.03300509964543738,-1.0,722510.95,0.0,4133803.0,4749375.879268272,48.976820393636146,-0.005878815815495455,1302.0999755859375,0,0.0031822036731993164
2026-08-25 09:15:00+05:30,1304.5999755859375,1305.0,1300.5999755859375,1302.0999755859375,895085,0.0,0.0,-0.005878815815495431,-0.0006907324743380405,-0.00420617933824563,-0.004967140548118643,-0.006106404205085236,-0.005896164078099358,-5.5,-6.5,-6.800048828125,-0.003970127537280231,1305.885707310268,-0.0028989763063759695,1309.1142752511162,-0.005358049940924995,1310.047607421875,-0.006066674058946665,1312.057998046875,-0.00758962063853373,1306.962141049999,-0.0037202037544496586,1309.355796472714,-0.00554151965899376,1311.4363243421185,-0.007119178097234308,1307.5799909319196,1309.1691634181088,-0.005399751254229821,-1.3319835725447762,40.65426956630382,-2.244156404466821,-1.5989746840960515,-0.6451817203707697,7.7319490321639766,21.15980605939578,-171.3471696396556,-0.7621370464187938,-92.26805096268139,4.714303152901786,0.0036205385464174946,0.03988302497981432,0.03307863954268792,0.03269774511903476,inf,745378.1,1.2008469258756043,3238718.0,4605503.700290341,45.067089641144335,-0.0005375556293671121,1301.4000244140625,1,0.00483242316231526
2026-08-25 10:15:00+05:30,1301.800048828125,1303.199951171875,1300.0,1301.4000244140625,667969,0.0,0.0,-0.0005375556293670813,-0.0028349944380421377,-0.0028349944380421377,-0.008230397164828096,-0.007398330678436649,-0.000537700164193741,-3.699951171875,-10.7999267578125,1.800048828125,-0.00023034080595639696,1304.8714250837054,-0.002660339250986008,1308.2642735072545,-0.005246836768525972,1309.633324032738,-0.0062867212276766045,1311.7459985351563,-0.007887177954146174,1305.8497177228119,-0.0034075079607977427,1308.632544467382,-0.005526776851066116,1311.042743952783,-0.007355000119706556,1306.551424153646,1308.7859322350348,-0.005643327635982173,-1.4666645292308924,35.23576431732961,-2.583421944784959,-1.7958641362338332,-0.7875578085511259,7.000122069962495,18.70391477219239,-157.65499028032443,-0.6716476175972158,-92.99987792503751,4.628583635602679,0.0035566186789362316,0.039688484334325945,0.03313368855770676,0.03280291080470246,-0.2537367959467537,754390.15,0.8854423669237981,2570749.0,4411717.538357927,39.012713168455456,0.0026125897881347547,1304.800048828125,2,0.005374381618643505
2026-08-25 11:15:00+05:30,1301.4000244140625,1305.9000244140625,1301.0,1304.800048828125,1102278,0.0,0.0,0.0026125897881348337,-0.0038173765564243345,0.001381464948676081,-0.00851060119443392,-0.006925926947901284,0.0026091829079977077,1.800048828125,-11.199951171875,5.5,0.0,1304.471435546875,0.00025191297585752285,1307.7428501674108,-0.0022502905207295197,1309.3333275204614,-0.0034622800757067324,1311.6619995117187,-0.005231493087504946,1305.6397839438746,-0.0006431598715630473,1308.2841357729042,-0.002663096531945779,1310.797932379267,-0.004575749932905724,1306.0895275297619,1308.0523698736176,-0.0024863844295503128,-0.9683447428855709,41.41187552669758,-2.5485605550827586,-1.9464034200036187,-0.6021571350791399,24.000244139424986,12.910771747183821,-98.15916027585838,-0.29038108120918654,-75.99975585557502,4.842869349888393,0.003711579681679342,0.040121316289274324,0.032715796881734927,0.03202099869304824,0.650193347296057,748815.25,1.4720293156422741,3673027.0,4341366.058514316,40.071376633191306,-0.0017627596122415338,1302.5,0,0.005423011459430116
2026-08-25 12:15:00+05:30,1304.800048828125,1306.0,1302.0,1302.5,1152031,0.0,0.0,-0.0017627596122414824,0.00030721482341045103,-0.0019921658375406937,-0.008751902587519012,-0.008751902587519012,-0.0017643151012042798,-2.5999755859375,-11.5,-4.4000244140625,0.0,1304.1000104631696,-0.0012269077910674329,1307.1928536551338,-0.0035900239524781848,1308.7904692150298,-0.004806322603187835,1311.63,-0.0069608044951649075,1305.0118271550998,-0.0019247543223984552,1307.7583052480948,-0.004020854027069767,1310.4725232663545,-0.006083701203041572,1305.3904808407738,1307.5010503475387,-0.00382489203064546,-0.6067289101221641,41.02572856462546,-2.6756837539403477,-2.0922594867909643,-0.5834242671493834,12.499999999375,14.500122069587496,-93.26417899324784,-0.7392128892555557,-87.499999995625,4.971435546875,0.0038168411108415994,0.04039572264876986,0.032517808273912235,0.03150106092037624,0.04513652635723475,778919.55,1.4790115359153566,2520996.0,4167997.4815129526,38.666833628858534,0.0006909976307581573,1303.4000244140625,1,0.005853807357984384
2026-08-25 13:15:00+05:30,1302.5,1304.9000244140625,1301.199951171875,1303.4000244140625,731170,0.0,0.0,0.0006909976307580834,0.0015368064872294251,-0.004886260631757233,-0.003897574005301885,-0.005797082826802025,0.0006907590018169211,-6.4000244140625,-5.0999755859375,-3.800048828125,0.0,1304.1571568080358,-0.0005805530338274593,1306.8214285714287,-0.002618111459270843,1308.2857084728423,-0.003734416746384186,1311.61,-0.006259464006778799,1304.6894666068924,-0.0009883134844204757,1307.3620978995464,-0.0030305861641900475,1310.1951703701864,-0.005186361627480854,1304.8847702752976,1306.9114676694596,-0.0026868256513627466,-0.4430913956744064,43.83894891286245,-2.672992759855788,-2.208406141403929,-0.4645866184518588,17.000122069462495,17.83345540275416,-88.7243686907355,-0.9574449533379883,-82.9998779255375,4.978585379464286,0.003819691028238676,0.03996962106314153,0.03243259498075528,0.031745094162485464,-0.3653208984827665,756027.45,0.9671209689542345,3252166.0,4080775.435654576,38.69119940251431,0.010434229961021604,1317.0,2,0.005892493265445185
2026-08-25 14:15:00+05:30,1303.5999755859375,1317.0,1303.5999755859375,1317.0,2566822,0.0,0.0,0.010434229961021613,0.009350054196297863,0.011443072493229733,0.007188761539897115,0.0028937320814959033,0.010380169113942073,14.9000244140625,9.4000244140625,21.300048828125,0.00015340737158934284,1305.8571602957588,0.008532969794115105,1307.1642892020088,0.00752446412377751,1308.5714227585565,0.006441052505692823,1311.8039990234374,0.003960958329465938,1307.1515732855141,0.0075342652801345745,1308.2382708177695,0.006697349693605068,1310.4620264341008,0.004989059914757439,1306.2419131324405,1307.6453151734247,0.007153839590919566,0.5468051280376768,54.597730702061384,-1.5555246378648917,-2.0778298406961215,0.5223052028312298,84.99999999575,38.1667073548625,74.26416187739343,0.2283105022829313,-14.999999999249999,5.657156808035714,0.004295487325764176,0.05495625601137947,0.03891518685720462,0.033964159437465266,2.5105679937634204,869326.25,2.952656726976779,5818988.0,4246319.48940176,45.34664892828184,-0.0033409448853929384,1312.5999755859375,0,0.0016203524777986921
2026-08-26 09:15:00+05:30,1311.0999755859375,1315.5,1308.5999755859375,1312.5999755859375,0,0.0,0.0,-0.003340944885392938,0.007754299874040305,0.008606078808794937,0.00574668618519647,0.0019082513140891155,-0.0033465383034321887,11.199951171875,7.5,-3.7000732421875,-0.004479897049398648,1306.2571498325892,0.004855725194810474,1306.92143031529,0.004344978312332935,1308.5428524925596,0.0031004892851973576,1311.8599975585937,0.0005640678340069445,1308.241253745599,0.0033317416247621787,1308.6347894330574,0.0030300173775716804,1310.5458675773102,0.0015673682695463082,1306.9666713169643,1307.6453151734247,0.003788994121736979,0.958248664919623,46.78029031979744,-1.0132877475366513,-1.8649214220642274,0.8516336745275761,62.99987792653751,54.99999999725001,66.55269257697952,0.3133340149739676,-37.000122068462495,5.985726492745536,0.004560206158825334,0.05565599852212996,0.039181056364485524,0.03491403964235873,-1.0,869326.25,0.0,5818988.0,4396097.442792068,44.08761081339001,-0.00045708943859280063,1312.0,1,0.0016093790134244642
2026-08-26 10:15:00+05:30,1312.5999755859375,1314.0,1310.4000244140625,1312.0,476137,0.0,0.0,-0.00045708943859279483,0.006598109118344908,0.005518049434732442,0.0069071373752878085,-0.00098990998232662,-0.0004571939358144955,7.199951171875,9.0,-4.0,0.0,1307.6714390345983,0.003310128856675202,1306.778573172433,0.003995647720858407,1308.6333298456102,0.0025726611707073167,1311.8999975585937,7.62271831636231e-05,1308.9930029964792,0.0022971834048272815,1308.9407176664158,0.002337219930812406,1310.6028923782,0.0010660037681312425,1307.6438139415923,1307.5878105645945,0.0033742968539122405,1.076766196997008,48.05448023960085,-0.624772136641468,-1.6168915649796756,0.9921194283382075,70.5882352899654,72.86270440408431,65.01387099018136,0.3364962141489394,-29.411764704152247,5.721435546875,0.0043608502643831095,0.05498574816932538,0.038964390886371436,0.035004442720839704,inf,859077.9,0.5542419377800306,5342851.0,4486264.448240442,42.51148102014094,-0.004268274074647485,1306.4000244140625,0,0.0016614221723013096
2026-08-26 11:15:00+05:30,1311.9000244140625,1312.0,1305.5999755859375,1306.4000244140625,562149,0.0,0.0,-0.004268274074647471,-0.008048576754698167,0.0029942605866122296,0.0009961296854221757,-0.004344143950867463,-0.004277409159733764,3.9000244140625,1.300048828125,-3.2999267578125,-7.620090391571936e-05,1308.3857247488838,-0.0015176719657354297,1306.6285749162946,-0.00017491619777761013,1308.3047572544642,-0.0014558785556947997,1311.9199975585936,-0.004207553170009825,1308.474407279996,-0.0015853446230133885,1308.7097455525654,-0.0017648841894471856,1310.4380740266652,-0.003081450159786348,1307.5933407738096,1307.348321728472,-0.0007253593389365526,0.8902328952519415,47.961193571056434,-0.7599813527767765,-1.4455095225390957,0.6855281697623192,37.64720243344723,57.07843854998338,-2.075768887519613,0.09961296854214821,-62.352797560670425,5.657148088727679,0.004330333728568823,0.056944054287281,0.040216511652343356,0.035752344075335445,0.1806454864881326,842239.3,0.6674457010020778,4780702.0,4514306.11983659,43.39920727247482,-0.000918610854072625,1305.199951171875,1,0.0014436727153206964
2026-08-26 12:15:00+05:30,1306.5,1307.9000244140625,1305.0999755859375,1305.199951171875,427683,0.0,0.0,-0.0009186108540726323,-0.005637684406293864,0.0013809473101871195,-0.0035120609900463062,-0.0038162114076770726,-0.0009190330355900603,1.7999267578125,-4.60009765625,-2.10009765625,7.652754444969016e-05,1308.4428536551338,-0.002478444109498025,1306.4571446010045,-0.0009622921305333113,1307.9761846633185,-0.002122541315349684,1312.0219970703124,-0.005199642927988661,1307.8195160583718,-0.002003001831927032,1308.390673336139,-0.002438661654569683,1310.2326574441242,-0.003841078333418067,1307.402857607887,1307.155992160818,-0.0014964097633886784,0.9616123801969931,47.68338174779435,-0.9529860815728171,-1.34700483434584,0.394018752773023,30.58794806805365,46.27446193048876,-33.22611220860146,0.16883738847838156,-69.412051926064,5.557155064174107,0.004257704008631284,0.056822450164577695,0.04031685664925703,0.03596919980162576,-0.23919992742137763,826906.15,0.517208633652077,4353019.0,4498945.441756915,45.04452810117562,-0.0016855280831873857,1303.0,0,0.0027186435483803327
2026-08-26 13:15:00+05:30,1305.300048828125,1305.4000244140625,1302.5,1303.0,653756,0.0,0.0,-0.0016855280831873376,-0.006859756097560954,-0.010630220197418327,0.0006912099154732232,-0.004279363969443839,-0.0016869501838653548,-14.0,0.9000244140625,-15.7999267578125,7.669143425882795e-05,1308.5142822265625,-0.004214155169307901,1306.3071463448662,-0.002531675918728035,1307.6333298456102,-0.0035432943928966013,1312.04599609375,-0.006894572385933968,1306.8556128466976,-0.0029502974994276626,1307.9006121237626,-0.0037469300635934776,1309.9490238188644,-0.005304804761486617,1306.9419049944197,1306.9158191014521,-0.002996229018133243,0.39123987263776216,47.961193571056434,-1.268835052812392,-1.3313708780391504,0.06253582522675849,17.64705882249135,28.62740310799741,-70.63004221308395,-0.16090534251930289,-82.3529411716263,5.478585379464286,0.0042045935375748895,0.05695849336480639,0.04016960702924544,0.03567156227251034,0.5285994533334268,822839.7,0.7945119808876494,3699263.0,4422785.2092086375,46.73247633399887,-0.0003837298541826554,1302.5,1,0.003034050271214933
2026-08-26 14:15:00+05:30,1303.0,1305.4000244140625,1300.0,1302.5,2006819,0.0,0.0,-0.00038372985418266836,-0.002985321755341941,-0.007694633379395688,0.0008452248081314284,-0.007392128892561245,-0.0003838034973231475,-10.0999755859375,1.0999755859375,3.9000244140625,0.0,1308.385707310268,-0.004498449713550461,1306.2714320591517,-0.0028871733443666496,1307.3428548177083,-0.003704349474858931,1311.7899951171876,-0.007081922527050969,1305.9844902773582,-0.0026680946851179717,1307.4096473852387,-0.003755247940118872,1309.6569052377324,-0.005464717674609452,1306.4342854817708,1306.1437326600187,-0.0027896873589825393,-0.27340544109691045,49.49899945282097,-1.5417214541787416,-1.3734409932670688,-0.1682804609116728,14.705882352076124,20.980296414207043,-81.22470237571297,-0.5573407051443282,-85.29411764204153,5.564304896763393,0.004272019114594335,0.055874937646189754,0.04058581751799109,0.03683945143404077,2.069675842363206,866067.35,2.3171627472159035,1692444.0,4162752.713093529,42.93326001827534,-0.00345489443378119,1298.0,0,0.00383892925685676
2026-08-26 15:15:00+05:30,1302.5,1302.5,1298.0,1298.0,412866,0.0,0.0,-0.0034548944337812193,-0.005516358750558115,-0.010670731707317027,-0.005211563897650318,-0.01367781155015202,-0.0034608763634867085,-14.0,-6.800048828125,-3.9000244140625,0.0,1305.671421595982,-0.00587546106094526,1305.7642909458705,-0.00594616578175853,1306.6666666666667,-0.006632653061219472,1311.4479956054688,-0.010254310998622469,1304.3875922218867,-0.004897004739980121,1306.5542248956715,-0.006547164084481839,1309.199771698998,-0.00855466976170869,1305.331427873884,1305.830924975675,-0.005996890428839373,-0.9737388532594962,43.21228260245603,-2.096926225002335,-1.518138039614122,-0.5787881853882129,0.0,10.784313724855826,-130.99990496984594,-0.31487410051516096,-99.99999999473684,5.592878069196429,0.004308842888437689,0.05550538002605608,0.041123335865676985,0.037026901156806576,-0.7942684417478607,871954.25,0.47349502568512,1279578.0,3888164.6451798594,31.583706498102444,0.000308185218846302,1298.4000244140625,1,0.0039172427257980185
2026-08-27 09:15:00+05:30,1304.300048828125,1308.199951171875,1298.4000244140625,1298.4000244140625,0,0.0,0.0,0.0003081852188462353,-0.0035302959216710894,-0.006123698599583283,-0.0031477739623320122,-0.01187212753876521,0.00030813773953637484,-8.0,-4.0999755859375,6.0,0.004853658573282085,1303.642857142857,-0.004021678713663265,1304.9500034877233,-0.00501933335081782,1305.8285725911458,-0.005688762164498482,1311.01599609375,-0.009623049388617534,1303.190078660322,-0.0036756374413008754,1305.8129339427978,-0.005676854115962048,1308.7762521976279,-0.00792819075539781,1304.3495256696428,1305.830924975675,-0.0056905533629825165,-1.7286191996010765,38.125004757239694,-2.4761083431869793,-1.7097321003286934,-0.7663762428582859,2.105391652849716,5.603758001641946,-85.86935274471634,-0.23052097308422934,-97.89460834188712,5.914297921316964,0.004555066089113325,0.05551896193376369,0.04252426348478725,0.03786020256750433,-1.0,871954.25,0.0,1279578.0,3639727.8218293963,31.583706498102444,-0.006469519605757273,1290.0,0,0.0038222782302056234
2026-08-27 10:15:00+05:30,1298.5,1299.0,1290.0,1290.0,1267476,0.0,0.0,-0.006469519605757257,-0.009596928982725572,-0.011645687818351291,-0.010280822589432193,-0.014138326327856277,-0.00649053764785393,-15.199951171875,-13.4000244140625,-7.199951171875,7.699906350705718e-05,1300.5,-0.00807381776239287,1304.0857195172991,-0.010801222117900423,1304.6857154482886,-0.01125613262595689,1310.49599609375,-0.01563987692814594,1300.5520629282576,-0.008113525962575422,1304.3753944934524,-0.011020902842945757,1308.0399285820345,-0.01379157332114215,1302.3561918712799,1304.692327432733,-0.0112611434311353,-2.8707049331011096,37.577045791814946,-3.415058009060658,-2.0507972820750866,-1.3642607269855715,0.0,0.701797217616572,-237.01337127967466,-1.134277151614607,-99.9999999962963,5.900006975446429,0.004573648818171981,0.05801582303821904,0.043442578096218064,0.03766337573788254,inf,893643.2,1.4183244498475438,12102.0,3294239.648321835,30.631725104821285,0.0006201928900193798,1290.800048828125,1,0.0032727048333751852
2026-08-27 11:15:00+05:30,1290.0,1294.199951171875,1287.300048828125,1290.800048828125,1739047,0.0,0.0,0.0006201928900193554,-0.005546957759533844,-0.009362970968438189,-0.01989366072276011,-0.01284790996595453,0.0006200006498888082,-12.199951171875,-26.199951171875,3.0,0.0,1298.2714320591517,-0.005754869934379451,1303.328578404018,-0.009612717608958597,1303.8428606305804,-0.010003361751842904,1309.8339965820312,-0.014531572553132789,1298.6016601082313,-0.006007701606857674,1303.1412721602408,-0.009470364875826564,1307.363854866195,-0.012669622138018003,1300.5847691127233,1303.2956235711292,-0.009587674904298238,-2.7764255507472178,39.139407299456884,-4.047962735247438,-2.450230372709557,-1.5977323625378812,11.784531158409964,4.629974270419893,-232.09403089612212,-0.898268803982036,-88.21546883822302,6.164289202008929,0.0047755569947495035,0.05820654772349605,0.04438638802247196,0.03915858956440984,0.37205517106438313,935299.7,1.8593473300590155,1751149.0,3147278.6341959457,28.16315390950966,0.003331210563337259,1295.0999755859375,2,0.004004246706170633
2026-08-27 12:15:00+05:30,1290.9000244140625,1296.300048828125,1290.0999755859375,1295.0999755859375,1504694,0.0,0.0,0.0033312105633371836,-0.002541627207388708,-0.005681400701775474,-0.013332317785689551,-0.007662248246928627,0.0033256743728323993,-7.4000244140625,-17.5,4.7999267578125,7.74524187756168e-05,1296.828578404018,-0.0013329462712846868,1302.6357160295759,-0.005784994493012565,1303.2476225353423,-0.00625180265707917,1309.2699951171876,-0.010822839890996635,1297.9013232037726,-0.0021583671791920106,1302.4102451989404,-0.005612877847010994,1306.882918423832,-0.009016066146228593,1299.4876220703125,1302.40680690738,-0.005610252712658464,-2.3946109858734643,40.24138937765059,-4.154683531662386,-2.791121004500123,-1.3635625271622627,26.262422831644862,12.682317996684942,-152.28913872829796,-0.6367998060955907,-73.73757716498814,6.257149832589286,0.004831402942273668,0.059644606898107966,0.0450775700523586,0.03981945385212318,-0.13475944008413798,955089.05,1.575448907094054,3255843.0,3157618.097605855,30.245907854530245,-0.003937901074880444,1290.0,0,0.00343676419216031
2026-08-27 13:15:00+05:30,1295.0999755859375,1296.0,1289.4000244140625,1290.0,1880621,0.0,0.0,-0.003937901074880457,0.0,-0.006163328197226536,-0.01676829268292679,-0.009976976208749044,-0.0039456750227213205,-8.0,-22.0,-0.5999755859375,0.0,1294.971435546875,-0.0038390310476398197,1301.7428588867188,-0.009020874442708677,1302.528576078869,-0.009618657363031092,1308.5699951171875,-0.01419105984889279,1296.3210585630181,-0.004876152031364983,1301.2820410899458,-0.008669942974458743,1306.2208431915249,-0.012418147571339942,1297.8028599330357,1301.3202765720293,-0.00869907030253982,-2.13063825074132,38.095238085079366,-4.597785529650082,-3.1524539095301147,-1.4453316201199673,9.090759631756123,15.712571207270315,-153.72017632086684,-2.050113895214844,-90.90924036487687,6.442862374441964,0.004994466956927884,0.06084304366023875,0.04586267270473081,0.04026677048232903,0.24983617931619317,1002838.95,1.8752971252263368,1375222.0,2987866.0883100596,28.729437188399118,-0.0014728871426841084,1288.0999755859375,1,0.003556989246333855
2026-08-27 14:15:00+05:30,1290.0,1292.0999755859375,1287.5999755859375,1288.0999755859375,2998484,0.0,0.0,-0.0014728871426841206,-0.002091782723930624,-0.007932877876194677,-0.014007997922636961,-0.013025822019778754,-0.001473972907221709,-10.300048828125,-18.300048828125,-2.300048828125,0.0,1292.9142892020088,-0.003723613897901166,1300.6499982561384,-0.00964903908585538,1301.8190511067708,-0.01053838896362681,1307.8779956054686,-0.015122220945662434,1294.676841967602,-0.005079928958692271,1300.0836714986722,-0.009217634353419149,1305.5102209324823,-0.01333597015739632,1295.983808826265,1299.270514519025,-0.008597546706594919,-2.1003352204419627,35.700888936335275,-5.044117697518459,-3.530786667127784,-1.5133310303906748,2.6933605148249335,12.682180992741975,-155.5735000599897,-1.8665244899951083,-97.30663948180805,6.5,0.005046192161472715,0.06041066513787184,0.04597627279417741,0.04047126416841005,0.5944116331786149,1052254.35,2.849580997218018,-1623262.0,2548711.03228053,24.82168934695565,-0.0045804087616558384,1282.199951171875,0,0.003720571816164387
2026-08-27 15:15:00+05:30,1288.5,1288.5,1282.199951171875,1282.199951171875,695432,0.0,0.0,-0.004580408761655885,-0.00996063984035378,-0.0060465494791667185,-0.017621821069905397,-0.02107199314959851,-0.004590930976859981,-7.800048828125,-23.0,2.5,0.0003105538557907544,1290.6571393694196,-0.006552621869561744,1298.1642804827009,-0.012297618684191105,1300.7285737537202,-0.014244803224672718,1307.0619946289062,-0.0190213192328883,1292.1814638084568,-0.007724544049065266,1298.4578787416906,-0.012520951072789749,1304.5960927065762,-0.017167107628093495,1293.5238025483632,1298.7916392221312,-0.012774711161661333,-2.270038437487891,12.008720818090751,-5.8069825378813675,-3.986025841278501,-1.8209566966028667,0.0,3.928040048860352,-174.2201043522161,-2.2713451850687716,-99.99999999699702,5.97857666015625,0.0046627490936085505,0.05975417184820106,0.04622285072287115,0.04055971407146784,-0.7680721324509319,1087025.95,0.639756576188452,-2318694.0,2085148.648253813,10.278732863347244,0.003977614920035469,1287.300048828125,2,0.003081528212517189
2026-08-28 09:15:00+05:30,1285.4000244140625,1291.5,1285.0,1287.300048828125,0,0.0,0.0,0.003977614920035455,-0.0020929854045542706,-0.002711496643633904,-0.012049079947716757,-0.01136619847577569,0.003969725124601232,-3.5,-15.699951171875,4.300048828125,0.0024957677149030277,1289.0714285714287,-0.0013741517374761525,1296.357142857143,-0.006986573166904658,1299.6571451822917,-0.009507966312472364,1306.3819946289063,-0.01460671218619114,1291.2051808123906,-0.003024408546599529,1297.44353056773,-0.007818052578487682,1303.9178164760485,-0.012744490057526592,1292.075238327753,1298.6295434906751,-0.00872419291500799,-1.9838398632380696,22.795849088374965,-5.931646830113095,-4.37515003904542,-1.5564967910676755,16.038018317691787,6.243792944172239,-115.3235260906841,-1.4620311718448926,-83.96198167916357,6.042864118303571,0.004694215714354948,0.059448338570638845,0.04690852277839763,0.04172414978808842,-1.0,1042271.7,0.0,-2318694.0,1665735.0627058307,10.278732863347244,0.0,1287.300048828125,1,0.002384721797308509
2026-08-28 10:15:00+05:30,1287.199951171875,1290.800048828125,1286.0,1287.300048828125,671217,0.0,0.0,0.0,-0.0006210129438506407,-0.006022644509960373,-0.011669828154990403,-0.010834466975122248,0.0,-7.7999267578125,-15.199951171875,-4.2999267578125,-7.775782836413679e-05,1288.6857212611608,-0.001075260174124245,1294.5928606305804,-0.005633285972933233,1298.9523867652529,-0.008970565862030102,1305.6879956054688,-0.01408295614206282,1290.4241544155375,-0.002420991250605538,1296.5213958641295,-0.007112375519149392,1303.2661393133849,-0.012250828901040303,1290.8676257905506,1298.1953687689763,-0.008392665852116312,-1.52323117221646,23.09382096770709,-5.961721169267776,-4.692464265089892,-1.269256904177884,17.114393622286393,11.050803979992727,-99.36711828037315,-1.371429896826524,-82.8856063743579,6.128583635602679,0.004760804321554237,0.059482213850071006,0.047286571554556366,0.04231667983270822,inf,1042434.1,0.643893940154106,-2318694.0,1286265.6281624183,14.657761633840124,-0.004505592020605445,1281.5,0,0.002736512621401773
2026-08-28 11:15:00+05:30,1287.699951171875,1289.800048828125,1281.199951171875,1281.5,1141695,0.0,0.0,-0.004505592020605409,-0.0005458986106147146,-0.006589147286821695,-0.012711864406779627,-0.017857179610815788,-0.004515772792111577,-8.5,-16.5,-0.7000732421875,0.00031065200697672206,1287.357142857143,-0.004549741996334503,1292.8142874581474,-0.008751672663197534,1298.0047665550596,-0.012715489942961474,1305.03599609375,-0.018034748592514152,1288.63932353243,-0.005540203066948151,1295.155814421936,-0.010543761816040918,1302.412565222664,-0.016056790130147908,1289.1219110398065,1297.1275542463695,-0.01204781611122052,-1.54276077816948,22.993594642073305,-6.3800258011137885,-5.029976572294672,-1.3500492288191168,1.1112919559773595,11.421234631985179,-114.97967078060539,-1.6500383729841521,-98.88870804031895,6.285731724330357,0.004904979886324972,0.05984721145001791,0.048735986317003044,0.043627951883856646,0.70093278328767,1044404.95,1.0931535703655932,-3460389.0,834203.2826231404,14.119744869987969,0.0011705033164260631,1283.0,1,0.004513761667485688
2026-08-28 12:15:00+05:30,1281.5,1284.5999755859375,1281.0999755859375,1283.0,1608300,0.0,0.0,0.001170503316425986,-0.0033403625145819182,-0.003959301050073805,-0.011860770274563226,-0.01497120921305184,0.0011698188115105506,-5.0999755859375,-15.4000244140625,3.4000244140625,0.0,1285.6285749162946,-0.0020445834571339613,1291.2285766601562,-0.006372672359400229,1296.9666689918154,-0.010768718522783207,1304.39599609375,-0.016402991237176274,1287.511458825944,-0.0035040145041150346,1294.0507403835782,-0.008539649983349181,1301.6512881551084,-0.014328943799940036,1287.8133393787202,1295.711562134296,-0.009810487538868335,-1.21952763295403,26.077714337979003,-6.515392383886137,-5.327059734612965,-1.188332649273172,7.01116651550909,8.412284031257613,-109.95519374330895,-1.4971209213040328,-92.98883348080086,6.335728236607143,0.0049382137463774,0.06018708996718216,0.04864424529588409,0.04358329454380909,0.4086949666942572,1067218.4,1.5070017533430822,-1852089.0,578365.9223733175,13.12766345902233,-0.0007014999330183164,1282.0999755859375,1,0.004552093943353239
2026-08-28 13:15:00+05:30,1283.0999755859375,1284.699951171875,1280.300048828125,1282.0999755859375,707717,0.0,0.0,-0.0007014999330182681,-0.0040395191835200794,-7.797191525871217e-05,-0.006124049933381781,-0.016341912251920054,-0.000701746099226732,-0.0999755859375,-7.9000244140625,5.0,7.792329379378182e-05,1284.5,-0.001868450302888775,1289.7357177734375,-0.00592039290086205,1295.9952392578125,-0.01072169345299585,1303.7939965820312,-0.01663914778941243,1286.4291621779425,-0.0033652739842062545,1292.9643072201563,-0.008402653942991284,1300.884570015141,-0.01443986258440317,1286.5961925688243,1295.0129352730182,-0.00997129784217052,-1.3656577163222603,26.82935410482567,-6.618996156879575,-5.5854470190662875,-1.0335491378132877,6.451372967444086,4.857943812976845,-101.95883743969242,-1.2249633600963212,-93.54862702897168,6.442862374441964,0.005025241788568369,0.059948284319024214,0.04881709015682136,0.04384313331018043,-0.5599595846546042,1066045.75,0.6638711331103748,-2559806.0,279492.40595681116,13.093855501218442,0.0014039847612526103,1283.9000244140625,1,0.005070583199889896
2026-08-28 14:15:00+05:30,1282.0,1284.199951171875,1280.0,1283.9000244140625,1263018,0.0,0.0,0.0014039847612525858,0.0018728243574424042,-0.002641205845643868,-0.00534554086849226,-0.02513285921483488,0.0014030000961764292,-3.4000244140625,-6.9000244140625,-3.300048828125,-7.797799535229832e-05,1283.9000069754463,1.3582534523028748e-08,1288.4071480887276,-0.003498213807139787,1295.0666678292412,-0.008622446776340324,1303.1719970703125,-0.014788510418855627,1285.9233346251667,-0.001573429890120485,1292.1402815105114,-0.006377215550319081,1300.218509403334,-0.012550571208794404,1285.8181001209077,1291.9893625175769,-0.006261149153538833,-1.2370334199889452,29.95703885592441,-6.481143409751667,-5.764586297203364,-0.716557112548303,13.829897754623985,9.097479079192388,-92.9782100091241,-1.1167590671089476,-86.17010224182991,6.357142857142857,0.0049514313702417245,0.043888706888653824,0.044233265311869226,0.04277043671170602,0.7846370795105952,1000855.55,1.2619383486458147,-1296788.0,129370.46253235296,21.641241241767787,0.0024144992032010012,1287.0,2,0.005231832355384674
2026-08-28 15:15:00+05:30,1283.699951171875,1287.0,1283.699951171875,1287.0,195625,0.0,0.0,0.002414499203200915,0.003117692907248726,-0.00023308383185272064,-0.006254324560752811,-0.01950325770386352,0.0024115889835404757,-0.300048828125,-8.0999755859375,3.0999755859375,-0.00015583241559532818,1284.585728236607,0.0018794166168303614,1287.6214338030134,-0.00048262151180371527,1293.6380964006696,-0.005131339606597754,1302.687998046875,-0.01204279003904545,1286.1386677001335,0.0006697040696288605,1291.672983191374,-0.003617775746787468,1299.7001364855564,-0.009771589714446244,1285.6304803757441,1291.9304276595499,-0.003816325983186248,-0.5090891005801271,37.777844075464365,-6.051988436801821,-5.822066725123055,-0.22992171167876574,24.822738014997586,15.034669579021886,-64.20408389552993,-0.23255813953470345,-75.17726198145631,6.271432059151786,0.004872907582864734,0.045023959369022204,0.0431375885017061,0.040876395214264886,-0.8451130546041308,1010636.8,0.19356607635898454,-1101163.0,12176.799434033645,23.192478580836294,-0.008702370762917638,1275.800048828125,0,0.00512098229555712
2026-08-31 09:15:00+05:30,1278.199951171875,1278.199951171875,1271.0999755859375,1275.800048828125,0,0.0,0.0,-0.008702370762917688,-0.004913756241929024,-0.004447874500097537,-0.011007714086724851,-0.02759142619807542,-0.008740457515718038,-5.699951171875,-14.199951171875,-5.39990234375,-0.006837644777092589,1282.94287109375,-0.005567529487521098,1286.0071498325892,-0.007937048410489032,1291.885718936012,-0.012451310415539325,1302.0659985351563,-0.020172517934237345,1284.0709439257319,-0.006441151197078084,1290.2299891583514,-0.01118400630234009,1298.7628781460494,-0.017680540231243408,1284.0542957124255,1291.443041014383,-0.01211280071164334,-0.728615089610757,29.749187833670135,-6.540230777269244,-5.965699535552293,-0.5745312417169508,16.846125911094372,18.499587226905316,-147.81096395144047,-1.1620699901279354,-83.1538740853214,6.678580147879464,0.005234817285050883,0.05262402232767645,0.044358166655976736,0.04245887674575736,-1.0,986829.95,0.0,-1101163.0,-93855.5624168267,23.192478580836294,0.001489185037651581,1277.699951171875,1,0.0024710059401881227
2026-08-31 10:15:00+05:30,1275.800048828125,1279.300048828125,1275.0999755859375,1277.699951171875,849688,0.0,0.0,0.001489185037651497,-0.004829093484141844,-0.004130981159879199,-0.00807392641190885,-0.021968824790140284,0.0014880773012266183,-5.300048828125,-10.4000244140625,0.39990234375,0.0,1281.5714285714287,-0.003020883045017783,1285.1285749162946,-0.005780451769113985,1290.2523832775298,-0.009728664150000716,1301.3999975585937,-0.01821119289316227,1282.7967453749604,-0.00397318922226582,1289.0908947959445,-0.008836416167429166,1297.9368810098074,-0.015591613224036191,1282.9466692243304,1290.3809223245123,-0.009827308303492108,-0.7824928976324251,37.525317792773585,-6.696665121698288,-6.111892652781492,-0.5847724689167961,26.19030318779615,22.619722371296035,-118.94674007516481,-1.3435275069151966,-73.80969680823561,6.335728236607143,0.004958698034535581,0.0524194133561401,0.043682075989394956,0.0423718082288952,inf,1001206.9,0.8486637477228723,-251475.0,-108866.93742474796,29.372865059925374,0.0041481169528604315,1283.0,2,0.008025388169312891
2026-08-31 11:15:00+05:30,1277.5999755859375,1286.9000244140625,1277.5,1283.0,1349557,0.0,0.0,0.004148116952860326,-0.0031080031080030768,0.0007019923806264039,0.0006239657296771561,-0.017008850752670335,0.004139537234000945,0.9000244140625,0.800048828125,6.2000732421875,-7.824652872979028e-05,1281.7857142857142,0.0009473390916683003,1284.5714285714287,-0.0012233096085400488,1289.1380964006696,-0.004761395553977254,1300.8599975585937,-0.013729377175175625,1282.8373962999685,0.00012675316489863184,1288.5371770872223,-0.004297258306302772,1297.3511209702071,-0.011061863467974489,1282.6628592354912,1289.5507286162012,-0.005079853371278892,-0.812126801774456,42.75089055679664,-6.320116452306593,-6.1535374126865126,-0.16657903962008014,47.22218185329882,30.086203650729782,-66.19445310533779,-0.542635658914308,-52.77781814273293,6.514308384486607,0.005077403261482096,0.05564434700851112,0.046168177378931065,0.044980798740435944,0.5882971161179162,1047300.6,1.288605200837275,1098082.0,6080.580425228036,39.212204910375064,0.003117692907248636,1287.0,2,0.011893262840535565
2026-08-31 12:15:00+05:30,1283.0,1288.800048828125,1282.4000244140625,1287.0,729632,0.0,0.0,0.003117692907248726,0.008778766846860186,0.002414499203200915,-0.00023308383185272064,-0.012279355333844943,0.0031128429804903246,3.0999755859375,-0.300048828125,2.199951171875,0.0,1282.357142857143,0.0036205648081072163,1283.9928588867188,0.002342023238264922,1288.2714320591517,-0.000986928707344304,1300.397998046875,-0.010302998056739386,1283.669917039975,0.0025941894530809835,1288.3974337156567,-0.0010846293846033936,1296.94519465765,-0.007668168785087016,1282.9866687593005,1288.9918512249405,-0.0015452783685530108,-0.2323265203842971,42.42994662033434,-5.6339872503353945,-6.04962738021629,0.41564012988089516,63.855457123344316,45.755980721479766,-23.28458830284315,-0.08539520276260261,-36.144542872639626,6.528590611049107,0.005072719977501192,0.05727763486856886,0.04713436174810413,0.046002384037232925,-0.45935444001253745,1051094.4,0.6941641017210247,1827714.0,179569.47752758727,35.8283157181023,-0.0001553622159090909,1286.800048828125,1,0.01190042716575462
2026-08-31 13:15:00+05:30,1287.0,1287.800048828125,1284.0999755859375,1286.800048828125,785593,0.0,0.0,-0.00015536221590906063,0.007122249357451649,-0.00015536221590906063,-0.0003884098353411636,-0.01205370531429939,-0.00015537428586828665,-0.199951171875,-0.5,-3.2999267578125,0.0,1283.0285818917412,0.0029395034449038633,1283.7642909458705,0.0023647315193784015,1287.5000058128721,-0.0005436559080282611,1299.9119995117187,-0.010086798712919653,1284.2959433976052,0.0019497884762395155,1288.2522169076992,-0.0011272389525234863,1296.5473458015902,-0.007517887414617607,1283.3609607514882,1287.499827625865,-0.000543517585575021,0.33939656982418087,46.707875766437176,-5.048167174179071,-5.849335339008847,0.8011681648297762,74.76225353066607,61.946630835769746,-13.641994579242732,0.3587660139935369,-25.237746464572012,6.321454729352679,0.004912538459339233,0.05729540664037525,0.046703132998913294,0.04539517400520126,0.07669756808911887,990033.1,0.7935017526181692,1042121.0,261717.24157257896,44.92473071805608,0.0062946652771066185,1294.9000244140625,2,0.01181068611494927
2026-08-31 14:15:00+05:30,1286.800048828125,1297.5,1284.4000244140625,1294.9000244140625,2232487,0.0,0.0,0.006294665277106537,0.009275155427951987,0.01497097887986576,0.010456515344566819,-0.002388270867440312,0.006274936618549607,19.0999755859375,13.4000244140625,19.2999267578125,0.0,1284.6000104631696,0.008018070891320594,1284.250008719308,0.00829279005056558,1287.1381022135417,0.006030372488520265,1299.5319995117188,-0.0035643409314993083,1286.416759600897,0.0065944918315514025,1288.8565630446412,0.004689010044019347,1296.4827449628635,-0.0012207802648735982,1284.8457252139137,1287.7628898326968,0.005542273843818693,0.9791280314995838,56.20441857060698,-3.8855104617973666,-5.45657036356655,1.5710599017691838,90.15161673314935,76.25644246238659,76.99866681523045,0.5903810531857063,-9.84838326306277,6.935738699776786,0.0053561962846589845,0.061172712359863275,0.0509383613222653,0.05000651200538422,1.8417857592926619,1081014.15,2.0651783327720534,3274608.0,548659.2185656667,66.08522980960359,-0.013823479864526372,1277.0,0,0.011957193533988058
2026-08-31 15:15:00+05:30,1294.9000244140625,1294.9000244140625,1277.0,1277.0,26635062,0.0,0.0,-0.013823479864526367,-0.007770007770007803,-0.0005478212402161287,-0.004676539360872978,-0.01648184227639693,-0.013919913896268739,-0.699951171875,-6.0,-19.7999267578125,0.0,1283.1714390345983,-0.004809520261171484,1283.8785836356026,-0.005357658989932603,1286.1381022135417,-0.007105070752361093,1298.7919995117188,-0.01677866780815923,1284.5334076807178,-0.005864703584715511,1287.7786936769464,-0.00836998913700153,1295.7187157486335,-0.014446589001999433,1283.8790573846727,1285.1155668338383,-0.006315048267469422,0.46464893065706275,46.107823814497095,-4.3582399371296106,-5.236904278279162,0.8786643411495518,22.348556657759183,62.42080897385821,-50.639438846120896,-0.8001280538669674,-77.65144333845294,7.764308384486607,0.006080116197713803,0.07810683660138236,0.05673029720925824,0.05022048655373668,10.930668353275966,2412767.25,11.039217313646805,-23360454.0,-1728399.1832024918,21.198272281675358,0.01918559122944401,1301.5,2,0.008743726582521812
2026-09-01 09:15:00+05:30,1285.0,1304.4000244140625,1280.0,1301.5,0,0.0,0.0,0.019185591229444077,0.011423648285731725,0.014419329696024885,0.015131444336231592,0.00891472868217047,0.01900386840208084,18.5,19.4000244140625,19.199951171875,0.006264682850425791,1286.8428606305804,0.011389999368085945,1284.892865862165,0.012924917383426035,1286.2857200985864,0.011828071837908403,1298.6019995117188,0.002231631007320698,1287.9267261445743,0.010538855650621449,1289.0260851608602,0.009677007302434404,1295.9454327780988,0.004286111962283492,1286.2285795665923,1284.9028879015011,0.012917016729250497,1.449157920173671,58.23663526633287,-2.7245295267814527,-4.734429327979621,2.009899801198168,91.29123074280278,67.93046804457045,151.03080364520838,1.5606710885668664,-8.70876925419422,9.057163783482142,0.006959019426411974,0.10270575363554844,0.06796391301902997,0.06230237715793389,-1.0,2349393.45,0.0,-23360454.0,-3788594.8800403494,21.198272281675358,0.001920860545524395,1304.0,2,0.002965313387143364
2026-09-01 10:15:00+05:30,1301.5,1306.0,1300.5999755859375,1304.0,1137039,0.0,0.0,0.0019208605455243166,0.007027550709990393,0.013209013209013243,0.015655405564082514,0.010226178085334547,0.0019190180519781182,17.0,20.0999755859375,-1.5,0.0,1290.6000104631696,0.010382759513546749,1286.0857195172991,0.013929305186135353,1286.9523867652529,0.013246498790513112,1298.4180004882812,0.004299077423152883,1291.1413809156595,0.009959110035812947,1290.3873501462365,0.01054927410146285,1296.26129815935,0.005970016887515487,1288.776197451637,1285.1397298696838,0.014675657200492872,2.457239221345671,59.41373187617626,-1.2140780140955485,-4.0303590652028065,2.816281051107258,94.26934498035246,69.30304412697147,232.55834761863306,1.6367887763042581,-5.730655016782224,9.100019182477679,0.006978542317845629,0.10283573034379485,0.06758140592413901,0.06159267350853016,inf,2319293.05,0.4902524068702744,-22223415.0,-5544292.034322221,22.179261516827594,0.0019938463082342793,1306.5999755859375,2,0.003440454986633131
2026-09-01 11:15:00+05:30,1304.0,1311.699951171875,1303.199951171875,1306.5999755859375,1581299,0.0,0.0,0.0019938463082342928,0.023179307428298657,0.015386949025875563,0.015229196259469724,0.008879623362510802,0.001991861234866715,19.7999267578125,19.5999755859375,2.7999267578125,0.0,1293.971435546875,0.009759519949306688,1287.8785749162946,0.014536619394297437,1287.7047642299108,0.014673558629964374,1298.3480004882813,0.00635574984098752,1294.2330998497152,0.00955536969163339,1291.8612251862094,0.011408926990275039,1296.6667364898044,0.007660595291443675,1291.511431594122,1285.6078474211024,0.016328562560448318,3.5818158797215642,64.67836924192396,0.19056527493944486,-3.1861741971743562,3.376739472113801,87.43847622268437,90.99968398194653,234.64571786560677,1.910927421146237,-12.561523774852587,9.092869349888392,0.006959183774516593,0.10246123069616685,0.06822656294565069,0.06282646522410988,0.39071658931663733,2323123.3,0.6806780337487897,-20642116.0,-6982180.031053438,26.030315222641548,-0.0034440533323766517,1302.0999755859375,0,0.003440251237532797
2026-09-01 12:15:00+05:30,1306.5999755859375,1311.300048828125,1302.0,1302.0999755859375,1207763,0.0,0.0,-0.0034440533323766287,0.00046098777252212564,0.0055602371118441685,0.020614458184078366,0.009379826035610384,-0.003449997736542483,7.199951171875,26.2999267578125,-12.5999755859375,0.0,1296.1285749162946,0.004607105178607703,1289.2428588867188,0.009972610366297548,1288.038097563244,0.010917284239717212,1298.1239990234376,0.003062863459490714,1295.8064749969597,0.004856821377580907,1292.7920206770937,0.007199885797532725,1296.8798046896527,0.004025177103848861,1293.4076183500745,1285.8685411093077,0.012622934582888611,3.3400665176401767,60.79096153335421,0.9299232333009968,-2.3629547110792855,3.2928779443802823,76.35472571558353,86.02084897287345,176.96856687707415,1.4175520543483744,-23.645274281953423,9.507158551897321,0.00730140444677595,0.10219461897560095,0.06904072291759689,0.06418673128412457,-0.23622098034590544,2289480.4,0.5275271192537834,-21849879.0,-8398151.3614293,26.285243202253483,0.0006144296468210766,1302.9000244140625,1,0.0029474893994503267
2026-09-01 13:15:00+05:30,1302.0999755859375,1303.5,1301.199951171875,1302.9000244140625,1085013,0.0,0.0,0.0006144296468211241,-0.000843539559768014,0.020281929846564184,0.019722997734385572,0.01148982929014708,0.0006142409622106673,25.9000244140625,25.2000732421875,18.7000732421875,0.0,1298.4285714285713,0.0034437419846423236,1290.7285766601562,0.00942990491881045,1288.6523844401042,0.011056232189519084,1297.94,0.003821458938054628,1297.2251848803803,0.004374598643180908,1293.710930107727,0.007102896089440254,1297.1158917376688,0.004459225820324038,1295.2285737537202,1286.0484191935373,0.013103398728237264,2.9333307025063977,61.76474648690687,1.5624164321720855,-1.5778804824290114,3.140296914601097,78.3252905165693,80.7061641516124,125.0961777520427,1.2354331324048289,-21.674709480967667,9.357169015066964,0.007181801243167424,0.1019320631945969,0.068742142191076,0.06380943176650723,-0.10163417822867571,2193806.85,0.49458000370451916,-20764866.0,-9575933.707959844,26.02061626833678,0.004681844709213793,1309.0,2,0.003031326784956243
2026-09-01 14:15:00+05:30,1303.199951171875,1309.0,1301.5,1309.0,2387259,0.0,0.0,0.004681844709213845,0.0018368471291194677,0.005762581636573172,0.020265003897116163,0.020901614294736914,0.004670918962766904,7.5,26.0,-18.4000244140625,0.0002301993646420816,1300.4428536551338,0.006580178683598556,1292.5214320591517,0.012749164177945636,1289.6476236979167,0.01500594111636288,1297.9160009765626,0.008539843113952806,1299.5801479043043,0.007248381033581355,1295.100845552479,0.010732102056176885,1297.5819351989367,0.00879949426800859,1297.6647635323661,1287.1465404446603,0.016978221879672805,2.9494916610482096,63.53830735796022,2.5267619602834657,-0.7569519938865161,3.283713954169982,93.34986995966649,82.67662873060642,132.89230596411798,2.6022848331401542,-6.65013003787045,9.592886788504464,0.007328408547362212,0.10099768163670685,0.06903875943746153,0.06441464987539926,1.2002123476861568,2278398.2,1.0477795321291945,-18377607.0,-10414188.307201764,28.164130779892275,-0.0030557677616501145,1305.0,0,0.0025680239696308418
2026-09-02 09:15:00+05:30,1299.0,1307.0999755859375,1293.5999755859375,1305.0,0,0.0,0.0,-0.0030557677616500634,0.0022271902837240898,0.0007668711656441118,0.013986013986013957,0.013749670240429168,-0.0030604461531060934,1.0,18.0,-6.5,-0.00763941940411945,1304.4428536551338,0.00042711441386993797,1293.8071463448662,0.008651098957635306,1290.7333403087798,0.011053142617200966,1297.8440014648438,0.005513758608179317,1300.6641183234435,0.003333590598426058,1296.000768684072,0.006943847205475548,1297.8728397009393,0.005491416478595476,1299.3285725911458,1287.1465404446603,0.013870572614955019,2.6693563233296405,59.61539965460677,2.9344200012790225,-0.018677594853408364,2.953097596132431,83.49764728668798,85.05760258764126,84.13465148164376,2.1366556994124246,-16.50235271084897,10.457170758928571,0.008013157669670926,0.10138234975961805,0.07169713719278292,0.06763989224034476,-1.0,2278398.2,0.0,-18377607.0,-11172609.13508731,27.813105370102463,0.0019923184566570883,1307.5999755859375,2,0.0015909636546179936
2026-09-02 10:15:00+05:30,1305.199951171875,1321.699951171875,1305.199951171875,1307.5999755859375,2963944,0.0,0.0,0.0019923184566570384,0.0036072999338445655,0.0007653451849725101,0.016164070538196462,0.015769382418879152,0.0019903364223663915,1.0,20.7999267578125,0.0,0.00015321928879298604,1305.3142787388392,0.001751070132554521,1296.07856968471,0.008889434769391675,1291.7000034877233,0.012309338124386735,1297.752001953125,0.007588486565987648,1302.0512897759425,0.0042614955751440545,1297.055242038787,0.008129748992469776,1298.254296010155,0.007198650991948783,1301.1676164899554,1288.642275585911,0.014711375188581538,2.289559823217848,68.70586612187843,3.427774980409822,0.6706129201992378,2.757162060210584,69.74252580748158,82.19668101794535,131.2995503462473,1.9173792350676795,-30.257474190372502,10.514308384486608,0.008040921215042919,0.10144592542462517,0.07612224983688434,0.07392940143016265,inf,2393034.55,1.2385713361305206,-15413663.0,-11576519.026983757,32.881236907938515,-0.0010706825024489213,1306.199951171875,1,0.0017503500859893145
2026-09-02 11:15:00+05:30,1308.0,1309.300048828125,1303.300048828125,1306.199951171875,1288597,0.0,0.0,-0.0010706825024489053,-0.002139074735007629,0.0031487410051540543,0.008726485863590705,0.019274249841494395,-0.0010712560924178102,4.0999755859375,11.2999267578125,3.0999755859375,0.00030592262276767215,1305.6285574776787,0.00043763878395840174,1298.1142839704241,0.006228779161657275,1292.5999988374256,0.010521392810359591,1297.5560009765625,0.006661716479905517,1302.881022055129,0.0025473769749966985,1297.886579232704,0.006405314664767847,1298.5658903302224,0.005878839802041484,1302.5171340215775,1289.2217784735437,0.013169318872677192,2.1447778564319457,66.86390531436575,3.6635608372348543,1.269202503606361,2.3943583336284933,65.32434690799893,72.85484000072283,85.80748585941278,1.4918376978912262,-34.675653089763934,10.642874581473214,0.008147967370475451,0.09978144613477259,0.07541267435342772,0.07362501132637288,-0.5652424607212552,2400379.65,0.5368304967924551,-16702260.0,-12064684.833937686,30.590581590743795,0.002220199450674228,1309.0999755859375,2,0.0023666119815547587
2026-09-02 12:15:00+05:30,1306.0999755859375,1310.0,1303.800048828125,1309.0999755859375,1729740,0.0,0.0,0.0022201994506743095,0.0031417437440133256,0.004758577830761279,0.025137020819058442,0.02034292719090991,0.0022177384498092883,6.199951171875,32.0999755859375,2.0999755859375,-7.653926632574822e-05,1305.9857003348213,0.0023846166541604276,1299.9785679408483,0.007016583096081663,1293.914283389137,0.011736242803513309,1297.4580004882812,0.008972910948382172,1304.1248127612907,0.0038149437660869095,1298.9059789011799,0.00784814055084531,1298.9789917127994,0.007791491577385002,1303.9818929036458,1290.094735124794,0.014731662678470201,0.6976396450648483,65.89523954253,4.037884343991891,1.8229388716834671,2.2149454723084236,71.81210436179745,68.95965902575932,84.64383343638569,1.7329752806664465,-28.18789563596541,10.414297921316964,0.007955311370812373,0.09987842564487538,0.07586515060289434,0.07413888484034578,0.34234364972136366,2406451.65,0.7187927503135163,-14972520.0,-12341621.516419811,31.243084392215778,0.002979164683214432,1313.0,2,0.0025365763639567445
2026-09-02 13:15:00+05:30,1309.0999755859375,1315.0,1308.300048828125,1313.0,1892313,0.0,0.0,0.0029791646832144636,0.004129722021172899,0.0030557677616500634,0.008835958509412212,0.0241011036599863,0.002974735766244612,4.0,11.5,-2.199951171875,0.0,1307.5428466796875,0.004173594260536826,1301.8357107979912,0.00857580500319571,1295.3428548177083,0.013631252233033683,1297.5480004882813,0.011908614945953449,1305.8998502090326,0.005436978792688785,1300.1872535465272,0.009854539350784673,1299.5288351750426,0.010366191545978702,1305.718083844866,1291.0500525843054,0.017001623888818436,0.8693584608058185,65.85365852534206,4.596255029393433,2.37760210322546,2.2186529261679726,80.53700072461302,72.5578173314698,101.37141714083711,1.3977894234818395,-19.462999273149855,10.435721261160714,0.007947997914053897,0.09988850098828657,0.07629291111078339,0.0744761165807213,0.09398695757743947,2465681.45,0.7674604519574089,-13080207.0,-12411962.991046496,33.072821189594364,0.0006854717548076923,1313.9000244140625,1,0.002512798578370496
2026-09-02 14:15:00+05:30,1313.0,1316.0,1310.5,1313.9000244140625,2661989,0.0,0.0,0.0006854717548077094,0.005895018779689343,0.006819942079741459,0.007592043262317771,0.023366305342731986,0.0006852369263504452,8.9000244140625,9.9000244140625,4.9000244140625,0.0,1309.1142752511162,0.003655715359168829,1303.7714233398438,0.0077686938775393295,1296.857142857143,0.013141679984395823,1297.6740014648437,0.012503928514318662,1307.4998850500388,0.004894944494602317,1301.4338690799395,0.009578785084889824,1300.0924112236316,0.010620485952552152,1307.3266589936757,1292.4347001622484,0.016608440062080336,1.12592724102514,66.38449308744109,5.053142784269767,2.912710239434322,2.140432544835445,82.55048036037749,78.29986181559599,99.39404017983517,2.889586876588379,-17.449519637385382,10.564287458147321,0.008040404339630373,0.09990257617769324,0.07649543471469322,0.07481963939634927,0.4067382087424227,2535630.0,1.04983337474316,-10418218.0,-12222082.515708735,35.82170343670799,-0.000608911494983634,1313.0999755859375,1,0.0024379353281973855
2026-09-02 15:15:00+05:30,1313.0999755859375,1313.0999755859375,1313.0999755859375,1313.0999755859375,433857,0.0,0.0,-0.0006089114949836549,0.003055534393551218,0.004206179338245519,0.00497474370232176,0.020279701309974696,-0.0006090969568784244,5.5,6.5,-3.4000244140625,-0.0006089114949831705,1309.699986049107,0.0025960063931010162,1305.0714198521205,0.006151813312041271,1298.2476167224702,0.011440312827957922,1297.8340014648438,0.011762655396492511,1308.6199031572185,0.0034235093153534117,1302.4944242168483,0.008142492721577571,1300.6025117868594,0.009608980211716337,1308.5704659598214,1292.6357592598256,0.015831386513563625,1.3932653354792675,62.06890967928506,5.289696044288121,3.3881074004050817,1.9015886438830392,80.76065999786557,81.28271369428536,89.16156988379629,0.891277417282258,-19.239339999897297,9.685721261160714,0.0073762252998529915,0.09998118948873945,0.07629938108156525,0.07475650171276205,-0.8370177337321829,2547541.6,0.17030418659306676,-10852075.0,-12091605.60945076,32.29041141391262,-0.0029700894726787373,1309.199951171875,0,0.0025289883700459134
2026-09-03 09:15:00+05:30,1313.0999755859375,1316.699951171875,1307.9000244140625,1309.199951171875,0,0.0,0.0,-0.0029700894726787386,-0.002894172755616875,0.002296738717000091,0.005452711557530465,0.026179574436001385,-0.0029745089413976034,3.0,7.0999755859375,-2.5,0.0,1310.2999790736608,-0.0008395237116332883,1307.3714163643974,0.001398634530775548,1299.3047572544642,0.00761576055359984,1297.9580004882812,0.008661259208199358,1308.7359127601499,0.00035456993821321887,1303.104017576396,0.0046780099771405416,1300.9396662725464,0.006349475777758073,1309.1209368024554,1292.6357592598256,0.01281427640646534,1.0033628931338516,76.22139603423193,5.103635299941061,3.7312129803122778,1.3724223196287832,70.02394571355997,77.77836202393435,74.26353196812757,0.39876926164655,-29.976054284041957,9.035714285714286,0.006901706861216613,0.09450628211752271,0.0767134157432192,0.07516971553895961,-1.0,2547541.6,0.0,-10852075.0,-11973555.075217353,78.1917218077527,-0.002978843942255854,1305.300048828125,0,0.0026400466795145337
2026-09-03 10:15:00+05:30,1309.0999755859375,1310.699951171875,1305.199951171875,1305.300048828125,1038307,0.0,0.0,-0.0029788439422558932,-0.006545380490248998,-0.0029027017253679954,0.0018420633733136071,0.021601392119437568,-0.0029832895285389384,-3.7999267578125,2.4000244140625,-6.7999267578125,-7.636387844953303e-05,1309.9714181082588,-0.0035660085522142386,1307.6428484235491,-0.0017916203940905955,1300.7095191592261,0.0035292504600586186,1297.962001953125,0.005653514404853335,1308.048739973745,-0.0021013675267734728,1303.3036567810987,0.0015317934823842264,1301.1106616668828,0.0032198546093472375,1308.8447544642856,1293.18245396211,0.009370367521519643,0.34074304236189645,54.65691699148354,4.588596805581346,3.9026897453660916,0.6859070602152548,41.637307498681146,64.14063773670223,41.88871842723175,-0.09948926849080647,-58.36269249776013,7.471426827566964,0.005723915228739135,0.0957168128433986,0.07691658436092923,0.0752555949093951,inf,2556972.55,0.4060688879902132,-11890382.0,-11965633.829958558,74.01326883138799,0.0029111519311012103,1309.0999755859375,2,0.0032696911537338906
2026-09-03 11:15:00+05:30,1305.199951171875,1311.699951171875,1305.0,1309.0999755859375,1517112,0.0,0.0,0.0029111519311011413,-0.003046226543576891,-0.002970315623810005,7.637554311501482e-05,0.02034292719090991,0.002906922734219828,-3.9000244140625,0.0999755859375,-0.10009765625,-7.66855531337712e-05,1310.385707310268,-0.0009811857052138757,1308.0071323939733,0.0008355024715830217,1302.2047584170386,0.005295033000244439,1297.9480004882812,0.008592004528264922,1308.2589870961835,0.0006428302790565746,1303.8305948542659,0.004041461177904446,1301.4239680950811,0.00589816053725058,1309.0390380859376,1293.9202023670377,0.011731614663036289,0.32794826516437325,56.05698162440868,4.435912976656937,4.009334391624261,0.42657858503267576,55.16019027150081,55.60714782791397,50.2184992830259,0.5375931288874086,-44.83980972494047,7.564278738839286,0.00577822846222866,0.09529178474152937,0.0760991769480904,0.0743859645937771,0.4611401059609537,2565350.3,0.5913859015667371,-10373270.0,-11813980.131867267,74.51809126569614,-7.636971033686875e-05,1309.0,1,0.009368393781149119
2026-09-03 12:15:00+05:30,1309.0999755859375,1310.800048828125,1307.0,1309.0,865467,0.0,0.0,-7.636971033686546e-05,-0.00015272775689922913,-0.0037293738663621845,0.0030651340996168397,0.017094017094017033,-7.637262665167362e-05,-4.9000244140625,4.0,-1.0,0.0,1310.3714250837054,-0.001046592635837383,1308.1785627092634,0.0006279244394853857,1303.4428536551338,0.00426343688891191,1298.0860009765624,0.008407762671516711,1308.407189676947,0.0004530778550666536,1304.3005407766052,0.003603049355935287,1301.7210673854702,0.005591775993257984,1309.1714204334078,1294.2841705361216,0.01136985972545074,0.011451592749032803,53.03033570564408,4.257761918916003,4.05901989708261,0.19874202183339307,54.80440495906098,50.53396757641431,49.21447096880495,0.46818447092101995,-45.1955950373803,7.228567940848214,0.005522206219131163,0.09503536569630766,0.07560928128266683,0.07400929215770467,-0.42952992264249445,2572142.05,0.3364771397442842,-11238737.0,-11759195.071689432,73.56457153474987,-0.002291825821237586,1306.0,0,0.009459436140980416
2026-09-03 13:15:00+05:30,1308.9000244140625,1310.4000244140625,1305.4000244140625,1306.0,1512078,0.0,0.0,-0.0022918258212375475,0.0005362377581334954,-0.005407033522157656,-0.0012235971365941456,0.014920695091176217,-0.00229445607352352,-7.0999755859375,-1.5999755859375,-2.199951171875,-7.637554311491491e-05,1309.3714250837054,-0.0025748424160755507,1308.4571358816963,-0.0018778879447500787,1304.3476155598958,0.0012668282752168669,1298.1780004882812,0.0060253674833271615,1307.9257517415576,-0.001472370842910572,1304.455037069641,0.0011843742301983543,1301.8888686644714,0.003157820482590674,1308.880945405506,1294.7816895871795,0.008664248577988962,-0.34814453120780064,55.11814553507076,3.8303471367096336,4.013285345008015,-0.18293820829838126,44.128239100060824,51.36427811020754,25.709912464921274,-0.22918258212358353,-55.87176089638045,6.921421595982143,0.005299710257256389,0.09564020203518381,0.07579945033125868,0.07411789416499033,0.7471238071468929,2608466.3,0.5796808645754785,-12750815.0,-11853635.064861868,72.4033479225074,0.002297090352220521,1309.0,2,0.009065839989991055
2026-09-03 14:15:00+05:30,1306.0999755859375,1312.0,1305.5,1309.0,2303284,0.0,0.0,0.0022970903522205877,-7.636971033686546e-05,-0.00015272775689922913,0.002143660184348528,0.010888852668234028,0.0022944560735236254,-0.199951171875,2.800048828125,6.9000244140625,7.655098463814965e-05,1308.671421595982,0.00025107784780454884,1308.8928484235491,8.18642844445468e-05,1305.4047560918898,0.0027541219620425346,1298.2619995117188,0.008271058147208722,1308.140601393246,0.0006569619548831509,1304.8682155178556,0.0031664381375873392,1302.1677365599824,0.005246838213072005,1308.9533272879464,1295.5087101926424,0.010413893554865423,-0.6080794927714113,57.568221657668225,3.6911435650467865,3.9488569890157694,-0.2577134239689829,54.80440495906098,51.24568300606092,41.2280318953103,0.30651340996145093,-45.1955950373803,7.221418108258929,0.005516744162149283,0.09360175300400295,0.0734145004708341,0.07188762985651187,0.5232573980971882,2612006.15,0.8818064995750485,-10447531.0,-11719720.392017879,79.2828373307065,-0.004965622612681436,1302.5,0,0.009523511457707448
2026-09-03 15:15:00+05:30,1309.0999755859375,1309.0999755859375,1302.5,1302.5,690251,0.0,0.0,-0.0049656226126814085,-0.0049656226126814085,-0.002145138070468011,-0.0050416130998577335,0.019968676585747858,-0.0049779922823779185,-2.800048828125,-6.5999755859375,-2.60009765625,7.637554311491491e-05,1307.1571393694196,-0.003562799933650425,1308.4285627092634,-0.004531055709287641,1305.7666596912202,-0.0025017177969532184,1298.2619995117188,0.003264364581164528,1307.0124811145968,-0.0034525157026390075,1304.6529231980505,-0.0016501884599097007,1302.1807664988066,0.000245152984444279,1308.10094749814,1308.4540664419965,-0.0045504588924412705,-1.0848483203125268,42.01473242029853,3.0214981050257848,3.7633852122177727,-0.7418871071919879,31.672712264560644,43.53511877456082,-51.926038143743064,-0.39002567154746953,-68.32728773188063,7.157130650111607,0.005494917965532524,0.07981678103158454,0.06800901925324303,0.07019136532109763,-0.7003187622542422,1314765.6,0.5249992850436606,-11137782.0,-11664297.688016176,73.78692372225451,0.018809980806142036,1327.0,2,0.00864140386286421
2026-09-04 09:15:00+05:30,1304.0999755859375,1332.199951171875,1304.0999755859375,1327.0,0,0.0,0.0,0.018809980806141935,0.01607963246554367,0.01367353506064406,0.010662604722010638,0.01959277756434874,0.01863526070468543,17.9000244140625,14.0,20.7000732421875,0.0012283881657860051,1309.7000034877233,0.013209129164078586,1309.999991280692,0.0129771059789667,1308.1476120721727,0.014411514231142262,1298.7339990234375,0.021764272743914397,1311.0099848916775,0.012196714969818844,1306.6844756345915,0.015547383277456235,1303.1540697733633,0.01829862698488564,1310.5771391369049,1308.4540664419965,0.01417392786926043,0.3010105941869987,67.97387053396672,4.41683003116259,3.8940741760067366,0.5227558551558533,82.49171810886975,56.32294511083046,255.72701747551596,1.5924092486336436,-17.508281887763243,8.178553989955358,0.006163190648040087,0.07868489566267517,0.07120513835235037,0.06972129868866885,-1.0,1314765.6,0.0,-11137782.0,-11614153.33677654,73.78692372225451,-0.0011303692539562924,1325.5,1,0.002364299063696683
2026-09-04 10:15:00+05:30,1326.800048828125,1328.9000244140625,1325.0999755859375,1325.5,1233518,0.0,0.0,-0.0011303692539562649,0.012605042016806678,0.012605042016806678,0.008828659236162606,0.016487730061349737,-0.0011310086031272517,16.5,11.5999755859375,-1.4000244140625,-0.00015067910465323988,1312.5857107979912,0.009838815930845159,1311.278564453125,0.01084547245138204,1309.2904692150298,0.012380393171788719,1298.9039990234376,0.020475724916189174,1313.907987913342,0.008822544800156745,1308.3949778496287,0.01307328630874953,1304.0303807626433,0.01646404834892271,1312.6438069661458,1309.509510484312,0.01221105260225403,1.4740767043667786,64.8918732673172,5.340046440174092,4.1832686288402074,1.1567778113338845,77.44120475526547,63.86854504289863,268.694218470809,1.2527709663052677,-22.558795241367513,7.257132393973214,0.005475015008651633,0.0789471115645626,0.07091841495690251,0.06941047969135374,inf,1319589.55,0.9347739984755101,-12371300.0,-11686262.542797823,71.16422353738783,0.003470370113872124,1330.0999755859375,2,0.0030113435920131903
2026-09-04 11:15:00+05:30,1325.5,1333.0,1325.0,1330.0999755859375,2137828,0.0,0.0,0.003470370113872079,0.021190000449855972,0.01845327380240236,0.01294646281020162,0.017985611846855765,0.003464362275112194,24.0999755859375,17.0,7.5999755859375,0.0,1315.5857107979912,0.011032549737205204,1312.9857090541295,0.013034617523844945,1310.5333251953125,0.014930295944739899,1299.2539990234375,0.023741298149292708,1317.1463854478611,0.009834586558624625,1310.3681594620202,0.015058223127157815,1305.0527178145371,0.01919252565775714,1315.1533284505208,1311.2222691282107,0.01439703008572576,2.7104377101091726,68.87839814271729,6.369458528845371,4.62050660884124,1.7489519200041306,90.49172322961503,83.47488203125009,235.4216035206304,1.3023591459196098,-9.508276767106286,7.399989536830357,0.005563483702467508,0.07940852481222115,0.07072492906476374,0.06885286143888965,0.7331145552801013,1347416.0,1.586613191471675,-10233472.0,-11547901.538721839,79.69208460321111,-0.0027065451109053915,1326.5,0,0.002073483712265785
2026-09-04 12:15:00+05:30,1330.199951171875,1332.4000244140625,1326.0,1326.5,1471460,0.0,0.0,-0.0027065451109054006,-0.00037678975131871795,0.013368983957219305,0.013214214385388168,0.018738979242421516,-0.002710214426398134,17.5,17.300048828125,-6.5999755859375,7.516396344070562e-05,1318.0857107979912,0.006383719308290123,1314.2285679408483,0.00933736517261182,1311.480945405506,0.01145198079095136,1299.5439990234374,0.020742661269490165,1319.0171083582889,0.0056730815652717625,1311.8346904200182,0.011179235986872045,1305.893787704163,0.015779393768346257,1316.9552339099703,1312.4159767235353,0.010731371399192278,3.210771451104923,63.59379498768146,6.81621400993663,5.059648089060318,1.7565659208763114,78.68852458758398,82.20715085748816,179.79831009097748,0.9589752151459854,-21.31147540913733,7.414280482700893,0.005589355810550549,0.0789146049013993,0.0698366329883299,0.06773325891609808,-0.3117032801516305,1360600.85,1.0814780837451328,-11704932.0,-11562856.820748331,71.05378252152391,0.001206163276243875,1328.0999755859375,1,0.002368136232836528
2026-09-04 13:15:00+05:30,1326.5,1328.300048828125,1324.4000244140625,1328.0999755859375,1344893,0.0,0.0,0.001206163276243899,0.0019615055344681664,0.019654491812620023,0.017467192143509003,0.01934143119170484,0.0012054364457115758,25.5999755859375,22.7999267578125,8.0999755859375,0.0,1321.2428501674108,0.0051899054119026525,1315.307137625558,0.00972612220706406,1312.7190406436011,0.011716852171797291,1299.977998046875,0.021632656538258476,1320.8336818038185,0.005501293525608862,1313.3133527078292,0.011259021198261315,1306.7646186014877,0.016326855411242177,1318.8047549293155,1313.5169971064797,0.01110223812221024,3.286194463774653,62.236642944063554,7.216191838046598,5.490956838857575,1.7252349991890226,83.93434618064968,84.37153133261624,137.36192343999758,1.1423349538404497,-16.065653816071617,7.214285714285714,0.005432035123031645,0.07891014466880236,0.07001623327706352,0.06795129574472698,-0.08601457056257056,1373594.85,0.9791045736666812,-10360039.0,-11448302.742581824,62.28262714678,-0.0005270319891137655,1327.4000244140625,1,0.00151051474591814
2026-09-04 14:15:00+05:30,1328.199951171875,1330.0,1325.800048828125,1327.4000244140625,2542367,0.0,0.0,-0.0005270319891137465,-0.0020298858893562644,0.0003014501989921925,0.013979107149501013,0.014056550354516917,-0.0005271709192884298,0.4000244140625,18.300048828125,-25.199951171875,7.527715365954812e-05,1323.8714250837054,0.0026653640704808928,1316.2714233398438,0.00845464003615084,1313.885707310268,0.010285763083191058,1300.4219995117187,0.02074559251723882,1322.1469503258672,0.003973139360111653,1314.5939592265777,0.009741460545740937,1307.5738502019808,0.01516256554763923,1320.4171398344495,1315.4315946406307,0.009098481306200057,3.2936025287990076,60.97565331299513,7.391492415156563,5.871063954117373,1.5204284610391898,81.63942430572494,81.42076502465288,120.67072793588137,1.3901675772201618,-18.360575690996374,7.121425083705357,0.005364942709597669,0.0778189963123149,0.06926535228389988,0.06757671506025119,0.8903860753234645,1381350.25,1.8404941107441781,-12902406.0,-11586788.76709784,62.080313350240054,-0.004068121376181355,1322.0,0,0.002061943170277944
2026-09-04 15:15:00+05:30,1329.0,1329.0,1322.0,1322.0,625797,0.0,0.0,-0.0040681213761813995,-0.0033923859781379573,-0.0026405130139569577,0.009931245225362817,0.013026819923371624,-0.004076418692585896,-3.5,13.0,-3.9000244140625,0.0012053454546549008,1326.6571393694196,-0.0035104317696053023,1316.9071393694196,0.0038672891036304648,1314.5047549293154,0.005701953562794051,1300.8019995117188,0.016296100787223558,1322.1175602606938,-8.891815994832274e-05,1315.267235660525,0.005118932606945534,1308.139581566609,0.01059551949095631,1321.1809500558036,1315.6287673447284,0.004842728293426941,2.7198654839401004,56.7322697109147,7.013831462025109,6.099617455698921,0.9142140063261888,63.93442622741199,76.50273223792887,78.1193875781128,1.2793955831730126,-36.06557376930933,7.564278738839286,0.005721844734367295,0.07854821300070591,0.06659285327200164,0.06348931899475731,-0.7538526105790391,1412640.1,0.44299818474641883,-13528203.0,-11771685.36070757,61.37457687486365,-0.002571879284464826,1318.5999755859375,0,0.0021494228862454427
2026-09-07 09:15:00+05:30,1323.5,1324.0999755859375,1313.5999755859375,1318.5999755859375,1130500,0.0,0.0,-0.002571879284464784,-0.007153075954096533,-0.008645966627383816,0.009647760785556958,0.00841235867649126,-0.00257519224757161,-11.5,12.5999755859375,-8.0,0.0011346444780626819,1325.4571358816963,-0.005173430441560272,1317.57856968471,0.0007752144158440763,1315.1523728143602,0.0026214474024762436,1301.1239990234376,0.013431445869573632,1321.4140433257426,-0.002129588189270697,1315.5702120173808,0.0023030040820918303,1308.5497930967788,0.007680397446219103,1321.4066615513393,1316.22624300577,0.0018034381192287084,1.5427599561471737,57.16468207335023,6.366786528825514,6.15305127032424,0.2137352585012744,52.78680519806437,66.12021857706709,26.907671933423913,0.7256894184678796,-47.21319479865694,7.685712541852679,0.005828691554792121,0.07918877384641769,0.06328877724400808,0.05818456259301761,0.806496355847024,1320967.9,0.8558118634071269,-14658703.0,-12046639.421592562,57.605945008264385,-0.004322729620362802,1312.9000244140625,0,
2026-09-07 10:15:00+05:30,1318.5999755859375,1319.5,1312.0999755859375,1312.9000244140625,718040,0.0,0.0,-0.004322729620362842,-0.01092360986387697,-0.010252525884611785,0.0029793922185350485,0.005129439207355979,-0.004332099628472214,-13.5999755859375,3.9000244140625,-2.0999755859375,0.0,1323.6571393694196,-0.008126813685660013,1318.1214250837054,-0.003961244063161595,1315.4047560918898,-0.0019041528215748811,1301.4219995117187,0.008819602639759764,1319.7112395434067,-0.005161140501990096,1315.3274676898063,-0.001845504891649115,1308.720390403339,0.0031936799039496483,1320.782855515253,1316.6840473873885,-0.002873903561626318,0.07272842354968612,55.637982453003666,5.332589561424811,5.9889589285443545,-0.6563693671195434,34.09844070072628,50.27322404206755,-10.78385691233858,0.29793922185328653,-65.90155929599503,7.821428571428571,0.00595736798383659,0.08083087652295766,0.06366579592167076,0.05804896950187809,-0.36484741264927023,1292440.05,0.5555692892680009,-15376743.0,-12363792.143345652,58.60286624489933,-0.0028182444766415593,1309.199951171875,0,
2026-09-07 11:15:00+05:30,1312.9000244140625,1313.300048828125,1309.0,1309.199951171875,699091,0.0,0.0,-0.002818244476641585,-0.009682336481183773,-0.014230874754533551,0.005143916446737062,7.636971033697648e-05,-0.002822223204717185,-18.9000244140625,6.699951171875,-5.300048828125,0.0,1320.671421595982,-0.008686089693858583,1318.1285661969866,-0.006773705732563979,1315.5476132347471,-0.004825110090283464,1301.637998046875,0.005809566973567879,1317.6089818691003,-0.006382038080288593,1314.7704207336305,-0.004236838214418479,1308.7391967079875,0.0003520598030884459,1319.5933256603423,1317.1406549615183,-0.006028743976374536,-2.1555570349344273,50.07427613723599,4.166388492871647,5.624444841409813,-1.4580563485381663,21.96705302182075,36.2840996402038,-51.52720635574168,0.2450192321495061,-78.03294697490057,7.650006975446429,0.005843268607360553,0.08119474999147581,0.06324504776725849,0.05729319793464361,-0.026389894713386486,1240907.6,0.563370713500344,-16075834.0,-12717319.939217495,52.642793242692846,0.0008402823841119869,1310.300048828125,1,
2026-09-07 12:15:00+05:30,1309.300048828125,1311.300048828125,1306.0,1310.300048828125,1210614,0.0,0.0,0.0008402823841120455,-0.006294499402007325,-0.01288230772293808,-0.01258474089817252,-0.00205632229388808,0.0008399295445122866,-17.0999755859375,-16.699951171875,1.800048828125,7.64571188383603e-05,1318.357142857143,-0.006111465373905016,1318.221426827567,-0.006009140678663991,1315.604759579613,-0.0040321462147789,1302.0439990234374,0.006340837798779034,1316.1471952609052,-0.00444262347997985,1314.3640232876755,-0.0030919702514239926,1308.8004065950518,0.0011458143086718153,1318.549523344494,1317.1375657526464,-0.00519119422473468,-2.59259012621142,50.95171880266883,3.29297506424291,5.158150885976433,-1.8651758217335228,25.573930583177905,27.213141435241642,-61.03297378761605,0.09931618243880877,-74.4260694135434,7.757149832589286,0.005920132445634128,0.0805116016839289,0.06289596483273686,0.05711130221389182,0.7316973040705717,1206822.65,1.0031415966546526,-14865220.0,-12921881.84976821,46.74663374361808,7.629976510106505e-05,1310.4000244140625,1,
